{"hero":{"id":95,"zwm":"嗜血狂魔","ywm":"Bloodseeker","jc":"BS","xttx":"http://www.dota2.com.cn/images/heroes/bloodseeker_full.png","dttx":"http://www.dota2.com.cn/images/heroes/bloodseeker_vert.jpg","gjlx":"近战","yxlx":"敏捷","yxdw":"核心-打野","zltb":"http://www.dota2.com.cn/images/info1301/tit_img01.gif","zljc":"18","zlsj":"1.7","mjtb":"http://www.dota2.com.cn/images/info1301/tit_img02.gif","mjjc":"24","mjsj":"3","lltb":"http://www.dota2.com.cn/images/info1301/tit_img03.gif","lljc":"23","llsj":"2","gjltb":"http://www.dota2.com.cn/images/info1301/tit_img06.gif","csgjl":"29-35","ydsdtb":"http://www.dota2.com.cn/images/info1301/tit_img05.gif","csydsd":"300","hjtb":"http://www.dota2.com.cn/images/info1301/tit_img04.gif","cshj":"3.36","yxbj":"血魔史德利古尔是通过仪式严格甄选出的猎手，更准确的说，他是剥皮双子忠实的走狗，他从常年云雾缭绕的噬血之峰被派下去搜寻鲜血。剥皮双子需要海量的鲜血来获得满足和安抚，而如果当地的祭祀没能满足他们，他们就会抽干这个高原王国所有人民的鲜血。因此史德利古尔总是外出进行屠戮。他能榨取出血液之中的生命之力，然后这些能量通过他武器和护甲上的附魔标记立刻流向双子。多年以来，他一直是一条得力的走狗，在战斗时他像豺狼一样残暴。据说，在血魔那涌动着对鲜血的渴望的面具之下，能够直视剥皮双子那可怖的嘴脸。","dj":"1/15/25","smz":"587/1119/1879","mfz":"234/543/1024","gjl":"53-59/95-101/145-151","hj":"3/9/16","syfw":"1800/800","gjfw":"128","ddsd":"N/A","jdtj1":"http://www.dota2.com.cn/images/property/add/bloodseeker.jpg","jdms1":"血魔的加点变化不多，主3和主2都有选择。这套加点相对平均，六级时有两级屠戮和嗜血渴望。建议在线上压力不是很大的情况下优先将3技能加满。增加血魔gank的机动性。","jdtj2":"","jdms2":"","cmzb":"树之祭祀*1|圆盾*1|压制之刃*1","qqzb":"穷鬼盾*1|速度之靴*1|魔杖*1|回城卷轴*1","hxzb":"动力鞋*1|怨灵系带*1|散夜对剑*1","hqsz":"辉耀*1|蝴蝶*1|黑皇杖*1|金箍棒*1|强袭胸甲*1|恐鳌之心*1","ljt":"http://www.dota2.com.cn/images/property/bloodseeker.gif","path":"bloodseeker","zymc":"夜魇","zytb":"http://www.dota2.com.cn/images/heropedia/dire.jpg","yxtp":"http://www.dota2.com.cn/images/others/bloodseeker_big1.jpg","gjlxxj":"1","yxdwxj":"1-1","llsjsmz":"19","llsjsmhf":"0.03","mjsjhj":"1","mjsjgjsd":"1","zlsjmfz":"13","zlsjmfhf":"0.04","sjgjl":"1","pjsh":"56","gjsd":"124/136/196","gjms":"1.37","gjsh":"53-59","gjjl":"128/128/128","wlhj":"3","wlshkx":"16%","mfshkx":"25%","minitb":"http://www.dota2.com.cn/images/heroes/bloodseeker_icon.png"},"skillList":[{"id":413,"zwm":"嗜血狂魔","jnmc":"血之狂暴","jntb":"http://www.dota2.com.cn/images/heroes/abilities/bloodseeker_bloodrage_hp1.png","jnms":"让一个单位陷入渴望鲜血的狂怒中，使其在持续时间内造成和承受的伤害都会被加深。血之狂暴状态下的英雄杀死一个单位后将回复阵亡单位最大生命值的25%；血之狂暴状态下的英雄被击杀则击杀者将回复阵亡英雄最大生命值的25%。","mftb":"http://www.dota2.com.cn/style/../images/info1301/ico2.gif","mfxh":"0","lqtb":"http://www.dota2.com.cn/style/../images/info1301/ico2.gif","lqsj":"12/10/8/6","jnxg":"<span class=\"color_white\">技能：</span>单位目标|<span class=\"color_white\">持续时间：</span>9/10/11/12|<span class=\"color_white\">影响：</span>英雄|<span class=\"color_white\">伤害数值提高：</span>25%/30%/35%/40%<span class=\"color_white\">伤害类型：</span>魔法|<span class=\"color_white\">无视技能免疫：</span>是|<span class=\"color_white\">击杀回复血量百分比：</span>19%/21%/23%/25%","jnsp":"http://dota2.dl.wanmei.com/dota2/video/abilities/bloodseeker_bloodrage_a.mp4","spms":"史德利古尔与人分享他那野兽般的嗜血饥渴。","djjd":"1,12,13,14","ewms":"血之狂暴可以对敌方单位、友方单位以及血魔自身施放。<br>伤害的制造者和承受者双方距离若超过2200范围则伤害加深效果减半。"},{"id":414,"zwm":"嗜血狂魔","jnmc":"血之祭祀","jntb":"http://www.dota2.com.cn/images/heroes/abilities/bloodseeker_blood_bath_hp1.png","jnms":"嗜血狂魔用圣血为一片区域洗礼。经过3秒后祭祀完成，区域范围内所有敌人都会受到伤害，并被沉默。","mftb":"http://www.dota2.com.cn/style/../images/info1301/ico2.gif","mfxh":"100","lqtb":"http://www.dota2.com.cn/style/../images/info1301/ico2.gif","lqsj":"29/26/23/20","jnxg":"<span class=\"color_white\">技能：</span>点目标|<span class=\"color_white\">祭祀范围：</span>600|<span class=\"color_white\">伤害类型：</span>纯粹|<span class=\"color_white\">沉默持续时间：</span>3/4/5/6|<span class=\"color_white\">无视技能免疫：</span>否|<span class=\"color_white\">伤害：</span>120/160/200/240","jnsp":"http://dota2.dl.wanmei.com/dota2/video/abilities/bloodseeker_blood_bath_b.mp4","spms":"荒地上徘徊的野兽都很凶猛，但几乎都不是史德利古尔的对手。","djjd":"2,4,7,8","ewms":"总时间为0.4秒的施法时间加上2.6秒的生效延迟。"},{"id":415,"zwm":"嗜血狂魔","jnmc":"嗜血渴望","jntb":"http://www.dota2.com.cn/images/heroes/abilities/bloodseeker_thirst_hp1.png","jnms":"嗜血狂魔能够感知到整个地图中生命值低于一定百分比的英雄，获得其真实视域并提升嗜血狂魔的移动速度和攻击力。嗜血渴望的效果可以叠加。","mftb":"http://www.dota2.com.cn/style/../images/info1301/ico2.gif","mfxh":"0","lqtb":"http://www.dota2.com.cn/style/../images/info1301/ico2.gif","lqsj":"0","jnxg":"<span class=\"color_white\">技能：</span>被动|<span class=\"color_white\">触发渴望血量：</span>25%|<span class=\"color_white\">无视技能免疫：</span>是|<span class=\"color_white\">最大移动速度提升：</span>10%/20%/30%/40%|<span class=\"color_white\">嗜血渴望最大攻击力加成：</span>10/20/30/40","jnsp":"http://dota2.dl.wanmei.com/dota2/video/abilities/bloodseeker_thirst_a.mp4","spms":"史德利古尔闻到血腥味就会变得无比狂热。","djjd":"3,5,9,10","ewms":"幻象不能触发该技能。"},{"id":416,"zwm":"嗜血狂魔","jnmc":"割裂","jntb":"http://www.dota2.com.cn/images/heroes/abilities/bloodseeker_rupture_hp1.png","jnms":"让一个敌方单位皮开肉绽。若受到割裂的单位移动，将按移动距离的一定百分比受到伤害。伤害效果无视技能免疫。","mftb":"http://www.dota2.com.cn/style/../images/info1301/ico2.gif","mfxh":"150/200/250","lqtb":"http://www.dota2.com.cn/style/../images/info1301/ico2.gif","lqsj":"60","jnxg":"<span class=\"color_white\">技能：</span>单位目标|<span class=\"color_white\">持续时间：</span>12|<span class=\"color_white\">影响：</span>敌方单位|<span class=\"color_white\">移动伤害：</span>20%/40%/60%|<span class=\"color_white\">伤害类型：</span>纯粹|<span class=\"color_white\">施法距离：</span>1000|<span class=\"color_white\">无视技能免疫：</span>是","jnsp":"http://dota2.dl.wanmei.com/dota2/video/abilities/bloodseeker_rupture.mp4","spms":"当嗜血狂魔猎杀你时，受伤就意味着死亡。","djjd":"6,11,16","ewms":"受到割裂作用时不可使用闪烁匕首。"}],"qqzbList":[{"goods":{"id":52,"bigtype":"升级物品","type":"普通","wpmc":"穷鬼盾","wppz":"2","wptp":"http://www.dota2.com.cn/images/items/poor_mans_shield_lg.png","jgtb":"http://www.dota2.com.cn/images/info1301/tit_img07.gif","jg":"550","wpjs":"一块破旧的老式盾牌，格挡效果却比想象中要好。","wpzyms":"","wpsyff":"被动：伤害格挡-格挡物理攻击造成的伤害，格挡效果取决于你的英雄类型。穷鬼盾对来自敌方英雄的伤害总是可以格挡，但是对来自普通单位的伤害只有一定概率可以格挡。","wpxg":"近战格挡：<span class=\"color_yellow\">20</span><br/>远程格挡：<span class=\"color_yellow\">10</span><br/>格挡概率：<span class=\"color_yellow\">60%</span><br/>+ <span class=\"color_yellow\">6</span> 敏捷","lqsjtb":"","lqsj":"","mfxhtb":"","mfxh":"","qzwptb":"","wpzyms2":"多种伤害格挡物品的效果互不叠加。","item_en":"poor_mans_shield"},"count":1},{"goods":{"id":39,"bigtype":"基础物品","type":"奥术","wpmc":"速度之靴","wppz":"1","wptp":"http://www.dota2.com.cn/images/items/boots_lg.png","jgtb":"http://www.dota2.com.cn/images/info1301/tit_img07.gif","jg":"450","wpjs":"穿双鞋子，跑的更快。","wpzyms":"移动速度提升效果不与其他鞋子叠加。","wpsyff":"","wpxg":"+ <span class=\"color_yellow\">50</span> 移动速度","lqsjtb":"","lqsj":"","mfxhtb":"","mfxh":"","qzwptb":"","wpzyms2":"","item_en":"boots"},"count":1},{"goods":{"id":50,"bigtype":"升级物品","type":"普通","wpmc":"魔杖","wppz":"2","wptp":"http://www.dota2.com.cn/images/items/magic_wand_lg.png","jgtb":"http://www.dota2.com.cn/images/info1301/tit_img07.gif","jg":"509","wpjs":"一个简易但实用的魔杖，能够补充使用者的能量--巫师学徒和高级术士都喜欢。","wpzyms":"","wpsyff":"主动：充能 - 每当周围有敌人施放技能都会自动充能（最多15点能量）。当使用时，每点能量为你回复生命值和魔法值。","wpxg":"+ <span class=\"color_yellow\">3</span> 所有属性<br/>每点能量回复：<span class=\"color_yellow\">15</span>","lqsjtb":"http://www.dota2.com.cn/images/info1301/ico2.gif","lqsj":"12","mfxhtb":"","mfxh":"","qzwptb":"","wpzyms2":"1200码视野范围内敌人使用技能就会获得点数。 <br>部分英雄技能和物品技能的施放将不会增加点数。","item_en":"magic_wand"},"count":1},{"goods":{"id":5,"bigtype":"基础物品","type":"消耗品","wpmc":"回城卷轴","wppz":"3","wptp":"http://www.dota2.com.cn/images/items/tpscroll_lg.png","jgtb":"http://www.dota2.com.cn/images/info1301/tit_img07.gif","jg":"75","wpjs":"","wpzyms":"","wpsyff":"使用：传送-将你传送到一个指定的友方建筑。","wpxg":"","lqsjtb":"http://www.dota2.com.cn/images/info1301/ico2.gif","lqsj":"65","mfxhtb":"http://www.dota2.com.cn/images/info1301/ico1.gif","mfxh":"75","qzwptb":null,"wpzyms2":"","item_en":"tpscroll"},"count":1}],"cmzbList":[{"goods":{"id":2,"bigtype":"基础物品","type":"消耗品","wpmc":"树之祭祀","wppz":"3","wptp":"http://www.dota2.com.cn/images/items/tango_lg.png","jgtb":"http://www.dota2.com.cn/images/info1301/tit_img07.gif","jg":"125","wpjs":"战场上的救命稻草。","wpzyms":"","wpsyff":"使用：吃树-吃掉一棵树来恢复生命值。可以使用4次。","wpxg":"持续时间：<span class=\"color_yellow\">16</span><br/>生命恢复量：<span class=\"color_yellow\">115</span>","lqsjtb":"","lqsj":"","mfxhtb":"","mfxh":"","qzwptb":"","wpzyms2":"","item_en":"tango"},"count":1},{"goods":{"id":26,"bigtype":"基础物品","type":"军备","wpmc":"圆盾","wppz":"1","wptp":"http://www.dota2.com.cn/images/items/stout_shield_lg.png","jgtb":"http://www.dota2.com.cn/images/info1301/tit_img07.gif","jg":"250","wpjs":"一个人的酒桶底盖，在另一个人手里就成了圆盾。","wpzyms":"","wpsyff":"被动：伤害格挡-有一定概率格挡伤害，格挡效果取决于你的英雄类型。","wpxg":"近战伤害格挡：<span class=\"color_yellow\">20</span><br/>远程格挡：<span class=\"color_yellow\">10</span><br/>格挡概率：<span class=\"color_yellow\">60%</span>","lqsjtb":"","lqsj":"","mfxhtb":"","mfxh":"","qzwptb":"","wpzyms2":"多种伤害格挡物品的效果互不叠加。","item_en":"stout_shield"},"count":1},{"goods":{"id":25,"bigtype":"基础物品","type":"军备","wpmc":"压制之刃","wppz":"1","wptp":"http://www.dota2.com.cn/images/items/quelling_blade_lg.png","jgtb":"http://www.dota2.com.cn/images/info1301/tit_img07.gif","jg":"225","wpjs":"堕落地精的斧头，能让你更快的在森林中穿行。","wpzyms":"","wpsyff":"主动：砍树/排眼-砍伐一根指定树木，或对一个守卫造成100点伤害。<br>被动：压制-对非英雄单位造成额外伤害，伤害数量取决于你的英雄类型（近战或远程）。","wpxg":"近战伤害加成：<span class=\"color_yellow\">32%</span><br/>远程伤害加成：<span class=\"color_yellow\">12%</span>","lqsjtb":"http://www.dota2.com.cn/images/info1301/ico2.gif","lqsj":"5","mfxhtb":"","mfxh":"","qzwptb":"","wpzyms2":"最多携带一把。","item_en":"quelling_blade"},"count":1}],"adapt_type_list":[{"id":45,"zwm":"莱恩","ywm":"Lion","jc":"Lion","xttx":"http://www.dota2.com.cn/images/heroes/lion_full.png","dttx":"http://www.dota2.com.cn/images/heroes/lion_vert.jpg","gjlx":"远程","yxlx":"智力","yxdw":"控制|爆发|对线辅助|辅助","zltb":"http://www.dota2.com.cn/images/info1301/tit_img01.gif","zljc":"22","zlsj":"3","mjtb":"http://www.dota2.com.cn/images/info1301/tit_img02.gif","mjjc":"15","mjsj":"1.5","lltb":"http://www.dota2.com.cn/images/info1301/tit_img03.gif","lljc":"16","llsj":"1.7","gjltb":"http://www.dota2.com.cn/images/info1301/tit_img06.gif","csgjl":"27-33","ydsdtb":"http://www.dota2.com.cn/images/info1301/tit_img05.gif","csydsd":"290","hjtb":"http://www.dota2.com.cn/images/info1301/tit_img04.gif","cshj":"1.1","yxbj":"莱恩曾经是个为光明和正义战斗的恶魔巫师，在同胞之间享有声望的传统巫术大师。但奉承和谄媚使他堕落了。莱恩产生了超过他力量所及的野心，他受到恶魔的引诱，变得邪恶，用自己的灵魂换取了声望。在做出了许多恐怖的罪恶行为后，莱恩的灵魂受到了损伤，恶魔因此抛弃了他。背叛了他的恶魔与他的敌人联手，用更强的手段对付他。莱恩对此变得狂怒，他追着恶魔一路跟到地狱，在地狱杀死了这个恶魔，把它一截一截地撕裂，最后莱恩取下恶魔那有魔力的手腕，装在自己的身体上。然而，与恶魔融合是要付出代价的。莱恩的身体变成了某种无法辨识的东西。他从地狱中出来时成为了狂怒的化身，不仅杀光了所有称他为怪物的人，还践踏了那片自己曾经受人崇拜的土地。他是唯一幸存的传统恶魔巫师，那些想来当他助手或学徒的人都被他抽光了魔法，然后轻松的夺走生命。","dj":"1|15|25","smz":"454|906|1609","mfz":"286|832|1482","gjl":"49-55|91-97|141-147","hj":"1|4|9","syfw":"1800/800","gjfw":"600","ddsd":"900","jdtj1":"http://www.dota2.com.cn/images/property/add/lion.jpg","jdms1":"恶魔巫师莱恩是具有强大爆发和控制能力的法师。本套加点是比较稳妥的打法，前期除了保证裂地尖刺和巫术的等级，推荐至少加1级的法力吸取来保证续航。注意在对线近战英雄的情况下，可以考虑较早地提升吸魔来限制对手的魔法量。高伤害的大招是莱恩的代表性技能，准备好击杀对手的时候应该尽早释放，以免浪费伤害输出，甚至留给对方可乘之机。","jdtj2":null,"jdms2":null,"cmzb":"树之祭祀*1|净化药水*2|治疗药膏*1|力量手套*1|动物信使*1","qqzb":"魔棒*1|速度之靴*1|护腕*1|侦查守卫*1","hxzb":"魔杖*1|相位鞋*1|侦查守卫*1","hqsz":"邪恶镰刀*1|黑皇杖*1|希瓦的守护*1|血精石*1|达贡之神力*1|阿哈利姆神杖*1","ljt":"http://www.dota2.com.cn/images/property/lion.gif","path":"lion","zymc":"夜魇","zytb":"http://www.dota2.com.cn/images/heropedia/dire.jpg","yxtp":"http://www.dota2.com.cn/images/others/lion_big1.jpg","gjlxxj":"1","yxdwxj":"3|3|2|2","llsjsmz":"19","llsjsmhf":"0.03","mjsjhj":"1","mjsjgjsd":"1","zlsjmfz":"13","zlsjmfhf":"0.04","sjgjl":"1","pjsh":"45","gjsd":"115|121|151","gjms":"1.48","gjsh":"42-48","gjjl":"600|600|600","wlhj":"1","wlshkx":"6%","mfshkx":"25%","minitb":"http://www.dota2.com.cn/images/heroes/lion_icon.png"},{"id":70,"zwm":"末日使者","ywm":"Doom","jc":"末日，爸爸","xttx":"http://www.dota2.com.cn/images/heroes/doom_bringer_full.png","dttx":"http://www.dota2.com.cn/images/heroes/doom_bringer_vert.jpg","gjlx":"近战","yxlx":"力量","yxdw":"耐久|核心|爆发","zltb":"http://www.dota2.com.cn/images/info1301/tit_img01.gif","zljc":"13","zlsj":"2.10","mjtb":"http://www.dota2.com.cn/images/info1301/tit_img02.gif","mjjc":"11","mjsj":"0.90","lltb":"http://www.dota2.com.cn/images/info1301/tit_img03.gif","lljc":"26","llsj":"3.20","gjltb":"http://www.dota2.com.cn/images/info1301/tit_img06.gif","csgjl":"27-43","ydsdtb":"http://www.dota2.com.cn/images/info1301/tit_img05.gif","csydsd":"290","hjtb":"http://www.dota2.com.cn/images/info1301/tit_img04.gif","cshj":"0.54","yxbj":"他的烈焰永不熄灭，他的吞食永远得不到满足，他的杀戮无人能够制裁——路西法带给他的敌人的只有末日。手持火焰之剑，掠夺灵魂，他是堕落者，曾经是暗之国度备受敬畏的将军，却因蔑视之罪而被放逐——他拒绝向任何人下跪。佤什昂多的丧钟六次为他敲响。他的翅膀受到六十六次烙印之刑，直到只剩下烧焦的残支。失去双翼之后，他尖叫着坠向大地。落到了沙漠中的一个火山口，失落的乐园。现在他的进攻毫无怜悯，也不需理由，在七片黑暗领土上，只有他能自由行动。受到无法摆脱的欲望束缚，被难以想象的天赋所扭曲，末日使者所到之处既是地狱。蔑视世间一切。最终，世界将归于末日。","dj":"1|15|25","smz":"644|1495|2483","mfz":"169|551|1084","gjl":"53-69|98-114|150-166","hj":"1|2|6","syfw":"1800/800","gjfw":"150","ddsd":"N/A","jdtj1":"http://www.dota2.com.cn/images/property/add/doom_bringer.jpg","jdms1":"新版本末日改版之后，无论你是打野流，发育流还是gank打法的末日，一级学吃兵都是性价比最高的。这种加点是打野末日加点，前期主吃兵和焦土，可以再野区有比较好的发育，到六级之后开始补等级炮，配合队友gank会有这不错的效果。","jdtj2":null,"jdms2":null,"cmzb":"铁树枝干*1|树之祭祀*1|治疗药膏*2|圆盾*1","qqzb":"治疗指环*1|魔棒*1|速度之靴*1|王者之戒*1","hxzb":"魔杖*1|先锋盾*1|相位鞋*1","hqsz":"辉耀*1|恐鳌之心*1|强袭胸甲*1|希瓦的守护*1|阿哈利姆神杖*1|刷新球*1","ljt":"http://www.dota2.com.cn/images/property/doom_bringer.gif","path":"doom","zymc":"夜魇","zytb":"http://www.dota2.com.cn/images/heropedia/dire.jpg","yxtp":"http://www.dota2.com.cn/images/others/doom_bringer_big1.jpg","gjlxxj":"1","yxdwxj":"2|2|1","llsjsmz":"19","llsjsmhf":"0.03","mjsjhj":"1","mjsjgjsd":"1","zlsjmfz":"13","zlsjmfhf":"0.04","sjgjl":"1","pjsh":"61","gjsd":"111|115|133","gjms":"1.53","gjsh":"53-69","gjjl":"150|150|150","wlhj":"0","wlshkx":"3%","mfshkx":"25%","minitb":"http://www.dota2.com.cn/images/heroes/doom_icon.png"}],"videoList":[],"recommendList":[{"id":146,"gldz":"http://www.dota2.com.cn/raiders/newer/20131101/152774.shtml","tm":"6.79血魔嗜血渴望BUFF的数据分析","sj":"2013-11-1","zwm":"嗜血狂魔","tp":"http://dota2.wanmei.com/resources/jpg/140217/10251392625467559.jpg","js":"血魔得到了进一步的加强，虽然有几个地方有点小小的削弱，但是这完全无法阻止血魔的崛起。"},{"id":147,"gldz":"http://www.dota2.com.cn/raiders/step/20131101/152776.shtml","tm":"千里奔袭取人首级DOTA2血魔技能出装攻略","sj":"2013-11-1","zwm":"嗜血狂魔","tp":"http://dota2.wanmei.com/resources/jpg/140217/10251392625525693.jpg","js":"DOTA2血 魔是一个路人局里非常热门的DOTA2英雄，首先他有着很强的赖线能力，而且前中期有着很强的单杀能力，三围有着均衡的增长，凭借着2技能。"}],"adapt_bkz_list":[{"id":67,"zwm":"米波","ywm":"Meepo","jc":"地卜","xttx":"http://www.dota2.com.cn/images/heroes/meepo_full.png","dttx":"http://www.dota2.com.cn/images/heroes/meepo_vert.jpg","gjlx":"近战","yxlx":"敏捷","yxdw":"核心|控制|先手","zltb":"http://www.dota2.com.cn/images/info1301/tit_img01.gif","zljc":"20","zlsj":"1.6","mjtb":"http://www.dota2.com.cn/images/info1301/tit_img02.gif","mjjc":"23","mjsj":"1.9","lltb":"http://www.dota2.com.cn/images/info1301/tit_img03.gif","lljc":"23","llsj":"1.6","gjltb":"http://www.dota2.com.cn/images/info1301/tit_img06.gif","csgjl":"16-22","ydsdtb":"http://www.dota2.com.cn/images/info1301/tit_img05.gif","csydsd":"305","hjtb":"http://www.dota2.com.cn/images/info1301/tit_img04.gif","cshj":"4.22","yxbj":"对我而言，生活就是你所知和所能发现的一切。当你住在裂影荒墟时，想要找到食物并不是一件容易的事。因此，你需要走捷径，你需要会忽悠，你需要对自己的能力充分了解。有些野兽能够杀掉你，那么你就需要躲开强壮的，捕杀弱小的。在荒墟之上，有过一段往事，一段对某些人意义重大的往事。曾经那里有个宫殿，他们在宫殿里面举行黑暗的仪式，非常邪恶。如果你从仪式中幸存下来，他们还会以击碎水晶的方式将你的灵魂撕裂成碎片。不过他们的艺术成就也很高，比如雕塑之类的。记住这点：如果你在某个时候发现了这些雕塑，一定把他们全拿到市场上去卖掉，然后你接下来的一周都不会饿肚子。如果你走运的话，你可能会发现影墟水晶，那赶紧找人帮你估价，多问问，总有人能帮你找到需要这玩意的疯子买主的。就算别人都不要，你也可以卖给城里的魔导师，他们喜欢这玩意。不过，不管你怎么做，一定要小心这些水晶，这玩意要是在你身上炸开，可是很疼的。","dj":"1|15|25","smz":"587|1013|1697","mfz":"260|551|1019","gjl":"39-45|66-72|105-111","hj":"4|8|13","syfw":"1800/800","gjfw":"128","ddsd":"N/A","jdtj1":"http://www.dota2.com.cn/images/property/add/meepo.jpg","jdms1":"这是目前地卜师最主流的加点路线，前期主忽悠保证高伤害高输出。被动前期点一级就已经够用了，之后优先将网升满，高等级的网对施放距离的加成对于地卜师来说还是非常重要的。大招自然不用多说，有大点大。","jdtj2":"","jdms2":"","cmzb":"树之祭祀*1|力量手套*2|治疗药膏*1|铁树枝干*2","qqzb":"治疗指环*1|魔棒*1|速度之靴*1|王者之戒*1","hxzb":"魔杖*1|动力鞋*1|梅肯斯姆*1","hqsz":"阿哈利姆神杖*1|弗拉迪米尔的祭品*1|邪恶镰刀*1|强袭胸甲*1|恐鳌之心*1|希瓦的守护*1","ljt":"http://www.dota2.com.cn/images/property/meepo.gif","path":"meepo","zymc":"夜魇","zytb":"http://www.dota2.com.cn/images/heropedia/dire.jpg","yxtp":"http://www.dota2.com.cn/images/others/meepo_big1.jpg","gjlxxj":"1","yxdwxj":"1|1|1","llsjsmz":"19","llsjsmhf":"0.03","mjsjhj":"1","mjsjgjsd":"1","zlsjmfz":"13","zlsjmfhf":"0.04","sjgjl":"1","pjsh":"42","gjsd":"123|131|169","gjms":"1.38","gjsh":"39-45","gjjl":"128|128|128","wlhj":"4","wlshkx":"20%","mfshkx":"35%","minitb":"http://www.dota2.com.cn/images/heroes/meepo_icon.png"},{"id":41,"zwm":"冥魂大帝","ywm":"Wraith King","jc":"SNK、骷髅王","xttx":"http://www.dota2.com.cn/images/heroes/skeleton_king_full.png","dttx":"http://www.dota2.com.cn/images/heroes/skeleton_king_vert.jpg","gjlx":"近战","yxlx":"力量","yxdw":"耐久|核心|控制","zltb":"http://www.dota2.com.cn/images/info1301/tit_img01.gif","zljc":"18","zlsj":"1.60","mjtb":"http://www.dota2.com.cn/images/info1301/tit_img02.gif","mjjc":"18","mjsj":"1.70","lltb":"http://www.dota2.com.cn/images/info1301/tit_img03.gif","lljc":"22","llsj":"2.90","gjltb":"http://www.dota2.com.cn/images/info1301/tit_img06.gif","csgjl":"39-41","ydsdtb":"http://www.dota2.com.cn/images/info1301/tit_img05.gif","csydsd":"300","hjtb":"http://www.dota2.com.cn/images/info1301/tit_img04.gif","cshj":"2.52","yxbj":"奥斯塔里昂大帝那建造在敌人骸骨上的庞大帝国已经屹立了无数个年头了，他对自己的统治有着无尽的狂热，希望自己的集权统治能够永生不灭。他坚信，只要自己宫殿里的的白骨高塔建成，他就将万古不朽。然后他最终还是意识到自己这一想法的荒谬...白骨也会腐坏。出于对血肉之躯的不屑，他找到了一个更为长久的办法来维持自己的统治，冥魂之力，一种在某些黑暗生物死亡时释放出的纯粹的精神力量。出于国王的骄傲，在计划将冥魂精华灌入自己体内时，他认为最好自己也能拥有一副光耀不灭的躯体。在千年一遇的至日，冥魂之夜那一天，他启动了仪式，命令他的手下收集足够多的灵魂来完成他自己的不朽。王上终不朽，将士万骨枯。现在，冥魂大帝已不再迷恋他那闪光的王座——他拔出自己的巨剑外出征伐，被他征服的人，要献上自己无惧死亡的绝对忠诚。","dj":"1|15|25","smz":"568|1339|2270","mfz":"234|525|993","gjl":"61-63|102-104|151-153","hj":"3|6|11","syfw":"1800/800","gjfw":"128","ddsd":"N/A","jdtj1":"http://www.dota2.com.cn/images/property/add/skeleton_king.jpg","jdms1":"这是一种比较常见的骷髅王加点，骷髅是个弱智英雄，前期蓝量只够仍一次锤子，所以前期加黄点对骷髅的性价比非常高。","jdtj2":null,"jdms2":null,"cmzb":"树之祭祀*1|治疗药膏*1|净化药水*1|铁树枝干*2|压制之刃*1","qqzb":"魔棒*1|速度之靴*1|铁意头盔*1","hxzb":"魔杖*1|动力鞋*1|莫尔迪基安的臂章*1","hqsz":"黯灭*1|黑皇杖*1|强袭胸甲*1|深渊之刃*1|恐鳌之心*1|天堂之戟*1","ljt":"http://www.dota2.com.cn/images/property/skeleton_king.gif","path":"wraith_king","zymc":"夜魇","zytb":"http://www.dota2.com.cn/images/heropedia/dire.jpg","yxtp":"http://www.dota2.com.cn/images/others/skeleton_king_big1.jpg","gjlxxj":"1","yxdwxj":"3|2|2","llsjsmz":"19","llsjsmhf":"0.03","mjsjhj":"1","mjsjgjsd":"1","zlsjmfz":"13","zlsjmfhf":"0.04","sjgjl":"1","pjsh":"55","gjsd":"118|125|159","gjms":"1.44","gjsh":"54-56","gjjl":"128|128|128","wlhj":"3","wlshkx":"17%","mfshkx":"25%","minitb":"http://www.dota2.com.cn/images/heroes/skeleton_king_icon.png"},{"id":37,"zwm":"巨魔战将","ywm":"Troll Warlord","jc":"巨魔","xttx":"http://www.dota2.com.cn/images/heroes/troll_warlord_full.png","dttx":"http://www.dota2.com.cn/images/heroes/troll_warlord_vert.jpg","gjlx":"远程","yxlx":"敏捷","yxdw":"核心","zltb":"http://www.dota2.com.cn/images/info1301/tit_img01.gif","zljc":"13","zlsj":"1","mjtb":"http://www.dota2.com.cn/images/info1301/tit_img02.gif","mjjc":"21","mjsj":"2.75","lltb":"http://www.dota2.com.cn/images/info1301/tit_img03.gif","lljc":"17","llsj":"2.205","gjltb":"http://www.dota2.com.cn/images/info1301/tit_img06.gif","csgjl":"17-35","ydsdtb":"http://www.dota2.com.cn/images/info1301/tit_img05.gif","csydsd":"300","hjtb":"http://www.dota2.com.cn/images/info1301/tit_img04.gif","cshj":"1.94","yxbj":"激怒巨魔是非常轻松的一件事情。巨魔这个种族的特点是容易动怒，喜爱争斗，靠着争吵和打架度日，不会错过任何话茬扯着嗓门与人争辩。男性巨魔在女族长的统治下在地下洞穴长到成年，终日饭来张口，游手好闲。通常在成年后他们还会待上数年，女族长继续负责他们的吃喝拉撒。当年轻的巨魔最终离开地下的洞穴时，他们会找到同类三两成群，组成团伙四处游荡，高声抱怨各种琐事。</p><p>既然巨魔生性爱吵架，可以想象下一只巨魔因为太难相处被族人赶走是件多么稀罕的事。比如巨魔战将的经历，来自霍文林地深处的巨魔商人。他是如此的轻信别人，言语又十分刻薄粗暴，即使是其他巨魔也发现难以与他相处。特别是有一次他用嘲讽的语气声称刚才突袭抓住的狮子他也该分到一份时，他的同伴们爆发了。他们把矛头都指向他，用棍棒痛扁了一顿，还把他赶出了露营聚集地。他因为这次驱逐暴跳如雷，第二天回去的时候已经全副武装，一个接一个地把同伴杀光。接着他立下血誓：此后成为一支战斗力量为自己卖命。现在他以巨魔战将的称号在世界上游荡，言语尖酸，动作凶猛，作为一支单兵军队里高高在上的高级指挥官。","dj":"1|15|25","smz":"473|1058|1856","mfz":"169|351|741","gjl":"38-56|77-95|124-142","hj":"2|7|14","syfw":"1800/800","gjfw":"500","ddsd":"1200","jdtj1":"http://www.dota2.com.cn/images/property/add/troll_warlord.jpg","jdms1":"推荐一套比较实在的加点方式，核心思想是把技能点更多地投入用于稳定的伤害输出。游戏开始1级狂战士之怒即可提供巨魔招牌式的远程近战切换能力，便于线上补刀和适当压制对手。之后优先升满旋风飞斧，保证前期一套技能的杀伤力。接下来选择提升热血战魂，继续提升前中期的稳定输出能力。大招的效果在新版本中有所加强，应保证等级以增强全队的作战能力。游戏后期补满狂战士之怒，用于与对方核心英雄展开正面对决。","jdtj2":"","jdms2":"","cmzb":"敏捷便鞋*2|树之祭祀*1|治疗药膏*1|净化药水*1|铁树枝干*1","qqzb":"速度之靴*1|怨灵系带*1","hxzb":"魔杖*1|相位鞋*1|影刃*1|黑皇杖*1","hqsz":"幻影斧*1|黯灭*1|蝴蝶*1|雷神之锤*1|斯嘉蒂之眼*1|撒旦之邪力*1","ljt":"http://www.dota2.com.cn/images/property/troll_warlord.gif","path":"troll_warlord","zymc":"天辉","zytb":"http://www.dota2.com.cn/images/heropedia/radiant.jpg","yxtp":"http://www.dota2.com.cn/images/others/troll_warlord_big1.jpg","gjlxxj":"1","yxdwxj":"3","llsjsmz":"19","llsjsmhf":"0.03","mjsjhj":"1","mjsjgjsd":"1","zlsjmfz":"13","zlsjmfhf":"0.04","sjgjl":"1","pjsh":"47","gjsd":"121|132|187","gjms":"1.4","gjsh":"38-56","gjjl":"500|500|500","wlhj":"1","wlshkx":"10%","mfshkx":"25%","minitb":"http://www.dota2.com.cn/images/heroes/troll_warlord_icon.png"},{"id":107,"zwm":"恐怖利刃","ywm":"Terrorblade","jc":"TB、魂守","xttx":"http://www.dota2.com.cn/images/heroes/terrorblade_full.png","dttx":"http://www.dota2.com.cn/images/heroes/terrorblade_vert.jpg","gjlx":"近战","yxlx":"敏捷","yxdw":"核心","zltb":"http://www.dota2.com.cn/images/info1301/tit_img01.gif","zljc":"19","zlsj":"1.75","mjtb":"http://www.dota2.com.cn/images/info1301/tit_img02.gif","mjjc":"22","mjsj":"3.2","lltb":"http://www.dota2.com.cn/images/info1301/tit_img03.gif","lljc":"15","llsj":"1.9","gjltb":"http://www.dota2.com.cn/images/info1301/tit_img06.gif","csgjl":"26-32","ydsdtb":"http://www.dota2.com.cn/images/info1301/tit_img05.gif","csydsd":"315","hjtb":"http://www.dota2.com.cn/images/info1301/tit_img04.gif","cshj":"7.08","yxbj":"恐怖利刃是恶魔中的掠夺者——这个无法无天的魔头就连恶魔都惧怕三分。他曾因对恶魔领主动了贼念，无视了所有规范他行为的基本法则，触犯了七度地狱的所有法规。他被好好上了一课：原来还有比地狱更可怕的地方。接下来是短暂又残酷的审问，最终他被打入了荒邪之狱，这是一个隐藏的位面，恶魔们将它们的同类囚禁在这里。荒邪之狱并不是普通的监狱，这是现实的暗黑镜像，恶魔经过判决都到这里来直视他们自身灵魂中的扭曲倒影。然而恐怖利刃不但没有受苦，反而将自身最邪恶的倒影转化成了操控自如的力量，并将他的恐怖全数释放。","dj":"1|15|25","smz":"435|940|1681","mfz":"247|566|1053","gjl":"48-54|93-99|145-151","hj":"7|13|21","syfw":"1800/800","gjfw":"128","ddsd":"900","jdtj1":"","jdms1":"","jdtj2":"","jdms2":"","cmzb":"治疗药膏*1|树之祭祀*1|铁树枝干*1|圆盾*1","qqzb":"速度之靴*1|护腕*1|天鹰之戒*1|食人魔之斧*1","hxzb":"动力鞋*1|韧鼓*1|幻影斧*1","hqsz":"代达罗斯之殇*1|恐鳌之心*1|蝴蝶*1|辉耀*1|黑皇杖*1|斯嘉蒂之眼*1","ljt":"","path":"terrorblade","zymc":"夜魇","zytb":"http://www.dota2.com.cn/images/heropedia/dire.jpg","yxtp":"http://www.dota2.com.cn/images/others/terrorblade_big1.jpg","gjlxxj":"5","yxdwxj":"3","llsjsmz":"19","llsjsmhf":"0.03","mjsjhj":"1","mjsjgjsd":"1","zlsjmfz":"13","zlsjmfhf":"0.04","sjgjl":"1","pjsh":"51","gjsd":"135|183|212","gjms":"1.23","gjsh":"48-53","gjjl":"128|128|128","wlhj":"7","wlshkx":"29%","mfshkx":"25%","minitb":"http://www.dota2.com.cn/images/heroes/terrorblade_icon.png"},{"id":2,"zwm":"复仇之魂","ywm":"Vengeful Spirit","jc":"VS、仙德尔莎?丝木","xttx":"http://www.dota2.com.cn/images/heroes/vengefulspirit_full.png","dttx":"http://www.dota2.com.cn/images/heroes/vengefulspirit_vert.jpg","gjlx":"远程","yxlx":"敏捷","yxdw":"辅助|控制|对线辅助|先手","zltb":"http://www.dota2.com.cn/images/info1301/tit_img01.gif","zljc":"15","zlsj":"1.75","mjtb":"http://www.dota2.com.cn/images/info1301/tit_img02.gif","mjjc":"27","mjsj":"3.3","lltb":"http://www.dota2.com.cn/images/info1301/tit_img03.gif","lljc":"18","llsj":"2.6","gjltb":"http://www.dota2.com.cn/images/info1301/tit_img06.gif","csgjl":"12月26日","ydsdtb":"http://www.dota2.com.cn/images/info1301/tit_img05.gif","csydsd":"300","hjtb":"http://www.dota2.com.cn/images/info1301/tit_img04.gif","cshj":"3.78","yxbj":"天怒一族这种生物，即使最满足最安心的时候脾气也很暴躁，他们天生就会为了最微不足道的侮辱寻求复仇。然而复仇本来就是复仇之魂的本质所在。曾经作为一个自傲而残暴的天怒之子，仙德尔莎是苍白之巢的第一继承人，直到一个姐妹背叛了她，夺走了她的继承权.被暗杀者的陷阱困住以后，仙德尔莎以双翼为代价，逃出生天。用对于这一族最丢脸的方式：步行，颠簸逃离了。仙德尔莎明白天怒一族再也不会接受失去翅膀的她作为统治者。而且对于处于最高处的苍白之巢，没有能够飞翔的翅膀是无法接近的，她将无法碰到她的姐妹。不甘作为一个无法飞翔的废物苟活，她对于复仇的渴望超越了所有的俗世欲望，堕落的公主向女神丝奎奥克乞求：放弃了她残破的身体，化为了一种靠复仇驱动，能够对物质世界做出巨大破坏的不朽精神能量。她或许永远都不能飞翔了，但她的复仇将永远持续下去。","dj":"1|15|25","smz":"492|1184|2058","mfz":"195|514|1001","gjl":"39-53|85-99|138-152","hj":"4|10|18","syfw":"1800/800","gjfw":"400","ddsd":"1500","jdtj1":"http://www.dota2.com.cn/images/property/add/vengeful_spirit.jpg","jdms1":"这套加点主魔法箭副加恐怖波动，适合全gank位置复仇之魂选择，魔法箭等级增加伤害增加，恐怖波动减甲开视野的效果明显，前期光环提升作用并非很大。","jdtj2":null,"jdms2":null,"cmzb":"树之祭祀*1|治疗药膏*1|净化药水*1|圆环*1|动物信使*1","qqzb":"魔棒*1|速度之靴*1|天鹰之戒*1","hxzb":"魔杖*1|动力鞋*1|勇气勋章*1|侦查守卫*1|回城卷轴*1","hqsz":"阿哈利姆神杖*1|原力法杖*1|闪烁匕首*1|黯灭*1|蝴蝶*1|幻影斧*1|恐鳌之心*1|韧鼓*1|炎阳纹章*1|微光披风*1","ljt":"http://www.dota2.com.cn/images/property/vengefulspirit.gif","path":"vengeful_spirit","zymc":"天辉","zytb":"http://www.dota2.com.cn/images/heropedia/radiant.jpg","yxtp":"http://www.dota2.com.cn/images/others/vengefulspirit_big1.jpg","gjlxxj":"1","yxdwxj":"2|2|1|1","llsjsmz":"19","llsjsmhf":"0.03","mjsjhj":"1","mjsjgjsd":"1","zlsjmfz":"13","zlsjmfhf":"0.04","sjgjl":"1","pjsh":"46","gjsd":"127|166|194","gjms":"1.34","gjsh":"39-53","gjjl":"400|400|400","wlhj":"3","wlshkx":"18%","mfshkx":"25%","minitb":"http://www.dota2.com.cn/images/heroes/vengefulspirit_icon.png"},{"id":31,"zwm":"混沌骑士","ywm":"Chaos Knight","jc":"混沌","xttx":"http://www.dota2.com.cn/images/heroes/chaos_knight_full.png","dttx":"http://www.dota2.com.cn/images/heroes/chaos_knight_vert.jpg","gjlx":"近战","yxlx":"力量","yxdw":"核心|控制|耐久|推进","zltb":"http://www.dota2.com.cn/images/info1301/tit_img01.gif","zljc":"16","zlsj":"1.20","mjtb":"http://www.dota2.com.cn/images/info1301/tit_img02.gif","mjjc":"14","mjsj":"2.10","lltb":"http://www.dota2.com.cn/images/info1301/tit_img03.gif","lljc":"20","llsj":"2.90","gjltb":"http://www.dota2.com.cn/images/info1301/tit_img06.gif","csgjl":"29-59","ydsdtb":"http://www.dota2.com.cn/images/info1301/tit_img05.gif","csydsd":"325","hjtb":"http://www.dota2.com.cn/images/info1301/tit_img04.gif","cshj":"3.96","yxbj":"作为一名被上千个世界中无数战斗洗礼过的战斗大师，混沌骑士来自一个遥远的上层位面，在那里，宇宙的基本法则都能被直接感知到。在所有的法则中，混沌是最古老且最不知疲倦的——永无休止的搜寻着被他称为“光”的存在。很久以前,“光”违抗初始之契约离开了起源的世界，在其他世界开始了他的旅途。现在混沌骑士在一个个位面之间穿梭，无论到哪里，他永远都在搜寻然后抹杀“光”的存在 ，将其无数次的抹杀，然后进入下一个位面继续他的搜索。带着自己的铁甲战马“天劫”，带着疯狂的暴怒冲进战场，从宇宙的混乱中吸取力量。他就是混沌在物理位面的化身，并在有需要的时候他会召唤其他位面的自己，这群黑暗骑兵的齐冲如同自然之力一般无法阻挡。只有当一个世界中所有“光”的存在都被彻底消灭，他的搜寻才会结束。混沌骑士的铁蹄所到之处，死亡随之同行。","dj":"1|15|25","smz":"530|1301|2232","mfz":"208|426|842","gjl":"49-79|90-120|139-169","hj":"4|8|14","syfw":"1800/800","gjfw":"128","ddsd":"N/A","jdtj1":"http://www.dota2.com.cn/images/property/add/chaos_knight.jpg","jdms1":"这是混沌骑士最主流的加点，混沌是一名较为缺魔的英雄，所以前期除了特定的情况下，一般不会升级大招。前期一定的RP对于混沌骑士也非常重要。新改动中为混乱之箭添加了一个速度为1000的施法弹道速度，混乱之箭也不再是不可躲避的技能了。","jdtj2":null,"jdms2":null,"cmzb":"树之祭祀*1|治疗药膏*1|力量手套*1|铁树枝干*3","qqzb":"速度之靴*1|魔棒*1|护腕*1","hxzb":"动力鞋*1|魔杖*1|莫尔迪基安的臂章*1|韧鼓*1","hqsz":"辉耀*1|恐鳌之心*1|黑皇杖*1|天堂之戟*1","ljt":"http://www.dota2.com.cn/images/property/chaos_knight.gif","path":"chaos_knight","zymc":"夜魇","zytb":"http://www.dota2.com.cn/images/heropedia/dire.jpg","yxtp":"http://www.dota2.com.cn/images/others/chaos_knight_big1.jpg","gjlxxj":"1","yxdwxj":"2|2|1|1","llsjsmz":"19","llsjsmhf":"0.03","mjsjhj":"1","mjsjgjsd":"1","zlsjmfz":"13","zlsjmfhf":"0.04","sjgjl":"1","pjsh":"64","gjsd":"114|122|164","gjms":"1.49","gjsh":"49-79","gjjl":"128|128|128","wlhj":"3","wlshkx":"19%","mfshkx":"25%","minitb":"http://www.dota2.com.cn/images/heroes/chaos_knight_icon.png"},{"id":102,"zwm":"卓尔游侠","ywm":"Drow Ranger","jc":"小黑、崔希丝","xttx":"http://www.dota2.com.cn/images/heroes/drow_ranger_full.png","dttx":"http://www.dota2.com.cn/images/heroes/drow_ranger_vert.jpg","gjlx":"远程","yxlx":"敏捷","yxdw":"核心","zltb":"http://www.dota2.com.cn/images/info1301/tit_img01.gif","zljc":"15","zlsj":"1.4","mjtb":"http://www.dota2.com.cn/images/info1301/tit_img02.gif","mjjc":"26","mjsj":"1.9","lltb":"http://www.dota2.com.cn/images/info1301/tit_img03.gif","lljc":"17","llsj":"1.9","gjltb":"http://www.dota2.com.cn/images/info1301/tit_img06.gif","csgjl":"18-29","ydsdtb":"http://www.dota2.com.cn/images/info1301/tit_img05.gif","csydsd":"300","hjtb":"http://www.dota2.com.cn/images/info1301/tit_img04.gif","cshj":"0.64","yxbj":"卓尔游侠名叫崔希丝，这个名字很适合矮小、有点像侏儒、令人生厌的卓尔人。但崔希丝并不是卓尔人。她的双亲在坐大篷车旅行时受到土匪的袭击，滥杀无辜的土匪激怒了附近爱好和平的卓尔人。战斗结束后，卓尔人发现了一个藏在马车残骸中的小女孩，他们一致同意不能让这个失去父母的孩子被抛弃。还是孩童时，崔希丝就展现出了她对那些卓尔人引以为傲的技术的天赋：隐秘、沉默、敏锐。如果不看身体，在精神上她就像一个被拐走后又回到自己真正家中的卓尔人孩童。但随着她的成长，她的个头比她的家人高了不少，她因此认为自己是个丑陋的卓尔人。即使她皮肤光滑且长的匀称，完全没有卓尔人的肉疣和粗糙的髯须。与收养她的部族疏远后，她独自居住在森林中。许多在森林中寻路的旅行者都说他们见过一个美丽得难以置信的游侠在树林深处凝视他们，而当他们试图接近时，她又消失的无影无踪。轻盈、隐秘的冷美人，她像无声的迷雾般移动。你听到的森林低语，其实是她命中敌人心脏的霜冻箭矢的破空之声。","dj":"1|15|25","smz":"473|978|1719","mfz":"195|450|892","gjl":"44-55|71-82|110-121","hj":"1|4|10","syfw":"1800/1700","gjfw":"625","ddsd":"1250","jdtj1":"http://www.dota2.com.cn/images/property/add/drow_ranger.jpg","jdms1":"卓尔游侠是一名敏捷型后期英雄，卓尔游侠的加点选择也非常多，这种是前期主加冰箭的，满级冰箭50%的减速效果还是非常恶心人的，也成为前期对线的一大利器。值得注意的就是前期务必要加一点沉默，往往在击杀或者被gank时有着意想不到的效果。","jdtj2":"","jdms2":"","cmzb":"治疗药膏*1|树之祭祀*1|敏捷便鞋*2|铁树枝干*2","qqzb":"速度之靴*1|魔棒*1|怨灵系带*2","hxzb":"魔杖*1|动力鞋*1|幻影斧*1","hqsz":"影刃*1|蝴蝶*1|代达罗斯之殇*1|黑皇杖*1|撒旦之邪力*1","ljt":"http://www.dota2.com.cn/images/property/drow_ranger.gif","path":"drow_ranger","zymc":"天辉","zytb":"http://www.dota2.com.cn/images/heropedia/radiant.jpg","yxtp":"http://www.dota2.com.cn/images/others/drow_ranger_big1.jpg","gjlxxj":"1","yxdwxj":"2","llsjsmz":"19","llsjsmhf":"0.03","mjsjhj":"1","mjsjgjsd":"1","zlsjmfz":"13","zlsjmfhf":"0.04","sjgjl":"1","pjsh":"49","gjsd":"126|134|172","gjms":"1.35","gjsh":"44-55","gjjl":"625|625|625","wlhj":"0","wlshkx":"3%","mfshkx":"25%","minitb":"http://www.dota2.com.cn/images/heroes/drow_ranger_icon.png"},{"id":69,"zwm":"冥界亚龙","ywm":"Viper","jc":"VIP，毒龙","xttx":"http://www.dota2.com.cn/images/heroes/viper_full.png","dttx":"http://www.dota2.com.cn/images/heroes/viper_vert.jpg","gjlx":"远程","yxlx":"敏捷","yxdw":"核心|耐久","zltb":"http://www.dota2.com.cn/images/info1301/tit_img01.gif","zljc":"15","zlsj":"1.8","mjtb":"http://www.dota2.com.cn/images/info1301/tit_img02.gif","mjjc":"21","mjsj":"2.9","lltb":"http://www.dota2.com.cn/images/info1301/tit_img03.gif","lljc":"20","llsj":"1.9","gjltb":"http://www.dota2.com.cn/images/info1301/tit_img06.gif","csgjl":"23-25","ydsdtb":"http://www.dota2.com.cn/images/info1301/tit_img05.gif","csydsd":"285","hjtb":"http://www.dota2.com.cn/images/info1301/tit_img04.gif","cshj":"1.94","yxbj":"一个暴虐凶残的巫师捕获了蝮蛇，希望驯服它作为自己的凶狠宠物，好奇的蝮蛇很乐意被带离那封闭不化的三途川，那是一块在地壳滑移中被封闭的幽冥龙穴，它的种族在那里已经居住了成千上万年。蝮蛇一开始还试着花时间来理解并服从巫师的命令，希望能学到他最高超的黑暗魔法。但它很快就发现，没有多少咒语比它与生俱来的毒液更致命。蝮蛇流出的酸液很快就腐蚀掉了它笼子上的铁柱，冥界亚龙挣脱出了巫师的囚禁，将它的毒液喷在了老巫师眼睛里杀死了它，蝮蛇翱翔在空中，向世界宣告它的来临。","dj":"1|15|25","smz":"530|1035|1776","mfz":"195|523|1017","gjl":"44-46|85-87|134-136","hj":"2|7|13","syfw":"1800/800","gjfw":"575","ddsd":"1200","jdtj1":"http://www.dota2.com.cn/images/property/add/viper.jpg","jdms1":"由于手动施放毒性攻击可以无仇恨地消耗对手，冥界亚龙一般都会选择在5级时将一技能加到3级。此时的毒性攻击没有CD，搭配合理的走位有很大机会单杀对手。副加的技能可以根据局势在幽冥剧毒（重视输出）和毒性皮肤（重视生存）中选择。如果采用强调输出的打法，可以在3级毒性攻击之后主加幽冥剧毒。升级蝮蛇突袭可以显著缩短技能CD，因此有大点大基本没有争议。最后，亚龙的技能成长性较好，常规打法倾向于主动GANK，前期中期都不推荐以补黄点的方式撑高属性。","jdtj2":null,"jdms2":null,"cmzb":"树之祭祀*1|敏捷便鞋*2|治疗药膏*1|铁树枝干*2","qqzb":"魔棒*1|速度之靴*1|怨灵系带*1|怨灵系带*1","hxzb":"魔杖*1|动力鞋*1|先锋盾*1","hqsz":"幻影斧*1|黑皇杖*1|金箍棒*1|影刃*1|蝴蝶*1|紫怨*1","ljt":"http://www.dota2.com.cn/images/property/viper.gif","path":"viper","zymc":"夜魇","zytb":"http://www.dota2.com.cn/images/heropedia/dire.jpg","yxtp":"http://www.dota2.com.cn/images/others/viper_big1.jpg","gjlxxj":"1","yxdwxj":"1|1","llsjsmz":"19","llsjsmhf":"0.03","mjsjhj":"1","mjsjgjsd":"1","zlsjmfz":"13","zlsjmfhf":"0.04","sjgjl":"1","pjsh":"45","gjsd":"121|131|181","gjms":"1.4","gjsh":"44-46","gjjl":"575|575|575","wlhj":"1","wlshkx":"10%","mfshkx":"25%","minitb":"http://www.dota2.com.cn/images/heroes/viper_icon.png"}],"honorList":[{"id":11,"zwm":"嗜血狂魔","msg":"暂无","createtime":null}],"adapt_zd_list":[{"id":74,"zwm":"兽王","ywm":"Beastmaster","jc":"BM","xttx":"http://www.dota2.com.cn/images/heroes/beastmaster_full.png","dttx":"http://www.dota2.com.cn/images/heroes/beastmaster_vert.jpg","gjlx":"近战","yxlx":"力量","yxdw":"先手|控制|耐久","zltb":"http://www.dota2.com.cn/images/info1301/tit_img01.gif","zljc":"16","zlsj":"1.90","mjtb":"http://www.dota2.com.cn/images/info1301/tit_img02.gif","mjjc":"18","mjsj":"1.60","lltb":"http://www.dota2.com.cn/images/info1301/tit_img03.gif","lljc":"23","llsj":"2.20","gjltb":"http://www.dota2.com.cn/images/info1301/tit_img06.gif","csgjl":"33-37","ydsdtb":"http://www.dota2.com.cn/images/info1301/tit_img05.gif","csydsd":"310","hjtb":"http://www.dota2.com.cn/images/info1301/tit_img04.gif","cshj":"4.52","yxbj":"卡洛克自出生伊始就被当做兽婴。他的母亲在他出生时就死去；他的父亲是斯洛姆末代帝王的马蹄铁匠，在他五岁时被马群践踏致死。后来，卡洛克将自己卖到国王的动物园干活，在那里，他和宫廷里面饲养的狮子，猩猩，野鹿以及其他一些很少见的甚至传说中的野兽一起长大。在他七岁那年，一个冒险者带着一只没人见过的野兽来觐见国王。当这只野兽被国王的链条锁住的时候，它说话了，乞求自由，然而它的嘴并没有张开。国王大笑，命令野兽表演助兴，遭到拒绝以后，国王用他的疯狂权杖狠狠的抽打了野兽，并把它关在了兽栏里面。接下来的几个月里，卡洛克每天都给这个受伤的野兽偷偷的带去食物和药物，然而这一切只能减缓野兽的死亡。这只野兽和卡洛克开始了交流，无言的交流，他们之间的情感纽带也随着时间的推移而加深，最后卡洛克发现他竟然能够和宫廷动物园里面的所有动物交流。在那只野兽死去的晚上，卡洛克狂怒无比，他煽动了所有的动物一起反叛，并且将它们的笼子打开，在宫廷广场上大开杀戒。末代帝王在动乱中受伤。在混乱之中，一只皇家雄鹿在这个救了它的男孩面前屈膝，让他以兽王的身份骑上它，带他跃过了堡垒的高墙，逃出生天。现在，兽王卡洛克已经成长为一个男子汉，并且仍然能够自由的和野生动物交谈。他已经成为了拥有自然狂猛野性的战士。","dj":"1|15|25","smz":"587|1172|1970","mfz":"208|554|1061","gjl":"56-60|87-91|129-133","hj":"5|8|13","syfw":"1800/800","gjfw":"128","ddsd":"N/A","jdtj1":"http://www.dota2.com.cn/images/property/add/beastmaster.jpg","jdms1":"这个加点是老一点版本兽王的加点。首先一技能是物理伤害，无视魔法免疫跟护甲有关，前期大家护甲都低，所以兽王的一技能能够很好的去消耗对方的血量，从而创造出击杀对方的机会。其次就是两级的二级能，一级二级能出战鹰帮助团队控符，二级的时候出豪猪，为了是追杀效果，猪的毒针能让对方根本走不动。最后说一下光环，8、9级的时候补上两级为了是能够很好的推塔，现在DOTA的节奏快了，8、9级推塔很正常了。后面的光环和召唤可以根据场上的情况加点，如果优势大需要一直推塔就光环，如果均势可以加召唤技能让隐形的战鹰开视野gank对方。","jdtj2":null,"jdms2":null,"cmzb":"树之祭祀*1|治疗药膏*1|净化药水*1|力量手套*2|铁树枝干*1","qqzb":"魔棒*1|速度之靴*1|护腕*1","hxzb":"魔杖*1|动力鞋*1|韧鼓*1","hqsz":"洞察烟斗*1|死灵书*1|阿哈利姆神杖*1|闪烁匕首*1|恐鳌之心*1|强袭胸甲*1","ljt":"http://www.dota2.com.cn/images/property/beastmaster.gif","path":"beastmaster","zymc":"天辉","zytb":"http://www.dota2.com.cn/images/heropedia/radiant.jpg","yxtp":"http://www.dota2.com.cn/images/others/beastmaster_big1.jpg","gjlxxj":"1","yxdwxj":"2|2|2","llsjsmz":"19","llsjsmhf":"0.03","mjsjhj":"1","mjsjgjsd":"1","zlsjmfz":"13","zlsjmfhf":"0.04","sjgjl":"1","pjsh":"58","gjsd":"118|124|156","gjms":"1.44","gjsh":"56-60","gjjl":"128|128|128","wlhj":"4.52","wlshkx":"21%","mfshkx":"25%","minitb":"http://www.dota2.com.cn/images/heroes/beastmaster_icon.png"},{"id":45,"zwm":"莱恩","ywm":"Lion","jc":"Lion","xttx":"http://www.dota2.com.cn/images/heroes/lion_full.png","dttx":"http://www.dota2.com.cn/images/heroes/lion_vert.jpg","gjlx":"远程","yxlx":"智力","yxdw":"控制|爆发|对线辅助|辅助","zltb":"http://www.dota2.com.cn/images/info1301/tit_img01.gif","zljc":"22","zlsj":"3","mjtb":"http://www.dota2.com.cn/images/info1301/tit_img02.gif","mjjc":"15","mjsj":"1.5","lltb":"http://www.dota2.com.cn/images/info1301/tit_img03.gif","lljc":"16","llsj":"1.7","gjltb":"http://www.dota2.com.cn/images/info1301/tit_img06.gif","csgjl":"27-33","ydsdtb":"http://www.dota2.com.cn/images/info1301/tit_img05.gif","csydsd":"290","hjtb":"http://www.dota2.com.cn/images/info1301/tit_img04.gif","cshj":"1.1","yxbj":"莱恩曾经是个为光明和正义战斗的恶魔巫师，在同胞之间享有声望的传统巫术大师。但奉承和谄媚使他堕落了。莱恩产生了超过他力量所及的野心，他受到恶魔的引诱，变得邪恶，用自己的灵魂换取了声望。在做出了许多恐怖的罪恶行为后，莱恩的灵魂受到了损伤，恶魔因此抛弃了他。背叛了他的恶魔与他的敌人联手，用更强的手段对付他。莱恩对此变得狂怒，他追着恶魔一路跟到地狱，在地狱杀死了这个恶魔，把它一截一截地撕裂，最后莱恩取下恶魔那有魔力的手腕，装在自己的身体上。然而，与恶魔融合是要付出代价的。莱恩的身体变成了某种无法辨识的东西。他从地狱中出来时成为了狂怒的化身，不仅杀光了所有称他为怪物的人，还践踏了那片自己曾经受人崇拜的土地。他是唯一幸存的传统恶魔巫师，那些想来当他助手或学徒的人都被他抽光了魔法，然后轻松的夺走生命。","dj":"1|15|25","smz":"454|906|1609","mfz":"286|832|1482","gjl":"49-55|91-97|141-147","hj":"1|4|9","syfw":"1800/800","gjfw":"600","ddsd":"900","jdtj1":"http://www.dota2.com.cn/images/property/add/lion.jpg","jdms1":"恶魔巫师莱恩是具有强大爆发和控制能力的法师。本套加点是比较稳妥的打法，前期除了保证裂地尖刺和巫术的等级，推荐至少加1级的法力吸取来保证续航。注意在对线近战英雄的情况下，可以考虑较早地提升吸魔来限制对手的魔法量。高伤害的大招是莱恩的代表性技能，准备好击杀对手的时候应该尽早释放，以免浪费伤害输出，甚至留给对方可乘之机。","jdtj2":null,"jdms2":null,"cmzb":"树之祭祀*1|净化药水*2|治疗药膏*1|力量手套*1|动物信使*1","qqzb":"魔棒*1|速度之靴*1|护腕*1|侦查守卫*1","hxzb":"魔杖*1|相位鞋*1|侦查守卫*1","hqsz":"邪恶镰刀*1|黑皇杖*1|希瓦的守护*1|血精石*1|达贡之神力*1|阿哈利姆神杖*1","ljt":"http://www.dota2.com.cn/images/property/lion.gif","path":"lion","zymc":"夜魇","zytb":"http://www.dota2.com.cn/images/heropedia/dire.jpg","yxtp":"http://www.dota2.com.cn/images/others/lion_big1.jpg","gjlxxj":"1","yxdwxj":"3|3|2|2","llsjsmz":"19","llsjsmhf":"0.03","mjsjhj":"1","mjsjgjsd":"1","zlsjmfz":"13","zlsjmfhf":"0.04","sjgjl":"1","pjsh":"45","gjsd":"115|121|151","gjms":"1.48","gjsh":"42-48","gjjl":"600|600|600","wlhj":"1","wlshkx":"6%","mfshkx":"25%","minitb":"http://www.dota2.com.cn/images/heroes/lion_icon.png"},{"id":69,"zwm":"冥界亚龙","ywm":"Viper","jc":"VIP，毒龙","xttx":"http://www.dota2.com.cn/images/heroes/viper_full.png","dttx":"http://www.dota2.com.cn/images/heroes/viper_vert.jpg","gjlx":"远程","yxlx":"敏捷","yxdw":"核心|耐久","zltb":"http://www.dota2.com.cn/images/info1301/tit_img01.gif","zljc":"15","zlsj":"1.8","mjtb":"http://www.dota2.com.cn/images/info1301/tit_img02.gif","mjjc":"21","mjsj":"2.9","lltb":"http://www.dota2.com.cn/images/info1301/tit_img03.gif","lljc":"20","llsj":"1.9","gjltb":"http://www.dota2.com.cn/images/info1301/tit_img06.gif","csgjl":"23-25","ydsdtb":"http://www.dota2.com.cn/images/info1301/tit_img05.gif","csydsd":"285","hjtb":"http://www.dota2.com.cn/images/info1301/tit_img04.gif","cshj":"1.94","yxbj":"一个暴虐凶残的巫师捕获了蝮蛇，希望驯服它作为自己的凶狠宠物，好奇的蝮蛇很乐意被带离那封闭不化的三途川，那是一块在地壳滑移中被封闭的幽冥龙穴，它的种族在那里已经居住了成千上万年。蝮蛇一开始还试着花时间来理解并服从巫师的命令，希望能学到他最高超的黑暗魔法。但它很快就发现，没有多少咒语比它与生俱来的毒液更致命。蝮蛇流出的酸液很快就腐蚀掉了它笼子上的铁柱，冥界亚龙挣脱出了巫师的囚禁，将它的毒液喷在了老巫师眼睛里杀死了它，蝮蛇翱翔在空中，向世界宣告它的来临。","dj":"1|15|25","smz":"530|1035|1776","mfz":"195|523|1017","gjl":"44-46|85-87|134-136","hj":"2|7|13","syfw":"1800/800","gjfw":"575","ddsd":"1200","jdtj1":"http://www.dota2.com.cn/images/property/add/viper.jpg","jdms1":"由于手动施放毒性攻击可以无仇恨地消耗对手，冥界亚龙一般都会选择在5级时将一技能加到3级。此时的毒性攻击没有CD，搭配合理的走位有很大机会单杀对手。副加的技能可以根据局势在幽冥剧毒（重视输出）和毒性皮肤（重视生存）中选择。如果采用强调输出的打法，可以在3级毒性攻击之后主加幽冥剧毒。升级蝮蛇突袭可以显著缩短技能CD，因此有大点大基本没有争议。最后，亚龙的技能成长性较好，常规打法倾向于主动GANK，前期中期都不推荐以补黄点的方式撑高属性。","jdtj2":null,"jdms2":null,"cmzb":"树之祭祀*1|敏捷便鞋*2|治疗药膏*1|铁树枝干*2","qqzb":"魔棒*1|速度之靴*1|怨灵系带*1|怨灵系带*1","hxzb":"魔杖*1|动力鞋*1|先锋盾*1","hqsz":"幻影斧*1|黑皇杖*1|金箍棒*1|影刃*1|蝴蝶*1|紫怨*1","ljt":"http://www.dota2.com.cn/images/property/viper.gif","path":"viper","zymc":"夜魇","zytb":"http://www.dota2.com.cn/images/heropedia/dire.jpg","yxtp":"http://www.dota2.com.cn/images/others/viper_big1.jpg","gjlxxj":"1","yxdwxj":"1|1","llsjsmz":"19","llsjsmhf":"0.03","mjsjhj":"1","mjsjgjsd":"1","zlsjmfz":"13","zlsjmfhf":"0.04","sjgjl":"1","pjsh":"45","gjsd":"121|131|181","gjms":"1.4","gjsh":"44-46","gjjl":"575|575|575","wlhj":"1","wlshkx":"10%","mfshkx":"25%","minitb":"http://www.dota2.com.cn/images/heroes/viper_icon.png"},{"id":2,"zwm":"复仇之魂","ywm":"Vengeful Spirit","jc":"VS、仙德尔莎?丝木","xttx":"http://www.dota2.com.cn/images/heroes/vengefulspirit_full.png","dttx":"http://www.dota2.com.cn/images/heroes/vengefulspirit_vert.jpg","gjlx":"远程","yxlx":"敏捷","yxdw":"辅助|控制|对线辅助|先手","zltb":"http://www.dota2.com.cn/images/info1301/tit_img01.gif","zljc":"15","zlsj":"1.75","mjtb":"http://www.dota2.com.cn/images/info1301/tit_img02.gif","mjjc":"27","mjsj":"3.3","lltb":"http://www.dota2.com.cn/images/info1301/tit_img03.gif","lljc":"18","llsj":"2.6","gjltb":"http://www.dota2.com.cn/images/info1301/tit_img06.gif","csgjl":"12月26日","ydsdtb":"http://www.dota2.com.cn/images/info1301/tit_img05.gif","csydsd":"300","hjtb":"http://www.dota2.com.cn/images/info1301/tit_img04.gif","cshj":"3.78","yxbj":"天怒一族这种生物，即使最满足最安心的时候脾气也很暴躁，他们天生就会为了最微不足道的侮辱寻求复仇。然而复仇本来就是复仇之魂的本质所在。曾经作为一个自傲而残暴的天怒之子，仙德尔莎是苍白之巢的第一继承人，直到一个姐妹背叛了她，夺走了她的继承权.被暗杀者的陷阱困住以后，仙德尔莎以双翼为代价，逃出生天。用对于这一族最丢脸的方式：步行，颠簸逃离了。仙德尔莎明白天怒一族再也不会接受失去翅膀的她作为统治者。而且对于处于最高处的苍白之巢，没有能够飞翔的翅膀是无法接近的，她将无法碰到她的姐妹。不甘作为一个无法飞翔的废物苟活，她对于复仇的渴望超越了所有的俗世欲望，堕落的公主向女神丝奎奥克乞求：放弃了她残破的身体，化为了一种靠复仇驱动，能够对物质世界做出巨大破坏的不朽精神能量。她或许永远都不能飞翔了，但她的复仇将永远持续下去。","dj":"1|15|25","smz":"492|1184|2058","mfz":"195|514|1001","gjl":"39-53|85-99|138-152","hj":"4|10|18","syfw":"1800/800","gjfw":"400","ddsd":"1500","jdtj1":"http://www.dota2.com.cn/images/property/add/vengeful_spirit.jpg","jdms1":"这套加点主魔法箭副加恐怖波动，适合全gank位置复仇之魂选择，魔法箭等级增加伤害增加，恐怖波动减甲开视野的效果明显，前期光环提升作用并非很大。","jdtj2":null,"jdms2":null,"cmzb":"树之祭祀*1|治疗药膏*1|净化药水*1|圆环*1|动物信使*1","qqzb":"魔棒*1|速度之靴*1|天鹰之戒*1","hxzb":"魔杖*1|动力鞋*1|勇气勋章*1|侦查守卫*1|回城卷轴*1","hqsz":"阿哈利姆神杖*1|原力法杖*1|闪烁匕首*1|黯灭*1|蝴蝶*1|幻影斧*1|恐鳌之心*1|韧鼓*1|炎阳纹章*1|微光披风*1","ljt":"http://www.dota2.com.cn/images/property/vengefulspirit.gif","path":"vengeful_spirit","zymc":"天辉","zytb":"http://www.dota2.com.cn/images/heropedia/radiant.jpg","yxtp":"http://www.dota2.com.cn/images/others/vengefulspirit_big1.jpg","gjlxxj":"1","yxdwxj":"2|2|1|1","llsjsmz":"19","llsjsmhf":"0.03","mjsjhj":"1","mjsjgjsd":"1","zlsjmfz":"13","zlsjmfhf":"0.04","sjgjl":"1","pjsh":"46","gjsd":"127|166|194","gjms":"1.34","gjsh":"39-53","gjjl":"400|400|400","wlhj":"3","wlshkx":"18%","mfshkx":"25%","minitb":"http://www.dota2.com.cn/images/heroes/vengefulspirit_icon.png"}],"hqszList":[{"goods":{"id":88,"bigtype":"升级物品","type":"武器","wpmc":"辉耀","wppz":"4","wptp":"http://www.dota2.com.cn/images/items/radiance_lg.png","jgtb":"http://www.dota2.com.cn/images/info1301/tit_img07.gif","jg":"5075","wpjs":"一把拥有耀眼光芒灼烧效果的神圣武器，能让敌人化为灰烬。","wpzyms":"","wpsyff":"主动：点击以开启或关闭辉耀灼烧。<br/>被动：辉耀灼烧-每秒对700范围内敌军造成伤害。","wpxg":"+ <span class=\"color_yellow\">65</span> 攻击力<br/>灼烧伤害：<span class=\"color_yellow\">50</span>","lqsjtb":"","lqsj":"","mfxhtb":"","mfxh":"","qzwptb":null,"wpzyms2":"","item_en":"radiance"},"count":1},{"goods":{"id":91,"bigtype":"升级物品","type":"武器","wpmc":"蝴蝶","wppz":"4","wptp":"http://www.dota2.com.cn/images/items/butterfly_lg.png","jgtb":"http://www.dota2.com.cn/images/info1301/tit_img07.gif","jg":"5875","wpjs":"只有最强大最老练的战士才能携带蝴蝶，但它也提供无可比拟的战斗灵活力作为回报。","wpzyms":"","wpsyff":"","wpxg":"+ <span class=\"color_yellow\">30</span> 敏捷<br/>+ <span class=\"color_yellow\">30</span> 攻击力<br/>+ <span class=\"color_yellow\">35%</span> 闪避概率<br/>+ <span class=\"color_yellow\">30</span> 攻击速度","lqsjtb":"","lqsj":"","mfxhtb":"","mfxh":"","qzwptb":null,"wpzyms2":"能与其他闪避效果叠加。","item_en":"butterfly"},"count":1},{"goods":{"id":98,"bigtype":"升级物品","type":"防具","wpmc":"黑皇杖","wppz":"4","wptp":"http://www.dota2.com.cn/images/items/black_king_bar_lg.png","jgtb":"http://www.dota2.com.cn/images/info1301/tit_img07.gif","jg":"3975","wpjs":"渗透了巨人之力的强大法杖。","wpzyms":"","wpsyff":"主动：天神下凡-魔法免疫。持续时间和冷却时间每用一次都会降低。黑皇杖会使某些大招失效。","wpxg":"+ <span class=\"color_yellow\">10</span> 力量<br/>+ <span class=\"color_yellow\">24</span> 攻击力<br/>持续时间：<span class=\"color_yellow\">10/9/8/7/6/5/4</span>","lqsjtb":"http://www.dota2.com.cn/images/info1301/ico2.gif","lqsj":"80","mfxhtb":"","mfxh":"","qzwptb":null,"wpzyms2":"不能出售。<br>使用黑皇杖可以会使部分有益状态消失。","item_en":"black_king_bar"},"count":1},{"goods":{"id":89,"bigtype":"升级物品","type":"武器","wpmc":"金箍棒","wppz":"4","wptp":"http://www.dota2.com.cn/images/items/monkey_king_bar_lg.png","jgtb":"http://www.dota2.com.cn/images/info1301/tit_img07.gif","jg":"5400","wpjs":"一位大师级战士使用的强力棍棒。","wpzyms":"","wpsyff":"被动：猛击-攻击有一定概率猛击敌人，造成额外伤害并打断持续施法。<br>被动：克敌机先-攻击不会落空。","wpxg":"+ <span class=\"color_yellow\">88</span> 攻击力<br/>+ <span class=\"color_yellow\">15</span> 攻击速度<br/>猛击概率：<span class=\"color_yellow\">35%</span><br/>猛击伤害：<span class=\"color_yellow\">100</span>","lqsjtb":"","lqsj":"","mfxhtb":"","mfxh":"","qzwptb":"","wpzyms2":"","item_en":"monkey_king_bar"},"count":1},{"goods":{"id":103,"bigtype":"升级物品","type":"防具","wpmc":"强袭胸甲","wppz":"4","wptp":"http://www.dota2.com.cn/images/items/assault_lg.png","jgtb":"http://www.dota2.com.cn/images/info1301/tit_img07.gif","jg":"5250","wpjs":"在幽冥地带的深渊锻造，这件地狱盔甲提高整支军队的护甲和攻击速度。","wpzyms":"多个强袭光环的效果不会叠加。","wpsyff":"被动：强袭光环 - 提升附近友军单位的攻击速度和护甲，削弱附近敌军的护甲。","wpxg":"+ <span class=\"color_yellow\">35</span> 攻击速度<br/>+ <span class=\"color_yellow\">10</span> 护甲<br/>光环提升攻击速度：<span class=\"color_yellow\">20</span><br/>光环提升护甲：<span class=\"color_yellow\">5</span><br/>护甲削弱：<span class=\"color_yellow\">5</span>","lqsjtb":"","lqsj":"","mfxhtb":"","mfxh":"","qzwptb":"","wpzyms2":"强袭护甲光环可以和其他类型护甲光环（王者之戒、天鹰之戒、弗拉迪米尔的祭品）叠加。","item_en":"assault"},"count":1},{"goods":{"id":104,"bigtype":"升级物品","type":"防具","wpmc":"恐鳌之心","wppz":"4","wptp":"http://www.dota2.com.cn/images/items/heart_lg.png","jgtb":"http://www.dota2.com.cn/images/info1301/tit_img07.gif","jg":"5500","wpjs":"已经绝种的怪物的心脏，能提升携带者的耐久力。","wpzyms":"如果你的英雄最近4秒（远程英雄6秒）内受到敌方英雄或Roshan的攻击，此被动将失效。","wpsyff":"被动：生命恢复 - 每秒恢复正比于你最大生命值的生命。","wpxg":"+ <span class=\"color_yellow\">40</span> 力量<br/>+ <span class=\"color_yellow\">300</span> 生命值<br/>生命回复量：<span class=\"color_yellow\">4%</span>","lqsjtb":"http://www.dota2.com.cn/images/info1301/ico2.gif","lqsj":"6","mfxhtb":"","mfxh":"","qzwptb":null,"wpzyms2":"","item_en":"heart"},"count":1}],"hxzbList":[{"goods":{"id":55,"bigtype":"升级物品","type":"普通","wpmc":"动力鞋","wppz":"2","wptp":"http://www.dota2.com.cn/images/items/power_treads_lg.png","jgtb":"http://www.dota2.com.cn/images/info1301/tit_img07.gif","jg":"1400","wpjs":"一双厚实的皮靴，能根据穿着者的需求切换属性。","wpzyms":"移动速度加成效果不与其他鞋类物品叠加。","wpsyff":"主动：属性切换-将附加属性在力量，敏捷以及智力三者间切换。","wpxg":"+ <span class=\"color_yellow\">50</span> 移动速度<br/>+ <span class=\"color_yellow\">8</span> 所选属性<br/>+ <span class=\"color_yellow\">25</span> 攻击速度","lqsjtb":"","lqsj":"","mfxhtb":"","mfxh":"","qzwptb":null,"wpzyms2":"","item_en":"power_treads"},"count":1},{"goods":{"id":48,"bigtype":"升级物品","type":"普通","wpmc":"怨灵系带","wppz":"2","wptp":"http://www.dota2.com.cn/images/items/wraith_band_lg.png","jgtb":"http://www.dota2.com.cn/images/info1301/tit_img07.gif","jg":"485","wpjs":"总是回响着微弱耳语的圆环。","wpzyms":"","wpsyff":"","wpxg":"+ <span class=\"color_yellow\">3</span> 力量<br/>+ <span class=\"color_yellow\">6</span> 敏捷<br/>+ <span class=\"color_yellow\">3</span> 智力<br/>+ <span class=\"color_yellow\">3</span> 攻击力","lqsjtb":"","lqsj":"","mfxhtb":"","mfxh":"","qzwptb":"","wpzyms2":"","item_en":"wraith_band"},"count":1},{"goods":{"id":113,"bigtype":"升级物品","type":"圣物","wpmc":"散夜对剑","wppz":"5","wptp":"http://www.dota2.com.cn/images/items/sange_and_yasha_lg.png","jgtb":"http://www.dota2.com.cn/images/info1301/tit_img07.gif","jg":"4100","wpjs":"散华和夜叉经过月光的照耀而产生共鸣，双剑合璧发挥出更大的威力。","wpzyms":"多件物品提供的基于百分比的移动速度加成不叠加。","wpsyff":"被动：高级残废 - 攻击时有一定概率降低敌人的移动速度5.0秒。","wpxg":"+ <span class=\"color_yellow\">16</span> 攻击力<br/>+ <span class=\"color_yellow\">16</span> 力量<br/>+ <span class=\"color_yellow\">16</span> 敏捷<br/>+ <span class=\"color_yellow\">16</span> 攻击速度<br/>+ <span class=\"color_yellow\">16%</span> 移动速度<br/>致残概率：<span class=\"color_yellow\">16%</sp","lqsjtb":"","lqsj":"","mfxhtb":"","mfxh":"","qzwptb":"","wpzyms2":"","item_en":"sange_and_yasha"},"count":1}],"adapt_kz_list":[{"id":16,"zwm":"敌法师","ywm":"Anti Mage","jc":"AM、敌法","xttx":"http://www.dota2.com.cn/images/heroes/antimage_full.png","dttx":"http://www.dota2.com.cn/images/heroes/antimage_vert.jpg","gjlx":"近战","yxlx":"敏捷","yxdw":"核心|逃生","zltb":"http://www.dota2.com.cn/images/info1301/tit_img01.gif","zljc":"15","zlsj":"1.8","mjtb":"http://www.dota2.com.cn/images/info1301/tit_img02.gif","mjjc":"22","mjsj":"2.8","lltb":"http://www.dota2.com.cn/images/info1301/tit_img03.gif","lljc":"22","llsj":"1.2","gjltb":"http://www.dota2.com.cn/images/info1301/tit_img06.gif","csgjl":"27-31","ydsdtb":"http://www.dota2.com.cn/images/info1301/tit_img05.gif","csydsd":"315","hjtb":"http://www.dota2.com.cn/images/info1301/tit_img04.gif","cshj":"2.08","yxbj":"当山下的王国被潮水般的侵略者们横扫的时候，星隐寺的僧侣们只是在山上默默的注视着那崎岖的山谷。苦行且务实的他们在偏远高山的寺院里，独自沉浸在远离尘嚣的冥想中，不受任何魔法元素或者神灵的干扰。然而，死亡之神的军队来了，带着摧毁所有信仰，并让当地人转而信奉死亡之神的虚无主义。带着他们千年的战乱和血雨腥风，死亡军团将他们打败的敌人的灵魂和尸骨撕裂，用这种恐怖来摧毁星隐寺的信仰。面对此等攻击，寺院只坚持了不到两个星期，甚至还有一些刚从冥想中醒来的僧侣认为，这些入侵者不过是恶魔用来干扰他们冥想的幻象，于是他们死在了自己的冥想垫上。只有一个人幸免于难，他是来星隐寺寻求智慧，却尚未得到寺院认可的侍僧。他惊恐的看着自己曾经侍奉过的僧侣们被杀，然后又被复活成为死亡之神的祭司。带着星隐寺残存的珍贵教义卷轴，他艰难的到达了一个相对安全的地方，他发誓，不仅要消灭死亡之神的魔法师，更要将“魔法”这个词从世上抹去。","dj":"1|15|25","smz":"530|849|1457","mfz":"195|523|1017","gjl":"49-53|88-92|136-140","hj":"2|8|14","syfw":"1800/800","gjfw":"128","ddsd":"N/A","jdtj1":"http://www.dota2.com.cn/images/property/add/anti_mage.jpg","jdms1":"敌法师是一名敏捷型后期英雄，敌法师的加点向来受人津津乐道，几乎每个职业选手选择对敌法师的加点都不相同，三个技能在特殊的局势下都可以选择优先加满，这一套加点是优先加满闪烁，这样的敌法师机动性很强，关键时刻收割或者逃生保命都有不错的效果。法球和被动的选择依据场上形势来选择。以前敌法师前期是不加大招的，但是如今随着cw比赛节奏越来越快，一些比赛中的敌法师也是第一时间将大招升起来。","jdtj2":null,"jdms2":null,"cmzb":"树之祭祀*1|治疗药膏*1|铁树枝干*3|圆盾*1","qqzb":"速度之靴*1|魔棒*1|治疗指环*1","hxzb":"动力鞋*1|魔杖*1|先锋盾*1|夜叉*1|回城卷轴*1","hqsz":"强袭胸甲*1|远行鞋*1|深渊之刃*1|蝴蝶*1|恐鳌之心*1|弗拉迪米尔的祭品*1","ljt":"http://www.dota2.com.cn/images/property/antimage.gif","path":"anti_mage","zymc":"天辉","zytb":"http://www.dota2.com.cn/images/heropedia/radiant.jpg","yxtp":"http://www.dota2.com.cn/images/others/antimage_big1.jpg","gjlxxj":"1","yxdwxj":"2|3","llsjsmz":"19","llsjsmhf":"0.03","mjsjhj":"1","mjsjgjsd":"1","zlsjmfz":"13","zlsjmfhf":"0.04","sjgjl":"1","pjsh":"51","gjsd":"139|150|206","gjms":"1.19","gjsh":"49-53","gjjl":"128|128|128","wlhj":"2","wlshkx":"11%","mfshkx":"25%","minitb":"http://www.dota2.com.cn/images/heroes/antimage_icon.png"},{"id":27,"zwm":"编织者","ywm":"Weaver","jc":"蚂蚁","xttx":"http://www.dota2.com.cn/images/heroes/weaver_full.png","dttx":"http://www.dota2.com.cn/images/heroes/weaver_vert.jpg","gjlx":"远程","yxlx":"敏捷","yxdw":"核心|逃生","zltb":"http://www.dota2.com.cn/images/info1301/tit_img01.gif","zljc":"15","zlsj":"1.8","mjtb":"http://www.dota2.com.cn/images/info1301/tit_img02.gif","mjjc":"14","mjsj":"2.5","lltb":"http://www.dota2.com.cn/images/info1301/tit_img03.gif","lljc":"15","llsj":"1.5","gjltb":"http://www.dota2.com.cn/images/info1301/tit_img06.gif","csgjl":"36-46","ydsdtb":"http://www.dota2.com.cn/images/info1301/tit_img05.gif","csydsd":"290","hjtb":"http://www.dota2.com.cn/images/info1301/tit_img04.gif","cshj":"0.96","yxbj":"创世之纱需要长期细心的照料，以防止其变得残破；因为一旦它散开了，整个世界就将毁于一旦。编织者的工作就是保持创世之纱的紧密，用现实之网修补它的破损。他们同样要防止那些在创世之纱的缺口上产卵或者侵蚀创世之纱的虫子，只要编织者稍微分心，这些家伙的幼虫就能吞噬掉整个宇宙。斯吉茨格尔是一名大师级的编织者，负责维护一块小补丁的紧密。然而这项任务并不能满足他，他经常唠叨过去那些原始的创造工作，对干完活就走人的世界纺织者也是颇有微词。他想创造，不想只是维护——他想按自己的设计编织出自己的世界。他开始在他负责的区域上做手脚，逐渐不能自拔，他的胆子也愈发的大，甚至私自改动了世界纺织者编织的图案。最后，守卫者来了，毁掉了编织者所作的一切，直接从创世之纱上去除了这一块，然后重新编织，却不让他参与其中。斯吉茨格尔现在孤身一人，被种群所弃，换做任何其他编织者，都会备受折磨。然而斯吉茨格尔却无比愉悦，因为他终于自由了，能够自由的创造，重头开始。他创造新世界所需的所有材料都触手可及。他只需要从缺口处将现在的世界撕裂。","dj":"1|15|25","smz":"435|834|1499","mfz":"195|523|1017","gjl":"50-60|85-95|130-140","hj":"1|6|12","syfw":"1800/800","gjfw":"425","ddsd":"900","jdtj1":"http://www.dota2.com.cn/images/property/add/weaver.jpg","jdms1":"蚂蚁主缩地，无论补刀，耗血还是逃生都是性价比颇高的技能。也是蚂蚁可以劣势路单的资本。前期连击一级就够甚至不学习都可以，中期补满蝗虫技能，gank，团战，能减防，又有伤害，还能开视野，没有理由不加满。","jdtj2":"","jdms2":"","cmzb":"树之祭祀*1|净化药水*1|治疗药膏*1|敏捷便鞋*2|铁树枝干*1","qqzb":"魔棒*1|速度之靴*1|天鹰之戒*1","hxzb":"魔杖*1|动力鞋*1|林肯法球*1","hqsz":"辉耀*1|先锋盾*1|金箍棒*1|蝴蝶*1","ljt":"http://www.dota2.com.cn/images/property/weaver.gif","path":"weaver","zymc":"夜魇","zytb":"http://www.dota2.com.cn/images/heropedia/dire.jpg","yxtp":"http://www.dota2.com.cn/images/others/weaver_big1.jpg","gjlxxj":"1","yxdwxj":"2|3","llsjsmz":"19","llsjsmhf":"0.03","mjsjhj":"1","mjsjgjsd":"1","zlsjmfz":"13","zlsjmfhf":"0.04","sjgjl":"1","pjsh":"55","gjsd":"108|118|168","gjms":"1.58","gjsh":"50-60","gjjl":"425|425|425","wlhj":"0","wlshkx":"5%","mfshkx":"25%","minitb":"http://www.dota2.com.cn/images/heroes/weaver_icon.png"},{"id":80,"zwm":"斯拉克","ywm":"Slark","jc":"小鱼人","xttx":"http://www.dota2.com.cn/images/heroes/slark_full.png","dttx":"http://www.dota2.com.cn/images/heroes/slark_vert.jpg","gjlx":"近战","yxlx":"敏捷","yxdw":"逃生","zltb":"http://www.dota2.com.cn/images/info1301/tit_img01.gif","zljc":"16","zlsj":"1.9","mjtb":"http://www.dota2.com.cn/images/info1301/tit_img02.gif","mjjc":"21","mjsj":"1.5","lltb":"http://www.dota2.com.cn/images/info1301/tit_img03.gif","lljc":"21","llsj":"1.8","gjltb":"http://www.dota2.com.cn/images/info1301/tit_img06.gif","csgjl":"33-41","ydsdtb":"http://www.dota2.com.cn/images/info1301/tit_img05.gif","csydsd":"305","hjtb":"http://www.dota2.com.cn/images/info1301/tit_img04.gif","cshj":"1.94","yxbj":"除了水下住民，暗黑之礁很少为世人所知晓，这是座沉没之牢，关押的都是犯下滔天罪行的海洋生物。这座监牢外围装满了倒钩，里面充斥着心狠手辣的鱼人，狡猾歹毒的深海住民还有嗜杀同类的南海人。在这阴暗的迷宫中，鳗鱼四处巡逻，巨大的海葵担任着守卫的工作，在里面想不死就只能为恶。斯拉克被投入暗黑之礁的罪名已经不得而知，他在里面待的半生泯灭了亲情和良知，信任的只有自己，信奉的生存之道是鬼祟的行动和冷酷的心肠，他的脑海中不断酝酿自己的想法和计划。当臭名昭著的暗黑之礁十二恶棍密谋着越狱时，他们完美地将计划保密，发现蛛丝马迹的人都被他们杀害-但是他们的阴谋不知怎么的被斯拉克发现了，他在这计划中给自己找到了容身之地。越狱过程中十个恶棍遭到击毙，剩下两个被擒获，押回了暗黑之礁，作为那里犯人们的消遣活动被处以极刑。但是斯拉克，无名的第十三个越狱犯，利用暴乱作掩护逃之夭夭；永获自由。现在斯拉克隐居在紧靠影承废墟南部的食肉红树林灌丛中，迄今为止，他仍是唯一成功从暗黑之礁越狱的逃犯。","dj":"1|15|25","smz":"549|1028|1750","mfz":"208|554|1061","gjl":"54-62|75-83|110-118","hj":"2|5|10","syfw":"1800/1800","gjfw":"128","ddsd":"N/A","jdtj1":"http://www.dota2.com.cn/images/property/add/slark.jpg","jdms1":"这是主黑暗契约的小鱼人加点，前期三个技能个点一级，然后优先将黑暗契约补满黑暗契约能收兵而且能接触很多效果，所以优先点满。至于吸属性1级足够。小鱼人的E突袭比较难于释放，所以对于大部分玩家还是主AOE较为稳妥。","jdtj2":"","jdms2":"","cmzb":"圆盾*1|铁树枝干*2|治疗药膏*1|净化药水*1|树之祭祀*1","qqzb":"魔棒*1|速度之靴*1|淬毒之珠*1","hxzb":"魔杖*1|动力鞋*1|韧鼓*1","hqsz":"黑皇杖*1|斯嘉蒂之眼*1|恐鳌之心*1|幻影斧*1|强袭胸甲*1|蝴蝶*1","ljt":"http://www.dota2.com.cn/images/property/slark.gif","path":"slark","zymc":"夜魇","zytb":"http://www.dota2.com.cn/images/heropedia/dire.jpg","yxtp":"http://www.dota2.com.cn/images/others/slark_big1.jpg","gjlxxj":"1","yxdwxj":"3","llsjsmz":"19","llsjsmhf":"0.03","mjsjhj":"1","mjsjgjsd":"1","zlsjmfz":"13","zlsjmfhf":"0.04","sjgjl":"1","pjsh":"48","gjsd":"121|127|157","gjms":"1.4","gjsh":"54-62","gjjl":"128|128|128","wlhj":"1","wlshkx":"10%","mfshkx":"25%","minitb":"http://www.dota2.com.cn/images/heroes/slark_icon.png"},{"id":106,"zwm":"凤凰","ywm":"Phoenix","jc":"凤凰","xttx":"http://www.dota2.com.cn/images/heroes/phoenix_full.png","dttx":"http://www.dota2.com.cn/images/heroes/phoenix_vert.jpg","gjlx":"远程","yxlx":"力量","yxdw":"先手|控制|爆发","zltb":"http://www.dota2.com.cn/images/info1301/tit_img01.gif","zljc":"18","zlsj":"1.80","mjtb":"http://www.dota2.com.cn/images/info1301/tit_img02.gif","mjjc":"12","mjsj":"1.30","lltb":"http://www.dota2.com.cn/images/info1301/tit_img03.gif","lljc":"17","llsj":"2.90","gjltb":"http://www.dota2.com.cn/images/info1301/tit_img06.gif","csgjl":"26-36","ydsdtb":"http://www.dota2.com.cn/images/info1301/tit_img05.gif","csydsd":"285","hjtb":"http://www.dota2.com.cn/images/info1301/tit_img04.gif","cshj":"-0.32","yxbj":"永世的黑暗中，光之守护者的第一个太阳之光轻微闪过，这一束有自我意识的光线注定要在虚空里发光发热。亿万年里，这一束炫目的光芒逐渐聚集了无穷的能量，爆发成了一颗超新星。在这烈火之中，如同其起源一样的光线向四下散射，穿越黑暗的海洋，到达各个星座。很快，这些光芒也将成为超新星，以同样的形式向外传递着光和热。这种奇迹一般的生命与重生将一直持续到创世神鬼斧神工的苍穹之上被完全点亮。在这无尽的轮回中，被凡人们称作凤凰的星星坍塌成型，和其先前的光芒一样，凤凰也一头扎入无尽宇宙，在其邻近的星系中散布光能。经过长久的轮回，逐渐有了意识，开始了解万物，机缘巧合下听闻有一处地方，由于宇宙的横生变故进行着经年累月的战斗。因此众星的新生儿化成了生物形态，渴望在最黑暗的地方闪耀他的光和热。","dj":"1|15|25","smz":"473|1244|2175","mfz":"234|562|1056","gjl":"43-53|84-94|133-143","hj":"0|2|7","syfw":"1800/800","gjfw":"500","ddsd":"1100","jdtj1":"","jdms1":"","jdtj2":null,"jdms2":null,"cmzb":"治疗药膏*1|树之祭祀*1|铁树枝干*1|圆盾*1","qqzb":"速度之靴*1|护腕*1|天鹰之戒*1|食人魔之斧*1","hxzb":"动力鞋*1|韧鼓*1|幻影斧*1","hqsz":"代达罗斯之殇*1|恐鳌之心*1|蝴蝶*1|辉耀*1|黑皇杖*1|斯嘉蒂之眼*1","ljt":"","path":"phoenix","zymc":"天辉","zytb":"http://www.dota2.com.cn/images/heropedia/radiant.jpg","yxtp":"http://www.dota2.com.cn/images/others/phoenix_big1.jpg","gjlxxj":"1","yxdwxj":"3|2|3","llsjsmz":"19","llsjsmhf":"0.03","mjsjhj":"1","mjsjgjsd":"1","zlsjmfz":"13","zlsjmfhf":"0.04","sjgjl":"1","pjsh":"48","gjsd":"112|130|143","gjms":"1.52","gjsh":"43-53","gjjl":"500|500|500","wlhj":"0","wlshkx":"-1%","mfshkx":"25%","minitb":"http://www.dota2.com.cn/images/heroes/phoenix_icon.png"},{"id":18,"zwm":"伐木机","ywm":"Timbersaw","jc":"地精撕裂者","xttx":"http://www.dota2.com.cn/images/heroes/shredder_full.png","dttx":"http://www.dota2.com.cn/images/heroes/shredder_vert.jpg","gjlx":"近战","yxlx":"力量","yxdw":"近战|耐久|爆发|逃生","zltb":"http://www.dota2.com.cn/images/info1301/tit_img01.gif","zljc":"21","zlsj":"2.40","mjtb":"http://www.dota2.com.cn/images/info1301/tit_img02.gif","mjjc":"16","mjsj":"1.30","lltb":"http://www.dota2.com.cn/images/info1301/tit_img03.gif","lljc":"25","llsj":"2.10","gjltb":"http://www.dota2.com.cn/images/info1301/tit_img06.gif","csgjl":"26-30","ydsdtb":"http://www.dota2.com.cn/images/info1301/tit_img05.gif","csydsd":"290","hjtb":"http://www.dota2.com.cn/images/info1301/tit_img04.gif","cshj":"0.24","yxbj":"直到现在瑞兹拉克的脑海中仍然还萦绕着那尖叫声。他原来的工作是马不停蹄地转动扳手，扭紧螺丝，搭建模型，切割模具，锻造机器。睡眠离他而去；他终日都在制造机器的工作中度过。就这样，他把自己关在了他叔叔的工坊里。一晃数月过去，工作即将完成，他马上就能得到解放。一天，他抬了抬直掉的眼皮，站起来揉了揉背，看着窗外预兆湾那徐徐的波浪，上面竟飘来了满满的花朵，花朵开始爆裂，变成了花粉云团，直奔肺部而去，碰到的人纷纷倒地。他被呛地一激灵，睡意顿时一扫而空。之后几个小时工坊里尽是抑扬顿挫的磨刀声，他将一套巨大的刀刃磨得锃亮。他的脑海里满是邻居因窒息而死青筋暴起的惨状，被花树包围的房屋。但预兆湾的花潮相比潮水过后城墙外的哀鸿遍野就不值一提了。不过他眼里这套锯齿机器强大而富有安全感，他抱着这一丝希望，这样逐渐模糊的意识里才没有被恐惧全部占据。城市里遍地可见花枝和鲜血。在城市毁灭时，瑞兹拉克逃离了那些能够行走战斗还会杀人的花树。花树毁坏了城门，涌入城市。预兆湾最后召集的守卫也被他们肆意碾压践踏，寥寥无几的难民后面花树还在紧紧地追赶。虽然瑞兹拉克的头脑还是一片混沌，但是他静悄悄地从机器手臂里拽出一根巨大的链条，双手颤抖着检查了每个节点，用战栗的手指按了按链条末端的钢爪。这套锯齿机器已经就绪待命。他颤颤巍巍地用双手将这浑身带着刀刃的机器启动。恐惧，无论是萦绕已久的恐惧还是他接下来要面对的恐惧都在驱使着他，他还怀有让自己头脑冷静的希望。随着机器的震动开始运转，他知道他必须面对这恐惧，他也知道这恐惧他一点也不想要。","dj":"1|15|25","smz":"625|1184|1963","mfz":"273|710|1282","gjl":"51-55|80-84|121-125","hj":"0|3|7","syfw":"1800/800","gjfw":"128","ddsd":"N/A","jdtj1":"http://www.dota2.com.cn/images/property/add/timbersaw.jpg","jdms1":"这是比较主流的伐木机加点，前期主T的性价比要比D高很多。1400码的范围在逃生追杀gank中都能起到非常不错的效果。前期线上无压力可以21对点，力求最大爆发。伐木机很难杀，尤其是高等级，有装备的伐木机。施放技能时尽量贴着树木，神圣伤害的效果还是非常给力的。","jdtj2":null,"jdms2":null,"cmzb":"树之祭祀*1|治疗药膏*1|铁树枝干*3|圆盾*1","qqzb":"速度之靴*1|护腕*1|魔瓶*1","hxzb":"奥术鞋*1|魔杖*1|血精石*1","hqsz":"邪恶镰刀*1|血精石*1|林肯法球*1|黑皇杖*1|达贡之神力*1|希瓦的守护*1","ljt":"http://www.dota2.com.cn/images/property/shredder.gif","path":"timbersaw","zymc":"天辉","zytb":"http://www.dota2.com.cn/images/heropedia/radiant.jpg","yxtp":"http://www.dota2.com.cn/images/others/shredder_big1.jpg","gjlxxj":"1","yxdwxj":"2|1|1","llsjsmz":"19","llsjsmhf":"0.03","mjsjhj":"1","mjsjgjsd":"1","zlsjmfz":"13","zlsjmfhf":"0.04","sjgjl":"1","pjsh":"53","gjsd":"116|121|147","gjms":"1.47","gjsh":"51-55","gjjl":"128|128|128","wlhj":"0","wlshkx":"1%","mfshkx":"25%","minitb":"http://www.dota2.com.cn/images/heroes/shredder_icon.png"},{"id":104,"zwm":"灰烬之灵","ywm":"Ember Spirit","jc":"火熊猫","xttx":"http://www.dota2.com.cn/images/heroes/ember_spirit_full.png","dttx":"http://www.dota2.com.cn/images/heroes/ember_spirit_vert.jpg","gjlx":"近战","yxlx":"敏捷","yxdw":"核心|爆发","zltb":"http://www.dota2.com.cn/images/info1301/tit_img01.gif","zljc":"20","zlsj":"1.8","mjtb":"http://www.dota2.com.cn/images/info1301/tit_img02.gif","mjjc":"22","mjsj":"1.8","lltb":"http://www.dota2.com.cn/images/info1301/tit_img03.gif","lljc":"19","llsj":"2","gjltb":"http://www.dota2.com.cn/images/info1301/tit_img06.gif","csgjl":"30-34","ydsdtb":"http://www.dota2.com.cn/images/info1301/tit_img05.gif","csydsd":"310","hjtb":"http://www.dota2.com.cn/images/info1301/tit_img04.gif","cshj":"1.08","yxbj":"在燃烧要塞中有一口玉石大釜，里面装满了灰烬，这是当年的战争诗人，炘的火葬之地。炘毕生都在卫火盟教导年轻的弟子。后来燃烧之神被炘的师德所打动，下凡来到要塞中，重新点燃了灰烬。余烬之中，炘的样子渐渐成型，四周环绕着火焰。他的面容一如既往的沉静，为了让知识之火燎原，为寻求指引的人提供方向，他已准备就绪。","dj":"1|15|25","smz":"511|1043|1803","mfz":"260|588|1082","gjl":"52-56|71-81|115-119","hj":"1|5|10","syfw":"1800/800","gjfw":"128","ddsd":"N/A","jdtj1":"http://www.dota2.com.cn/images/property/ember_spirit.jpg","jdms1":"由于烈火罩能持续造成伤害，所以可以进行主升，之后升级炎阳索，提升技能伤害，有大加大，最后升级无影拳，增加中后期带线和消耗的能力。","jdtj2":"","jdms2":"","cmzb":"治疗药膏*1|净化药水*2|铁树枝干*2|圆盾*1","qqzb":"速度之靴*1|魔棒*1|影之灵龛*1","hxzb":"奥术鞋*1|魔杖*1|先锋盾*1","hqsz":"代达罗斯之殇*1|恐鳌之心*1|蝴蝶*1|雷神之锤*1|狂战斧*2","ljt":"http://www.dota2.com.cn/images/property/ember_spirit.gif","path":"ember_spirit","zymc":"天辉","zytb":"http://www.dota2.com.cn/images/heropedia/radiant.jpg","yxtp":"http://www.dota2.com.cn/images/others/ember_spirit_big1.jpg","gjlxxj":"1","yxdwxj":"1|2","llsjsmz":"19","llsjsmhf":"0.03","mjsjhj":"1","mjsjgjsd":"1","zlsjmfz":"13","zlsjmfhf":"0.04","sjgjl":"1","pjsh":"54","gjsd":"122|129|165","gjms":"1.39","gjsh":"52-56","gjjl":"128|128|128","wlhj":"1","wlshkx":"6%","mfshkx":"25%","minitb":"http://www.dota2.com.cn/images/heroes/ember_spirit_icon.png"},{"id":98,"zwm":"幽鬼","ywm":"Spectre","jc":"Spe","xttx":"http://www.dota2.com.cn/images/heroes/spectre_full.png","dttx":"http://www.dota2.com.cn/images/heroes/spectre_vert.jpg","gjlx":"近战","yxlx":"敏捷","yxdw":"核心|耐久","zltb":"http://www.dota2.com.cn/images/info1301/tit_img01.gif","zljc":"16","zlsj":"1.9","mjtb":"http://www.dota2.com.cn/images/info1301/tit_img02.gif","mjjc":"23","mjsj":"2.2","lltb":"http://www.dota2.com.cn/images/info1301/tit_img03.gif","lljc":"19","llsj":"2","gjltb":"http://www.dota2.com.cn/images/info1301/tit_img06.gif","csgjl":"23-27","ydsdtb":"http://www.dota2.com.cn/images/info1301/tit_img05.gif","csydsd":"295","hjtb":"http://www.dota2.com.cn/images/info1301/tit_img04.gif","cshj":"3.22","yxbj":"和所有强大的能量都喜欢欺凌弱小一样，被称为墨丘利的幽鬼也是一个拥有着强横能量的存在，同样的，她对现实世界中的冲突和纷争无比着迷。然而她平时的幽鬼形态超越了常人的感知范围，因此每当她以实体形态出现时，她不得不损失一部分自我能量——尽管她也不愿意。在战斗中，她的自我意识逐渐散落并重新聚合，她也开始有了意识。她意识到了自己是幽鬼墨丘利——其他所有的鬼影都只是她自我的阴影。出于重新凝聚的打算，她开始专注，她的心智也在不断的成熟。只有等到她取得胜利或者彻底失败时，她那超物质的形态才会得以重聚。","dj":"1|15|25","smz":"511|1043|1803","mfz":"208|554|1061","gjl":"46-50|77-81|119-123","hj":"3|8|13","syfw":"1800/800","gjfw":"128","ddsd":"N/A","jdtj1":"http://www.dota2.com.cn/images/property/add/spectre.jpg","jdms1":"幽鬼，曾经Dota中的无敌大后期之一，被看作是为数不多的可以后期1V5的英雄。幽鬼是大后期，所以前期线上受到的压力一般不会小，主加幽鬼之刃让幽鬼拥有更强的自保的能力。中后期补满荒芜可以让幽鬼拥有更强的作战能力。有大加大，大招也是幽鬼可以瞬间切入战场的利器。","jdtj2":"","jdms2":"","cmzb":"压制之刃*1|树之祭祀*1|治疗药膏*1|铁树枝干*3","qqzb":"魔棒*1|速度之靴*1|治疗指环*1","hxzb":"魔杖*1|动力鞋*1|先锋盾*1|净魂之刃*1","hqsz":"辉耀*1|幻影斧*1|代达罗斯之殇*1|蝴蝶*1|恐鳌之心*1|散夜对剑*1","ljt":"http://www.dota2.com.cn/images/property/spectre.gif","path":"spectre","zymc":"夜魇","zytb":"http://www.dota2.com.cn/images/heropedia/dire.jpg","yxtp":"http://www.dota2.com.cn/images/others/spectre_big1.jpg","gjlxxj":"1","yxdwxj":"3|1","llsjsmz":"19","llsjsmhf":"0.03","mjsjhj":"1","mjsjgjsd":"1","zlsjmfz":"13","zlsjmfhf":"0.04","sjgjl":"1","pjsh":"48","gjsd":"123|132|176","gjms":"1.38","gjsh":"46-50","gjjl":"128|128|128","wlhj":"3","wlshkx":"16%","mfshkx":"25%","minitb":"http://www.dota2.com.cn/images/heroes/spectre_icon.png"},{"id":68,"zwm":"米拉娜","ywm":"Mirana","jc":"白虎，虎妞，月女","xttx":"http://www.dota2.com.cn/images/heroes/mirana_full.png","dttx":"http://www.dota2.com.cn/images/heroes/mirana_vert.jpg","gjlx":"远程","yxlx":"敏捷","yxdw":"核心|爆发|控制|逃生","zltb":"http://www.dota2.com.cn/images/info1301/tit_img01.gif","zljc":"17","zlsj":"1.65","mjtb":"http://www.dota2.com.cn/images/info1301/tit_img02.gif","mjjc":"20","mjsj":"3.3","lltb":"http://www.dota2.com.cn/images/info1301/tit_img03.gif","lljc":"17","llsj":"1.85","gjltb":"http://www.dota2.com.cn/images/info1301/tit_img06.gif","csgjl":"18-29","ydsdtb":"http://www.dota2.com.cn/images/info1301/tit_img05.gif","csydsd":"300","hjtb":"http://www.dota2.com.cn/images/info1301/tit_img04.gif","cshj":"1.8","yxbj":"出生于皇室，带有高贵血统的公主米拉娜，在她即将登上太阳王座时，欣然放弃了所有对国土的世俗权力，将自身完全奉献给了月之女神赛莉蒙妮。从那以后米拉娜就作为众所周知的月之公主，巡回在银夜森林，搜索那些从月之女神保护地中的银色水池偷取夜光莲花的大胆之徒。米拉娜骑着她庞大的猫科伙伴，沉着、自豪且无畏，调和于月相和星座旋转。她的弓上镶嵌的月之矿石吸收月光之力，为她的光之箭矢充入能量。","dj":"1|15|25","smz":"473|965|1697","mfz":"221|521|996","gjl":"38-49|84-95|137-148","hj":"2|8|16","syfw":"1800/1200","gjfw":"600","ddsd":"900","jdtj1":"http://www.dota2.com.cn/images/property/add/mirana.jpg","jdms1":"白虎的加点主要有两种：主流星和主神箭。主箭利于Gank，但是相对难度较大。PoM（米拉娜的简写，DOTA2中是PrincessoftheMoon）的箭很讲究技巧与运气，没有长时间的练习、积累，很难提高命中成功率。这里需要说明的一点是白虎的大招。月之暗面可以选择在前期很早的时候就加一点，用来埋伏、逃生都是不错的选择。","jdtj2":null,"jdms2":null,"cmzb":"敏捷便鞋*2|树之祭祀*1|治疗药膏*1|净化药水*1|铁树枝干*1","qqzb":"魔棒*1|速度之靴*1|天鹰之戒*1","hxzb":"魔杖*1|动力鞋*1|幻影斧*1","hqsz":"蝴蝶*1|净魂之刃*1|强袭胸甲*1|黯灭*1|金箍棒*1","ljt":"http://www.dota2.com.cn/images/property/mirana.gif","path":"mirana","zymc":"天辉","zytb":"http://www.dota2.com.cn/images/heropedia/radiant.jpg","yxtp":"http://www.dota2.com.cn/images/others/mirana_big1.jpg","gjlxxj":"1","yxdwxj":"1|1|1|1","llsjsmz":"19","llsjsmhf":"0.03","mjsjhj":"1","mjsjgjsd":"1","zlsjmfz":"13","zlsjmfhf":"0.04","sjgjl":"1","pjsh":"43","gjsd":"120|131|186","gjms":"1.42","gjsh":"38-49","gjjl":"600|600|600","wlhj":"1","wlshkx":"9%","mfshkx":"25%","minitb":"http://www.dota2.com.cn/images/heroes/mirana_icon.png"}]}