{"hero":{"id":99,"zwm":"育母蜘蛛","ywm":"Broodmother","jc":"蜘蛛","xttx":"http://www.dota2.com.cn/images/heroes/broodmother_full.png","dttx":"http://www.dota2.com.cn/images/heroes/broodmother_vert.jpg","gjlx":"近战","yxlx":"敏捷","yxdw":"辅助-爆发-先手-推进","zltb":"http://www.dota2.com.cn/images/info1301/tit_img01.gif","zljc":"18","zlsj":"2","mjtb":"http://www.dota2.com.cn/images/info1301/tit_img02.gif","mjjc":"18","mjsj":"2.2","lltb":"http://www.dota2.com.cn/images/info1301/tit_img03.gif","lljc":"17","llsj":"2.5","gjltb":"http://www.dota2.com.cn/images/info1301/tit_img06.gif","csgjl":"26-32","ydsdtb":"http://www.dota2.com.cn/images/info1301/tit_img05.gif","csydsd":"295","hjtb":"http://www.dota2.com.cn/images/info1301/tit_img04.gif","cshj":"2.52","yxbj":"几个世纪以来，育母蜘蛛布蕾克·艾拉齐娜一直潜伏在灼神山的火山口岩洞中，悉心的照料着数以百万计的幼虫，保证他们能够安全的存活到去地上世界捕食的年龄。直到后来，索罗普瑟斯，一个贪婪的权臣，在死火山的火山口修建了他的私人庙塔，因为他知道，就算有人觊觎他的财富，也不能活着穿越那条蜘蛛出没的死亡之路。在安享了几百年的安宁后，布蕾克·艾拉齐娜发现一些不速之客不停的在干扰着她的生活，毛手毛脚的小偷、有勇无谋的骑士，以及出生贵族的年轻人——诚然，他们都是美味的食物，但是他们的到来切实的影响到了她照料她那“无辜”的后代。忍无可忍之时，她去造访了索罗普瑟斯，而这个权臣却不愿意妥协，于是她用蛛丝将他裹起来，扔到一边，留给那些即将出生的小崽子们美味一顿。不幸的是，庙塔主人的失踪却让更多的人壮着胆子前来骚扰。而当她的一名新生儿被一个冒失的探险者踩死时，她终于爆发了。育母蜘蛛向着地上世界前进，誓要清洗掉世界上所有可能对她的孩子有威胁的入侵者，即使是英雄也不例外，直到确保她能够为她那珍贵的小蜘蛛们提供一个安全健康的温床。","dj":"1/15/25","smz":"473/1138/1993","mfz":"234/598/1118","gjl":"44-50/75-81/117-123","hj":"3/7/13","syfw":"1800/800","gjfw":"128","ddsd":"N/A","jdtj1":"http://www.dota2.com.cn/images/property/add/broodmother.jpg","jdms1":"育母蜘蛛最大的特点就是牵制和推进，说她是个战术英雄更加靠谱，往往在你们与对面缠斗的时候，育母蜘蛛就可以孤身一人推掉你的高地。由于前期有蛛网的存在，没有真眼的情况下很难将蜘蛛击杀。","jdtj2":"","jdms2":"","cmzb":"治疗药膏*1|树之祭祀*1|净化药水*1|铁树枝干*2|守护指环*1","qqzb":"速度之靴*1|灵魂之戒*1|天鹰之戒*1","hxzb":"动力鞋*1|紫怨*1","hqsz":"黑皇杖*1|弗拉迪米尔的祭品*1|蝴蝶*1|金箍棒*1|强袭胸甲*1|辉耀*1","ljt":"http://www.dota2.com.cn/images/property/broodmother.gif","path":"broodmother","zymc":"夜魇","zytb":"http://www.dota2.com.cn/images/heropedia/dire.jpg","yxtp":"http://www.dota2.com.cn/images/others/broodmother_big1.jpg","gjlxxj":"1","yxdwxj":"3-1-1","llsjsmz":"19","llsjsmhf":"0.03","mjsjhj":"1","mjsjgjsd":"1","zlsjmfz":"13","zlsjmfhf":"0.04","sjgjl":"1","pjsh":"47","gjsd":"118/127/171","gjms":"1.44","gjsh":"44-50","gjjl":"128/128/128","wlhj":"2","wlshkx":"13%","mfshkx":"25%","minitb":"http://www.dota2.com.cn/images/heroes/broodmother_icon.png"},"skillList":[{"id":430,"zwm":"育母蜘蛛","jnmc":"孵化蜘蛛","jntb":"http://www.dota2.com.cn/images/heroes/abilities/broodmother_spawn_spiderlings_hp1.png","jnms":"育母蜘蛛将她的卵注入敌人体内，造成伤害。如果目标在感染期间被击杀，卵会孵化成小蜘蛛。","mftb":"http://www.dota2.com.cn/style/../images/info1301/ico2.gif","mfxh":"120/120/120/120","lqtb":"http://www.dota2.com.cn/style/../images/info1301/ico2.gif","lqsj":"10","jnxg":"<span class=\"color_white\">技能：</span>单位目标|<span class=\"color_white\">伤害：</span>75/150/225/300|<span class=\"color_white\">影响：</span>敌方单位|<span class=\"color_white\">数量：</span>1/2/3/4|<span class=\"color_white\">伤害类型：</span>魔法|<span class=\"color_white\">无视技能免疫：</span>否","jnsp":"http://dota2.dl.wanmei.com/dota2/video/abilities/broodmother_spawn_spiderlings.mp4","spms":"布蕾克·艾拉齐娜不断抚育她的后代，即使是在战场上。新孵化的小蜘蛛很快就学会如何支援她们的母亲。","djjd":"2,4,5,7","ewms":"如果目标在受到此技能后2秒内被杀死，小蜘蛛就会孵化。<br/>被小蜘蛛击杀的单位将孵化寄生蜘蛛，寄生蜘蛛的血量和攻击力比小蜘蛛低。"},{"id":431,"zwm":"育母蜘蛛","jnmc":"织网","jntb":"http://www.dota2.com.cn/images/heroes/abilities/broodmother_spin_web_hp1.png","jnms":"编织出一张蜘蛛网，育母蜘蛛在蛛网里可以隐身，获得无视地形移动的能力，同时提高生命回复和移动速度。织网没有冷却时间，但是需要能量点数，每40秒能量点数恢复1点。一旦育母蜘蛛受到来自敌人的伤害，她将在6秒内丧失无视地形移动的能力，移动速度加成效果也会减半。织网现在可向其他蛛网触及的区域全屏释放。蛛网永久存在，不过可以手动摧毁。当其数量超过上限，最早的蛛网将会消失。","mftb":"http://www.dota2.com.cn/style/../images/info1301/ico2.gif","mfxh":"50/50/50/50","lqtb":"http://www.dota2.com.cn/style/../images/info1301/ico2.gif","lqsj":"0","jnxg":"<span class=\"color_white\">技能：</span>点目标|<span class=\"color_white\">最多蜘蛛网数量：</span>2/4/6/8|<span class=\"color_white\">生命回复提升：</span>2/4/6/8|<span class=\"color_white\">移动速度提升：</span>20%/25%/30%/35%","jnsp":"http://dota2.dl.wanmei.com/dota2/video/abilities/broodmother_spin_web.mp4","spms":"编制出一张蛛丝之床，艾拉齐娜的网保护她和她的后代，同时给予前进的敌人警告。","djjd":"1,3,12,14","ewms":"渐隐时间为2秒。<br>蛛网对小蜘蛛和寄生蜘蛛也有效。<br>在无法自由通过地形时，周围的树木将会被摧毁。"},{"id":432,"zwm":"育母蜘蛛","jnmc":"麻痹之咬","jntb":"http://www.dota2.com.cn/images/heroes/abilities/broodmother_incapacitating_bite_hp1.png","jnms":"育母蜘蛛用毒液削弱敌方单位，使她的攻击带有减速效果，中毒单位的攻击有一定概率落空。","mftb":"http://www.dota2.com.cn/style/../images/info1301/ico2.gif","mfxh":"0","lqtb":"http://www.dota2.com.cn/style/../images/info1301/ico2.gif","lqsj":"0","jnxg":"<span class=\"color_white\">技能：</span>被动|<span class=\"color_white\">未命中概率：</span>30%/40%/50%/60%|<span class=\"color_white\">移动速度减缓：</span>10%/20%/30%/40%|<span class=\"color_white\">持续时间：</span>2/2/2/2","jnsp":"http://dota2.dl.wanmei.com/dota2/video/abilities/broodmother_incapacitating_bite_running.mp4","spms":"来自布蕾克·艾拉齐娜的尖牙中的麻痹毒素，对侵入她的网中的敌人造成减速和痛苦的死亡。","djjd":"8,9,10,13","ewms":"攻击落空几率与闪避和上下坡丢失叠加。"},{"id":433,"zwm":"育母蜘蛛","jnmc":"极度饥渴","jntb":"http://www.dota2.com.cn/images/heroes/abilities/broodmother_insatiable_hunger_hp1.png","jnms":"对活物体液的强烈饥渴提高了育母蜘蛛的攻击力，并使她的攻击附带吸血效果","mftb":"http://www.dota2.com.cn/style/../images/info1301/ico2.gif","mfxh":"100/100/100","lqtb":"http://www.dota2.com.cn/style/../images/info1301/ico2.gif","lqsj":"45","jnxg":"<span class=\"color_white\">技能：</span>无目标|<span class=\"color_white\">攻击力加成：</span>60/80/100|<span class=\"color_white\">吸血百分比：</span>60%/90%/120%|<span class=\"color_white\">持续时间：</span>14/14/14","jnsp":"http://dota2.dl.wanmei.com/dota2/video/abilities/broodmother_insatible_hunger_sven.mp4","spms":"大多数猎物都被她用丝茧裹了起来，作为饲料留给后代，育母蜘蛛自己则想品尝那些迷路的英雄的味道。","djjd":"6,11,16","ewms":"与其他吸血效果完全叠加。<br/>极度饥渴可以被净化效果移除。"}],"qqzbList":[{"goods":{"id":39,"bigtype":"基础物品","type":"奥术","wpmc":"速度之靴","wppz":"1","wptp":"http://www.dota2.com.cn/images/items/boots_lg.png","jgtb":"http://www.dota2.com.cn/images/info1301/tit_img07.gif","jg":"450","wpjs":"穿双鞋子，跑的更快。","wpzyms":"移动速度提升效果不与其他鞋子叠加。","wpsyff":"","wpxg":"+ <span class=\"color_yellow\">50</span> 移动速度","lqsjtb":"","lqsj":"","mfxhtb":"","mfxh":"","qzwptb":"","wpzyms2":"","item_en":"boots"},"count":1},{"goods":{"id":53,"bigtype":"升级物品","type":"普通","wpmc":"灵魂之戒","wppz":"2","wptp":"http://www.dota2.com.cn/images/items/soul_ring_lg.png","jgtb":"http://www.dota2.com.cn/images/info1301/tit_img07.gif","jg":"800","wpjs":"一个能吞噬周围灵魂的戒指。","wpzyms":"","wpsyff":"主动：牺牲-消耗150生命值来暂时获取150魔法值。持续10秒。","wpxg":"+ <span class=\"color_yellow\">3</span> 生命恢复速率<br/>+ <span class=\"color_yellow\">50%</span> 魔法恢复","lqsjtb":"http://www.dota2.com.cn/images/info1301/ico2.gif","lqsj":"30","mfxhtb":"","mfxh":"","qzwptb":"","wpzyms2":"如果获取的魔法值超过了魔法上限，将会变成缓冲魔法，直接加在魔法上限上，使用时将优先进行消耗。如果在持续时间结束时没有使用，额外的魔法将会消失。","item_en":"soul_ring"},"count":1},{"goods":{"id":64,"bigtype":"升级物品","type":"辅助","wpmc":"天鹰之戒","wppz":"3","wptp":"http://www.dota2.com.cn/images/items/ring_of_aquila_lg.png","jgtb":"http://www.dota2.com.cn/images/info1301/tit_img07.gif","jg":"985","wpjs":"陨落督军阿奎拉的戒指依然在战场上支援着军队。","wpzyms":"多个天鹰光环的效果不叠加。","wpsyff":"被动：天鹰光环-给予900内友军额外的魔法恢复速率和护甲。<br>主动：切换光环的影响单位（普通/仅限英雄）。","wpxg":"+ <span class=\"color_yellow\">9</span> 攻击力<br/>+ <span class=\"color_yellow\">3</span> 所有属性<br/>+ <span class=\"color_yellow\">6</span> 敏捷<br/>+ <span class=\"color_yellow\">1</span> 护甲<br/>光环恢复魔法：<span class=\"color_yellow\">0.65</span><br/>光环提升护甲：<span class=\"color_yellow\">2</span>","lqsjtb":"","lqsj":"","mfxhtb":"","mfxh":"","qzwptb":"","wpzyms2":"王者之戒，天鹰之戒和弗拉迪米尔的祭品拥有的护甲光环互不叠加。","item_en":"ring_of_aquila"},"count":1}],"cmzbList":[{"goods":{"id":3,"bigtype":"基础物品","type":"消耗品","wpmc":"治疗药膏","wppz":"3","wptp":"http://www.dota2.com.cn/images/items/flask_lg.png","jgtb":"http://www.dota2.com.cn/images/info1301/tit_img07.gif","jg":"115","wpjs":"即使最严重的伤口也能快速治愈的魔法药膏。","wpzyms":"","wpsyff":"使用：恢复 - 持续恢复生命值，受到攻击会驱散效果。","wpxg":"持续时间：<span class=\"color_yellow\">10</span><br/>生命回复量：<span class=\"color_yellow\">400</span>","lqsjtb":"","lqsj":"","mfxhtb":"","mfxh":"","qzwptb":"","wpzyms2":"治疗药膏可以共享。","item_en":"flask"},"count":1},{"goods":{"id":2,"bigtype":"基础物品","type":"消耗品","wpmc":"树之祭祀","wppz":"3","wptp":"http://www.dota2.com.cn/images/items/tango_lg.png","jgtb":"http://www.dota2.com.cn/images/info1301/tit_img07.gif","jg":"125","wpjs":"战场上的救命稻草。","wpzyms":"","wpsyff":"使用：吃树-吃掉一棵树来恢复生命值。可以使用4次。","wpxg":"持续时间：<span class=\"color_yellow\">16</span><br/>生命恢复量：<span class=\"color_yellow\">115</span>","lqsjtb":"","lqsj":"","mfxhtb":"","mfxh":"","qzwptb":"","wpzyms2":"","item_en":"tango"},"count":1},{"goods":{"id":1,"bigtype":"基础物品","type":"消耗品","wpmc":"净化药水","wppz":"3","wptp":"http://www.dota2.com.cn/images/items/clarity_lg.png","jgtb":"http://www.dota2.com.cn/images/info1301/tit_img07.gif","jg":"50","wpjs":"能增强冥想能力的清水。","wpzyms":"","wpsyff":"使用：持续恢复魔法值，受攻击会驱散效果。","wpxg":"持续时间：<span class=\"color_yellow\">40</span><br/>魔法回复量：<span class=\"color_yellow\">135</span>","lqsjtb":"","lqsj":"","mfxhtb":"","mfxh":"","qzwptb":"","wpzyms2":"净化药水可以共享。","item_en":"clarity"},"count":1},{"goods":{"id":12,"bigtype":"基础物品","type":"属性","wpmc":"铁树枝干","wppz":"1","wptp":"http://www.dota2.com.cn/images/items/branches_lg.png","jgtb":"http://www.dota2.com.cn/images/info1301/tit_img07.gif","jg":"50","wpjs":"一根看起来很普通的树枝，它如铁般坚硬的品质赋予持有者好运。","wpzyms":"","wpsyff":"","wpxg":"+ <span class=\"color_yellow\">1</span> 所有属性","lqsjtb":"","lqsj":"","mfxhtb":"","mfxh":"","qzwptb":"","wpzyms2":"","item_en":"branches"},"count":2},{"goods":{"id":24,"bigtype":"基础物品","type":"军备","wpmc":"守护指环","wppz":"1","wptp":"http://www.dota2.com.cn/images/items/ring_of_protection_lg.png","jgtb":"http://www.dota2.com.cn/images/info1301/tit_img07.gif","jg":"200","wpjs":"能保护佩戴者的闪光戒指。","wpzyms":"","wpsyff":"","wpxg":"+ <span class=\"color_yellow\">3</span> 护甲","lqsjtb":"","lqsj":"","mfxhtb":"","mfxh":"","qzwptb":null,"wpzyms2":"","item_en":"ring_of_protection"},"count":1}],"adapt_type_list":[{"id":15,"zwm":"德鲁伊","ywm":"Lone Druid","jc":"LD、熊德、DLY、小德","xttx":"http://www.dota2.com.cn/images/heroes/lone_druid_full.png","dttx":"http://www.dota2.com.cn/images/heroes/lone_druid_vert.jpg","gjlx":"远程","yxlx":"敏捷","yxdw":"核心|耐久|推进|打野","zltb":"http://www.dota2.com.cn/images/info1301/tit_img01.gif","zljc":"13","zlsj":"1.4","mjtb":"http://www.dota2.com.cn/images/info1301/tit_img02.gif","mjjc":"24","mjsj":"2.7","lltb":"http://www.dota2.com.cn/images/info1301/tit_img03.gif","lljc":"17","llsj":"2.1","gjltb":"http://www.dota2.com.cn/images/info1301/tit_img06.gif","csgjl":"22-26","ydsdtb":"http://www.dota2.com.cn/images/info1301/tit_img05.gif","csydsd":"325","hjtb":"http://www.dota2.com.cn/images/info1301/tit_img04.gif","cshj":"3.36","yxbj":"早在有史可考的年代之前，德鲁伊巨熊部落就已经形成了。他们天生就是智者，专注于探索和理解自然秩序。自然之力注意到了他们，并找到了他们中最有学识的一位，睿智的老悉拉，巨熊部落的先知和仲裁者，脱颖而出。它走到悉拉面前，将生命之种交给了他，并且告诉他：“当世界变得昏暗，当文明不再繁荣，当荒漠延伸到世界的尽头，那就种下这粒种子。”获得了自然之力的信任以后，悉拉感到自己的活力又回来了，岁月的痕迹也消失无踪，他原本渊博的学识更加广袤。同时，他发现自己能够将自己的意愿变成现实，甚至，在专注的情况下，能够改变自己的物质形态。然而，关于生命之种的谣言却给他的部落和人民带来了灾难，恐怖的战争席卷了整个部落，将其毁于一旦。家园被毁，悉拉带着自己的责任，逃到了荒野。随着时间的流逝，巨熊部落以及生命之种的故事已经在岁月长河中被人遗忘。几万年来，悉拉一直在等待，等待神谕，等待永世争斗的结束，等待他流浪宿命的终结，等待他神圣使命的实现，同时准备着消灭那些敢于阻挠他的事物。","dj":"1|15|25","smz":"473|1032|1811","mfz":"169|424|866","gjl":"46-50|84-88|131-135","hj":"3|9|15","syfw":"1800/1000","gjfw":"550","ddsd":"900","jdtj1":"http://www.dota2.com.cn/images/property/add/lone_druid.jpg","jdms1":"德鲁伊是一名敏捷型英雄，强大push推进能力，后期无与伦比的输出能力，德鲁伊一度被授予Dota第一后期的头衔。这是大多数德鲁伊的主流加点。熊灵是德鲁伊最好的伙伴，熟练对熊灵的使用是用好德鲁伊的关键。","jdtj2":"","jdms2":"","cmzb":"铁树枝干*3|树之祭祀*1|守护指环*1","qqzb":"魔棒*1|速度之靴*1","hxzb":"魔杖*1|静谧之鞋*1","hqsz":"狂战斧*1|幻影斧*1|深渊之刃*1|蝴蝶*1|恐鳌之心*1|弗拉迪米尔的祭品*1|","ljt":"http://www.dota2.com.cn/images/property/lone_druid.gif","path":"lone_druid","zymc":"天辉","zytb":"http://www.dota2.com.cn/images/heropedia/radiant.jpg","yxtp":"http://www.dota2.com.cn/images/others/lone_druid_big1.jpg","gjlxxj":"1","yxdwxj":"2|2|2|1","llsjsmz":"19","llsjsmhf":"0.03","mjsjhj":"1","mjsjgjsd":"1","zlsjmfz":"13","zlsjmfhf":"0.04","sjgjl":"1","pjsh":"48","gjsd":"124|135|189","gjms":"1.37","gjsh":"46-50","gjjl":"550|550|550","wlhj":"3","wlshkx":"16%","mfshkx":"25%","minitb":"http://www.dota2.com.cn/images/heroes/lone_druid_icon.png"},{"id":90,"zwm":"先知","ywm":"Natures Prophet","jc":"FUR","xttx":"http://www.dota2.com.cn/images/heroes/furion_full.png","dttx":"http://www.dota2.com.cn/images/heroes/furion_vert.jpg","gjlx":"远程","yxlx":"智力","yxdw":"打野|推进|核心|逃生","zltb":"http://www.dota2.com.cn/images/info1301/tit_img01.gif","zljc":"21","zlsj":"2.9","mjtb":"http://www.dota2.com.cn/images/info1301/tit_img02.gif","mjjc":"18","mjsj":"1.9","lltb":"http://www.dota2.com.cn/images/info1301/tit_img03.gif","lljc":"19","llsj":"1.8","gjltb":"http://www.dota2.com.cn/images/info1301/tit_img06.gif","csgjl":"24-38","ydsdtb":"http://www.dota2.com.cn/images/info1301/tit_img05.gif","csydsd":"295","hjtb":"http://www.dota2.com.cn/images/info1301/tit_img04.gif","cshj":"3.52","yxbj":"在种子里埋入盘起的灵魂，从岩石深处引出缠绕的水流，起誓阳光会普照这生长的一切，当树木之神维萝迪希娅完成这一系列森林的创造后，她意识到自己的生命也到达终点，如一片命运已被她印在种子中的树叶一样飘落，无法看见自己的梦想结果。嫩芽尚未破土，即使破土，脆弱的嫩芽也很容易受到各种伤害，而她却即将辞世，无能为力，这让她无比痛心。然而她在种子袋中发现了一颗播种时漏掉的种子，在弥留之际，她将力量化作一字箴言，寄于此种，然后将其服下。在漫长的冬天，她巨大的身体逐渐分解，化为了幼苗来年春天的肥料。在春分的早晨，当其它种子还没有苏醒时，最后那颗种子在一瞬间成熟然后爆裂了。从中走出了自然的先知，他身披树叶，强壮且智慧，拥有树木之神维萝迪希娅的力量，能预见到森林最需要他的地方，同时他也很清楚，能作为他的盟友，是天赐的幸运。","dj":"1|15|25","smz":"511|990|1712","mfz":"273|801|1438","gjl":"45-59|86-100|135-149","hj":"4|7|13","syfw":"1800/800","gjfw":"600","ddsd":"1125","jdtj1":"http://www.dota2.com.cn/images/property/add/natures_prophet.jpg","jdms1":"先知是一个加点非常灵活的英雄，选择加点的不同扮演的角色也不相同，这套加点完美体现除了先知机动性高的特点。两级发芽长达3.75秒的控制时间已经足够，主传送，CD时间的简短，让先知可以随时进行支援，gank，中期补满树人开始带线推塔。这样加点的先知线上能力很强，支援能力，gank能力都非常强大。不过由于当前版本选先知大多需要初期参与推进，所以这种打法的出现频率较低。","jdtj2":"","jdms2":"","cmzb":"守护指环*1|净化药水*3|树之祭祀*3","qqzb":"魔棒*1|速度之靴*1|王者之戒*1","hxzb":"魔杖*1|动力鞋*1|邪恶镰刀*1","hqsz":"迈达斯之手*1|阿哈利姆神杖*1|紫怨*1|黯灭*1|死灵书*1|代达罗斯之殇*1","ljt":"http://www.dota2.com.cn/images/property/furion.gif","path":"natures_prophet","zymc":"天辉","zytb":"http://www.dota2.com.cn/images/heropedia/radiant.jpg","yxtp":"http://www.dota2.com.cn/images/others/furion_big1.jpg","gjlxxj":"1","yxdwxj":"2|2|1|1","llsjsmz":"19","llsjsmhf":"0.03","mjsjhj":"1","mjsjgjsd":"1","zlsjmfz":"13","zlsjmfhf":"0.04","sjgjl":"1","pjsh":"52","gjsd":"118|126|164","gjms":"1.44","gjsh":"45-59","gjjl":"600|600|600","wlhj":"3","wlshkx":"17%","mfshkx":"25%","minitb":"http://www.dota2.com.cn/images/heroes/furion_icon.png"},{"id":40,"zwm":"克林克兹","ywm":"clinkz","jc":"骨弓","xttx":"http://www.dota2.com.cn/images/heroes/clinkz_full.png","dttx":"http://www.dota2.com.cn/images/heroes/clinkz_vert.jpg","gjlx":"远程","yxlx":"敏捷","yxdw":"辅助|爆发|先手|推进","zltb":"http://www.dota2.com.cn/images/info1301/tit_img01.gif","zljc":"16","zlsj":"1.55","mjtb":"http://www.dota2.com.cn/images/info1301/tit_img02.gif","mjjc":"22","mjsj":"3","lltb":"http://www.dota2.com.cn/images/info1301/tit_img03.gif","lljc":"15","llsj":"1.6","gjltb":"http://www.dota2.com.cn/images/info1301/tit_img06.gif","csgjl":"15-21","ydsdtb":"http://www.dota2.com.cn/images/info1301/tit_img05.gif","csydsd":"300","hjtb":"http://www.dota2.com.cn/images/info1301/tit_img04.gif","cshj":"2.08","yxbj":"在流血丘陵的底部，蔓延着一片庞大的森林——霍文林地，在那里，有着数个幽暗的湖泊，汇集着丘陵上渗透下来的死血。萨瑟雷克斯，王之魔法师，用他的仁慈统治着这片土地。他手下最为忠心的，霍文林地的誓约守护者，克林克兹，是一名技艺精湛的弓箭手。在王之魔法师统治的第三百年，来自第六狱的恶魔莫拉格斯出现了，声称要占领这片森林。作为反击，王之魔法师降下了一个牢不可破的咒语：任何打败恶魔的人，都能获得无尽的生命。克林克兹在对咒语一无所知的情况下，毅然加入到了对莫拉格斯的战斗中，保护他的土地免遭恶魔的屠戮。逐渐的，克林克兹将莫拉格斯驱逐到了第六狱的传送门前，在那里与其进行了殊死的决斗。双双重伤的情况下，恶魔竭尽生命之力放出了地狱之火，而克林克兹也射出了自己的最后一箭。在箭矢射中恶魔并将其杀死的同时，地狱之火也在大地上蔓延开来，眼看克林克兹就要被活活烧死。然而，就在弓箭手燃烧的时候，王之魔法师的咒语生效了，让他以这种邪恶的形态活了下来。现在，克林克兹肉体已失，生命被禁锢在死亡的契约之中，只留下灼热的骷髅和无尽的怒气。他永不停止的呼吸中，充斥着地狱的灼热。","dj":"1|15|25","smz":"435|861|1545","mfz":"208|490|952","gjl":"37-43|79-85|129-135","hj":"2|8|15","syfw":"1800/800","gjfw":"630","ddsd":"900","jdtj1":"http://www.dota2.com.cn/images/property/add/clinkz.jpg","jdms1":"骷髅射手是一名敏捷型中后期英雄，骷髅射手的加点没有太多变化，前期主火箭，线上压人加补刀，自带的50点攻击力还是很客观的。前期扫射只点一级就足够了，今早的将疾风步升高，提高自身机动性。杀人，或者团战时，记住提前吃个野怪增加血量和攻击力。","jdtj2":null,"jdms2":null,"cmzb":"治疗药膏*1|树之祭祀*1|敏捷便鞋*1|铁树枝干*3|","qqzb":"速度之靴*1|天鹰之戒*1|魔杖*1|空明杖*1","hxzb":"动力鞋*1|紫怨*1|金箍棒*1|","hqsz":"代达罗斯之殇*1|蝴蝶*1|斯嘉蒂之眼*1|邪恶镰刀*1|黑皇杖*1|","ljt":"http://www.dota2.com.cn/images/property/clinkz.gif","path":"clinkz","zymc":"夜魇","zytb":"http://www.dota2.com.cn/images/heropedia/dire.jpg","yxtp":"http://www.dota2.com.cn/images/others/clinkz_big1.jpg","gjlxxj":"1","yxdwxj":"2|2","llsjsmz":"19","llsjsmhf":"0.03","mjsjhj":"1","mjsjgjsd":"1","zlsjmfz":"13","zlsjmfhf":"0.04","sjgjl":"1","pjsh":"40","gjsd":"122|134|194","gjms":"1.39","gjsh":"37-43","gjjl":"630|630|630","wlhj":"2","wlshkx":"11%","mfshkx":"25%","minitb":"http://www.dota2.com.cn/images/heroes/clinkz_icon.png"}],"videoList":[{"id":90,"spdz":"http://dota2.dl.wanmei.com/dota2/patch/broodmother_basic.flv","zwm":"育母蜘蛛","splx":"新手教学","createtime":null,"img":"http://www.dota2.com.cn/apps/dota2/images/video/raider/broodmother_basic.jpg","bfsc":"2:19","gxsj":"2013-10-30","spbb":"6.79","spdzm":"http://dota2.dl.wanmei.com/dota2/video/broodmother_basic.mp4"}],"recommendList":[{"id":154,"gldz":"http://www.dota2.com.cn/raiders/step/20131101/152804.shtml","tm":"DOTA2育母蜘蛛攻略新版本带你走出50定律","sj":"2013-11-1","zwm":"育母蜘蛛","tp":"http://dota2.wanmei.com/resources/jpg/140217/10251392626074489.jpg","js":"DOTA2育母蜘蛛的大招增加攻击力并提供满级高达80%的吸血，有大点大，毫无疑问。"},{"id":152,"gldz":"http://www.dota2.com.cn/raiders/skill/20131026/152313.shtml","tm":"新版育母蜘蛛推线流技巧无视地形的强大","sj":"2013-10-26","zwm":"育母蜘蛛","tp":"http://dota2.wanmei.com/resources/jpg/140217/10251392626002685.jpg","js":"最后就是无视DOTA2育母蜘蛛的存在，任由它安逸的带线推进，等到攻击防御塔的时候，用回城卷轴过去收小蜘蛛的金钱和经验，"}],"adapt_bkz_list":[{"id":79,"zwm":"斯拉达","ywm":"Slardar","jc":"大鱼人","xttx":"http://www.dota2.com.cn/images/heroes/slardar_full.png","dttx":"http://www.dota2.com.cn/images/heroes/slardar_vert.jpg","gjlx":"近战","yxlx":"力量","yxdw":"核心|耐久|控制|先手","zltb":"http://www.dota2.com.cn/images/info1301/tit_img01.gif","zljc":"15","zlsj":"1.50","mjtb":"http://www.dota2.com.cn/images/info1301/tit_img02.gif","mjjc":"17","mjsj":"2.40","lltb":"http://www.dota2.com.cn/images/info1301/tit_img03.gif","lljc":"21","llsj":"2.80","gjltb":"http://www.dota2.com.cn/images/info1301/tit_img06.gif","csgjl":"30-38","ydsdtb":"http://www.dota2.com.cn/images/info1301/tit_img05.gif","csydsd":"300","hjtb":"http://www.dota2.com.cn/images/info1301/tit_img04.gif","cshj":"5.38","yxbj":"斯拉达是个鱼人，一位深海住民，他守卫着沉没的城市和其中埋藏的古老宝藏。在海底深渊那黑暗的海沟中，鱼人守卫带着作为诱饵的光源穿梭在藏有宝物的密室中。陆地上贪婪的巫师们派下去的潜水盗贼被他看似友善的光亮吸引，然后一去不返。他对海洋绝对忠诚，沉默寡言的性格有效的隐藏了海洋最秘密场所的位置。有时他会上浮到浅海侦查，不顾光亮造成的痛苦，确保没人在对深海进行谋划。有时他会无情的追杀那些极少数设法从沉没宝库偷取了一件宝物的家伙。由于斯拉达的一生都生活在深海中，承受着海洋巨大的水压，因此鱼人守卫的力量无比强大。","dj":"1|15|25","smz":"549|1294|2206","mfz":"195|468|923","gjl":"51-59|90-98|138-148","hj":"5|10|16","syfw":"1800/800","gjfw":"128","ddsd":"N/A","jdtj1":"http://www.dota2.com.cn/images/property/add/slardar.jpg","jdms1":"鱼人守卫，曾经有一段时间风靡CW舞台，很多战队都爱使用它。有控制，够肉，打得了输出。鱼人的加点也变化不多，被动虽然imba但是鱼人蛋疼的攻击速度，前期点被动的性价比着实不高。冲锋学满反而大大增加了鱼人守卫的机动性。","jdtj2":null,"jdms2":null,"cmzb":"圆盾*1|治疗药膏*1|树之祭祀*1|净化药水*1|铁树枝干*2","qqzb":"魔棒*1|速度之靴*1|治疗指环*1","hxzb":"魔杖*1|动力鞋*1|先锋盾*1","hqsz":"黑皇杖*1|闪烁匕首*1|恐鳌之心*1|黯灭*1|强袭胸甲*1|撒旦之邪力*1","ljt":"http://www.dota2.com.cn/images/property/slardar.gif","path":"slardar","zymc":"夜魇","zytb":"http://www.dota2.com.cn/images/heropedia/dire.jpg","yxtp":"http://www.dota2.com.cn/images/others/slardar_big1.jpg","gjlxxj":"1","yxdwxj":"2|2|2|1","llsjsmz":"19","llsjsmhf":"0.03","mjsjhj":"1","mjsjgjsd":"1","zlsjmfz":"13","zlsjmfhf":"0.04","sjgjl":"1","pjsh":"55","gjsd":"117|127|175","gjms":"1.45","gjsh":"51-59","gjjl":"128|128|128","wlhj":"5","wlshkx":"24%","mfshkx":"25%","minitb":"http://www.dota2.com.cn/images/heroes/slardar_icon.png"},{"id":1,"zwm":"斧王","ywm":"Axe","jc":"蒙哥可汗、Mogul Khan、Axe","xttx":"http://www.dota2.com.cn/images/heroes/axe_full.png","dttx":"http://www.dota2.com.cn/images/heroes/axe_vert.jpg","gjlx":"近战","yxlx":"力量","yxdw":"耐久|先手|控制|打野","zltb":"http://www.dota2.com.cn/images/info1301/tit_img01.gif","zljc":"18","zlsj":"1.60","mjtb":"http://www.dota2.com.cn/images/info1301/tit_img02.gif","mjjc":"20","mjsj":"2.20","lltb":"http://www.dota2.com.cn/images/info1301/tit_img03.gif","lljc":"25","llsj":"2.50","gjltb":"http://www.dota2.com.cn/images/info1301/tit_img06.gif","csgjl":"24-28","ydsdtb":"http://www.dota2.com.cn/images/info1301/tit_img05.gif","csydsd":"290","hjtb":"http://www.dota2.com.cn/images/info1301/tit_img04.gif","cshj":"1.8","yxbj":"作为红雾军团的一名步兵，蒙哥可汗的目标是成为红雾军团的将军。在一场又一场的战斗中，他用血腥的战果证明了自己的价值。他毫不犹豫杀死上级的行为帮助了他的晋升。在七年的千湖之境战役中，他用光荣的杀戮给自己带来了荣誉，他的声望比从前更耀眼了，但他身边的战友也在一个个的减少。在最终战胜的夜晚，蒙哥可汗宣布他为红雾军团的新将军，并冠以自身“斧王”的头衔。但他的军队却只有他一人，虽然许多人是战死的，但更多人则是死在斧王的刃下。不用说，现在大多数战士都在回避他作为领导者。但这对斧王来说不算什么，因为他的军队只需要他一个人就够了。","dj":"1|15|25","smz":"625|1290|2145","mfz":"234|525|993","gjl":"49-53|84-88|129-133","hj":"2|6|12","syfw":"1800/800","gjfw":"128","ddsd":"N/A","jdtj1":"http://www.dota2.com.cn/images/property/add/axe.jpg","jdms1":"斧王如今主流的加点一共有两种，主反击螺旋或者主战斗饥渴（也就是点灯）。这种加点比较复古，主反击螺旋，可以混野也可以打线上，近战和斧王对线实在不是一件轻松的事。","jdtj2":null,"jdms2":null,"cmzb":"树之祭祀*1|圆盾*1|守护指环*1|铁树枝干*1","qqzb":"静谧之鞋*1|魔棒*1","hxzb":"闪烁匕首*1|先锋盾*1|魔杖*1|回城卷轴*1","hqsz":"刃甲*1|恐鳌之心*1|洞察烟斗*1|希瓦的守护*1|阿哈利姆神杖*1|远行鞋*1|强袭胸甲*1|天堂之戟*1|赤红甲*1|清莲宝珠*1","ljt":"http://www.dota2.com.cn/images/property/axe.gif","path":"axe","zymc":"夜魇","zytb":"http://www.dota2.com.cn/images/heropedia/dire.jpg","yxtp":"http://www.dota2.com.cn/images/others/axe_big1.jpg","gjlxxj":"5","yxdwxj":"3|2|1|1","llsjsmz":"19","llsjsmhf":"0.03","mjsjhj":"1","mjsjgjsd":"1","zlsjmfz":"13","zlsjmfhf":"0.04","sjgjl":"1","pjsh":"51","gjsd":"120|151|193","gjms":"1.42","gjsh":"49-53","gjjl":"128|128|128","wlhj":"1","wlshkx":"9%","mfshkx":"25%","minitb":"http://www.dota2.com.cn/images/heroes/axe_icon.png"},{"id":52,"zwm":"娜迦海妖","ywm":"Naga Siren","jc":"小娜迦","xttx":"http://www.dota2.com.cn/images/heroes/naga_siren_full.png","dttx":"http://www.dota2.com.cn/images/heroes/naga_siren_vert.jpg","gjlx":"近战","yxlx":"敏捷","yxdw":"核心|控制|推进|逃生","zltb":"http://www.dota2.com.cn/images/info1301/tit_img01.gif","zljc":"18","zlsj":"1.95","mjtb":"http://www.dota2.com.cn/images/info1301/tit_img02.gif","mjjc":"21","mjsj":"2.75","lltb":"http://www.dota2.com.cn/images/info1301/tit_img03.gif","lljc":"21","llsj":"2.3","gjltb":"http://www.dota2.com.cn/images/info1301/tit_img06.gif","csgjl":"23-25","ydsdtb":"http://www.dota2.com.cn/images/info1301/tit_img05.gif","csydsd":"320","hjtb":"http://www.dota2.com.cn/images/info1301/tit_img04.gif","cshj":"5.94","yxbj":"在鱼人卫士团的誓言中，有一句誓词最广为流传：鱼人不能失败。事实上，这句话既是誓词，又是命令，所有失败的人都已经被放逐。鱼人族内不容败者。司里希丝曾经是她族群内最受尊敬的战士，多年来她一直指挥着一支军队，她最强力的武器就是她那让人畏惧的声音。强大，婉转，难以捉摸，她一直用她这一致命武器守卫着深海住民以及沉没之城中的财富。然而在克雷之役的最后一战中，在面对一帮想给他们的深渊之神献上财宝的狂热深海巨怪时，她的军队节节败退。在他们将敌人猛烈的攻击抵御下以后，开始清理战场，却发现宝藏中的镶嵌着珠宝的圣杯不见了。她的百人队中只有寥寥数人活了下来，然而同胞们的勇敢和牺牲却无关紧要了。重要的是他们的珍宝被拿走了。他们的荣誉被毁掉了。娜迦海妖被驱逐了，她被放逐去寻回失窃的圣杯。不管她能够做出多少倍的补偿，她也注定不会被原谅，除非她带回了失窃的宝藏。她所失去的荣誉，千金难抵。","dj":"1|15|25","smz":"549|1161|1978","mfz":"234|589|1102","gjl":"44-46|83-85|130-132","hj":"6|11|18","syfw":"1800/800","gjfw":"128","ddsd":"N/A","jdtj1":"http://www.dota2.com.cn/images/property/add/naga_siren.jpg","jdms1":"激流自从变成幻象也可以释放之后就成为了娜迦海妖的主加技能，当然特定情况下也有主加网或者分身的。前期幻象承受伤害过多，所以在装备没有累积之前，分身带来的增益效果不大。主激流也利于娜迦前期混线补刀拿人头。娜迦的网是无视BKB的，被网住的单位没法闪烁走，这点至关重要。","jdtj2":"","jdms2":"","cmzb":"树之祭祀*2|治疗药膏*1|敏捷便鞋*1|铁树枝干*3","qqzb":"魔棒*1|速度之靴*1|穷鬼盾*1","hxzb":"奥术鞋*1|魔杖*1|梅肯斯姆*1|","hqsz":"恐鳌之心*1|天堂之戟*1|幻影斧*1|净魂之刃*1|蝴蝶*1|","ljt":"http://www.dota2.com.cn/images/property/naga_siren.gif","path":"naga_siren","zymc":"夜魇","zytb":"http://www.dota2.com.cn/images/heropedia/dire.jpg","yxtp":"http://www.dota2.com.cn/images/others/naga_siren_big1.jpg","gjlxxj":"1","yxdwxj":"2|2|1|1","llsjsmz":"19","llsjsmhf":"0.03","mjsjhj":"1","mjsjgjsd":"1","zlsjmfz":"13","zlsjmfhf":"0.04","sjgjl":"1","pjsh":"45","gjsd":"121|132|187","gjms":"1.4","gjsh":"44-46","gjjl":"128|128|128","wlhj":"5","wlshkx":"26%","mfshkx":"25%","minitb":"http://www.dota2.com.cn/images/heroes/naga_siren_icon.png"},{"id":59,"zwm":"赏金猎人","ywm":"Bounty Hunter","jc":"赏金,BH","xttx":"http://www.dota2.com.cn/images/heroes/bounty_hunter_full.png","dttx":"http://www.dota2.com.cn/images/heroes/bounty_hunter_vert.jpg","gjlx":"近战","yxlx":"敏捷","yxdw":"核心|逃生|爆发","zltb":"http://www.dota2.com.cn/images/info1301/tit_img01.gif","zljc":"19","zlsj":"1.4","mjtb":"http://www.dota2.com.cn/images/info1301/tit_img02.gif","mjjc":"21","mjsj":"3","lltb":"http://www.dota2.com.cn/images/info1301/tit_img03.gif","lljc":"17","llsj":"1.8","gjltb":"http://www.dota2.com.cn/images/info1301/tit_img06.gif","csgjl":"24-38","ydsdtb":"http://www.dota2.com.cn/images/info1301/tit_img05.gif","csydsd":"315","hjtb":"http://www.dota2.com.cn/images/info1301/tit_img04.gif","cshj":"5.94","yxbj":"关于赏金猎人刚铎，有很多真假难分的故事，唯一的共同点是，讲述这些故事的人都死了。在那些低语中，有的说他像工具一样被抛弃，为了生存而学习追踪术。另一种说法是他是战争中幸存的弃儿，被伟大的猎手索鲁克带走，并在阴暗的森林中教会他高超的猎人技巧。然而，另外一些人则相信他是贫民窟的捣蛋鬼，在一帮小偷扒手中混迹成人，擅长偷盗和误导。被刚铎追杀的人每次一提起他，恐惧就会剧增：他们说，那个追踪暴君伽夫多年，最后将其逼疯并杀死，割下其头颅拿走其权杖的人，就是刚铎。就是他，渗透进海西特反叛军营地，将传奇盗贼“白色海角”带回去接受审判。就是他，终结了猎手索鲁克的神话，让其为杀死王子的得力助手付出了代价。刚铎的传奇还在继续，每一个故事都比之前的更加不可思议，每一个猎物都比以前的更加难以捕杀。然而，只要出价够高，谁都无法躲开他；只要出价够高，即使是最强大的战士，想到刚铎，都会在阴影中颤抖。","dj":"1|15|25","smz":"473|952|1674","mfz":"247|502|944","gjl":"45-59|87-101|137-151","hj":"6|12|19","syfw":"1800/1000","gjfw":"128","ddsd":"N/A","jdtj1":"http://www.dota2.com.cn/images/property/add/bounty_hunter.jpg","jdms1":"赏金猎人是一名敏捷型后期英雄，赏金猎人的加点向来受人津津乐道，几乎每个职业选手选择对赏金猎人的加点都不相同，三个技能在特殊的局势下都可以选择优先加满。这是一个前期主加飞镖的加点路线，前期爆发高，唯一缺陷是过于缺蓝，不过可以考虑出魔瓶或者秘法鞋。","jdtj2":"","jdms2":"","cmzb":"圆盾*1|树之祭祀*1|治疗药膏*1|铁树枝干*3","qqzb":"速度之靴*1|穷鬼盾*1|魔棒*1","hxzb":"相位鞋*1|魔杖*1|狂战斧*1","hqsz":"勇气勋章*1|黯灭*1|金箍棒*1|弗拉迪米尔的祭品*1|强袭胸甲*1|净魂之刃*1","ljt":"http://www.dota2.com.cn/images/property/bounty_hunter.gif","path":"bounty_hunter","zymc":"天辉","zytb":"http://www.dota2.com.cn/images/heropedia/radiant.jpg","yxtp":"http://www.dota2.com.cn/images/others/bounty_hunter_big1.jpg","gjlxxj":"1","yxdwxj":"1|2|1","llsjsmz":"19","llsjsmhf":"0.03","mjsjhj":"1","mjsjgjsd":"1","zlsjmfz":"13","zlsjmfhf":"0.04","sjgjl":"1","pjsh":"52","gjsd":"121|133|193","gjms":"1.4","gjsh":"45-59","gjjl":"128|128|128","wlhj":"5","wlshkx":"26%","mfshkx":"25%","minitb":"http://www.dota2.com.cn/images/heroes/bounty_hunter_icon.png"},{"id":67,"zwm":"米波","ywm":"Meepo","jc":"地卜","xttx":"http://www.dota2.com.cn/images/heroes/meepo_full.png","dttx":"http://www.dota2.com.cn/images/heroes/meepo_vert.jpg","gjlx":"近战","yxlx":"敏捷","yxdw":"核心|控制|先手","zltb":"http://www.dota2.com.cn/images/info1301/tit_img01.gif","zljc":"20","zlsj":"1.6","mjtb":"http://www.dota2.com.cn/images/info1301/tit_img02.gif","mjjc":"23","mjsj":"1.9","lltb":"http://www.dota2.com.cn/images/info1301/tit_img03.gif","lljc":"23","llsj":"1.6","gjltb":"http://www.dota2.com.cn/images/info1301/tit_img06.gif","csgjl":"16-22","ydsdtb":"http://www.dota2.com.cn/images/info1301/tit_img05.gif","csydsd":"305","hjtb":"http://www.dota2.com.cn/images/info1301/tit_img04.gif","cshj":"4.22","yxbj":"对我而言，生活就是你所知和所能发现的一切。当你住在裂影荒墟时，想要找到食物并不是一件容易的事。因此，你需要走捷径，你需要会忽悠，你需要对自己的能力充分了解。有些野兽能够杀掉你，那么你就需要躲开强壮的，捕杀弱小的。在荒墟之上，有过一段往事，一段对某些人意义重大的往事。曾经那里有个宫殿，他们在宫殿里面举行黑暗的仪式，非常邪恶。如果你从仪式中幸存下来，他们还会以击碎水晶的方式将你的灵魂撕裂成碎片。不过他们的艺术成就也很高，比如雕塑之类的。记住这点：如果你在某个时候发现了这些雕塑，一定把他们全拿到市场上去卖掉，然后你接下来的一周都不会饿肚子。如果你走运的话，你可能会发现影墟水晶，那赶紧找人帮你估价，多问问，总有人能帮你找到需要这玩意的疯子买主的。就算别人都不要，你也可以卖给城里的魔导师，他们喜欢这玩意。不过，不管你怎么做，一定要小心这些水晶，这玩意要是在你身上炸开，可是很疼的。","dj":"1|15|25","smz":"587|1013|1697","mfz":"260|551|1019","gjl":"39-45|66-72|105-111","hj":"4|8|13","syfw":"1800/800","gjfw":"128","ddsd":"N/A","jdtj1":"http://www.dota2.com.cn/images/property/add/meepo.jpg","jdms1":"这是目前地卜师最主流的加点路线，前期主忽悠保证高伤害高输出。被动前期点一级就已经够用了，之后优先将网升满，高等级的网对施放距离的加成对于地卜师来说还是非常重要的。大招自然不用多说，有大点大。","jdtj2":"","jdms2":"","cmzb":"树之祭祀*1|力量手套*2|治疗药膏*1|铁树枝干*2","qqzb":"治疗指环*1|魔棒*1|速度之靴*1|王者之戒*1","hxzb":"魔杖*1|动力鞋*1|梅肯斯姆*1","hqsz":"阿哈利姆神杖*1|弗拉迪米尔的祭品*1|邪恶镰刀*1|强袭胸甲*1|恐鳌之心*1|希瓦的守护*1","ljt":"http://www.dota2.com.cn/images/property/meepo.gif","path":"meepo","zymc":"夜魇","zytb":"http://www.dota2.com.cn/images/heropedia/dire.jpg","yxtp":"http://www.dota2.com.cn/images/others/meepo_big1.jpg","gjlxxj":"1","yxdwxj":"1|1|1","llsjsmz":"19","llsjsmhf":"0.03","mjsjhj":"1","mjsjgjsd":"1","zlsjmfz":"13","zlsjmfhf":"0.04","sjgjl":"1","pjsh":"42","gjsd":"123|131|169","gjms":"1.38","gjsh":"39-45","gjjl":"128|128|128","wlhj":"4","wlshkx":"20%","mfshkx":"35%","minitb":"http://www.dota2.com.cn/images/heroes/meepo_icon.png"},{"id":4,"zwm":"钢背兽","ywm":"Bristleback","jc":"钢背，背背猪","xttx":"http://www.dota2.com.cn/images/heroes/bristleback_full.png","dttx":"http://www.dota2.com.cn/images/heroes/bristleback_vert.jpg","gjlx":"近战","yxlx":"力量","yxdw":"耐久|先手|控制","zltb":"http://www.dota2.com.cn/images/info1301/tit_img01.gif","zljc":"14","zlsj":"2.80","mjtb":"http://www.dota2.com.cn/images/info1301/tit_img02.gif","mjjc":"17","mjsj":"1.80","lltb":"http://www.dota2.com.cn/images/info1301/tit_img03.gif","lljc":"22","llsj":"2.20","gjltb":"http://www.dota2.com.cn/images/info1301/tit_img06.gif","csgjl":"26-36","ydsdtb":"http://www.dota2.com.cn/images/info1301/tit_img05.gif","csydsd":"290","hjtb":"http://www.dota2.com.cn/images/info1301/tit_img04.gif","cshj":"3.38","yxbj":"瑞格沃在打架时从不以背示人，他因与众多强大烦人的拳手进行的正面交锋为人称道。醉酒的人群给他冠以“刚背大师”的美名，他曾徒步从斯洛姆王国前往厄泽王庭，沿途经过的所有酒馆他都插手了后院发生的斗殴。为了少许的酒钱，刚背兽帮酒馆收集账单，维护秩序，偶尔还能折断一两条腿，如果不走运的吐丝家伙碰到了他那就是五条。在一晚痛快的干架中，钢背兽终于遇到了自己的对手，他眼看着酒馆的常客和老板身上都受了不少伤。“先生，你那长牙让我不爽。”他对着一个来自北方荒原体型巨大的家伙醉醺醺地哼道。接下来就是场世纪大战。十多个斗士一拥而上。凳子无一幸免，最后不可思议的发生了：账单没付。数月过去，钢背兽的伤口愈合了，他的刺针也长回来了；但是执法者的名誉受损非常棘手。他自己拿钱付了账单，发誓要去追寻这个北方人，让他加倍偿还。然后他做了件之前从没做过的事——实际上他训练过，在训练中他对自己有了惊人的发现。他折了折自己的刺针后，嘴角扬起了一丝微笑。在战斗中背部迎人或许正好合适。","dj":"1|15|25","smz":"568|1153|1951","mfz":"182|692|1316","gjl":"48-58|79-89|121-131","hj":"3|7|12","syfw":"1800/800","gjfw":"128","ddsd":"900","jdtj1":"http://www.dota2.com.cn/images/property/add/bristleback.jpg","jdms1":"本套加点，总的思路是主加刺针扫射来提高AOE输出能力。1级选择粘稠鼻液的理由是可以配合队友和兵线进行线上压制。等到拥有2级刺针扫射的时候，一般就可以适当利用来补兵和消耗对手了，但应注意控制魔法消耗。接下来，由于升级粘稠鼻液的效果提升不是非常明显，建议加满钢毛后背来提升带线中的反杀能力以及团战中的肉盾能力。最后，大招战意提供的加成非常关键，有大点大成为钢背兽的必然选择。","jdtj2":null,"jdms2":null,"cmzb":"治疗药膏*1|树之祭祀*1|净化药水*1|铁树枝干*1|圆盾*1","qqzb":"速度之靴*1|治疗指环*1|王者之戒*1|魔杖*1","hxzb":"动力鞋*1|先锋盾*1|回城卷轴*1","hqsz":"刃甲*1|赤红甲*1|天堂之戟*1|强袭胸甲*1|洞察烟斗*1|希瓦的守护*1|恐鳌之心*1|辉耀*1|阿托斯之棍*1|玲珑心*1|清莲宝珠*1|炎阳纹章*1|银月之晶*1","ljt":"http://www.dota2.com.cn/images/property/bristleback.gif","path":"bristleback","zymc":"天辉","zytb":"http://www.dota2.com.cn/images/heropedia/radiant.jpg","yxtp":"http://www.dota2.com.cn/images/others/bristleback_big1.jpg","gjlxxj":"1","yxdwxj":"3|1|1","llsjsmz":"19","llsjsmhf":"0.03","mjsjhj":"1","mjsjgjsd":"1","zlsjmfz":"13","zlsjmfhf":"0.04","sjgjl":"1","pjsh":"57","gjsd":"117|124|160","gjms":"1.45","gjsh":"48-58","gjjl":"128|128|128","wlhj":"3","wlshkx":"16%","mfshkx":"25%","minitb":"http://www.dota2.com.cn/images/heroes/bristleback_icon.png"},{"id":7,"zwm":"撼地者","ywm":"Earthshaker","jc":"小牛，牛，神牛，撼地神牛","xttx":"http://www.dota2.com.cn/images/heroes/earthshaker_full.png","dttx":"http://www.dota2.com.cn/images/heroes/earthshaker_vert.jpg","gjlx":"近战","yxlx":"力量","yxdw":"先手|控制|辅助|对线辅助","zltb":"http://www.dota2.com.cn/images/info1301/tit_img01.gif","zljc":"16","zlsj":"1.80","mjtb":"http://www.dota2.com.cn/images/info1301/tit_img02.gif","mjjc":"12","mjsj":"1.40","lltb":"http://www.dota2.com.cn/images/info1301/tit_img03.gif","lljc":"22","llsj":"2.50","gjltb":"http://www.dota2.com.cn/images/info1301/tit_img06.gif","csgjl":"24-34","ydsdtb":"http://www.dota2.com.cn/images/info1301/tit_img05.gif","csydsd":"310","hjtb":"http://www.dota2.com.cn/images/info1301/tit_img04.gif","cshj":"2.68","yxbj":"和傀儡以及石像鬼类似，撼地者也曾经是大地的一部分，但现在他自由地行走在地面上。不同于那些存在，撼地者自身的意志创造了他，他不需要服从于任何主人。在岩石深处不安宁的沉睡中，他感到了上方世界自由自在的生命的存在。他对此产生了好奇心。在一个地震多发的时期，尼西埃雪山摇动的山顶发生了雪崩，河流的流径改变了，浅浅的山谷变成了深不可测的深渊。大地停止震动后，撼地者从沉淀的灰土中走了出来，像脱下毯子一样抖落无数岩石。他幻化成他想象中的野兽的外形，并自称雷格石蹄。他现在流动着血液、呼吸着空气、也会死亡。但他的精神仍然与大地同在，他的力量在那根永不离身的魔力图腾中。当他回归尘土的那天，大地仍会欢迎这个浪子回家。","dj":"1|15|25","smz":"568|1233|2088","mfz":"208|536|1030","gjl":"46-56|81-91|126-136","hj":"3|5|10","syfw":"1800/800","gjfw":"128","ddsd":"N/A","jdtj1":"http://www.dota2.com.cn/images/property/add/earthshaker.jpg","jdms1":"这种加点方式比较常见，而且是可以随机变化的。先从路人战来说，每个用神牛的人都多想用一技能，按照这样的加点能够很好让你多释放一到两个一技能，同时如果你被对方英雄贴身追击，你还能用一技能配合三级能的被动让对方眩晕很久。当然有人会说我住加一技能的，当然可以，因为三级能需要你贴身才有效果，如果打一些比较正规的对黑局或者CW，主加一技能就需要每一个F一定要打到人，这样才能让自己的伤害最大化。因为在比赛中，神牛会保护后期，所以挂机牛很多，自己的等级不会很高，这就要求每一个技能都要释放的有伤害性，所以主一技能也是可以的。","jdtj2":null,"jdms2":null,"cmzb":"净化药水*3|树之祭祀*1|治疗药膏*1|力量手套*1|铁树枝干*1","qqzb":"魔棒*1|速度之靴*1|护腕*1|能量之球*1","hxzb":"魔杖*1|奥术鞋*1|闪烁匕首*1|回城卷轴*1","hqsz":"阿哈利姆神杖*1|纷争面纱*1|希瓦的守护*1|邪恶镰刀*1|恐鳌之心*1|玲珑心*1","ljt":"http://www.dota2.com.cn/images/property/earthshaker.gif","path":"earthshaker","zymc":"天辉","zytb":"http://www.dota2.com.cn/images/heropedia/radiant.jpg","yxtp":"http://www.dota2.com.cn/images/others/earthshaker_big1.jpg","gjlxxj":"1","yxdwxj":"3|2|1|1","llsjsmz":"19","llsjsmhf":"0.03","mjsjhj":"1","mjsjgjsd":"1","zlsjmfz":"13","zlsjmfhf":"0.04","sjgjl":"1","pjsh":"51","gjsd":"112|118|146","gjms":"1.52","gjsh":"46-56","gjjl":"128|128|128","wlhj":"2.68","wlshkx":"13%","mfshkx":"25%","minitb":"http://www.dota2.com.cn/images/heroes/earthshaker_icon.png"},{"id":58,"zwm":"沙王","ywm":"Sand King","jc":"SK","xttx":"http://www.dota2.com.cn/images/heroes/sand_king_full.png","dttx":"http://www.dota2.com.cn/images/heroes/sand_king_vert.jpg","gjlx":"近战","yxlx":"力量","yxdw":"先手|控制|爆发","zltb":"http://www.dota2.com.cn/images/info1301/tit_img01.gif","zljc":"16","zlsj":"1.80","mjtb":"http://www.dota2.com.cn/images/info1301/tit_img02.gif","mjjc":"19","mjsj":"2.10","lltb":"http://www.dota2.com.cn/images/info1301/tit_img03.gif","lljc":"18","llsj":"2.60","gjltb":"http://www.dota2.com.cn/images/info1301/tit_img06.gif","csgjl":"25-41","ydsdtb":"http://www.dota2.com.cn/images/info1301/tit_img05.gif","csydsd":"300","hjtb":"http://www.dota2.com.cn/images/info1301/tit_img04.gif","cshj":"2.66","yxbj":"闪烁荒原的沙漠是有知觉的活物，它与自我对话，思考着只有这广阔的沙漠能包容的思想。当它必须要寻找一种和那些有限的存在交流的方式时，它解放了一块它的碎片，填入一块由狡猾的卡尔丁灯神创造的魔法甲壳中。这个存在称它自己为克里瑟历斯，意为\"沙之魂\"，不过世人都称他为沙王。沙王那巨大蛛形生物的外形源自闪烁荒地那些渺小但无处不及的居民，这身形真实地展示了他残忍的天性。沙王无法与赐予他生命的无限沙漠分开，他是这片沙漠的守卫者、战士、使节。","dj":"1|15|25","smz":"492|1184|2058","mfz":"208|536|1030","gjl":"43-59|79-95|125-141","hj":"3|7|13","syfw":"1800/800","gjfw":"128","ddsd":"N/A","jdtj1":"http://www.dota2.com.cn/images/property/add/sand_king.jpg","jdms1":"沙王的加点变化不多，主要有两种就是沙尘暴与腐蚀毒的选择。主升穿刺是毫无疑问的，这套加点选择的是沙王辅升级沙尘暴，在线上压力大的情况下，沙王可以利用沙尘暴做到躲技能压制对手。","jdtj2":null,"jdms2":null,"cmzb":"力量手套*2|治疗药膏*2|净化药水*1|铁树枝干*1","qqzb":"魔棒*1|速度之靴*1|护腕*1","hxzb":"魔杖*1|奥术鞋*1|闪烁匕首*1","hqsz":"阿哈利姆神杖*1|纷争面纱*1|刃甲*1|希瓦的守护*1|黑皇杖*1|恐鳌之心*1","ljt":"http://www.dota2.com.cn/images/property/sand_king.gif","path":"sand_king","zymc":"夜魇","zytb":"http://www.dota2.com.cn/images/heropedia/dire.jpg","yxtp":"http://www.dota2.com.cn/images/others/sand_king_big1.jpg","gjlxxj":"1","yxdwxj":"3|2|1","llsjsmz":"19","llsjsmhf":"0.03","mjsjhj":"1","mjsjgjsd":"1","zlsjmfz":"13","zlsjmfhf":"0.04","sjgjl":"1","pjsh":"51","gjsd":"119|127|169","gjms":"1.43","gjsh":"43-59","gjjl":"128|128|128","wlhj":"2","wlshkx":"13%","mfshkx":"25%","minitb":"http://www.dota2.com.cn/images/heroes/sand_king_icon.png"}],"honorList":[{"id":61,"zwm":"育母蜘蛛","msg":"暂无","createtime":null}],"adapt_zd_list":[{"id":13,"zwm":"陈","ywm":"Chen","jc":"Chen","xttx":"http://www.dota2.com.cn/images/heroes/chen_full.png","dttx":"http://www.dota2.com.cn/images/heroes/chen_vert.jpg","gjlx":"远程","yxlx":"智力","yxdw":"辅助|打野|推进","zltb":"http://www.dota2.com.cn/images/info1301/tit_img01.gif","zljc":"21","zlsj":"2.8","mjtb":"http://www.dota2.com.cn/images/info1301/tit_img02.gif","mjjc":"15","mjsj":"2.1","lltb":"http://www.dota2.com.cn/images/info1301/tit_img03.gif","lljc":"20","llsj":"1.5","gjltb":"http://www.dota2.com.cn/images/info1301/tit_img06.gif","csgjl":"22-32","ydsdtb":"http://www.dota2.com.cn/images/info1301/tit_img05.gif","csydsd":"300","hjtb":"http://www.dota2.com.cn/images/info1301/tit_img04.gif","cshj":"1.1","yxbj":"生于无信仰的哈扎达尔废墟，陈出生的年代正是那些沙漠中的游荡部落苦苦挣扎求生的时期。通过古老的动物奴役手段，陈的同胞们悉心的看护着沙漠中特有的掘地蜥，这是一种发育不良的掘地龙变种，能够将沙熔为集雨的玻璃管道——尽管两年才下一次雨。长期挣扎在饥荒和干旱的边缘，不停和周围的部落争斗，陈的部落做了一个错误的决定，在宿命注定的那一天，他们袭击了一个不该袭击的车队。在接下来的残酷战斗中，陈的部落完全处于下风。他们的袭击对象——全副武装的教会骑士，很快的清理掉了一大波攻击的掘地蜥。随着部落的神龙死去，族人们也接连被杀死。陈挣扎着，忍着刀伤，爬行着，几近死去。失败以后，他跪着准备接受充满羞辱的处决，引颈待戮。仲裁者被陈的勇气所打动，没有处死他。他给陈提供了一个选择：死亡还是转变信仰。陈开始执着的信仰神灵。他加入了教会，通过一次又一次血腥的改造，他逐渐赢得了自己的地位和武装。而现在，出于对改造他人信仰的狂热，力量达到巅峰的他，和他的动物奴役一起，寻找着那些无信仰之人，给予最终的“赏赐”。","dj":"1|15|25","smz":"530|929|1594","mfz":"273|783|1407","gjl":"43-53|82-92|130-140","hj":"1|5|11","syfw":"1800/800","gjfw":"600","ddsd":"1100","jdtj1":"http://www.dota2.com.cn/images/property/add/chen.jpg","jdms1":"如今的chen已经成为dota2中不ban即选的主流英雄，出色的打野能力，线上支援能力，推进能力，chen似乎越来越适合现在gank转推进的dota节奏，主神圣劝化，想要玩好chen不招宝宝怎么行，赎罪和忠诚考验中期可以选择一个主加，两个技能都不错，队内缺少控制留人技能主加e，缺少输出爆发则可以主加忠诚考验。","jdtj2":"","jdms2":"","cmzb":"树之祭祀*1|治疗药膏*1|净化药水*1|守护指环*1|动物信使*1","qqzb":"速度之靴*1|王者之戒*1|恢复头巾*1","hxzb":"奥术鞋*1|梅肯斯姆*1|侦查守卫*1","hqsz":"阿哈利姆神杖*1|弗拉迪米尔的祭品*1|邪恶镰刀*1|死灵书*1|韧鼓*1|幽魂权杖*1","ljt":"http://www.dota2.com.cn/images/property/chen.gif","path":"chen","zymc":"天辉","zytb":"http://www.dota2.com.cn/images/heropedia/radiant.jpg","yxtp":"http://www.dota2.com.cn/images/others/chen_big1.jpg","gjlxxj":"1","yxdwxj":"3|3|2","llsjsmz":"19","llsjsmhf":"0.03","mjsjhj":"1","mjsjgjsd":"1","zlsjmfz":"13","zlsjmfhf":"0.04","sjgjl":"1","pjsh":"48","gjsd":"115|123|165","gjms":"1.48","gjsh":"43-53","gjjl":"600|600|600","wlhj":"1","wlshkx":"6%","mfshkx":"25%","minitb":"http://www.dota2.com.cn/images/heroes/chen_icon.png"},{"id":15,"zwm":"德鲁伊","ywm":"Lone Druid","jc":"LD、熊德、DLY、小德","xttx":"http://www.dota2.com.cn/images/heroes/lone_druid_full.png","dttx":"http://www.dota2.com.cn/images/heroes/lone_druid_vert.jpg","gjlx":"远程","yxlx":"敏捷","yxdw":"核心|耐久|推进|打野","zltb":"http://www.dota2.com.cn/images/info1301/tit_img01.gif","zljc":"13","zlsj":"1.4","mjtb":"http://www.dota2.com.cn/images/info1301/tit_img02.gif","mjjc":"24","mjsj":"2.7","lltb":"http://www.dota2.com.cn/images/info1301/tit_img03.gif","lljc":"17","llsj":"2.1","gjltb":"http://www.dota2.com.cn/images/info1301/tit_img06.gif","csgjl":"22-26","ydsdtb":"http://www.dota2.com.cn/images/info1301/tit_img05.gif","csydsd":"325","hjtb":"http://www.dota2.com.cn/images/info1301/tit_img04.gif","cshj":"3.36","yxbj":"早在有史可考的年代之前，德鲁伊巨熊部落就已经形成了。他们天生就是智者，专注于探索和理解自然秩序。自然之力注意到了他们，并找到了他们中最有学识的一位，睿智的老悉拉，巨熊部落的先知和仲裁者，脱颖而出。它走到悉拉面前，将生命之种交给了他，并且告诉他：“当世界变得昏暗，当文明不再繁荣，当荒漠延伸到世界的尽头，那就种下这粒种子。”获得了自然之力的信任以后，悉拉感到自己的活力又回来了，岁月的痕迹也消失无踪，他原本渊博的学识更加广袤。同时，他发现自己能够将自己的意愿变成现实，甚至，在专注的情况下，能够改变自己的物质形态。然而，关于生命之种的谣言却给他的部落和人民带来了灾难，恐怖的战争席卷了整个部落，将其毁于一旦。家园被毁，悉拉带着自己的责任，逃到了荒野。随着时间的流逝，巨熊部落以及生命之种的故事已经在岁月长河中被人遗忘。几万年来，悉拉一直在等待，等待神谕，等待永世争斗的结束，等待他流浪宿命的终结，等待他神圣使命的实现，同时准备着消灭那些敢于阻挠他的事物。","dj":"1|15|25","smz":"473|1032|1811","mfz":"169|424|866","gjl":"46-50|84-88|131-135","hj":"3|9|15","syfw":"1800/1000","gjfw":"550","ddsd":"900","jdtj1":"http://www.dota2.com.cn/images/property/add/lone_druid.jpg","jdms1":"德鲁伊是一名敏捷型英雄，强大push推进能力，后期无与伦比的输出能力，德鲁伊一度被授予Dota第一后期的头衔。这是大多数德鲁伊的主流加点。熊灵是德鲁伊最好的伙伴，熟练对熊灵的使用是用好德鲁伊的关键。","jdtj2":"","jdms2":"","cmzb":"铁树枝干*3|树之祭祀*1|守护指环*1","qqzb":"魔棒*1|速度之靴*1","hxzb":"魔杖*1|静谧之鞋*1","hqsz":"狂战斧*1|幻影斧*1|深渊之刃*1|蝴蝶*1|恐鳌之心*1|弗拉迪米尔的祭品*1|","ljt":"http://www.dota2.com.cn/images/property/lone_druid.gif","path":"lone_druid","zymc":"天辉","zytb":"http://www.dota2.com.cn/images/heropedia/radiant.jpg","yxtp":"http://www.dota2.com.cn/images/others/lone_druid_big1.jpg","gjlxxj":"1","yxdwxj":"2|2|2|1","llsjsmz":"19","llsjsmhf":"0.03","mjsjhj":"1","mjsjgjsd":"1","zlsjmfz":"13","zlsjmfhf":"0.04","sjgjl":"1","pjsh":"48","gjsd":"124|135|189","gjms":"1.37","gjsh":"46-50","gjjl":"550|550|550","wlhj":"3","wlshkx":"16%","mfshkx":"25%","minitb":"http://www.dota2.com.cn/images/heroes/lone_druid_icon.png"},{"id":90,"zwm":"先知","ywm":"Natures Prophet","jc":"FUR","xttx":"http://www.dota2.com.cn/images/heroes/furion_full.png","dttx":"http://www.dota2.com.cn/images/heroes/furion_vert.jpg","gjlx":"远程","yxlx":"智力","yxdw":"打野|推进|核心|逃生","zltb":"http://www.dota2.com.cn/images/info1301/tit_img01.gif","zljc":"21","zlsj":"2.9","mjtb":"http://www.dota2.com.cn/images/info1301/tit_img02.gif","mjjc":"18","mjsj":"1.9","lltb":"http://www.dota2.com.cn/images/info1301/tit_img03.gif","lljc":"19","llsj":"1.8","gjltb":"http://www.dota2.com.cn/images/info1301/tit_img06.gif","csgjl":"24-38","ydsdtb":"http://www.dota2.com.cn/images/info1301/tit_img05.gif","csydsd":"295","hjtb":"http://www.dota2.com.cn/images/info1301/tit_img04.gif","cshj":"3.52","yxbj":"在种子里埋入盘起的灵魂，从岩石深处引出缠绕的水流，起誓阳光会普照这生长的一切，当树木之神维萝迪希娅完成这一系列森林的创造后，她意识到自己的生命也到达终点，如一片命运已被她印在种子中的树叶一样飘落，无法看见自己的梦想结果。嫩芽尚未破土，即使破土，脆弱的嫩芽也很容易受到各种伤害，而她却即将辞世，无能为力，这让她无比痛心。然而她在种子袋中发现了一颗播种时漏掉的种子，在弥留之际，她将力量化作一字箴言，寄于此种，然后将其服下。在漫长的冬天，她巨大的身体逐渐分解，化为了幼苗来年春天的肥料。在春分的早晨，当其它种子还没有苏醒时，最后那颗种子在一瞬间成熟然后爆裂了。从中走出了自然的先知，他身披树叶，强壮且智慧，拥有树木之神维萝迪希娅的力量，能预见到森林最需要他的地方，同时他也很清楚，能作为他的盟友，是天赐的幸运。","dj":"1|15|25","smz":"511|990|1712","mfz":"273|801|1438","gjl":"45-59|86-100|135-149","hj":"4|7|13","syfw":"1800/800","gjfw":"600","ddsd":"1125","jdtj1":"http://www.dota2.com.cn/images/property/add/natures_prophet.jpg","jdms1":"先知是一个加点非常灵活的英雄，选择加点的不同扮演的角色也不相同，这套加点完美体现除了先知机动性高的特点。两级发芽长达3.75秒的控制时间已经足够，主传送，CD时间的简短，让先知可以随时进行支援，gank，中期补满树人开始带线推塔。这样加点的先知线上能力很强，支援能力，gank能力都非常强大。不过由于当前版本选先知大多需要初期参与推进，所以这种打法的出现频率较低。","jdtj2":"","jdms2":"","cmzb":"守护指环*1|净化药水*3|树之祭祀*3","qqzb":"魔棒*1|速度之靴*1|王者之戒*1","hxzb":"魔杖*1|动力鞋*1|邪恶镰刀*1","hqsz":"迈达斯之手*1|阿哈利姆神杖*1|紫怨*1|黯灭*1|死灵书*1|代达罗斯之殇*1","ljt":"http://www.dota2.com.cn/images/property/furion.gif","path":"natures_prophet","zymc":"天辉","zytb":"http://www.dota2.com.cn/images/heropedia/radiant.jpg","yxtp":"http://www.dota2.com.cn/images/others/furion_big1.jpg","gjlxxj":"1","yxdwxj":"2|2|1|1","llsjsmz":"19","llsjsmhf":"0.03","mjsjhj":"1","mjsjgjsd":"1","zlsjmfz":"13","zlsjmfhf":"0.04","sjgjl":"1","pjsh":"52","gjsd":"118|126|164","gjms":"1.44","gjsh":"45-59","gjjl":"600|600|600","wlhj":"3","wlshkx":"17%","mfshkx":"25%","minitb":"http://www.dota2.com.cn/images/heroes/furion_icon.png"},{"id":93,"zwm":"修补匠","ywm":"Tinker","jc":"TK","xttx":"http://www.dota2.com.cn/images/heroes/tinker_full.png","dttx":"http://www.dota2.com.cn/images/heroes/tinker_vert.jpg","gjlx":"远程","yxlx":"智力","yxdw":"爆发|推进","zltb":"http://www.dota2.com.cn/images/info1301/tit_img01.gif","zljc":"27","zlsj":"2.2","mjtb":"http://www.dota2.com.cn/images/info1301/tit_img02.gif","mjjc":"13","mjsj":"1.2","lltb":"http://www.dota2.com.cn/images/info1301/tit_img03.gif","lljc":"17","llsj":"2","gjltb":"http://www.dota2.com.cn/images/info1301/tit_img06.gif","csgjl":"22-28","ydsdtb":"http://www.dota2.com.cn/images/info1301/tit_img05.gif","csydsd":"305","hjtb":"http://www.dota2.com.cn/images/info1301/tit_img04.gif","cshj":"3.82","yxbj":"修补匠鲍什的矮小种族以他们独有的智慧、狡猾以及敌视魔法而闻名。出于自傲，他们完全凭借自己的智慧生存，只通过理性的科学方法来合理利用自然的力量。然而，即使是对魔法如此严令禁止，也给他们带来了很多麻烦，这一点鲍什深有体会。作为曾经的自然法则首席研究员，修补匠鲍什在传说中薄雾缭绕的紫罗兰高原建立了一座地下实验室，在那里领导了大量对自然运作规律的研究。出于对魔法师们给世界带来的伤害的鄙夷，鲍什和他的修补匠助手带着高傲，打开了一扇传送门，门的另一端是一个超越了凡人认知能力的国度，于是他们自食恶果。黑色的薄雾从紫罗兰高原的洞穴内升起，将高原覆盖在不断散发出恐怖声音的永恒黑暗中。机智的鲍什带着他的机关装置逃了出来，成了紫罗兰高原事故中唯一生还的修补匠。","dj":"1|15|25","smz":"473|1005|1765","mfz":"351|751|1297","gjl":"49-55|80-86|122-128","hj":"4|6|11","syfw":"1800/800","gjfw":"500","ddsd":"900","jdtj1":"http://www.dota2.com.cn/images/property/add/tinker.jpg","jdms1":"修补匠是一个中期爆发极高的英雄，这样的加点保证了修补匠拥有最大输出。至于2、3级大招的选择则应根据自身的需求、装备的提升进行调节。修补匠值得注意的是五级加点，五级选择激光可以做到最大单体输出，选择导弹则可以同时攻击两名英雄，技能选择最好还是依据场上形势来判断。最后，应当保证8至9级时的修补匠拥有1级的再装填。","jdtj2":"","jdms2":"","cmzb":"树之祭祀*3|治疗药膏*1|智力斗篷*1|铁树枝干*2","qqzb":"魔棒*1|速度之靴*1|护腕*1|魔瓶*1","hxzb":"魔杖*1|远行鞋*1|灵魂之戒*1","hqsz":"邪恶镰刀*1|希瓦的守护*1|Eul的神圣法杖*1|原力法杖*1|闪烁匕首*1|达贡之神力*1","ljt":"http://www.dota2.com.cn/images/property/tinker.gif","path":"tinker","zymc":"天辉","zytb":"http://www.dota2.com.cn/images/heropedia/radiant.jpg","yxtp":"http://www.dota2.com.cn/images/others/tinker_big1.jpg","gjlxxj":"1","yxdwxj":"3|1","llsjsmz":"19","llsjsmhf":"0.03","mjsjhj":"1","mjsjgjsd":"1","zlsjmfz":"13","zlsjmfhf":"0.04","sjgjl":"1","pjsh":"52","gjsd":"113|118|142","gjms":"1.5","gjsh":"49-55","gjjl":"500|500|500","wlhj":"3","wlshkx":"18%","mfshkx":"25%","minitb":"http://www.dota2.com.cn/images/heroes/tinker_icon.png"}],"hqszList":[{"goods":{"id":98,"bigtype":"升级物品","type":"防具","wpmc":"黑皇杖","wppz":"4","wptp":"http://www.dota2.com.cn/images/items/black_king_bar_lg.png","jgtb":"http://www.dota2.com.cn/images/info1301/tit_img07.gif","jg":"3975","wpjs":"渗透了巨人之力的强大法杖。","wpzyms":"","wpsyff":"主动：天神下凡-魔法免疫。持续时间和冷却时间每用一次都会降低。黑皇杖会使某些大招失效。","wpxg":"+ <span class=\"color_yellow\">10</span> 力量<br/>+ <span class=\"color_yellow\">24</span> 攻击力<br/>持续时间：<span class=\"color_yellow\">10/9/8/7/6/5/4</span>","lqsjtb":"http://www.dota2.com.cn/images/info1301/ico2.gif","lqsj":"80","mfxhtb":"","mfxh":"","qzwptb":null,"wpzyms2":"不能出售。<br>使用黑皇杖可以会使部分有益状态消失。","item_en":"black_king_bar"},"count":1},{"goods":{"id":69,"bigtype":"升级物品","type":"辅助","wpmc":"弗拉迪米尔的祭品","wppz":"3","wptp":"http://www.dota2.com.cn/images/items/vladmir_lg.png","jgtb":"http://www.dota2.com.cn/images/info1301/tit_img07.gif","jg":"2050","wpjs":"被死去的吸血鬼怨念诅咒的面具。","wpzyms":"多个光环效果不能叠加。","wpsyff":"被动：迅捷光环-为附近友军提供攻击速度和移动速度加成。<br/>被动：弗拉迪米尔光环-为附近的友军提供多种加成。吸血光环效果只作用于近战单位。","wpxg":"光环吸血百分比：<span class=\"color_yellow\">16%</span><br/>光环额外伤害：<span class=\"color_yellow\">15%</span><br/>光环增益护甲：<span class=\"color_yellow\">5</span><br/>光环增益回魔：<span class=\"color_yellow\">0.8</span><br/>+ <span class=\"color_yellow\">2</span> 生命恢复速率","lqsjtb":"","lqsj":"","mfxhtb":"","mfxh":"","qzwptb":"","wpzyms2":"王者之戒，天鹰之戒和弗拉迪米尔的祭品拥有的护甲光环互不叠加。","item_en":"vladmir"},"count":1},{"goods":{"id":91,"bigtype":"升级物品","type":"武器","wpmc":"蝴蝶","wppz":"4","wptp":"http://www.dota2.com.cn/images/items/butterfly_lg.png","jgtb":"http://www.dota2.com.cn/images/info1301/tit_img07.gif","jg":"5875","wpjs":"只有最强大最老练的战士才能携带蝴蝶，但它也提供无可比拟的战斗灵活力作为回报。","wpzyms":"","wpsyff":"","wpxg":"+ <span class=\"color_yellow\">30</span> 敏捷<br/>+ <span class=\"color_yellow\">30</span> 攻击力<br/>+ <span class=\"color_yellow\">35%</span> 闪避概率<br/>+ <span class=\"color_yellow\">30</span> 攻击速度","lqsjtb":"","lqsj":"","mfxhtb":"","mfxh":"","qzwptb":null,"wpzyms2":"能与其他闪避效果叠加。","item_en":"butterfly"},"count":1},{"goods":{"id":89,"bigtype":"升级物品","type":"武器","wpmc":"金箍棒","wppz":"4","wptp":"http://www.dota2.com.cn/images/items/monkey_king_bar_lg.png","jgtb":"http://www.dota2.com.cn/images/info1301/tit_img07.gif","jg":"5400","wpjs":"一位大师级战士使用的强力棍棒。","wpzyms":"","wpsyff":"被动：猛击-攻击有一定概率猛击敌人，造成额外伤害并打断持续施法。<br>被动：克敌机先-攻击不会落空。","wpxg":"+ <span class=\"color_yellow\">88</span> 攻击力<br/>+ <span class=\"color_yellow\">15</span> 攻击速度<br/>猛击概率：<span class=\"color_yellow\">35%</span><br/>猛击伤害：<span class=\"color_yellow\">100</span>","lqsjtb":"","lqsj":"","mfxhtb":"","mfxh":"","qzwptb":"","wpzyms2":"","item_en":"monkey_king_bar"},"count":1},{"goods":{"id":103,"bigtype":"升级物品","type":"防具","wpmc":"强袭胸甲","wppz":"4","wptp":"http://www.dota2.com.cn/images/items/assault_lg.png","jgtb":"http://www.dota2.com.cn/images/info1301/tit_img07.gif","jg":"5250","wpjs":"在幽冥地带的深渊锻造，这件地狱盔甲提高整支军队的护甲和攻击速度。","wpzyms":"多个强袭光环的效果不会叠加。","wpsyff":"被动：强袭光环 - 提升附近友军单位的攻击速度和护甲，削弱附近敌军的护甲。","wpxg":"+ <span class=\"color_yellow\">35</span> 攻击速度<br/>+ <span class=\"color_yellow\">10</span> 护甲<br/>光环提升攻击速度：<span class=\"color_yellow\">20</span><br/>光环提升护甲：<span class=\"color_yellow\">5</span><br/>护甲削弱：<span class=\"color_yellow\">5</span>","lqsjtb":"","lqsj":"","mfxhtb":"","mfxh":"","qzwptb":"","wpzyms2":"强袭护甲光环可以和其他类型护甲光环（王者之戒、天鹰之戒、弗拉迪米尔的祭品）叠加。","item_en":"assault"},"count":1},{"goods":{"id":88,"bigtype":"升级物品","type":"武器","wpmc":"辉耀","wppz":"4","wptp":"http://www.dota2.com.cn/images/items/radiance_lg.png","jgtb":"http://www.dota2.com.cn/images/info1301/tit_img07.gif","jg":"5075","wpjs":"一把拥有耀眼光芒灼烧效果的神圣武器，能让敌人化为灰烬。","wpzyms":"","wpsyff":"主动：点击以开启或关闭辉耀灼烧。<br/>被动：辉耀灼烧-每秒对700范围内敌军造成伤害。","wpxg":"+ <span class=\"color_yellow\">65</span> 攻击力<br/>灼烧伤害：<span class=\"color_yellow\">50</span>","lqsjtb":"","lqsj":"","mfxhtb":"","mfxh":"","qzwptb":null,"wpzyms2":"","item_en":"radiance"},"count":1}],"hxzbList":[{"goods":{"id":55,"bigtype":"升级物品","type":"普通","wpmc":"动力鞋","wppz":"2","wptp":"http://www.dota2.com.cn/images/items/power_treads_lg.png","jgtb":"http://www.dota2.com.cn/images/info1301/tit_img07.gif","jg":"1400","wpjs":"一双厚实的皮靴，能根据穿着者的需求切换属性。","wpzyms":"移动速度加成效果不与其他鞋类物品叠加。","wpsyff":"主动：属性切换-将附加属性在力量，敏捷以及智力三者间切换。","wpxg":"+ <span class=\"color_yellow\">50</span> 移动速度<br/>+ <span class=\"color_yellow\">8</span> 所选属性<br/>+ <span class=\"color_yellow\">25</span> 攻击速度","lqsjtb":"","lqsj":"","mfxhtb":"","mfxh":"","qzwptb":null,"wpzyms2":"","item_en":"power_treads"},"count":1},{"goods":{"id":79,"bigtype":"升级物品","type":"法器","wpmc":"紫怨","wppz":"3","wptp":"http://www.dota2.com.cn/images/items/orchid_lg.png","jgtb":"http://www.dota2.com.cn/images/info1301/tit_img07.gif","jg":"5025","wpjs":"一颗诞自火焰恶魔精华的榴石。","wpzyms":"","wpsyff":"主动：灵魂燃烧-沉默目标单位5.0秒，并使他受到的伤害提高30.0%。","wpxg":"+ <span class=\"color_yellow\">25</span> 智力<br/>+ <span class=\"color_yellow\">30</span> 攻击速度<br/>+ <span class=\"color_yellow\">30</span> 攻击力<br/>+ <span class=\"color_yellow\">150%</span> 魔法恢复","lqsjtb":"http://www.dota2.com.cn/images/info1301/ico2.gif","lqsj":"18","mfxhtb":"http://www.dota2.com.cn/images/info1301/ico1.gif","mfxh":"100","qzwptb":"","wpzyms2":"伤害加深效果在持续时间结束时以魔法伤害结算。","item_en":"orchid"},"count":1}],"adapt_kz_list":[{"id":40,"zwm":"克林克兹","ywm":"clinkz","jc":"骨弓","xttx":"http://www.dota2.com.cn/images/heroes/clinkz_full.png","dttx":"http://www.dota2.com.cn/images/heroes/clinkz_vert.jpg","gjlx":"远程","yxlx":"敏捷","yxdw":"辅助|爆发|先手|推进","zltb":"http://www.dota2.com.cn/images/info1301/tit_img01.gif","zljc":"16","zlsj":"1.55","mjtb":"http://www.dota2.com.cn/images/info1301/tit_img02.gif","mjjc":"22","mjsj":"3","lltb":"http://www.dota2.com.cn/images/info1301/tit_img03.gif","lljc":"15","llsj":"1.6","gjltb":"http://www.dota2.com.cn/images/info1301/tit_img06.gif","csgjl":"15-21","ydsdtb":"http://www.dota2.com.cn/images/info1301/tit_img05.gif","csydsd":"300","hjtb":"http://www.dota2.com.cn/images/info1301/tit_img04.gif","cshj":"2.08","yxbj":"在流血丘陵的底部，蔓延着一片庞大的森林——霍文林地，在那里，有着数个幽暗的湖泊，汇集着丘陵上渗透下来的死血。萨瑟雷克斯，王之魔法师，用他的仁慈统治着这片土地。他手下最为忠心的，霍文林地的誓约守护者，克林克兹，是一名技艺精湛的弓箭手。在王之魔法师统治的第三百年，来自第六狱的恶魔莫拉格斯出现了，声称要占领这片森林。作为反击，王之魔法师降下了一个牢不可破的咒语：任何打败恶魔的人，都能获得无尽的生命。克林克兹在对咒语一无所知的情况下，毅然加入到了对莫拉格斯的战斗中，保护他的土地免遭恶魔的屠戮。逐渐的，克林克兹将莫拉格斯驱逐到了第六狱的传送门前，在那里与其进行了殊死的决斗。双双重伤的情况下，恶魔竭尽生命之力放出了地狱之火，而克林克兹也射出了自己的最后一箭。在箭矢射中恶魔并将其杀死的同时，地狱之火也在大地上蔓延开来，眼看克林克兹就要被活活烧死。然而，就在弓箭手燃烧的时候，王之魔法师的咒语生效了，让他以这种邪恶的形态活了下来。现在，克林克兹肉体已失，生命被禁锢在死亡的契约之中，只留下灼热的骷髅和无尽的怒气。他永不停止的呼吸中，充斥着地狱的灼热。","dj":"1|15|25","smz":"435|861|1545","mfz":"208|490|952","gjl":"37-43|79-85|129-135","hj":"2|8|15","syfw":"1800/800","gjfw":"630","ddsd":"900","jdtj1":"http://www.dota2.com.cn/images/property/add/clinkz.jpg","jdms1":"骷髅射手是一名敏捷型中后期英雄，骷髅射手的加点没有太多变化，前期主火箭，线上压人加补刀，自带的50点攻击力还是很客观的。前期扫射只点一级就足够了，今早的将疾风步升高，提高自身机动性。杀人，或者团战时，记住提前吃个野怪增加血量和攻击力。","jdtj2":null,"jdms2":null,"cmzb":"治疗药膏*1|树之祭祀*1|敏捷便鞋*1|铁树枝干*3|","qqzb":"速度之靴*1|天鹰之戒*1|魔杖*1|空明杖*1","hxzb":"动力鞋*1|紫怨*1|金箍棒*1|","hqsz":"代达罗斯之殇*1|蝴蝶*1|斯嘉蒂之眼*1|邪恶镰刀*1|黑皇杖*1|","ljt":"http://www.dota2.com.cn/images/property/clinkz.gif","path":"clinkz","zymc":"夜魇","zytb":"http://www.dota2.com.cn/images/heropedia/dire.jpg","yxtp":"http://www.dota2.com.cn/images/others/clinkz_big1.jpg","gjlxxj":"1","yxdwxj":"2|2","llsjsmz":"19","llsjsmhf":"0.03","mjsjhj":"1","mjsjgjsd":"1","zlsjmfz":"13","zlsjmfhf":"0.04","sjgjl":"1","pjsh":"40","gjsd":"122|134|194","gjms":"1.39","gjsh":"37-43","gjjl":"630|630|630","wlhj":"2","wlshkx":"11%","mfshkx":"25%","minitb":"http://www.dota2.com.cn/images/heroes/clinkz_icon.png"},{"id":46,"zwm":"狼人","ywm":"Lycan","jc":"Lyc","xttx":"http://www.dota2.com.cn/images/heroes/lycan_full.png","dttx":"http://www.dota2.com.cn/images/heroes/lycan_vert.jpg","gjlx":"近战","yxlx":"力量","yxdw":"核心|打野|推进|耐久","zltb":"http://www.dota2.com.cn/images/info1301/tit_img01.gif","zljc":"17","zlsj":"1.55","mjtb":"http://www.dota2.com.cn/images/info1301/tit_img02.gif","mjjc":"16","mjsj":"1.90","lltb":"http://www.dota2.com.cn/images/info1301/tit_img03.gif","lljc":"22","llsj":"3.0","gjltb":"http://www.dota2.com.cn/images/info1301/tit_img06.gif","csgjl":"36-41","ydsdtb":"http://www.dota2.com.cn/images/info1301/tit_img05.gif","csydsd":"305","hjtb":"http://www.dota2.com.cn/images/info1301/tit_img04.gif","cshj":"3.24","yxbj":"贝恩霍勒出生在高贵的安布里家族——古老的斯洛姆王国中最伟大的贵族。在凋零之秋以前，国王的欲望愈发的奇怪，朝廷也逐渐被法师和江湖术士占领，而安布里家族则第一个起来反对王权的贪得无厌。他们不再对国王效忠，不再对国家纳贡，而是派出了一支六千人的军队去进攻王城，结果，在史称\"变节者之殇\"的大屠杀中，这些人被尽数除掉。接下来发生的就完全印证了古语中常说的：打蛇打七寸，擒贼先擒王：叛变将国王激怒了，他将安布里家族的家主和其幼子贝恩霍勒抓住，然后将所有安布里家族的人杀得一干二净。在皇家法庭的审判中，国王命令他的法师将安布里领主的幼子施法变成狼，然后咬断他父亲的喉咙。\"动手！\"国王下令，\"这样他也能尝尝被人背叛的滋味！\"强大的魔法被施放到了贝恩霍勒身上，这个孩子当时就变成了狼。然而，尽管躯体转变，他的心智尚存，他将看守撕成了碎片。为了将这只猛兽赶走，国王付出了一队骑士的生命。安布里领主在加锁中大笑着，甚至当国王将剑刺入其身体后仍狂笑不止。现在，安布里家族唯一的子嗣，贝恩霍勒，以狼人的形态游荡着，半狼半人，追寻着，他所失去的公义。","dj":"1|15|25","smz":"568|1366|2316","mfz":"221|503|965","gjl":"58-63|100-105|150-155","hj":"3|7|12","syfw":"1800/800","gjfw":"128","ddsd":"N/A","jdtj1":"http://www.dota2.com.cn/images/property/add/lycanthrope.jpg","jdms1":"这是比较主流的一套狼人加点，在没有改版之前100个狼人中有99个会选择如此加点，前期混野区，无论经验还是金钱都不会比线上来的差，狼人线上能力不强，前期在没有装备和大招的情况下，狼人很难再团战中起到作用，反而移动速度超快的召唤狼会成为将有们的噩梦。","jdtj2":null,"jdms2":null,"cmzb":"治疗药膏*1|树之祭祀*1|压制之刃*1|守护指环*1","qqzb":"速度之靴*1|弗拉迪米尔的祭品*1","hxzb":"动力鞋*1|黑皇杖*1|勇气勋章*1","hqsz":"强袭胸甲*1|黯灭*1|死灵书*1|天堂之戟*1|恐鳌之心*1|深渊之刃*1","ljt":"http://www.dota2.com.cn/images/property/lycan.gif","path":"lycan","zymc":"夜魇","zytb":"http://www.dota2.com.cn/images/heropedia/dire.jpg","yxtp":"http://www.dota2.com.cn/images/others/lycan_big1.jpg","gjlxxj":"1","yxdwxj":"2|2|2|1","llsjsmz":"19","llsjsmhf":"0.03","mjsjhj":"1","mjsjgjsd":"1","zlsjmfz":"13","zlsjmfhf":"0.04","sjgjl":"1","pjsh":"60","gjsd":"116|124|162","gjms":"1.47","gjsh":"58-63","gjjl":"128|128|128","wlhj":"3","wlshkx":"16%","mfshkx":"25%","minitb":"http://www.dota2.com.cn/images/heroes/lycan_icon.png"},{"id":92,"zwm":"熊战士","ywm":"Ursa","jc":"拍拍熊","xttx":"http://www.dota2.com.cn/images/heroes/ursa_full.png","dttx":"http://www.dota2.com.cn/images/heroes/ursa_vert.jpg","gjlx":"近战","yxlx":"敏捷","yxdw":"核心|打野|耐久","zltb":"http://www.dota2.com.cn/images/info1301/tit_img01.gif","zljc":"16","zlsj":"1.5","mjtb":"http://www.dota2.com.cn/images/info1301/tit_img02.gif","mjjc":"18","mjsj":"2.1","lltb":"http://www.dota2.com.cn/images/info1301/tit_img03.gif","lljc":"23","llsj":"2.7","gjltb":"http://www.dota2.com.cn/images/info1301/tit_img06.gif","csgjl":"27-31","ydsdtb":"http://www.dota2.com.cn/images/info1301/tit_img05.gif","csydsd":"310","hjtb":"http://www.dota2.com.cn/images/info1301/tit_img04.gif","cshj":"5.52","yxbj":"战士乌尔萨是熊怪部落最强大的一员，保护着他的家园和人民。在漫长的冬季，当女性族人在睡觉和照料后代时，男性则外出巡逻，他们不知疲倦、保持警惕，按自古以来的传统守卫着部落。乌尔萨听见一些模糊但在增加的传言说有一股邪恶势力正在扩散，他便跑出了这个野性部族的边界线，希望追踪到这个邪恶势力并在它能危害到他的人民之前，就将其在源头摧毁。自豪的乌尔萨有着光明且强大的灵魂，他是个绝对值得信任的忠实战友和守卫者。","dj":"1|15|25","smz":"587|1305|2198","mfz":"208|481|936","gjl":"45-49|74-78|115-119","hj":"6|10|15","syfw":"1800/800","gjfw":"128","ddsd":"N/A","jdtj1":"http://www.dota2.com.cn/images/property/add/ursa.jpg","jdms1":"熊战士真没有什么非主流加点，前期唯一的加点出入可能就是在学震撼大地的等级上，有人喜欢后面补，有人喜欢前期学。主要还是根据个人习惯，以及阵容搭配，在控制多的情况下，熊战士可以晚点学习震撼大地。","jdtj2":null,"jdms2":null,"cmzb":"树之祭祀*2|治疗药膏*1|铁树枝干*1|圆盾*1","qqzb":"速度之靴*1|魔棒*1|王者之戒*1","hxzb":"相位鞋*1|魔杖*1|弗拉迪米尔的祭品*1|闪烁匕首*1","hqsz":"蝴蝶*1|黯灭*1|强袭胸甲*1|金箍棒*1|代达罗斯之殇*1|恐鳌之心*1","ljt":"http://www.dota2.com.cn/images/property/ursa.gif","path":"ursa","zymc":"天辉","zytb":"http://www.dota2.com.cn/images/heropedia/radiant.jpg","yxtp":"http://www.dota2.com.cn/images/others/ursa_big1.jpg","gjlxxj":"1","yxdwxj":"2|2|1","llsjsmz":"19","llsjsmhf":"0.03","mjsjhj":"1","mjsjgjsd":"1","zlsjmfz":"13","zlsjmfhf":"0.04","sjgjl":"1","pjsh":"47","gjsd":"118|126|168","gjms":"1.44","gjsh":"45-49","gjjl":"128|128|128","wlhj":"5","wlshkx":"24%","mfshkx":"25%","minitb":"http://www.dota2.com.cn/images/heroes/ursa_icon.png"},{"id":41,"zwm":"冥魂大帝","ywm":"Wraith King","jc":"SNK、骷髅王","xttx":"http://www.dota2.com.cn/images/heroes/skeleton_king_full.png","dttx":"http://www.dota2.com.cn/images/heroes/skeleton_king_vert.jpg","gjlx":"近战","yxlx":"力量","yxdw":"耐久|核心|控制","zltb":"http://www.dota2.com.cn/images/info1301/tit_img01.gif","zljc":"18","zlsj":"1.60","mjtb":"http://www.dota2.com.cn/images/info1301/tit_img02.gif","mjjc":"18","mjsj":"1.70","lltb":"http://www.dota2.com.cn/images/info1301/tit_img03.gif","lljc":"22","llsj":"2.90","gjltb":"http://www.dota2.com.cn/images/info1301/tit_img06.gif","csgjl":"39-41","ydsdtb":"http://www.dota2.com.cn/images/info1301/tit_img05.gif","csydsd":"300","hjtb":"http://www.dota2.com.cn/images/info1301/tit_img04.gif","cshj":"2.52","yxbj":"奥斯塔里昂大帝那建造在敌人骸骨上的庞大帝国已经屹立了无数个年头了，他对自己的统治有着无尽的狂热，希望自己的集权统治能够永生不灭。他坚信，只要自己宫殿里的的白骨高塔建成，他就将万古不朽。然后他最终还是意识到自己这一想法的荒谬...白骨也会腐坏。出于对血肉之躯的不屑，他找到了一个更为长久的办法来维持自己的统治，冥魂之力，一种在某些黑暗生物死亡时释放出的纯粹的精神力量。出于国王的骄傲，在计划将冥魂精华灌入自己体内时，他认为最好自己也能拥有一副光耀不灭的躯体。在千年一遇的至日，冥魂之夜那一天，他启动了仪式，命令他的手下收集足够多的灵魂来完成他自己的不朽。王上终不朽，将士万骨枯。现在，冥魂大帝已不再迷恋他那闪光的王座——他拔出自己的巨剑外出征伐，被他征服的人，要献上自己无惧死亡的绝对忠诚。","dj":"1|15|25","smz":"568|1339|2270","mfz":"234|525|993","gjl":"61-63|102-104|151-153","hj":"3|6|11","syfw":"1800/800","gjfw":"128","ddsd":"N/A","jdtj1":"http://www.dota2.com.cn/images/property/add/skeleton_king.jpg","jdms1":"这是一种比较常见的骷髅王加点，骷髅是个弱智英雄，前期蓝量只够仍一次锤子，所以前期加黄点对骷髅的性价比非常高。","jdtj2":null,"jdms2":null,"cmzb":"树之祭祀*1|治疗药膏*1|净化药水*1|铁树枝干*2|压制之刃*1","qqzb":"魔棒*1|速度之靴*1|铁意头盔*1","hxzb":"魔杖*1|动力鞋*1|莫尔迪基安的臂章*1","hqsz":"黯灭*1|黑皇杖*1|强袭胸甲*1|深渊之刃*1|恐鳌之心*1|天堂之戟*1","ljt":"http://www.dota2.com.cn/images/property/skeleton_king.gif","path":"wraith_king","zymc":"夜魇","zytb":"http://www.dota2.com.cn/images/heropedia/dire.jpg","yxtp":"http://www.dota2.com.cn/images/others/skeleton_king_big1.jpg","gjlxxj":"1","yxdwxj":"3|2|2","llsjsmz":"19","llsjsmhf":"0.03","mjsjhj":"1","mjsjgjsd":"1","zlsjmfz":"13","zlsjmfhf":"0.04","sjgjl":"1","pjsh":"55","gjsd":"118|125|159","gjms":"1.44","gjsh":"54-56","gjjl":"128|128|128","wlhj":"3","wlshkx":"17%","mfshkx":"25%","minitb":"http://www.dota2.com.cn/images/heroes/skeleton_king_icon.png"},{"id":101,"zwm":"主宰","ywm":"Juggernaut","jc":"剑圣","xttx":"http://www.dota2.com.cn/images/heroes/juggernaut_full.png","dttx":"http://www.dota2.com.cn/images/heroes/juggernaut_vert.jpg","gjlx":"近战","yxlx":"敏捷","yxdw":"核心|推进","zltb":"http://www.dota2.com.cn/images/info1301/tit_img01.gif","zljc":"14","zlsj":"1.4","mjtb":"http://www.dota2.com.cn/images/info1301/tit_img02.gif","mjjc":"26","mjsj":"2.4","lltb":"http://www.dota2.com.cn/images/info1301/tit_img03.gif","lljc":"20","llsj":"1.9","gjltb":"http://www.dota2.com.cn/images/info1301/tit_img06.gif","csgjl":"24-28","ydsdtb":"http://www.dota2.com.cn/images/info1301/tit_img05.gif","csydsd":"305","hjtb":"http://www.dota2.com.cn/images/info1301/tit_img04.gif","cshj":"3.8","yxbj":"没有人见过主宰尤涅若面具下的真面目。甚至有人认为他没有脸部。作为公然反抗腐败领主的惩罚，主宰被古老的遮面之岛流放了，这反而救了他的性命。他的岛屿在一个充斥着复仇魔法的夜晚被海浪彻底毁灭了。他成了岛屿上古老主宰传统中礼仪和剑术的唯一传承者。作为这项传统最后的开拓者，尤涅若的自信和勇气来自他坚持不懈的锻炼，他独创的剑术证明他从未停止挑战自我。一如既往的，他的内心和他的表情一样难以理解。对于一位曾两度失去一切的英雄，主宰永远不知疲倦的战斗着，他相信，胜利必将到来。","dj":"1|15|25","smz":"530|1035|1776","mfz":"182|437|879","gjl":"44-48|84-88|132-136","hj":"4|9|16","syfw":"1800/800","gjfw":"128","ddsd":"N/A","jdtj1":"http://www.dota2.com.cn/images/property/add/juggernaut.jpg","jdms1":"主宰是一名敏捷型伪后期英雄，主宰的加点变化不多，剑刃风暴前期超高的AoE伤害相信没有玩家会选择放弃。很多主宰前期可能会选择加黄点，以保证足够的蓝量和血量。建议6级之前至少加一点暴击，无敌斩夹杂的普通攻击会在大招时触发暴击效果。","jdtj2":null,"jdms2":null,"cmzb":"树之祭祀*1|治疗药膏*1|净化药水*1|铁树枝干*1|敏捷便鞋*2","qqzb":"速度之靴*1|穷鬼盾*1|魔棒*1|治疗指环*1","hxzb":"相位鞋*1|魔杖*1|狂战斧*1","hqsz":"散夜对剑*1|蝴蝶*1|黯灭*1|阿哈利姆神杖*1|弗拉迪米尔的祭品*1|黑皇杖*1","ljt":"http://www.dota2.com.cn/images/property/juggernaut.gif","path":"juggernaut","zymc":"天辉","zytb":"http://www.dota2.com.cn/images/heropedia/radiant.jpg","yxtp":"http://www.dota2.com.cn/images/others/juggernaut_big1.jpg","gjlxxj":"1","yxdwxj":"2|1","llsjsmz":"19","llsjsmhf":"0.03","mjsjhj":"1","mjsjgjsd":"1","zlsjmfz":"13","zlsjmfhf":"0.04","sjgjl":"1","pjsh":"46","gjsd":"126|138|195","gjms":"1.33","gjsh":"44-48","gjjl":"128|128|128","wlhj":"3","wlshkx":"18%","mfshkx":"25%","minitb":"http://www.dota2.com.cn/images/heroes/juggernaut_icon.png"},{"id":103,"zwm":"大地之灵","ywm":"Earth Spirit","jc":"土熊猫","xttx":"http://www.dota2.com.cn/images/heroes/earth_spirit_full.png","dttx":"http://www.dota2.com.cn/images/heroes/earth_spirit_vert.jpg","gjlx":"近战","yxlx":"力量","yxdw":"核心|爆发","zltb":"http://www.dota2.com.cn/images/info1301/tit_img01.gif","zljc":"18","zlsj":"2.40","mjtb":"http://www.dota2.com.cn/images/info1301/tit_img02.gif","mjjc":"17","mjsj":"1.50","lltb":"http://www.dota2.com.cn/images/info1301/tit_img03.gif","lljc":"21","llsj":"2.90","gjltb":"http://www.dota2.com.cn/images/info1301/tit_img06.gif","csgjl":"25-35","ydsdtb":"http://www.dota2.com.cn/images/info1301/tit_img05.gif","csydsd":"305","hjtb":"http://www.dota2.com.cn/images/info1301/tit_img04.gif","cshj":"3.38","yxbj":"地底深埋着一支兵马俑，数以万计，兵种齐全。在军队方阵前面的是考林将军的雕像，由神圣的玉石打造而成。这支军队在大地的怀抱中沉睡了上千年后，玉石雕像中大地本身的力量经过不停的流转，不断的汇聚，已经幻化成灵，冲破了玉石的束缚。现在，伟大的大地之灵考林从容地行走在地面之上，召唤着地底的军队，横扫一切敌人。","dj":"1|15|25","smz":"549|1320|2251","mfz":"234|671|1243","gjl":"46-56|87-97|136-146","hj":"3|6|11","syfw":"1800/800","gjfw":"128","ddsd":"N/A","jdtj1":"http://www.dota2.com.cn/images/property/earth_spirit.jpg","jdms1":"由于地磁之握只提升眩晕时间，所以前期主加巨石冲击能给敌人造成较多伤害，之后升级地磁之握提高眩晕效果，有大加大，最后升级巨石翻滚。","jdtj2":null,"jdms2":null,"cmzb":"治疗药膏*1|净化药水*2|铁树枝干*2|圆盾*1","qqzb":"速度之靴*1|魔棒*1|影之灵龛*1","hxzb":"奥术鞋*1|魔杖*1|梅肯斯姆*1","hqsz":"天堂之戟*1|洞察烟斗*1|黑皇杖*1|恐鳌之心*1|希瓦的守护*1","ljt":"http://www.dota2.com.cn/images/property/earth_spirit.gif","path":"earth_spirit","zymc":"天辉","zytb":"http://www.dota2.com.cn/images/heropedia/radiant.jpg","yxtp":"http://www.dota2.com.cn/images/others/earth_spirit_big1.jpg","gjlxxj":"1","yxdwxj":"1|2","llsjsmz":"19","llsjsmhf":"0.03","mjsjhj":"1","mjsjgjsd":"1","zlsjmfz":"13","zlsjmfhf":"0.04","sjgjl":"1","pjsh":"51","gjsd":"117|123|153","gjms":"1.45","gjsh":"46-56","gjjl":"128|128|128","wlhj":"3","wlshkx":"16%","mfshkx":"25%","minitb":"http://www.dota2.com.cn/images/heroes/earth_spirit_icon.png"},{"id":107,"zwm":"恐怖利刃","ywm":"Terrorblade","jc":"TB、魂守","xttx":"http://www.dota2.com.cn/images/heroes/terrorblade_full.png","dttx":"http://www.dota2.com.cn/images/heroes/terrorblade_vert.jpg","gjlx":"近战","yxlx":"敏捷","yxdw":"核心","zltb":"http://www.dota2.com.cn/images/info1301/tit_img01.gif","zljc":"19","zlsj":"1.75","mjtb":"http://www.dota2.com.cn/images/info1301/tit_img02.gif","mjjc":"22","mjsj":"3.2","lltb":"http://www.dota2.com.cn/images/info1301/tit_img03.gif","lljc":"15","llsj":"1.9","gjltb":"http://www.dota2.com.cn/images/info1301/tit_img06.gif","csgjl":"26-32","ydsdtb":"http://www.dota2.com.cn/images/info1301/tit_img05.gif","csydsd":"315","hjtb":"http://www.dota2.com.cn/images/info1301/tit_img04.gif","cshj":"7.08","yxbj":"恐怖利刃是恶魔中的掠夺者——这个无法无天的魔头就连恶魔都惧怕三分。他曾因对恶魔领主动了贼念，无视了所有规范他行为的基本法则，触犯了七度地狱的所有法规。他被好好上了一课：原来还有比地狱更可怕的地方。接下来是短暂又残酷的审问，最终他被打入了荒邪之狱，这是一个隐藏的位面，恶魔们将它们的同类囚禁在这里。荒邪之狱并不是普通的监狱，这是现实的暗黑镜像，恶魔经过判决都到这里来直视他们自身灵魂中的扭曲倒影。然而恐怖利刃不但没有受苦，反而将自身最邪恶的倒影转化成了操控自如的力量，并将他的恐怖全数释放。","dj":"1|15|25","smz":"435|940|1681","mfz":"247|566|1053","gjl":"48-54|93-99|145-151","hj":"7|13|21","syfw":"1800/800","gjfw":"128","ddsd":"900","jdtj1":"","jdms1":"","jdtj2":"","jdms2":"","cmzb":"治疗药膏*1|树之祭祀*1|铁树枝干*1|圆盾*1","qqzb":"速度之靴*1|护腕*1|天鹰之戒*1|食人魔之斧*1","hxzb":"动力鞋*1|韧鼓*1|幻影斧*1","hqsz":"代达罗斯之殇*1|恐鳌之心*1|蝴蝶*1|辉耀*1|黑皇杖*1|斯嘉蒂之眼*1","ljt":"","path":"terrorblade","zymc":"夜魇","zytb":"http://www.dota2.com.cn/images/heropedia/dire.jpg","yxtp":"http://www.dota2.com.cn/images/others/terrorblade_big1.jpg","gjlxxj":"5","yxdwxj":"3","llsjsmz":"19","llsjsmhf":"0.03","mjsjhj":"1","mjsjgjsd":"1","zlsjmfz":"13","zlsjmfhf":"0.04","sjgjl":"1","pjsh":"51","gjsd":"135|183|212","gjms":"1.23","gjsh":"48-53","gjjl":"128|128|128","wlhj":"7","wlshkx":"29%","mfshkx":"25%","minitb":"http://www.dota2.com.cn/images/heroes/terrorblade_icon.png"},{"id":89,"zwm":"巫医","ywm":"Witch Doctor","jc":"WD","xttx":"http://www.dota2.com.cn/images/heroes/witch_doctor_full.png","dttx":"http://www.dota2.com.cn/images/heroes/witch_doctor_vert.jpg","gjlx":"远程","yxlx":"智力","yxdw":"辅助|控制","zltb":"http://www.dota2.com.cn/images/info1301/tit_img01.gif","zljc":"24","zlsj":"2.9","mjtb":"http://www.dota2.com.cn/images/info1301/tit_img02.gif","mjjc":"13","mjsj":"1.4","lltb":"http://www.dota2.com.cn/images/info1301/tit_img03.gif","lljc":"16","llsj":"1.8","gjltb":"http://www.dota2.com.cn/images/info1301/tit_img06.gif","csgjl":"27-37","ydsdtb":"http://www.dota2.com.cn/images/info1301/tit_img05.gif","csydsd":"305","hjtb":"http://www.dota2.com.cn/images/info1301/tit_img04.gif","cshj":"0.82","yxbj":"一个轮廓不匀的瘦长身影迈着怪异的步伐纵横在战场上，寻找着敌人的致命弱点，用他可怕的才能造成严重的伤害。无论他那扭曲的身体是被打断的还是先天的，没有人可以质疑其中的力量。巫医扎瓦克用他的长杖猛击地面前进，他是一个迷信、巫术和咒语的恐怖聚合体。这个身体在阿克图拉岛的高原地带学习了魔法知识并磨练娴熟，现在精确的用在他的敌人身上。治疗友军，践踏敌人，扎瓦克可以成为你的好战友，或者最糟糕的敌人。","dj":"1|15|25","smz":"454|933|1655","mfz":"312|840|1477","gjl":"51-61|92-102|141-151","hj":"1|4|8","syfw":"1800/800","gjfw":"600","ddsd":"1200","jdtj1":"http://www.dota2.com.cn/images/property/add/witch_doctor.jpg","jdms1":"路人局中大多数巫医都会选择如此加点，前中期爆发很高，记得一定要把诅咒用好。","jdtj2":"","jdms2":"","cmzb":"树之祭祀*1|净化药水*2|治疗药膏*1|力量手套*1|动物信使*1","qqzb":"魔棒*1|速度之靴*1|护腕*1|侦查守卫*1","hxzb":"魔杖*1|相位鞋*1|侦查守卫*1","hqsz":"邪恶镰刀*1|黑皇杖*1|希瓦的守护*1|血精石*1|达贡之神力*1|阿哈利姆神杖*1","ljt":"http://www.dota2.com.cn/images/property/witch_doctor.gif","path":"witch_doctor","zymc":"夜魇","zytb":"http://www.dota2.com.cn/images/heropedia/dire.jpg","yxtp":"http://www.dota2.com.cn/images/others/witch_doctor_big1.jpg","gjlxxj":"1","yxdwxj":"2|1","llsjsmz":"19","llsjsmhf":"0.03","mjsjhj":"1","mjsjgjsd":"1","zlsjmfz":"13","zlsjmfhf":"0.04","sjgjl":"1","pjsh":"56","gjsd":"113|119|147","gjms":"1.5","gjsh":"51-61","gjjl":"600|600|600","wlhj":"0","wlshkx":"4%","mfshkx":"25%","minitb":"http://www.dota2.com.cn/images/heroes/witch_doctor_icon.png"}]}