{"hero":{"id":13,"zwm":"陈","ywm":"Chen","jc":"Chen","xttx":"http://www.dota2.com.cn/images/heroes/chen_full.png","dttx":"http://www.dota2.com.cn/images/heroes/chen_vert.jpg","gjlx":"远程","yxlx":"智力","yxdw":"辅助-打野-推进","zltb":"http://www.dota2.com.cn/images/info1301/tit_img01.gif","zljc":"21","zlsj":"2.8","mjtb":"http://www.dota2.com.cn/images/info1301/tit_img02.gif","mjjc":"15","mjsj":"2.1","lltb":"http://www.dota2.com.cn/images/info1301/tit_img03.gif","lljc":"20","llsj":"1.5","gjltb":"http://www.dota2.com.cn/images/info1301/tit_img06.gif","csgjl":"22-32","ydsdtb":"http://www.dota2.com.cn/images/info1301/tit_img05.gif","csydsd":"300","hjtb":"http://www.dota2.com.cn/images/info1301/tit_img04.gif","cshj":"1.1","yxbj":"生于无信仰的哈扎达尔废墟，陈出生的年代正是那些沙漠中的游荡部落苦苦挣扎求生的时期。通过古老的动物奴役手段，陈的同胞们悉心的看护着沙漠中特有的掘地蜥，这是一种发育不良的掘地龙变种，能够将沙熔为集雨的玻璃管道——尽管两年才下一次雨。长期挣扎在饥荒和干旱的边缘，不停和周围的部落争斗，陈的部落做了一个错误的决定，在宿命注定的那一天，他们袭击了一个不该袭击的车队。在接下来的残酷战斗中，陈的部落完全处于下风。他们的袭击对象——全副武装的教会骑士，很快的清理掉了一大波攻击的掘地蜥。随着部落的神龙死去，族人们也接连被杀死。陈挣扎着，忍着刀伤，爬行着，几近死去。失败以后，他跪着准备接受充满羞辱的处决，引颈待戮。仲裁者被陈的勇气所打动，没有处死他。他给陈提供了一个选择：死亡还是转变信仰。陈开始执着的信仰神灵。他加入了教会，通过一次又一次血腥的改造，他逐渐赢得了自己的地位和武装。而现在，出于对改造他人信仰的狂热，力量达到巅峰的他，和他的动物奴役一起，寻找着那些无信仰之人，给予最终的“赏赐”。","dj":"1/15/25","smz":"530/929/1594","mfz":"273/783/1407","gjl":"43-53/82-92/130-140","hj":"1/5/11","syfw":"1800/800","gjfw":"600","ddsd":"1100","jdtj1":"http://www.dota2.com.cn/images/property/add/chen.jpg","jdms1":"如今的chen已经成为dota2中不ban即选的主流英雄，出色的打野能力，线上支援能力，推进能力，chen似乎越来越适合现在gank转推进的dota节奏，主神圣劝化，想要玩好chen不招宝宝怎么行，赎罪和忠诚考验中期可以选择一个主加，两个技能都不错，队内缺少控制留人技能主加e，缺少输出爆发则可以主加忠诚考验。","jdtj2":"","jdms2":"","cmzb":"树之祭祀*1|治疗药膏*1|净化药水*1|守护指环*1|动物信使*1","qqzb":"速度之靴*1|王者之戒*1|恢复头巾*1","hxzb":"奥术鞋*1|梅肯斯姆*1|侦查守卫*1","hqsz":"阿哈利姆神杖*1|弗拉迪米尔的祭品*1|邪恶镰刀*1|死灵书*1|韧鼓*1|幽魂权杖*1","ljt":"http://www.dota2.com.cn/images/property/chen.gif","path":"chen","zymc":"天辉","zytb":"http://www.dota2.com.cn/images/heropedia/radiant.jpg","yxtp":"http://www.dota2.com.cn/images/others/chen_big1.jpg","gjlxxj":"1","yxdwxj":"3-3-2","llsjsmz":"19","llsjsmhf":"0.03","mjsjhj":"1","mjsjgjsd":"1","zlsjmfz":"13","zlsjmfhf":"0.04","sjgjl":"1","pjsh":"48","gjsd":"115/123/165","gjms":"1.48","gjsh":"43-53","gjjl":"600/600/600","wlhj":"1","wlshkx":"6%","mfshkx":"25%","minitb":"http://www.dota2.com.cn/images/heroes/chen_icon.png"},"skillList":[{"id":53,"zwm":"陈","jnmc":"赎罪","jntb":"http://www.dota2.com.cn/images/heroes/abilities/chen_penitence_hp1.png","jnms":"迫使一个敌方单位移动变慢，受到的攻击和技能伤害增加。","mftb":"http://www.dota2.com.cn/style/../images/info1301/ico1.gif","mfxh":"100/100/100/100","lqtb":"http://www.dota2.com.cn/style/../images/info1301/ico2.gif","lqsj":"14/13/12/11","jnxg":"<span class=\"color_white\">技能：</span>单位目标|<span class=\"color_white\">持续时间：</span>5/6/7/8|<span class=\"color_white\">影响：</span>敌方单位|<span class=\"color_white\">移动速度减缓：</span>15/20/25/30%|<span class=\"color_white\">无视技能免疫：</span>否|<span class=\"color_white\">受到伤害加成：</span>14%/18%/22%/26%","jnsp":"http://dota2.dl.wanmei.com/dota2/video/abilities/chen_penitence_running.mp4","spms":"尽管陈控制动物的能力还没有强到可以控制敌方英雄，不过还是可以用来考验他们的战斗意志。","djjd":"2,12,13,14","ewms":""},{"id":54,"zwm":"陈","jnmc":"忠诚考验","jntb":"http://www.dota2.com.cn/images/heroes/abilities/chen_test_of_faith_hp1.png","jnms":"对一个敌方单位造成随机伤害来考验他的忠诚。","mftb":"http://www.dota2.com.cn/style/../images/info1301/ico1.gif","mfxh":"90/100/110/120","lqtb":"http://www.dota2.com.cn/style/../images/info1301/ico2.gif","lqsj":"16","jnxg":"<span class=\"color_white\">技能：</span>单位目标|<span class=\"color_white\">最低伤害：</span>50/100/150/200|<span class=\"color_white\">影响：</span>敌方单位|<span class=\"color_white\">最高伤害：</span>100/200/300/400|<span class=\"color_white\">伤害类型：</span>纯粹|<span class=\"color_white\">无视技能免疫：</span>否","jnsp":"http://dota2.dl.wanmei.com/dota2/video/abilities/chen_test_of_faith.mp4","spms":"教会骑士所掌握的狂热魔法形式，不过大多数其他魔法师都认为没什么用。","djjd":"3,8,9,10","ewms":""},{"id":55,"zwm":"陈","jnmc":"忠诚考验","jntb":"http://www.dota2.com.cn/images/heroes/abilities/chen_test_of_faith_teleport_hp1.png","jnms":"将一个友方单位传送至基地。非英雄单位将被立刻传送，英雄单位将延迟一段时间传送。如果对陈自身施放，所有通过神圣劝化控制的单位都将经过一定延迟后传送至他身边。","mftb":"http://www.dota2.com.cn/style/../images/info1301/ico1.gif","mfxh":"200/200/200/200","lqtb":"http://www.dota2.com.cn/style/../images/info1301/ico2.gif","lqsj":"24","jnxg":"<span class=\"color_white\">技能：</span>单位目标|<span class=\"color_white\">英雄/自身传送延迟：</span>6/5/4/3|<span class=\"color_white\">无视技能免疫：</span>否|<span class=\"color_white\">影响：</span>友方单位","jnsp":"http://dota2.dl.wanmei.com/dota2/video/abilities/chen_test_of_faith_teleport.mp4","spms":"","djjd":"-","ewms":""},{"id":56,"zwm":"陈","jnmc":"神圣劝化","jntb":"http://www.dota2.com.cn/images/heroes/abilities/chen_holy_persuasion_hp1.png","jnms":"控制一个敌方小兵或者中立生物，并提高它的生命值。 可用神杖升级，陈将可以劝化远古生物。可劝化的远古生物数量上限与上帝之手的当前等级相同。","mftb":"http://www.dota2.com.cn/style/../images/info1301/ico1.gif","mfxh":"100/100/100/100","lqtb":"http://www.dota2.com.cn/style/../images/info1301/ico2.gif","lqsj":"30/26/22/18","jnxg":"<span class=\"color_white\">技能：</span>单位目标|<span class=\"color_white\">最多劝化数量：</span>1/2/3/4|<span class=\"color_white\">生命提升：</span>75/150/225/300","jnsp":"http://dota2.dl.wanmei.com/dota2/video/abilities/chen_holy_persuasion_creep.mp4","spms":"尽管他们可能当不了骑士，陈将野兽们吸收入教会，就像他自己当年被改变信仰一样。","djjd":"1,4,5,7","ewms":"装备阿哈利姆神杖后才能对远古中立生物释放本技能。<br>如果达到劝化生物的数量上限后再劝化生物，最早劝化的单位将立即死亡。"},{"id":57,"zwm":"陈","jnmc":"上帝之手","jntb":"http://www.dota2.com.cn/images/heroes/abilities/chen_hand_of_god_hp1.png","jnms":"完全回复受陈控制的所有普通单位的生命，并治疗地图上的所有友军英雄。 可用神杖升级。","mftb":"http://www.dota2.com.cn/style/../images/info1301/ico1.gif","mfxh":"200/300/400","lqtb":"http://www.dota2.com.cn/style/../images/info1301/ico2.gif","lqsj":"160/140/120","jnxg":"<span class=\"color_white\">技能：</span>无目标|<span class=\"color_white\">治疗量：</span>200/300/400|<span class=\"color_white\">无视技能免疫：</span>是|<span class=\"color_green\">神杖升级冷却时间：</span>30|<span class=\"color_green\">神杖升级神圣劝化远古单位数量上限：</span>1/2/3","jnsp":"http://dota2.dl.wanmei.com/dota2/video/abilities/chen_hand_of_god.mp4","spms":"利用他的奴隶与他的精神连接，陈给予他们完全的康复和幸福。","djjd":"6,11,16","ewms":"治疗效果无视魔法免疫。"}],"qqzbList":[{"goods":{"id":39,"bigtype":"基础物品","type":"奥术","wpmc":"速度之靴","wppz":"1","wptp":"http://www.dota2.com.cn/images/items/boots_lg.png","jgtb":"http://www.dota2.com.cn/images/info1301/tit_img07.gif","jg":"450","wpjs":"穿双鞋子，跑的更快。","wpzyms":"移动速度提升效果不与其他鞋子叠加。","wpsyff":"","wpxg":"+ <span class=\"color_yellow\">50</span> 移动速度","lqsjtb":"","lqsj":"","mfxhtb":"","mfxh":"","qzwptb":"","wpzyms2":"","item_en":"boots"},"count":1},{"goods":{"id":60,"bigtype":"升级物品","type":"辅助","wpmc":"王者之戒","wppz":"3","wptp":"http://www.dota2.com.cn/images/items/ring_of_basilius_lg.png","jgtb":"http://www.dota2.com.cn/images/info1301/tit_img07.gif","jg":"500","wpjs":"这枚戒指是最伟大的法师才能获得的嘉奖。","wpzyms":"多个王者光环效果无法叠加。","wpsyff":"被动：王者光环-在900范围内为友军提供魔法恢复和护甲加成<br/>主动：点击以切换护甲加成光环是否对非英雄单位生效。","wpxg":"+ <span class=\"color_yellow\">6</span> 攻击力<br/>光环增益回魔：<span class=\"color_yellow\">0.65</span><br/>光环增益护甲：<span class=\"color_yellow\">2</span><br/>+ <span class=\"color_yellow\">1</span> 护甲","lqsjtb":"","lqsj":"","mfxhtb":"","mfxh":"","qzwptb":"","wpzyms2":"王者之戒，天鹰之戒和弗拉迪米尔的祭品拥有的护甲光环互不叠加。","item_en":"ring_of_basilius"},"count":1},{"goods":{"id":61,"bigtype":"升级物品","type":"辅助","wpmc":"恢复头巾","wppz":"3","wptp":"http://www.dota2.com.cn/images/items/headdress_lg.png","jgtb":"http://www.dota2.com.cn/images/info1301/tit_img07.gif","jg":"603","wpjs":"创造一个镇痛的光环在战斗中为友军恢复生命。","wpzyms":"多个同类恢复光环无法叠加。","wpsyff":"被动：恢复光环-提升750范围内友方单位的生命恢复速率。","wpxg":"+ <span class=\"color_yellow\">2</span> 所有属性<br/>额外生命恢复：<span class=\"color_yellow\">3</span>","lqsjtb":"","lqsj":"","mfxhtb":"","mfxh":"","qzwptb":"","wpzyms2":"","item_en":"headdress"},"count":1}],"cmzbList":[{"goods":{"id":2,"bigtype":"基础物品","type":"消耗品","wpmc":"树之祭祀","wppz":"3","wptp":"http://www.dota2.com.cn/images/items/tango_lg.png","jgtb":"http://www.dota2.com.cn/images/info1301/tit_img07.gif","jg":"125","wpjs":"战场上的救命稻草。","wpzyms":"","wpsyff":"使用：吃树-吃掉一棵树来恢复生命值。可以使用4次。","wpxg":"持续时间：<span class=\"color_yellow\">16</span><br/>生命恢复量：<span class=\"color_yellow\">115</span>","lqsjtb":"","lqsj":"","mfxhtb":"","mfxh":"","qzwptb":"","wpzyms2":"","item_en":"tango"},"count":1},{"goods":{"id":3,"bigtype":"基础物品","type":"消耗品","wpmc":"治疗药膏","wppz":"3","wptp":"http://www.dota2.com.cn/images/items/flask_lg.png","jgtb":"http://www.dota2.com.cn/images/info1301/tit_img07.gif","jg":"115","wpjs":"即使最严重的伤口也能快速治愈的魔法药膏。","wpzyms":"","wpsyff":"使用：恢复 - 持续恢复生命值，受到攻击会驱散效果。","wpxg":"持续时间：<span class=\"color_yellow\">10</span><br/>生命回复量：<span class=\"color_yellow\">400</span>","lqsjtb":"","lqsj":"","mfxhtb":"","mfxh":"","qzwptb":"","wpzyms2":"治疗药膏可以共享。","item_en":"flask"},"count":1},{"goods":{"id":1,"bigtype":"基础物品","type":"消耗品","wpmc":"净化药水","wppz":"3","wptp":"http://www.dota2.com.cn/images/items/clarity_lg.png","jgtb":"http://www.dota2.com.cn/images/info1301/tit_img07.gif","jg":"50","wpjs":"能增强冥想能力的清水。","wpzyms":"","wpsyff":"使用：持续恢复魔法值，受攻击会驱散效果。","wpxg":"持续时间：<span class=\"color_yellow\">40</span><br/>魔法回复量：<span class=\"color_yellow\">135</span>","lqsjtb":"","lqsj":"","mfxhtb":"","mfxh":"","qzwptb":"","wpzyms2":"净化药水可以共享。","item_en":"clarity"},"count":1},{"goods":{"id":24,"bigtype":"基础物品","type":"军备","wpmc":"守护指环","wppz":"1","wptp":"http://www.dota2.com.cn/images/items/ring_of_protection_lg.png","jgtb":"http://www.dota2.com.cn/images/info1301/tit_img07.gif","jg":"200","wpjs":"能保护佩戴者的闪光戒指。","wpzyms":"","wpsyff":"","wpxg":"+ <span class=\"color_yellow\">3</span> 护甲","lqsjtb":"","lqsj":"","mfxhtb":"","mfxh":"","qzwptb":null,"wpzyms2":"","item_en":"ring_of_protection"},"count":1},{"goods":{"id":7,"bigtype":"基础物品","type":"消耗品","wpmc":"动物信使","wppz":"3","wptp":"http://www.dota2.com.cn/images/items/courier_lg.png","jgtb":"http://www.dota2.com.cn/images/info1301/tit_img07.gif","jg":"150","wpjs":"弄丢驴子会被判处死亡的惩罚。","wpzyms":"","wpsyff":"可以运载物品往返于基地的生物。","wpxg":"","lqsjtb":"","lqsj":"","mfxhtb":"","mfxh":"","qzwptb":"","wpzyms2":"","item_en":"courier"},"count":1}],"adapt_type_list":[{"id":66,"zwm":"魅惑魔女","ywm":"Enchantress","jc":"小鹿","xttx":"http://www.dota2.com.cn/images/heroes/enchantress_full.png","dttx":"http://www.dota2.com.cn/images/heroes/enchantress_vert.jpg","gjlx":"远程","yxlx":"智力","yxdw":"辅助|推进|耐久|打野","zltb":"http://www.dota2.com.cn/images/info1301/tit_img01.gif","zljc":"16","zlsj":"2.8","mjtb":"http://www.dota2.com.cn/images/info1301/tit_img02.gif","mjjc":"19","mjsj":"1.8","lltb":"http://www.dota2.com.cn/images/info1301/tit_img03.gif","lljc":"16","llsj":"1","gjltb":"http://www.dota2.com.cn/images/info1301/tit_img06.gif","csgjl":"31-41","ydsdtb":"http://www.dota2.com.cn/images/info1301/tit_img05.gif","csydsd":"335","hjtb":"http://www.dota2.com.cn/images/info1301/tit_img04.gif","cshj":"1.66","yxbj":"从外表上看，爱由莎就像是一个天真无忧的森林精灵，尽管的确如此，但这也不是对她最为完整的评价。她对自然所遭受的苦难感同身受。她曾跋山涉水，穿越过斑驳的森林，走过四季变换，结识新的朋友，分享新的见闻，为她所到之处带去自然的治愈和欢乐的笑容。因为在那些饱受战乱折磨的地区，森林被大规模的砍伐，用作造船以及制造攻城车；而即使是在和平地区，也有人因为建造房屋而砍伐森林，为添加灶火而毁坏树木。爱由莎从森林中的小精灵处听闻了这些事情，这些小家伙需要森林的荫蔽来繁衍。她耐心的倾听着那些苦于无法倾诉的人诉说着痛苦，坚信自己的鼓励也是一种魅力，一种能够让未来再次充满绿色的魅之魔力。","dj":"1|15|25","smz":"454|720|1290","mfz":"208|718|1342","gjl":"47-57|86-96|134-144","hj":"2|5|11","syfw":"1800/800","gjfw":"550","ddsd":"900","jdtj1":"http://www.dota2.com.cn/images/property/add/enchantress.jpg","jdms1":"这种加法适合中路solo，或者混线流小鹿的打法。1级魅惑保证前期减速效果，主升自然之助和不可侵犯可以让小鹿在对线时占据更多主动。不可侵犯可以视为一个特殊的物理免疫（仅适用于前期），自然之助的存在让那些没有超强爆发的英雄对小鹿再也构不成威胁。大招还是小鹿最主要的输出手段，所以有大招的情况下优先升级大招。","jdtj2":null,"jdms2":null,"cmzb":"树之祭祀*1|力量手套*2|治疗药膏*1|铁树枝干*2","qqzb":"魔棒*1|速度之靴*1","hxzb":"魔杖*1|动力鞋*1|影之灵龛*1|阿哈利姆神杖*1|侦查守卫*1","hqsz":"血精石*1|希瓦的守护*1|邪恶镰刀*1|紫怨*1|恐鳌之心*1|强袭胸甲*1","ljt":"http://www.dota2.com.cn/images/property/enchantress.gif","path":"enchantress","zymc":"天辉","zytb":"http://www.dota2.com.cn/images/heropedia/radiant.jpg","yxtp":"http://www.dota2.com.cn/images/others/enchantress_big1.jpg","gjlxxj":"1","yxdwxj":"2|2|1|1","llsjsmz":"19","llsjsmhf":"0.03","mjsjhj":"1","mjsjgjsd":"1","zlsjmfz":"13","zlsjmfhf":"0.04","sjgjl":"1","pjsh":"52","gjsd":"119|126|162","gjms":"1.43","gjsh":"47-57","gjjl":"550|550|550","wlhj":"1","wlshkx":"9%","mfshkx":"25%","minitb":"http://www.dota2.com.cn/images/heroes/enchantress_icon.png"}],"videoList":[{"id":103,"spdz":"http://dota2.dl.wanmei.com/dota2/patch/chen_basic.flv","zwm":"陈","splx":"新手教学","createtime":null,"img":"http://www.dota2.com.cn/apps/dota2/images/video/raider/chen_basic.jpg","bfsc":"2:29","gxsj":"2013-10-30","spbb":"6.79","spdzm":"http://dota2.dl.wanmei.com/dota2/video/chen_basic.mp4"}],"recommendList":[{"id":203,"gldz":"http://www.dota2.com.cn/raiders/newer/20131218/155121.shtml","tm":"DOTA2新手英雄介绍动物园长陈","sj":"2013-12-18","zwm":"陈","tp":"http://dota2.wanmei.com/resources/jpg/140217/10251392627620132.jpg","js":"陈的赎罪效果不如忠诚考验来的那么有效，因此在前期赎罪一般不点。但是到了后期赎罪这个技能效果非常大，特别是对敌方后期大哥。"},{"id":20,"gldz":"http://www.dota2.com.cn/raiders/newer/20131028/152438.shtml","tm":"英雄攻略陈：神圣的信仰与劝化","sj":"2013-10-28","zwm":"陈","tp":"http://dota2.wanmei.com/resources/jpg/140126/10251390711699804.jpg","js":"生于无信仰的哈扎达尔废墟，陈出生的年代正是那些沙漠中的游荡部落苦苦挣扎求生的时期。"}],"adapt_bkz_list":[{"id":102,"zwm":"卓尔游侠","ywm":"Drow Ranger","jc":"小黑、崔希丝","xttx":"http://www.dota2.com.cn/images/heroes/drow_ranger_full.png","dttx":"http://www.dota2.com.cn/images/heroes/drow_ranger_vert.jpg","gjlx":"远程","yxlx":"敏捷","yxdw":"核心","zltb":"http://www.dota2.com.cn/images/info1301/tit_img01.gif","zljc":"15","zlsj":"1.4","mjtb":"http://www.dota2.com.cn/images/info1301/tit_img02.gif","mjjc":"26","mjsj":"1.9","lltb":"http://www.dota2.com.cn/images/info1301/tit_img03.gif","lljc":"17","llsj":"1.9","gjltb":"http://www.dota2.com.cn/images/info1301/tit_img06.gif","csgjl":"18-29","ydsdtb":"http://www.dota2.com.cn/images/info1301/tit_img05.gif","csydsd":"300","hjtb":"http://www.dota2.com.cn/images/info1301/tit_img04.gif","cshj":"0.64","yxbj":"卓尔游侠名叫崔希丝，这个名字很适合矮小、有点像侏儒、令人生厌的卓尔人。但崔希丝并不是卓尔人。她的双亲在坐大篷车旅行时受到土匪的袭击，滥杀无辜的土匪激怒了附近爱好和平的卓尔人。战斗结束后，卓尔人发现了一个藏在马车残骸中的小女孩，他们一致同意不能让这个失去父母的孩子被抛弃。还是孩童时，崔希丝就展现出了她对那些卓尔人引以为傲的技术的天赋：隐秘、沉默、敏锐。如果不看身体，在精神上她就像一个被拐走后又回到自己真正家中的卓尔人孩童。但随着她的成长，她的个头比她的家人高了不少，她因此认为自己是个丑陋的卓尔人。即使她皮肤光滑且长的匀称，完全没有卓尔人的肉疣和粗糙的髯须。与收养她的部族疏远后，她独自居住在森林中。许多在森林中寻路的旅行者都说他们见过一个美丽得难以置信的游侠在树林深处凝视他们，而当他们试图接近时，她又消失的无影无踪。轻盈、隐秘的冷美人，她像无声的迷雾般移动。你听到的森林低语，其实是她命中敌人心脏的霜冻箭矢的破空之声。","dj":"1|15|25","smz":"473|978|1719","mfz":"195|450|892","gjl":"44-55|71-82|110-121","hj":"1|4|10","syfw":"1800/1700","gjfw":"625","ddsd":"1250","jdtj1":"http://www.dota2.com.cn/images/property/add/drow_ranger.jpg","jdms1":"卓尔游侠是一名敏捷型后期英雄，卓尔游侠的加点选择也非常多，这种是前期主加冰箭的，满级冰箭50%的减速效果还是非常恶心人的，也成为前期对线的一大利器。值得注意的就是前期务必要加一点沉默，往往在击杀或者被gank时有着意想不到的效果。","jdtj2":"","jdms2":"","cmzb":"治疗药膏*1|树之祭祀*1|敏捷便鞋*2|铁树枝干*2","qqzb":"速度之靴*1|魔棒*1|怨灵系带*2","hxzb":"魔杖*1|动力鞋*1|幻影斧*1","hqsz":"影刃*1|蝴蝶*1|代达罗斯之殇*1|黑皇杖*1|撒旦之邪力*1","ljt":"http://www.dota2.com.cn/images/property/drow_ranger.gif","path":"drow_ranger","zymc":"天辉","zytb":"http://www.dota2.com.cn/images/heropedia/radiant.jpg","yxtp":"http://www.dota2.com.cn/images/others/drow_ranger_big1.jpg","gjlxxj":"1","yxdwxj":"2","llsjsmz":"19","llsjsmhf":"0.03","mjsjhj":"1","mjsjgjsd":"1","zlsjmfz":"13","zlsjmfhf":"0.04","sjgjl":"1","pjsh":"49","gjsd":"126|134|172","gjms":"1.35","gjsh":"44-55","gjjl":"625|625|625","wlhj":"0","wlshkx":"3%","mfshkx":"25%","minitb":"http://www.dota2.com.cn/images/heroes/drow_ranger_icon.png"},{"id":47,"zwm":"力丸","ywm":"Riki","jc":"隐刺","xttx":"http://www.dota2.com.cn/images/heroes/riki_full.png","dttx":"http://www.dota2.com.cn/images/heroes/riki_vert.jpg","gjlx":"近战","yxlx":"敏捷","yxdw":"核心|逃生","zltb":"http://www.dota2.com.cn/images/info1301/tit_img01.gif","zljc":"14","zlsj":"1.3","mjtb":"http://www.dota2.com.cn/images/info1301/tit_img02.gif","mjjc":"34","mjsj":"2.9","lltb":"http://www.dota2.com.cn/images/info1301/tit_img03.gif","lljc":"17","llsj":"2","gjltb":"http://www.dota2.com.cn/images/info1301/tit_img06.gif","csgjl":"14-18","ydsdtb":"http://www.dota2.com.cn/images/info1301/tit_img05.gif","csydsd":"300","hjtb":"http://www.dota2.com.cn/images/info1301/tit_img04.gif","cshj":"5.76","yxbj":"力丸是伟大的塔林王朝的二皇子。他有一个将会继承王位的兄长，还有一个受到百般照顾的弟弟，而作为二子的力丸，则似乎生来就是隐形人。他自己很注意培养这一项特殊才能，在一个晚上，国家被叛徒所颠覆，他的家人被屠杀，只有力丸因为隐身技能活了下来。矮小而敏捷的力丸用烟雾做掩护，无比谨慎的逃离了，他也是唯一逃脱的皇族。善于突袭的他杀出了皇家庭院，无声地切开一个又一个敌人的喉咙。不再背负皇室治国之责以后，力丸开始运用他的天赋以谋生，他成为了一名隐形刺客。现在他于无声中将敌人杀死，不断精进自己的技术，期望有一天可以能够手刃那些杀死他家人，夺走他国家的叛徒。","dj":"1|15|25","smz":"473|1005|1765","mfz":"182|419|848","gjl":"48-52|89-93|138-142","hj":"6|11|18","syfw":"1800/800","gjfw":"128","ddsd":"N/A","jdtj1":"http://www.dota2.com.cn/images/property/add/riki.jpg","jdms1":"隐形刺客的加点比较灵活，1级可以点闪烁也可以点雾，雾有沉默效果关键时刻可以用来保命。背刺前期可以只点1级也可以主升，主要依据形势而定。闪烁是优先加满的技能，做为一名刺客，这还是必须拥有的看家本领。至于大招的升级，其实可以在其他技能点满之后再升级2、3级大招。如果处于劣势可以优先考虑，毕竟缩短进入隐身的时间还是很有用的。","jdtj2":"","jdms2":"","cmzb":"树之祭祀*2|治疗药膏*1|敏捷便鞋*1|铁树枝干*3","qqzb":"魔棒*1|速度之靴*1|穷鬼盾*1","hxzb":"动力鞋*1|魔杖*1|净魂之刃*1","hqsz":"蝴蝶*1|弗拉迪米尔的祭品*1|黑皇杖*1|强袭胸甲*1|散夜对剑*1","ljt":"http://www.dota2.com.cn/images/property/riki.gif","path":"riki","zymc":"天辉","zytb":"http://www.dota2.com.cn/images/heropedia/radiant.jpg","yxtp":"http://www.dota2.com.cn/images/others/riki_big1.jpg","gjlxxj":"1","yxdwxj":"2|1","llsjsmz":"19","llsjsmhf":"0.03","mjsjhj":"1","mjsjgjsd":"1","zlsjmfz":"13","zlsjmfhf":"0.04","sjgjl":"1","pjsh":"50","gjsd":"134|146|204","gjms":"1.27","gjsh":"48-52","gjjl":"128|128|128","wlhj":"5","wlshkx":"25%","mfshkx":"25%","minitb":"http://www.dota2.com.cn/images/heroes/riki_icon.png"},{"id":92,"zwm":"熊战士","ywm":"Ursa","jc":"拍拍熊","xttx":"http://www.dota2.com.cn/images/heroes/ursa_full.png","dttx":"http://www.dota2.com.cn/images/heroes/ursa_vert.jpg","gjlx":"近战","yxlx":"敏捷","yxdw":"核心|打野|耐久","zltb":"http://www.dota2.com.cn/images/info1301/tit_img01.gif","zljc":"16","zlsj":"1.5","mjtb":"http://www.dota2.com.cn/images/info1301/tit_img02.gif","mjjc":"18","mjsj":"2.1","lltb":"http://www.dota2.com.cn/images/info1301/tit_img03.gif","lljc":"23","llsj":"2.7","gjltb":"http://www.dota2.com.cn/images/info1301/tit_img06.gif","csgjl":"27-31","ydsdtb":"http://www.dota2.com.cn/images/info1301/tit_img05.gif","csydsd":"310","hjtb":"http://www.dota2.com.cn/images/info1301/tit_img04.gif","cshj":"5.52","yxbj":"战士乌尔萨是熊怪部落最强大的一员，保护着他的家园和人民。在漫长的冬季，当女性族人在睡觉和照料后代时，男性则外出巡逻，他们不知疲倦、保持警惕，按自古以来的传统守卫着部落。乌尔萨听见一些模糊但在增加的传言说有一股邪恶势力正在扩散，他便跑出了这个野性部族的边界线，希望追踪到这个邪恶势力并在它能危害到他的人民之前，就将其在源头摧毁。自豪的乌尔萨有着光明且强大的灵魂，他是个绝对值得信任的忠实战友和守卫者。","dj":"1|15|25","smz":"587|1305|2198","mfz":"208|481|936","gjl":"45-49|74-78|115-119","hj":"6|10|15","syfw":"1800/800","gjfw":"128","ddsd":"N/A","jdtj1":"http://www.dota2.com.cn/images/property/add/ursa.jpg","jdms1":"熊战士真没有什么非主流加点，前期唯一的加点出入可能就是在学震撼大地的等级上，有人喜欢后面补，有人喜欢前期学。主要还是根据个人习惯，以及阵容搭配，在控制多的情况下，熊战士可以晚点学习震撼大地。","jdtj2":null,"jdms2":null,"cmzb":"树之祭祀*2|治疗药膏*1|铁树枝干*1|圆盾*1","qqzb":"速度之靴*1|魔棒*1|王者之戒*1","hxzb":"相位鞋*1|魔杖*1|弗拉迪米尔的祭品*1|闪烁匕首*1","hqsz":"蝴蝶*1|黯灭*1|强袭胸甲*1|金箍棒*1|代达罗斯之殇*1|恐鳌之心*1","ljt":"http://www.dota2.com.cn/images/property/ursa.gif","path":"ursa","zymc":"天辉","zytb":"http://www.dota2.com.cn/images/heropedia/radiant.jpg","yxtp":"http://www.dota2.com.cn/images/others/ursa_big1.jpg","gjlxxj":"1","yxdwxj":"2|2|1","llsjsmz":"19","llsjsmhf":"0.03","mjsjhj":"1","mjsjgjsd":"1","zlsjmfz":"13","zlsjmfhf":"0.04","sjgjl":"1","pjsh":"47","gjsd":"118|126|168","gjms":"1.44","gjsh":"45-49","gjjl":"128|128|128","wlhj":"5","wlshkx":"24%","mfshkx":"25%","minitb":"http://www.dota2.com.cn/images/heroes/ursa_icon.png"},{"id":99,"zwm":"育母蜘蛛","ywm":"Broodmother","jc":"蜘蛛","xttx":"http://www.dota2.com.cn/images/heroes/broodmother_full.png","dttx":"http://www.dota2.com.cn/images/heroes/broodmother_vert.jpg","gjlx":"近战","yxlx":"敏捷","yxdw":"辅助|爆发|先手|推进","zltb":"http://www.dota2.com.cn/images/info1301/tit_img01.gif","zljc":"18","zlsj":"2","mjtb":"http://www.dota2.com.cn/images/info1301/tit_img02.gif","mjjc":"18","mjsj":"2.2","lltb":"http://www.dota2.com.cn/images/info1301/tit_img03.gif","lljc":"17","llsj":"2.5","gjltb":"http://www.dota2.com.cn/images/info1301/tit_img06.gif","csgjl":"26-32","ydsdtb":"http://www.dota2.com.cn/images/info1301/tit_img05.gif","csydsd":"295","hjtb":"http://www.dota2.com.cn/images/info1301/tit_img04.gif","cshj":"2.52","yxbj":"几个世纪以来，育母蜘蛛布蕾克·艾拉齐娜一直潜伏在灼神山的火山口岩洞中，悉心的照料着数以百万计的幼虫，保证他们能够安全的存活到去地上世界捕食的年龄。直到后来，索罗普瑟斯，一个贪婪的权臣，在死火山的火山口修建了他的私人庙塔，因为他知道，就算有人觊觎他的财富，也不能活着穿越那条蜘蛛出没的死亡之路。在安享了几百年的安宁后，布蕾克·艾拉齐娜发现一些不速之客不停的在干扰着她的生活，毛手毛脚的小偷、有勇无谋的骑士，以及出生贵族的年轻人——诚然，他们都是美味的食物，但是他们的到来切实的影响到了她照料她那“无辜”的后代。忍无可忍之时，她去造访了索罗普瑟斯，而这个权臣却不愿意妥协，于是她用蛛丝将他裹起来，扔到一边，留给那些即将出生的小崽子们美味一顿。不幸的是，庙塔主人的失踪却让更多的人壮着胆子前来骚扰。而当她的一名新生儿被一个冒失的探险者踩死时，她终于爆发了。育母蜘蛛向着地上世界前进，誓要清洗掉世界上所有可能对她的孩子有威胁的入侵者，即使是英雄也不例外，直到确保她能够为她那珍贵的小蜘蛛们提供一个安全健康的温床。","dj":"1|15|25","smz":"473|1138|1993","mfz":"234|598|1118","gjl":"44-50|75-81|117-123","hj":"3|7|13","syfw":"1800/800","gjfw":"128","ddsd":"N/A","jdtj1":"http://www.dota2.com.cn/images/property/add/broodmother.jpg","jdms1":"育母蜘蛛最大的特点就是牵制和推进，说她是个战术英雄更加靠谱，往往在你们与对面缠斗的时候，育母蜘蛛就可以孤身一人推掉你的高地。由于前期有蛛网的存在，没有真眼的情况下很难将蜘蛛击杀。","jdtj2":"","jdms2":"","cmzb":"治疗药膏*1|树之祭祀*1|净化药水*1|铁树枝干*2|守护指环*1","qqzb":"速度之靴*1|灵魂之戒*1|天鹰之戒*1","hxzb":"动力鞋*1|紫怨*1","hqsz":"黑皇杖*1|弗拉迪米尔的祭品*1|蝴蝶*1|金箍棒*1|强袭胸甲*1|辉耀*1","ljt":"http://www.dota2.com.cn/images/property/broodmother.gif","path":"broodmother","zymc":"夜魇","zytb":"http://www.dota2.com.cn/images/heropedia/dire.jpg","yxtp":"http://www.dota2.com.cn/images/others/broodmother_big1.jpg","gjlxxj":"1","yxdwxj":"3|1|1","llsjsmz":"19","llsjsmhf":"0.03","mjsjhj":"1","mjsjgjsd":"1","zlsjmfz":"13","zlsjmfhf":"0.04","sjgjl":"1","pjsh":"47","gjsd":"118|127|171","gjms":"1.44","gjsh":"44-50","gjjl":"128|128|128","wlhj":"2","wlshkx":"13%","mfshkx":"25%","minitb":"http://www.dota2.com.cn/images/heroes/broodmother_icon.png"},{"id":83,"zwm":"剃刀","ywm":"Razor","jc":"电棍","xttx":"http://www.dota2.com.cn/images/heroes/razor_full.png","dttx":"http://www.dota2.com.cn/images/heroes/razor_vert.jpg","gjlx":"远程","yxlx":"敏捷","yxdw":"核心|耐久|爆发","zltb":"http://www.dota2.com.cn/images/info1301/tit_img01.gif","zljc":"19","zlsj":"1.8","mjtb":"http://www.dota2.com.cn/images/info1301/tit_img02.gif","mjjc":"22","mjsj":"2","lltb":"http://www.dota2.com.cn/images/info1301/tit_img03.gif","lljc":"21","llsj":"1.7","gjltb":"http://www.dota2.com.cn/images/info1301/tit_img06.gif","csgjl":"23-25","ydsdtb":"http://www.dota2.com.cn/images/info1301/tit_img05.gif","csydsd":"295","hjtb":"http://www.dota2.com.cn/images/info1301/tit_img04.gif","cshj":"2.08","yxbj":"闪电幽魂-剃刀，是永劫之墟中最有代表性的可怕力量。他鞭打着闪电巡回在狭窄迷宫中，这是一个区分死者灵魂的迷宫，他们要靠生前的智慧、精明和毅力来通过其中变化莫测的网络通道。剃刀飘浮于迷宫上方，俯视着那些迷茫不前的灵魂，用闪电鞭打他们赶快前进去决定他们的命运，朝向光明的出口或者黑暗的地狱。剃刀是支配力量的永恒化身，他使用力量时残忍而客观。但他贵族般的气势暗示了他对工作那讽刺的满足。","dj":"1|15|25","smz":"549|1001|1704","mfz":"247|575|1069","gjl":"45-47|72-75|113-115","hj":"3|9|16","syfw":"1800/800","gjfw":"475","ddsd":"2000","jdtj1":"http://www.dota2.com.cn/images/property/add/razor.jpg","jdms1":"这是目前比较主流的电魂加点，主等离子场让电魂GANK，刷线都有不错的效果。前期优先升满不稳定电流让电魂增加机动性和逃生能力。","jdtj2":"","jdms2":"","cmzb":"守护指环*1|树之祭祀*1|治疗药膏*1|铁树枝干*2","qqzb":"魔棒*1|天鹰之戒*1|速度之靴*1","hxzb":"魔杖*1|动力鞋*1|先锋盾*1","hqsz":"散夜对剑*1|黯灭*1|恐鳌之心*1|蝴蝶*1|阿哈利姆神杖*1","ljt":"http://www.dota2.com.cn/images/property/razor.gif","path":"razor","zymc":"夜魇","zytb":"http://www.dota2.com.cn/images/heropedia/dire.jpg","yxtp":"http://www.dota2.com.cn/images/others/razor_big1.jpg","gjlxxj":"1","yxdwxj":"1|1|1","llsjsmz":"19","llsjsmhf":"0.03","mjsjhj":"1","mjsjgjsd":"1","zlsjmfz":"13","zlsjmfhf":"0.04","sjgjl":"1","pjsh":"46","gjsd":"122|130|170","gjms":"1.39","gjsh":"45-47","gjjl":"475|475|475","wlhj":"2","wlshkx":"11%","mfshkx":"25%","minitb":"http://www.dota2.com.cn/images/heroes/razor_icon.png"},{"id":81,"zwm":"斯温","ywm":"Sven","jc":"SV，流浪","xttx":"http://www.dota2.com.cn/images/heroes/sven_full.png","dttx":"http://www.dota2.com.cn/images/heroes/sven_vert.jpg","gjlx":"近战","yxlx":"力量","yxdw":"控制|先手|核心|辅助","zltb":"http://www.dota2.com.cn/images/info1301/tit_img01.gif","zljc":"16","zlsj":"1.30","mjtb":"http://www.dota2.com.cn/images/info1301/tit_img02.gif","mjjc":"21","mjsj":"2.00","lltb":"http://www.dota2.com.cn/images/info1301/tit_img03.gif","lljc":"23","llsj":"2.70","gjltb":"http://www.dota2.com.cn/images/info1301/tit_img06.gif","csgjl":"37-39","ydsdtb":"http://www.dota2.com.cn/images/info1301/tit_img05.gif","csydsd":"295","hjtb":"http://www.dota2.com.cn/images/info1301/tit_img04.gif","cshj":"1.94","yxbj":"斯温是一名守夜骑士的私生子，身怀苍白南海人的血统，在影承废墟长大。他父亲因为违背了守夜人法典而被处决，母亲又因为她的种族而被驱逐，这一切让斯温坚信所谓的社会法则中毫无荣誉可言——荣誉只存在于他心中。在照顾母亲走过弥留之际以后，他以新人的身份参加了守夜骑士团，并对自己的身份绝对保密。十三年来，他一直在他父亲当年的学校里学习，掌握那些仇视他出身的人所撰写的法则。接着，在他本该立誓成为守夜骑士的那天，他手持弃誓之刃，击碎神圣之盔，用守夜圣火烧毁了那所谓的法则。他大步流星的从守夜堡离开，注定了永世孤独，并向圣符起誓，只遵循他自己心中的法则。是的，他仍然是一名骑士，不过是只效忠于自己心中正义的...流浪剑客。","dj":"1|15|25","smz":"587|1305|2198","mfz":"208|445|874","gjl":"60-62|98-100|145-147","hj":"5|9|14","syfw":"1800/800","gjfw":"128","ddsd":"N/A","jdtj1":"http://www.dota2.com.cn/images/property/add/sven.jpg","jdms1":"这是一种比较常见的加点方式，首先流浪剑客的锤子是一个范围眩晕伤害技能，但是这个技能耗蓝比较高，前期加一点黄点是为了能多扔一个锤子。其次加的三技能是为了防止对方减价流而设置的，但是这个技能没有黄点的效果好。所以根据对方的技能来看是否加这个技能，因为这个技能一级就能有很好的作用了。最后就是二技能的取舍，因为流浪剑客不是带线英雄，所以这个英雄不需要早加这个技能，最后补满即可。大招因为是提高100%的攻击力，所以只要能加必须加起来，而且只有第一级才是100%，以后会越来越高呦。","jdtj2":null,"jdms2":null,"cmzb":"净化药水*1|治疗药膏*1|治疗药膏*1|力量手套*1|力量手套*1|铁树枝干*1","qqzb":"魔棒*1|护腕*1|速度之靴*1","hxzb":"魔杖*1|动力鞋*1|黑皇杖*1","hqsz":"闪烁匕首*1|韧鼓*1|恐鳌之心*1|强袭胸甲*1|疯狂面具*1|代达罗斯之殇*1","ljt":"http://www.dota2.com.cn/images/property/sven.gif","path":"sven","zymc":"天辉","zytb":"http://www.dota2.com.cn/images/heropedia/radiant.jpg","yxtp":"http://www.dota2.com.cn/images/others/sven_big1.jpg","gjlxxj":"1","yxdwxj":"2|1|1|1","llsjsmz":"19","llsjsmhf":"0.03","mjsjhj":"1","mjsjgjsd":"1","zlsjmfz":"13","zlsjmfhf":"0.04","sjgjl":"1","pjsh":"55","gjsd":"121|129|169","gjms":"1.4","gjsh":"60-62","gjjl":"128|128|128","wlhj":"4.94","wlshkx":"10%","mfshkx":"25%","minitb":"http://www.dota2.com.cn/images/heroes/sven_icon.png"},{"id":9,"zwm":"幻影刺客","ywm":"Phantom Assassin","jc":"PA、幻刺、魅影之纱","xttx":"http://www.dota2.com.cn/images/heroes/phantom_assassin_full.png","dttx":"http://www.dota2.com.cn/images/heroes/phantom_assassin_vert.jpg","gjlx":"近战","yxlx":"敏捷","yxdw":"核心|逃生","zltb":"http://www.dota2.com.cn/images/info1301/tit_img01.gif","zljc":"13","zlsj":"1","mjtb":"http://www.dota2.com.cn/images/info1301/tit_img02.gif","mjjc":"23","mjsj":"3.15","lltb":"http://www.dota2.com.cn/images/info1301/tit_img03.gif","lljc":"20","llsj":"1.85","gjltb":"http://www.dota2.com.cn/images/info1301/tit_img06.gif","csgjl":"23-25","ydsdtb":"http://www.dota2.com.cn/images/info1301/tit_img05.gif","csydsd":"310","hjtb":"http://www.dota2.com.cn/images/info1301/tit_img04.gif","cshj":"4.22","yxbj":"通过占卜和预见，魅影之纱一直严格的甄选一些婴儿来抚养成人，成为她们的刺客。这是一个将刺杀视作神圣的自然法则的女刺客同盟。魅影之纱通过冥想和神谕来确定他们的暗杀目标。她们不被任何条款所束缚，也从不因为政治斗争或者金钱利益刺杀。她们的刺杀完全没有时间规律，似乎是随性为之：不管你是手握大权，还是平凡农夫，对她们来说，你的死法都是一样的。即使这些刺杀行为有一个固定的套路，那也是只有组织成员才知道。她们把目标看做必要的牺牲品，而死亡则是荣耀加身。作为幻影刺客，她们的身份从小就只有组织内的人才知道，而任何一个幻影刺客都能填补另一个的空缺；她们甚至连代号都不为人知。也许成员有很多，也许只有几个。那谜样面纱之下的真相无人知晓。只有一个，在四下无人之时，那面纱会时不时的被隐秘低语所拂动，低语中，是她自己的名字：茉崔蒂。","dj":"1|15|25","smz":"530|1022|1754","mfz":"169|351|741","gjl":"46-48|90-92|142-144","hj":"4|10|18","syfw":"1800/800","gjfw":"128","ddsd":"N/A","jdtj1":"http://www.dota2.com.cn/images/property/add/phantom_assassin.jpg","jdms1":"幻影刺客也是Dota几个“无敌后期”中的人选，这套加点是目前比较主流的pa打法套路。前期点一级模糊做为别人gank自己时的报警器。主D可以让幻刺更从容的在线上补刀，毕竟是近战后期，免不了受到对方强力英雄的轮番照顾。中期将闪烁点满，收割，切入都能有着很好的效果。","jdtj2":"","jdms2":"","cmzb":"树之祭祀*1|治疗药膏*1|铁树枝干*3|圆盾*1","qqzb":"魔棒*1|速度之靴*1|天鹰之戒*1","hxzb":"魔杖*1|相位鞋*1|黑皇杖*1","hqsz":"恐鳌之心*1|强袭胸甲*1|蝴蝶*1|深渊之刃*1","ljt":"http://www.dota2.com.cn/images/property/phantom_assassin.gif","path":"phantom_assassin","zymc":"夜魇","zytb":"http://www.dota2.com.cn/images/heropedia/dire.jpg","yxtp":"http://www.dota2.com.cn/images/others/phantom_assassin_big1.jpg","gjlxxj":"1","yxdwxj":"3|1","llsjsmz":"19","llsjsmhf":"0.03","mjsjhj":"1","mjsjgjsd":"1","zlsjmfz":"13","zlsjmfhf":"0.04","sjgjl":"1","pjsh":"47","gjsd":"123|136|199","gjms":"1.38","gjsh":"46-48","gjjl":"128|128|128","wlhj":"4","wlshkx":"20%","mfshkx":"25%","minitb":"http://www.dota2.com.cn/images/heroes/phantom_assassin_icon.png"},{"id":48,"zwm":"莉娜","ywm":"Lina","jc":"火女","xttx":"http://www.dota2.com.cn/images/heroes/lina_full.png","dttx":"http://www.dota2.com.cn/images/heroes/lina_vert.jpg","gjlx":"远程","yxlx":"智力","yxdw":"爆发|控制|辅助","zltb":"http://www.dota2.com.cn/images/info1301/tit_img01.gif","zljc":"27","zlsj":"3.2","mjtb":"http://www.dota2.com.cn/images/info1301/tit_img02.gif","mjjc":"16","mjsj":"1.5","lltb":"http://www.dota2.com.cn/images/info1301/tit_img03.gif","lljc":"18","llsj":"1.5","gjltb":"http://www.dota2.com.cn/images/info1301/tit_img06.gif","csgjl":"13-31","ydsdtb":"http://www.dota2.com.cn/images/info1301/tit_img05.gif","csydsd":"295","hjtb":"http://www.dota2.com.cn/images/info1301/tit_img04.gif","cshj":"1.24","yxbj":"秀逗魔导士莉娜和她妹妹水晶室女莉莱从小就合不来，她们从童年开始就你来我往的争斗成为了当地人津津乐道的传奇故事。莉娜总是占上风，如果说水晶室女的天性纯良而诚实，那么莉娜则是火爆中带着放纵和聪慧。在两人分别用冰和火毁掉了一大半房子以后，她们气急败坏的父母终于意识到两人必须分开。作为姐姐，莉娜被送到了遥远的南方，纷争之国的燃烧沙漠，和她有耐心的姑妈一起生活，这里的气候对这位火爆的魔导士来说其实更舒服。她的到来让一潭死水的当地泛起了不小的涟漪，许多男人试图追求她，最后却拖着烧焦的手指头或者只剩半边的眉毛以及被摧毁的自信心狼狈离开。莉娜非常自信且骄傲，没有任何事物能抑制她的火焰。","dj":"1|15|25","smz":"492|891|1556","mfz":"351|933|1609","gjl":"40-58|85-103|137-155","hj":"1|4|9","syfw":"1800/800","gjfw":"650","ddsd":"900","jdtj1":"http://www.dota2.com.cn/images/property/add/lina.jpg","jdms1":"火女的光击阵的眩晕时间并不会随技能等级而提高，增加的只是伤害，所以莉娜一般以主1技能龙破斩居多，而且后者的CD时间和施法难度也小于光击阵。光击阵这个非指向性控制技需要练习几次才能掌握。值得一提的是，你可以通过按S键来取消施法动作，进而取消掉技能，在对手试图通过走位躲掉你的光击阵的时候十分有用。一级时注意先升一级光击阵配合队友。神灭斩的伤害非常高，如果你要秒掉一个英雄，请尽可能早地丢出大招，以免浪费输出。7级的火女基本上可以秒杀一个血量在800左右的敌人。","jdtj2":"","jdms2":"","cmzb":"树之祭祀*1|净化药水*2|治疗药膏*1|铁树枝干*3|动物信使*1","qqzb":"魔棒*1|速度之靴*1|护腕*1","hxzb":"魔杖*1|奥术鞋*1|闪烁匕首*1|侦查守卫*1","hqsz":"韧鼓*1|邪恶镰刀*1|血精石*1|阿哈利姆神杖*1|希瓦的守护*1|Eul的神圣法杖*1","ljt":"http://www.dota2.com.cn/images/property/lina.gif","path":"lina","zymc":"天辉","zytb":"http://www.dota2.com.cn/images/heropedia/radiant.jpg","yxtp":"http://www.dota2.com.cn/images/others/lina_big1.jpg","gjlxxj":"1","yxdwxj":"3|1|1","llsjsmz":"19","llsjsmhf":"0.03","mjsjhj":"1","mjsjgjsd":"1","zlsjmfz":"13","zlsjmfhf":"0.04","sjgjl":"1","pjsh":"49","gjsd":"116|122|152","gjms":"1.47","gjsh":"40-58","gjjl":"650|650|650","wlhj":"1","wlshkx":"6%","mfshkx":"25%","minitb":"http://www.dota2.com.cn/images/heroes/lina_icon.png"}],"honorList":[{"id":12,"zwm":"陈","msg":"暂无","createtime":null}],"adapt_zd_list":[{"id":68,"zwm":"米拉娜","ywm":"Mirana","jc":"白虎，虎妞，月女","xttx":"http://www.dota2.com.cn/images/heroes/mirana_full.png","dttx":"http://www.dota2.com.cn/images/heroes/mirana_vert.jpg","gjlx":"远程","yxlx":"敏捷","yxdw":"核心|爆发|控制|逃生","zltb":"http://www.dota2.com.cn/images/info1301/tit_img01.gif","zljc":"17","zlsj":"1.65","mjtb":"http://www.dota2.com.cn/images/info1301/tit_img02.gif","mjjc":"20","mjsj":"3.3","lltb":"http://www.dota2.com.cn/images/info1301/tit_img03.gif","lljc":"17","llsj":"1.85","gjltb":"http://www.dota2.com.cn/images/info1301/tit_img06.gif","csgjl":"18-29","ydsdtb":"http://www.dota2.com.cn/images/info1301/tit_img05.gif","csydsd":"300","hjtb":"http://www.dota2.com.cn/images/info1301/tit_img04.gif","cshj":"1.8","yxbj":"出生于皇室，带有高贵血统的公主米拉娜，在她即将登上太阳王座时，欣然放弃了所有对国土的世俗权力，将自身完全奉献给了月之女神赛莉蒙妮。从那以后米拉娜就作为众所周知的月之公主，巡回在银夜森林，搜索那些从月之女神保护地中的银色水池偷取夜光莲花的大胆之徒。米拉娜骑着她庞大的猫科伙伴，沉着、自豪且无畏，调和于月相和星座旋转。她的弓上镶嵌的月之矿石吸收月光之力，为她的光之箭矢充入能量。","dj":"1|15|25","smz":"473|965|1697","mfz":"221|521|996","gjl":"38-49|84-95|137-148","hj":"2|8|16","syfw":"1800/1200","gjfw":"600","ddsd":"900","jdtj1":"http://www.dota2.com.cn/images/property/add/mirana.jpg","jdms1":"白虎的加点主要有两种：主流星和主神箭。主箭利于Gank，但是相对难度较大。PoM（米拉娜的简写，DOTA2中是PrincessoftheMoon）的箭很讲究技巧与运气，没有长时间的练习、积累，很难提高命中成功率。这里需要说明的一点是白虎的大招。月之暗面可以选择在前期很早的时候就加一点，用来埋伏、逃生都是不错的选择。","jdtj2":null,"jdms2":null,"cmzb":"敏捷便鞋*2|树之祭祀*1|治疗药膏*1|净化药水*1|铁树枝干*1","qqzb":"魔棒*1|速度之靴*1|天鹰之戒*1","hxzb":"魔杖*1|动力鞋*1|幻影斧*1","hqsz":"蝴蝶*1|净魂之刃*1|强袭胸甲*1|黯灭*1|金箍棒*1","ljt":"http://www.dota2.com.cn/images/property/mirana.gif","path":"mirana","zymc":"天辉","zytb":"http://www.dota2.com.cn/images/heropedia/radiant.jpg","yxtp":"http://www.dota2.com.cn/images/others/mirana_big1.jpg","gjlxxj":"1","yxdwxj":"1|1|1|1","llsjsmz":"19","llsjsmhf":"0.03","mjsjhj":"1","mjsjgjsd":"1","zlsjmfz":"13","zlsjmfhf":"0.04","sjgjl":"1","pjsh":"43","gjsd":"120|131|186","gjms":"1.42","gjsh":"38-49","gjjl":"600|600|600","wlhj":"1","wlshkx":"9%","mfshkx":"25%","minitb":"http://www.dota2.com.cn/images/heroes/mirana_icon.png"},{"id":90,"zwm":"先知","ywm":"Natures Prophet","jc":"FUR","xttx":"http://www.dota2.com.cn/images/heroes/furion_full.png","dttx":"http://www.dota2.com.cn/images/heroes/furion_vert.jpg","gjlx":"远程","yxlx":"智力","yxdw":"打野|推进|核心|逃生","zltb":"http://www.dota2.com.cn/images/info1301/tit_img01.gif","zljc":"21","zlsj":"2.9","mjtb":"http://www.dota2.com.cn/images/info1301/tit_img02.gif","mjjc":"18","mjsj":"1.9","lltb":"http://www.dota2.com.cn/images/info1301/tit_img03.gif","lljc":"19","llsj":"1.8","gjltb":"http://www.dota2.com.cn/images/info1301/tit_img06.gif","csgjl":"24-38","ydsdtb":"http://www.dota2.com.cn/images/info1301/tit_img05.gif","csydsd":"295","hjtb":"http://www.dota2.com.cn/images/info1301/tit_img04.gif","cshj":"3.52","yxbj":"在种子里埋入盘起的灵魂，从岩石深处引出缠绕的水流，起誓阳光会普照这生长的一切，当树木之神维萝迪希娅完成这一系列森林的创造后，她意识到自己的生命也到达终点，如一片命运已被她印在种子中的树叶一样飘落，无法看见自己的梦想结果。嫩芽尚未破土，即使破土，脆弱的嫩芽也很容易受到各种伤害，而她却即将辞世，无能为力，这让她无比痛心。然而她在种子袋中发现了一颗播种时漏掉的种子，在弥留之际，她将力量化作一字箴言，寄于此种，然后将其服下。在漫长的冬天，她巨大的身体逐渐分解，化为了幼苗来年春天的肥料。在春分的早晨，当其它种子还没有苏醒时，最后那颗种子在一瞬间成熟然后爆裂了。从中走出了自然的先知，他身披树叶，强壮且智慧，拥有树木之神维萝迪希娅的力量，能预见到森林最需要他的地方，同时他也很清楚，能作为他的盟友，是天赐的幸运。","dj":"1|15|25","smz":"511|990|1712","mfz":"273|801|1438","gjl":"45-59|86-100|135-149","hj":"4|7|13","syfw":"1800/800","gjfw":"600","ddsd":"1125","jdtj1":"http://www.dota2.com.cn/images/property/add/natures_prophet.jpg","jdms1":"先知是一个加点非常灵活的英雄，选择加点的不同扮演的角色也不相同，这套加点完美体现除了先知机动性高的特点。两级发芽长达3.75秒的控制时间已经足够，主传送，CD时间的简短，让先知可以随时进行支援，gank，中期补满树人开始带线推塔。这样加点的先知线上能力很强，支援能力，gank能力都非常强大。不过由于当前版本选先知大多需要初期参与推进，所以这种打法的出现频率较低。","jdtj2":"","jdms2":"","cmzb":"守护指环*1|净化药水*3|树之祭祀*3","qqzb":"魔棒*1|速度之靴*1|王者之戒*1","hxzb":"魔杖*1|动力鞋*1|邪恶镰刀*1","hqsz":"迈达斯之手*1|阿哈利姆神杖*1|紫怨*1|黯灭*1|死灵书*1|代达罗斯之殇*1","ljt":"http://www.dota2.com.cn/images/property/furion.gif","path":"natures_prophet","zymc":"天辉","zytb":"http://www.dota2.com.cn/images/heropedia/radiant.jpg","yxtp":"http://www.dota2.com.cn/images/others/furion_big1.jpg","gjlxxj":"1","yxdwxj":"2|2|1|1","llsjsmz":"19","llsjsmhf":"0.03","mjsjhj":"1","mjsjgjsd":"1","zlsjmfz":"13","zlsjmfhf":"0.04","sjgjl":"1","pjsh":"52","gjsd":"118|126|164","gjms":"1.44","gjsh":"45-59","gjjl":"600|600|600","wlhj":"3","wlshkx":"17%","mfshkx":"25%","minitb":"http://www.dota2.com.cn/images/heroes/furion_icon.png"},{"id":65,"zwm":"谜团","ywm":"Enigma","jc":"Enig","xttx":"http://www.dota2.com.cn/images/heroes/enigma_full.png","dttx":"http://www.dota2.com.cn/images/heroes/enigma_vert.jpg","gjlx":"远程","yxlx":"智力","yxdw":"控制|先手|打野|推进","zltb":"http://www.dota2.com.cn/images/info1301/tit_img01.gif","zljc":"20","zlsj":"3.4","mjtb":"http://www.dota2.com.cn/images/info1301/tit_img02.gif","mjjc":"14","mjsj":"1","lltb":"http://www.dota2.com.cn/images/info1301/tit_img03.gif","lljc":"17","llsj":"2.1","gjltb":"http://www.dota2.com.cn/images/info1301/tit_img06.gif","csgjl":"22-28","ydsdtb":"http://www.dota2.com.cn/images/info1301/tit_img05.gif","csydsd":"300","hjtb":"http://www.dota2.com.cn/images/info1301/tit_img04.gif","cshj":"3.96","yxbj":"谜团的背景正如同其名字一样，无人知晓。只有一些流传下来的故事和传说，但大多数都不可信。事实上，关于谜团的各种故事，都只是寥寥的描述，神秘无比：他是宇宙之力，世界的吞噬者。他是虚空中的存在，有时会以物质形态出现，其它时候则以非物质形态存在。他是同时存在于多个位面的生物。在有的传说中，他曾经是一个试图解开宇宙之谜的伟大炼金术士，但最后却因为自己的傲慢而受到诅咒。在其它传说中，他来自远古，是一种不可思议的重力生命体，是来自原始黑暗的扭曲声音，在宇宙中的第一丝光线诞生前就存在的深渊化身。还有更古老的传说，说他是第一颗崩塌的恒星，产生的黑洞变成了有知觉的复杂存在，他的动机无从得知，他的力量无法阻挡，他的存在就是毁灭之力本身。","dj":"1|15|25","smz":"473|1032|1811","mfz":"260|879|1581","gjl":"42-48|90-96|144-150","hj":"4|5|10","syfw":"1800/800","gjfw":"500","ddsd":"900","jdtj1":"http://www.dota2.com.cn/images/property/add/enigma.jpg","jdms1":"由于谜团的转化出的3个精神体每攻击了6次后就分裂自己一次。所以只要操作得当，很快便会分裂出1群小谜团来，2级的精神体打野效率就非常惊人了。所以便有了这种前期主加转化放弃抓人而速出跳刀的打法，而且这样的谜团线上能力也非常强大，无论推进还是拆塔都是非常快。","jdtj2":"","jdms2":"","cmzb":"守护指环*1|净化药水*3|树之祭祀*1|动物信使*1","qqzb":"魔棒*1|速度之靴*1|王者之戒*1|灵魂之戒*1","hxzb":"魔杖*1|动力鞋*1|闪烁匕首*1|护腕*1","hqsz":"梅肯斯姆*1|邪恶镰刀*1|希瓦的守护*1|辉耀*1|黑皇杖*1","ljt":"http://www.dota2.com.cn/images/property/enigma.gif","path":"enigma","zymc":"夜魇","zytb":"http://www.dota2.com.cn/images/heropedia/dire.jpg","yxtp":"http://www.dota2.com.cn/images/others/enigma_big1.jpg","gjlxxj":"1","yxdwxj":"2|2|2|2","llsjsmz":"19","llsjsmhf":"0.03","mjsjhj":"1","mjsjgjsd":"1","zlsjmfz":"13","zlsjmfhf":"0.04","sjgjl":"1","pjsh":"45","gjsd":"114|118|138","gjms":"1.49","gjsh":"42-48","gjjl":"500|500|500","wlhj":"3","wlshkx":"19%","mfshkx":"25%","minitb":"http://www.dota2.com.cn/images/heroes/enigma_icon.png"},{"id":66,"zwm":"魅惑魔女","ywm":"Enchantress","jc":"小鹿","xttx":"http://www.dota2.com.cn/images/heroes/enchantress_full.png","dttx":"http://www.dota2.com.cn/images/heroes/enchantress_vert.jpg","gjlx":"远程","yxlx":"智力","yxdw":"辅助|推进|耐久|打野","zltb":"http://www.dota2.com.cn/images/info1301/tit_img01.gif","zljc":"16","zlsj":"2.8","mjtb":"http://www.dota2.com.cn/images/info1301/tit_img02.gif","mjjc":"19","mjsj":"1.8","lltb":"http://www.dota2.com.cn/images/info1301/tit_img03.gif","lljc":"16","llsj":"1","gjltb":"http://www.dota2.com.cn/images/info1301/tit_img06.gif","csgjl":"31-41","ydsdtb":"http://www.dota2.com.cn/images/info1301/tit_img05.gif","csydsd":"335","hjtb":"http://www.dota2.com.cn/images/info1301/tit_img04.gif","cshj":"1.66","yxbj":"从外表上看，爱由莎就像是一个天真无忧的森林精灵，尽管的确如此，但这也不是对她最为完整的评价。她对自然所遭受的苦难感同身受。她曾跋山涉水，穿越过斑驳的森林，走过四季变换，结识新的朋友，分享新的见闻，为她所到之处带去自然的治愈和欢乐的笑容。因为在那些饱受战乱折磨的地区，森林被大规模的砍伐，用作造船以及制造攻城车；而即使是在和平地区，也有人因为建造房屋而砍伐森林，为添加灶火而毁坏树木。爱由莎从森林中的小精灵处听闻了这些事情，这些小家伙需要森林的荫蔽来繁衍。她耐心的倾听着那些苦于无法倾诉的人诉说着痛苦，坚信自己的鼓励也是一种魅力，一种能够让未来再次充满绿色的魅之魔力。","dj":"1|15|25","smz":"454|720|1290","mfz":"208|718|1342","gjl":"47-57|86-96|134-144","hj":"2|5|11","syfw":"1800/800","gjfw":"550","ddsd":"900","jdtj1":"http://www.dota2.com.cn/images/property/add/enchantress.jpg","jdms1":"这种加法适合中路solo，或者混线流小鹿的打法。1级魅惑保证前期减速效果，主升自然之助和不可侵犯可以让小鹿在对线时占据更多主动。不可侵犯可以视为一个特殊的物理免疫（仅适用于前期），自然之助的存在让那些没有超强爆发的英雄对小鹿再也构不成威胁。大招还是小鹿最主要的输出手段，所以有大招的情况下优先升级大招。","jdtj2":null,"jdms2":null,"cmzb":"树之祭祀*1|力量手套*2|治疗药膏*1|铁树枝干*2","qqzb":"魔棒*1|速度之靴*1","hxzb":"魔杖*1|动力鞋*1|影之灵龛*1|阿哈利姆神杖*1|侦查守卫*1","hqsz":"血精石*1|希瓦的守护*1|邪恶镰刀*1|紫怨*1|恐鳌之心*1|强袭胸甲*1","ljt":"http://www.dota2.com.cn/images/property/enchantress.gif","path":"enchantress","zymc":"天辉","zytb":"http://www.dota2.com.cn/images/heropedia/radiant.jpg","yxtp":"http://www.dota2.com.cn/images/others/enchantress_big1.jpg","gjlxxj":"1","yxdwxj":"2|2|1|1","llsjsmz":"19","llsjsmhf":"0.03","mjsjhj":"1","mjsjgjsd":"1","zlsjmfz":"13","zlsjmfhf":"0.04","sjgjl":"1","pjsh":"52","gjsd":"119|126|162","gjms":"1.43","gjsh":"47-57","gjjl":"550|550|550","wlhj":"1","wlshkx":"9%","mfshkx":"25%","minitb":"http://www.dota2.com.cn/images/heroes/enchantress_icon.png"}],"hqszList":[{"goods":{"id":78,"bigtype":"升级物品","type":"法器","wpmc":"阿哈利姆神杖","wppz":"3","wptp":"http://www.dota2.com.cn/images/items/ultimate_scepter_lg.png","jgtb":"http://www.dota2.com.cn/images/info1301/tit_img07.gif","jg":"4200","wpjs":"拥有半神之力的法师的权杖。","wpzyms":"","wpsyff":"被动：终极技能升级 - 能提升某些英雄终极技能。","wpxg":"+ <span class=\"color_yellow\">10</span> 所有属性<br/>+ <span class=\"color_yellow\">200</span> 生命值<br/>+ <span class=\"color_yellow\">150</span> 魔法值","lqsjtb":"","lqsj":"","mfxhtb":"","mfxh":"","qzwptb":"","wpzyms2":"","item_en":"ultimate_scepter"},"count":1},{"goods":{"id":69,"bigtype":"升级物品","type":"辅助","wpmc":"弗拉迪米尔的祭品","wppz":"3","wptp":"http://www.dota2.com.cn/images/items/vladmir_lg.png","jgtb":"http://www.dota2.com.cn/images/info1301/tit_img07.gif","jg":"2050","wpjs":"被死去的吸血鬼怨念诅咒的面具。","wpzyms":"多个光环效果不能叠加。","wpsyff":"被动：迅捷光环-为附近友军提供攻击速度和移动速度加成。<br/>被动：弗拉迪米尔光环-为附近的友军提供多种加成。吸血光环效果只作用于近战单位。","wpxg":"光环吸血百分比：<span class=\"color_yellow\">16%</span><br/>光环额外伤害：<span class=\"color_yellow\">15%</span><br/>光环增益护甲：<span class=\"color_yellow\">5</span><br/>光环增益回魔：<span class=\"color_yellow\">0.8</span><br/>+ <span class=\"color_yellow\">2</span> 生命恢复速率","lqsjtb":"","lqsj":"","mfxhtb":"","mfxh":"","qzwptb":"","wpzyms2":"王者之戒，天鹰之戒和弗拉迪米尔的祭品拥有的护甲光环互不叠加。","item_en":"vladmir"},"count":1},{"goods":{"id":81,"bigtype":"升级物品","type":"法器","wpmc":"邪恶镰刀","wppz":"3","wptp":"http://www.dota2.com.cn/images/items/sheepstick_lg.png","jgtb":"http://www.dota2.com.cn/images/info1301/tit_img07.gif","jg":"5675","wpjs":"Vyse教徒最为宝贵的圣物，法师们最为垂涎的武器。","wpzyms":"","wpsyff":"主动：妖术-将一个单位变成无害的小动物，持续3.5秒。消灭幻象。","wpxg":"+ <span class=\"color_yellow\">10</span> 力量<br/>+ <span class=\"color_yellow\">10</span> 敏捷<br/>+ <span class=\"color_yellow\">35</span> 智力<br/>+ <span class=\"color_yellow\">150%</span> 魔法恢复","lqsjtb":"http://www.dota2.com.cn/images/info1301/ico2.gif","lqsj":"30","mfxhtb":"http://www.dota2.com.cn/images/info1301/ico1.gif","mfxh":"100","qzwptb":null,"wpzyms2":"立刻杀死幻象。<br>目标的基础移动速度为100，但是如果目标有满速状态则移速不受影响。<br>妖术将使伤害格挡和闪避无效。","item_en":"sheepstick"},"count":1},{"goods":{"id":73,"bigtype":"升级物品","type":"法器","wpmc":"死灵书","wppz":"3","wptp":"http://www.dota2.com.cn/images/items/necronomicon_lg.png","jgtb":"http://www.dota2.com.cn/images/info1301/tit_img07.gif","jg":"2700","wpjs":"借助圣杯上关于亡灵和恶魔的记载，将强大的邪恶力量封印在书内。","wpzyms":"","wpsyff":"主动：召唤死灵 - 召唤一个死灵战士和死灵射手为你作战。它们的力量和技能随死灵书等级提升而提升。持续40秒。","wpxg":"+ <span class=\"color_yellow\">15</span>/21/24智力<br/>+ <span class=\"color_yellow\">8</span>/12/16力量","lqsjtb":"http://www.dota2.com.cn/images/info1301/ico2.gif","lqsj":"95","mfxhtb":"http://www.dota2.com.cn/images/info1301/ico1.gif","mfxh":"50","qzwptb":null,"wpzyms2":"死亡战士和射手的生命值为700/800/900点。","item_en":"necronomicon"},"count":1},{"goods":{"id":68,"bigtype":"升级物品","type":"辅助","wpmc":"韧鼓","wppz":"3","wptp":"http://www.dota2.com.cn/images/items/ancient_janggo_lg.png","jgtb":"http://www.dota2.com.cn/images/info1301/tit_img07.gif","jg":"1875","wpjs":"在危难时刻能鼓舞周围人士气的遗物。","wpzyms":"同类物品光环效果不能叠加。","wpsyff":"主动：坚韧-为附近友军提供+10的攻速加成和+10%的移动速度加成。","wpxg":"+ <span class=\"color_yellow\">9</span> 所有属性<br/>+ <span class=\"color_yellow\">3</span> 攻击力<br/>光环增益攻速：<span class=\"color_yellow\">5</span><br/>移动速度提升：<span class=\"color_yellow\">5%</span>","lqsjtb":"http://www.dota2.com.cn/images/info1301/ico2.gif","lqsj":"30","mfxhtb":"","mfxh":"","qzwptb":"","wpzyms2":"","item_en":"ancient_janggo"},"count":1},{"goods":{"id":44,"bigtype":"基础物品","type":"奥术","wpmc":"幽魂权杖","wppz":"1","wptp":"http://www.dota2.com.cn/images/items/ghost_lg.png","jgtb":"http://www.dota2.com.cn/images/info1301/tit_img07.gif","jg":"1600","wpjs":"赐予使用者幽灵般的姿态，让他们避开物理性的伤害。","wpzyms":"","wpsyff":"主动：幽灵形态-进入幽灵形态，无法进行普通攻击也无法被普通攻击，但会受到-40%额外魔法伤害。使用回城卷轴或远行鞋会解除幽灵形态。","wpxg":"+ <span class=\"color_yellow\">7</span> 所有属性<br/>幽灵形态持续时间：<span class=\"color_yellow\">4</span>","lqsjtb":"http://www.dota2.com.cn/images/info1301/ico2.gif","lqsj":"30","mfxhtb":"","mfxh":"","qzwptb":"","wpzyms2":"如果在开启期间进入魔法免疫状态，幽魂效果将会终止。如果在魔法免疫状态下开启权杖将不会拥有幽魂效果。<br>与虚灵之刃共享冷却时间。","item_en":"ghost"},"count":1}],"hxzbList":[{"goods":{"id":67,"bigtype":"升级物品","type":"辅助","wpmc":"奥术鞋","wppz":"3","wptp":"http://www.dota2.com.cn/images/items/arcane_boots_lg.png","jgtb":"http://www.dota2.com.cn/images/info1301/tit_img07.gif","jg":"1450","wpjs":"装备这种鞋子的法师在战斗中极具价值。","wpzyms":"移动速度提升效果不与其他鞋子叠加。","wpsyff":"主动：补充魔法-回复周围友方单位的魔法。","wpxg":"+ <span class=\"color_yellow\">55</span> 移动速度<br/>+ <span class=\"color_yellow\">250</span> 魔法值<br/>魔法回复量：<span class=\"color_yellow\">135</span>","lqsjtb":"http://www.dota2.com.cn/images/info1301/ico2.gif","lqsj":"55","mfxhtb":"http://www.dota2.com.cn/images/info1301/ico1.gif","mfxh":"35","qzwptb":"","wpzyms2":"米波的克隆体不能使用。","item_en":"arcane_boots"},"count":1},{"goods":{"id":70,"bigtype":"升级物品","type":"辅助","wpmc":"梅肯斯姆","wppz":"3","wptp":"http://www.dota2.com.cn/images/items/mekansm_lg.png","jgtb":"http://www.dota2.com.cn/images/info1301/tit_img07.gif","jg":"2306","wpjs":"各种散件不知是怎样完美地组合起来，形成的散发着光芒的珠宝。","wpzyms":"多个梅肯斯姆光环无法叠加。","wpsyff":"主动：回复-为周围友方单位回复250点生命值，并提升2点护甲。<br/>被动：梅肯斯姆光环-提升周围友方单位生命恢复速率。","wpxg":"+ <span class=\"color_yellow\">5</span> 所有属性<br/>+ <span class=\"color_yellow\">5</span> 护甲<br/>额外生命恢复速率：<span class=\"color_yellow\">4</span>","lqsjtb":"http://www.dota2.com.cn/images/info1301/ico2.gif","lqsj":"45","mfxhtb":"http://www.dota2.com.cn/images/info1301/ico1.gif","mfxh":"225","qzwptb":null,"wpzyms2":"回复不能作用于25秒内已经被回复作用过的单位。","item_en":"mekansm"},"count":1},{"goods":{"id":9,"bigtype":"基础物品","type":"消耗品","wpmc":"侦查守卫","wppz":"3","wptp":"http://www.dota2.com.cn/images/items/ward_observer_lg.png","jgtb":"http://www.dota2.com.cn/images/info1301/tit_img07.gif","jg":"150","wpjs":"","wpzyms":"持续7分钟。","wpsyff":"使用：放置侦查守卫来获得附近区域的视野。","wpxg":"","lqsjtb":"http://www.dota2.com.cn/images/info1301/ico2.gif","lqsj":"1","mfxhtb":"","mfxh":"","qzwptb":"","wpzyms2":"","item_en":"ward_observer"},"count":1}],"adapt_kz_list":[{"id":98,"zwm":"幽鬼","ywm":"Spectre","jc":"Spe","xttx":"http://www.dota2.com.cn/images/heroes/spectre_full.png","dttx":"http://www.dota2.com.cn/images/heroes/spectre_vert.jpg","gjlx":"近战","yxlx":"敏捷","yxdw":"核心|耐久","zltb":"http://www.dota2.com.cn/images/info1301/tit_img01.gif","zljc":"16","zlsj":"1.9","mjtb":"http://www.dota2.com.cn/images/info1301/tit_img02.gif","mjjc":"23","mjsj":"2.2","lltb":"http://www.dota2.com.cn/images/info1301/tit_img03.gif","lljc":"19","llsj":"2","gjltb":"http://www.dota2.com.cn/images/info1301/tit_img06.gif","csgjl":"23-27","ydsdtb":"http://www.dota2.com.cn/images/info1301/tit_img05.gif","csydsd":"295","hjtb":"http://www.dota2.com.cn/images/info1301/tit_img04.gif","cshj":"3.22","yxbj":"和所有强大的能量都喜欢欺凌弱小一样，被称为墨丘利的幽鬼也是一个拥有着强横能量的存在，同样的，她对现实世界中的冲突和纷争无比着迷。然而她平时的幽鬼形态超越了常人的感知范围，因此每当她以实体形态出现时，她不得不损失一部分自我能量——尽管她也不愿意。在战斗中，她的自我意识逐渐散落并重新聚合，她也开始有了意识。她意识到了自己是幽鬼墨丘利——其他所有的鬼影都只是她自我的阴影。出于重新凝聚的打算，她开始专注，她的心智也在不断的成熟。只有等到她取得胜利或者彻底失败时，她那超物质的形态才会得以重聚。","dj":"1|15|25","smz":"511|1043|1803","mfz":"208|554|1061","gjl":"46-50|77-81|119-123","hj":"3|8|13","syfw":"1800/800","gjfw":"128","ddsd":"N/A","jdtj1":"http://www.dota2.com.cn/images/property/add/spectre.jpg","jdms1":"幽鬼，曾经Dota中的无敌大后期之一，被看作是为数不多的可以后期1V5的英雄。幽鬼是大后期，所以前期线上受到的压力一般不会小，主加幽鬼之刃让幽鬼拥有更强的自保的能力。中后期补满荒芜可以让幽鬼拥有更强的作战能力。有大加大，大招也是幽鬼可以瞬间切入战场的利器。","jdtj2":"","jdms2":"","cmzb":"压制之刃*1|树之祭祀*1|治疗药膏*1|铁树枝干*3","qqzb":"魔棒*1|速度之靴*1|治疗指环*1","hxzb":"魔杖*1|动力鞋*1|先锋盾*1|净魂之刃*1","hqsz":"辉耀*1|幻影斧*1|代达罗斯之殇*1|蝴蝶*1|恐鳌之心*1|散夜对剑*1","ljt":"http://www.dota2.com.cn/images/property/spectre.gif","path":"spectre","zymc":"夜魇","zytb":"http://www.dota2.com.cn/images/heropedia/dire.jpg","yxtp":"http://www.dota2.com.cn/images/others/spectre_big1.jpg","gjlxxj":"1","yxdwxj":"3|1","llsjsmz":"19","llsjsmhf":"0.03","mjsjhj":"1","mjsjgjsd":"1","zlsjmfz":"13","zlsjmfhf":"0.04","sjgjl":"1","pjsh":"48","gjsd":"123|132|176","gjms":"1.38","gjsh":"46-50","gjjl":"128|128|128","wlhj":"3","wlshkx":"16%","mfshkx":"25%","minitb":"http://www.dota2.com.cn/images/heroes/spectre_icon.png"},{"id":17,"zwm":"发条技师","ywm":"Clockwerk","jc":"发条、CG","xttx":"http://www.dota2.com.cn/images/heroes/rattletrap_full.png","dttx":"http://www.dota2.com.cn/images/heroes/rattletrap_vert.jpg","gjlx":"近战","yxlx":"力量","yxdw":"先手|耐久","zltb":"http://www.dota2.com.cn/images/info1301/tit_img01.gif","zljc":"17","zlsj":"1.30","mjtb":"http://www.dota2.com.cn/images/info1301/tit_img02.gif","mjjc":"13","mjsj":"2.30","lltb":"http://www.dota2.com.cn/images/info1301/tit_img03.gif","lljc":"24","llsj":"2.70","gjltb":"http://www.dota2.com.cn/images/info1301/tit_img06.gif","csgjl":"31-33","ydsdtb":"http://www.dota2.com.cn/images/info1301/tit_img05.gif","csydsd":"315","hjtb":"http://www.dota2.com.cn/images/info1301/tit_img04.gif","cshj":"1.82","yxbj":"瑞托崔普和狙击手以及修补匠属于同一个分布广泛的种族，和其他许多敏感的族人一样，瑞托崔普用他的智慧和一些小玩意弥补了体型上的矮小。作为一个钟表匠的孙子，瑞托崔普在这个行业当了很多年的学徒，直到战争从山的另一边席卷而来，摧毁了这个从事着与战斗无关的行业的无辜村庄。祖先传下来的村庄变成了满是焦火和黑烟的废墟，\"你的新行业是战斗\"他的父亲临死前留下这样一句话。这个可怜的生意人责备他的工具无法用于战斗，但瑞托崔普从不找借口。在村庄的废墟中埋葬了父亲后，瑞托崔普开始着手将他自己转变为前所未见的最强大的战争道具。他发誓永远不再毫无防备的被抓住，瑞托崔普用他的智慧装配了一套强大的发条动力装甲，这使其它大陆的骑士在他面前就像易拉罐般渺小。现在瑞托崔普全身充满各种装置，小而强大的战士，他埋伏和破坏的技术已经达到了几乎自动化的高效水平。这个死亡工匠的机械可以迅速干掉不够谨慎的敌人，在这个战争时代宣告了新的曙光。是时候让你们见识见识发条技师的厉害了！","dj":"1|15|25","smz":"606|1324|2217","mfz":"221|458|887","gjl":"55-57|93-95|140-142","hj":"2|6|12","syfw":"1800/800","gjfw":"128","ddsd":"N/A","jdtj1":"http://www.dota2.com.cn/images/property/add/clockwerk.jpg","jdms1":"这个加点应该是中单或者优势路发条比较凶猛的一种加点了，一技能的高伤害配合一级导弹的开视野和大招能更好的单杀对方英雄，而且发条的战场插入能力也能让对方脆皮英雄或者后排英雄放不出技能就被秒杀。这种加点的优势就是暴力凶残，自己的输出就很高，但是缺点就是控制对方的时间不多，毕竟框住对方的时间在很长一段时间内都是3秒。","jdtj2":null,"jdms2":null,"cmzb":"树之祭祀*1|治疗药膏*1|圆盾*1|铁树枝干*3","qqzb":"速度之靴*1|护腕*1|魔瓶*1","hxzb":"相位鞋*1|魔杖*1|刃甲*1","hqsz":"阿哈利姆神杖*1|韧鼓*1|洞察烟斗*1|恐鳌之心*1|辉耀*1|希瓦的守护*1","ljt":"http://www.dota2.com.cn/images/property/clockwerk.gif","path":"clockwerk","zymc":"天辉","zytb":"http://www.dota2.com.cn/images/heropedia/radiant.jpg","yxtp":"http://www.dota2.com.cn/images/others/rattletrap_big1.jpg","gjlxxj":"1","yxdwxj":"1|1","llsjsmz":"19","llsjsmhf":"0.03","mjsjhj":"1","mjsjgjsd":"1","zlsjmfz":"13","zlsjmfhf":"0.04","sjgjl":"1","pjsh":"56","gjsd":"113|122|168","gjms":"1.5","gjsh":"55-57","gjjl":"128|128|128","wlhj":"1.82","wlshkx":"9%","mfshkx":"25%","minitb":"http://www.dota2.com.cn/images/heroes/rattletrap_icon.png"},{"id":68,"zwm":"米拉娜","ywm":"Mirana","jc":"白虎，虎妞，月女","xttx":"http://www.dota2.com.cn/images/heroes/mirana_full.png","dttx":"http://www.dota2.com.cn/images/heroes/mirana_vert.jpg","gjlx":"远程","yxlx":"敏捷","yxdw":"核心|爆发|控制|逃生","zltb":"http://www.dota2.com.cn/images/info1301/tit_img01.gif","zljc":"17","zlsj":"1.65","mjtb":"http://www.dota2.com.cn/images/info1301/tit_img02.gif","mjjc":"20","mjsj":"3.3","lltb":"http://www.dota2.com.cn/images/info1301/tit_img03.gif","lljc":"17","llsj":"1.85","gjltb":"http://www.dota2.com.cn/images/info1301/tit_img06.gif","csgjl":"18-29","ydsdtb":"http://www.dota2.com.cn/images/info1301/tit_img05.gif","csydsd":"300","hjtb":"http://www.dota2.com.cn/images/info1301/tit_img04.gif","cshj":"1.8","yxbj":"出生于皇室，带有高贵血统的公主米拉娜，在她即将登上太阳王座时，欣然放弃了所有对国土的世俗权力，将自身完全奉献给了月之女神赛莉蒙妮。从那以后米拉娜就作为众所周知的月之公主，巡回在银夜森林，搜索那些从月之女神保护地中的银色水池偷取夜光莲花的大胆之徒。米拉娜骑着她庞大的猫科伙伴，沉着、自豪且无畏，调和于月相和星座旋转。她的弓上镶嵌的月之矿石吸收月光之力，为她的光之箭矢充入能量。","dj":"1|15|25","smz":"473|965|1697","mfz":"221|521|996","gjl":"38-49|84-95|137-148","hj":"2|8|16","syfw":"1800/1200","gjfw":"600","ddsd":"900","jdtj1":"http://www.dota2.com.cn/images/property/add/mirana.jpg","jdms1":"白虎的加点主要有两种：主流星和主神箭。主箭利于Gank，但是相对难度较大。PoM（米拉娜的简写，DOTA2中是PrincessoftheMoon）的箭很讲究技巧与运气，没有长时间的练习、积累，很难提高命中成功率。这里需要说明的一点是白虎的大招。月之暗面可以选择在前期很早的时候就加一点，用来埋伏、逃生都是不错的选择。","jdtj2":null,"jdms2":null,"cmzb":"敏捷便鞋*2|树之祭祀*1|治疗药膏*1|净化药水*1|铁树枝干*1","qqzb":"魔棒*1|速度之靴*1|天鹰之戒*1","hxzb":"魔杖*1|动力鞋*1|幻影斧*1","hqsz":"蝴蝶*1|净魂之刃*1|强袭胸甲*1|黯灭*1|金箍棒*1","ljt":"http://www.dota2.com.cn/images/property/mirana.gif","path":"mirana","zymc":"天辉","zytb":"http://www.dota2.com.cn/images/heropedia/radiant.jpg","yxtp":"http://www.dota2.com.cn/images/others/mirana_big1.jpg","gjlxxj":"1","yxdwxj":"1|1|1|1","llsjsmz":"19","llsjsmhf":"0.03","mjsjhj":"1","mjsjgjsd":"1","zlsjmfz":"13","zlsjmfhf":"0.04","sjgjl":"1","pjsh":"43","gjsd":"120|131|186","gjms":"1.42","gjsh":"38-49","gjjl":"600|600|600","wlhj":"1","wlshkx":"9%","mfshkx":"25%","minitb":"http://www.dota2.com.cn/images/heroes/mirana_icon.png"},{"id":56,"zwm":"祈求者","ywm":"Invoker","jc":"卡尔、加若、Invoker","xttx":"http://www.dota2.com.cn/images/heroes/invoker_full.png","dttx":"http://www.dota2.com.cn/images/heroes/invoker_vert.jpg","gjlx":"远程","yxlx":"智力","yxdw":"核心|爆发|先手|逃生","zltb":"http://www.dota2.com.cn/images/info1301/tit_img01.gif","zljc":"22","zlsj":"4","mjtb":"http://www.dota2.com.cn/images/info1301/tit_img02.gif","mjjc":"20","mjsj":"1.9","lltb":"http://www.dota2.com.cn/images/info1301/tit_img03.gif","lljc":"19","llsj":"1.7","gjltb":"http://www.dota2.com.cn/images/info1301/tit_img06.gif","csgjl":"13-19","ydsdtb":"http://www.dota2.com.cn/images/info1301/tit_img05.gif","csydsd":"280","hjtb":"http://www.dota2.com.cn/images/info1301/tit_img04.gif","cshj":"1.8","yxbj":"在创立之初，魔法本质上是一门记忆的艺术，有些人认为这才是其最强力的形式。它无需任何科技，也无需魔杖或者其他施法媒介，只需要你有一颗魔法师的心。所有的那些祭祀里面的象形符号也仅仅是帮助记忆的手段，初衷是为了让施法者能够回想起施放法术时那大量的细节以及步骤。在那个年代，最伟大的法师就是记忆天赋最高的人，然而魔法祈唤实在是太过艰深，因此所有的法师不得不有所专攻。即使是最刻苦的法师，将一辈子奉献给魔法，最多也只能掌握三到四个法术。普通的法师能掌握两个就心满意足了，而对于那些乡下的法师来说，只掌握一个法术也再正常不过——即使这样，在极少的真正需要使用魔法的场合，他还得借助魔典才能战胜自己的健忘。然而，在那些早期的施法者中，有一个例外，一个智力超群，记忆力惊人的天才，以祈求者的名字为人们所知。在年少时，祈求者就已经掌握了不下十种法术。是的，不是四五个，也不是七个，而是十个，而且他还能毫不费力的施放这些法术。他学到过更多的法术，但是因为觉得没用，试过一次以后就彻底从脑中遗忘，这样才能为其他更为有用的法术留出空间。这些法术就是包括永生之术——能让施法者永生的法术，那些在世界之初吟唱了这个法术的人现在还活得好好的（除非他们被物质毁灭了）。而大多数这样的准不朽者都低调的生活在我们中间，害怕他们的秘密泄露：然而祈求者不是一个喜欢隐藏自己的天赋的人。他来自远古，比任何人都要博学，而他的心智还有余力让他去思考他无穷的自我价值...以及更多的法术——他在世界毁灭之时的漫长暮色中用来自娱自乐的法术。","dj":"1|15|25","smz":"511|963|1666","mfz":"286|1014|1794","gjl":"35-41|91-97|151-197","hj":"2|6|11","syfw":"1800/800","gjfw":"600","ddsd":"900","jdtj1":"http://www.dota2.com.cn/images/property/add/invoker.jpg","jdms1":"卡尔的加点方式非常多，不同的玩法有不同的加点方法，冰雷，雷火，冰火以及全系卡尔都有。这套加点是极限的冰雷卡，控制能力非常强大，唯一欠缺的是爆发力，在团队爆发足缺控制的情况下可以选择此套加点。如果生存条件不是十分恶劣，可以在冰加到3级时开始主雷副火。","jdtj2":null,"jdms2":null,"cmzb":"树之祭祀*1|治疗药膏*1|圆环*1|力量手套*1|铁树枝干*1","qqzb":"速度之靴*1|魔棒*1|护腕*1","hxzb":"相位鞋*1|韧鼓*1|魔杖*1|原力法杖*1","hqsz":"邪恶镰刀*1|闪烁匕首*1|阿哈利姆神杖*1|Eul的神圣法杖*1|黑皇杖*1|斯嘉蒂之眼*1","ljt":"http://www.dota2.com.cn/images/property/invoker.gif","path":"invoker","zymc":"夜魇","zytb":"http://www.dota2.com.cn/images/heropedia/dire.jpg","yxtp":"http://www.dota2.com.cn/images/others/invoker_big1.jpg","gjlxxj":"1","yxdwxj":"1|1|1|1","llsjsmz":"19","llsjsmhf":"0.03","mjsjhj":"1","mjsjgjsd":"1","zlsjmfz":"13","zlsjmfhf":"0.04","sjgjl":"1","pjsh":"38","gjsd":"120|147|180","gjms":"1.42","gjsh":"35-41","gjjl":"600|600|600","wlhj":"1","wlshkx":"9%","mfshkx":"25%","minitb":"http://www.dota2.com.cn/images/heroes/invoker_icon.png"},{"id":12,"zwm":"沉默术士","ywm":"Silencer","jc":"沉默、诺崇","xttx":"http://www.dota2.com.cn/images/heroes/silencer_full.png","dttx":"http://www.dota2.com.cn/images/heroes/silencer_vert.jpg","gjlx":"远程","yxlx":"智力","yxdw":"辅助|核心|先手","zltb":"http://www.dota2.com.cn/images/info1301/tit_img01.gif","zljc":"27","zlsj":"2.5","mjtb":"http://www.dota2.com.cn/images/info1301/tit_img02.gif","mjjc":"16","mjsj":"2.1","lltb":"http://www.dota2.com.cn/images/info1301/tit_img03.gif","lljc":"17","llsj":"2.2","gjltb":"http://www.dota2.com.cn/images/info1301/tit_img06.gif","csgjl":"16-30","ydsdtb":"http://www.dota2.com.cn/images/info1301/tit_img05.gif","csydsd":"295","hjtb":"http://www.dota2.com.cn/images/info1301/tit_img04.gif","cshj":"1.24","yxbj":"作为一支精心呵护的传承血脉中第七代也是最后一代的成员，诺崇从小就被一个叫做风蚀之寒的古老组织抚养，为的是让他成为世界上技艺空前的大魔法师。他就是预言中那个天选者，两百年来，先人在配偶和繁衍时谨慎无比，积累了数代的优秀血统，就是要培养出一个能够为组织带来无上荣誉的战斗法师，同时，毁灭他们的死敌：教会骑士团。组织在哈扎达尔废墟旁的山上的一个隐秘营地中抚养着一群和诺崇一样年轻的法师，导师们一直在等着诺崇展现自己独特的天赋。然而，就当其他学徒都开始施展并提升自己的火系、冰系、变形系魔法的时候，诺崇仍然是沉默的坐在那里，其貌不扬，连变形术都不会。随着最终考核日的临近，他身上仍然一点魔力都没有。导师们厌恶地斥责了他，其他人则大声的嘲笑着。“你根本不是法师。”组织的领袖大声的宣布。然而，诺崇并没有灰溜溜的走掉。他进入了比赛场，俯视着那些嘲笑他的年轻法师们，随后，他让这些人以及他们的导师们明白了一个重要的道理：魔法之极，唯寂方至。诺崇将那些所谓的天才法师们一个接一个的沉默，让他们不得不和他近身搏斗，直到最后，赛场中站着的只有他一个人，正如预言所说，他是风蚀之寒的首席法师。随后，他走出群山，走进大陆，现在的他有一个全新的名字：沉默术士，一切魔法，遭遇了他，都将归于寂静。","dj":"1|15|25","smz":"473|1058|1856","mfz":"351|806|1391","gjl":"43-57|78-92|123-137","hj":"1|5|11","syfw":"1800/800","gjfw":"600","ddsd":"1000","jdtj1":"http://www.dota2.com.cn/images/property/add/silencer.jpg","jdms1":"主静默诅咒的沉默在之前版本中一直是主流加点方式，线上强大的压制力，对于技能cd长，蓝量少的英雄来说简直犹如噩梦。最后遗言在团战中也能发挥出重要作用，应注意用来干扰敌方关键英雄的技能combo。同时也能弥补较晚升级智慧之刃造成的输出缺口。","jdtj2":null,"jdms2":null,"cmzb":"树之祭祀*1|治疗药膏*1|净化药水*1|圆环*1|智力斗篷*1","qqzb":"速度之靴*1|魔棒*1|空灵挂件*1|回城卷轴*1","hxzb":"动力鞋*1|原力法杖*1|魔杖*1|梅肯斯姆*1|回城卷轴*1","hqsz":"邪恶镰刀*1|阿托斯之棍*1|希瓦的守护*1|Eul的神圣法杖*1|紫怨*1|黑皇杖*1","ljt":"http://www.dota2.com.cn/images/property/silencer.gif","path":"silencer","zymc":"天辉","zytb":"http://www.dota2.com.cn/images/heropedia/radiant.jpg","yxtp":"http://www.dota2.com.cn/images/others/silencer_big1.jpg","gjlxxj":"1","yxdwxj":"1|1|1","llsjsmz":"19","llsjsmhf":"0.03","mjsjhj":"1","mjsjgjsd":"1","zlsjmfz":"13","zlsjmfhf":"0.04","sjgjl":"1","pjsh":"50","gjsd":"116|124|166","gjms":"1.47","gjsh":"43-57","gjjl":"600|600|600","wlhj":"1","wlshkx":"6%","mfshkx":"25%","minitb":"http://www.dota2.com.cn/images/heroes/silencer_icon.png"},{"id":104,"zwm":"灰烬之灵","ywm":"Ember Spirit","jc":"火熊猫","xttx":"http://www.dota2.com.cn/images/heroes/ember_spirit_full.png","dttx":"http://www.dota2.com.cn/images/heroes/ember_spirit_vert.jpg","gjlx":"近战","yxlx":"敏捷","yxdw":"核心|爆发","zltb":"http://www.dota2.com.cn/images/info1301/tit_img01.gif","zljc":"20","zlsj":"1.8","mjtb":"http://www.dota2.com.cn/images/info1301/tit_img02.gif","mjjc":"22","mjsj":"1.8","lltb":"http://www.dota2.com.cn/images/info1301/tit_img03.gif","lljc":"19","llsj":"2","gjltb":"http://www.dota2.com.cn/images/info1301/tit_img06.gif","csgjl":"30-34","ydsdtb":"http://www.dota2.com.cn/images/info1301/tit_img05.gif","csydsd":"310","hjtb":"http://www.dota2.com.cn/images/info1301/tit_img04.gif","cshj":"1.08","yxbj":"在燃烧要塞中有一口玉石大釜，里面装满了灰烬，这是当年的战争诗人，炘的火葬之地。炘毕生都在卫火盟教导年轻的弟子。后来燃烧之神被炘的师德所打动，下凡来到要塞中，重新点燃了灰烬。余烬之中，炘的样子渐渐成型，四周环绕着火焰。他的面容一如既往的沉静，为了让知识之火燎原，为寻求指引的人提供方向，他已准备就绪。","dj":"1|15|25","smz":"511|1043|1803","mfz":"260|588|1082","gjl":"52-56|71-81|115-119","hj":"1|5|10","syfw":"1800/800","gjfw":"128","ddsd":"N/A","jdtj1":"http://www.dota2.com.cn/images/property/ember_spirit.jpg","jdms1":"由于烈火罩能持续造成伤害，所以可以进行主升，之后升级炎阳索，提升技能伤害，有大加大，最后升级无影拳，增加中后期带线和消耗的能力。","jdtj2":"","jdms2":"","cmzb":"治疗药膏*1|净化药水*2|铁树枝干*2|圆盾*1","qqzb":"速度之靴*1|魔棒*1|影之灵龛*1","hxzb":"奥术鞋*1|魔杖*1|先锋盾*1","hqsz":"代达罗斯之殇*1|恐鳌之心*1|蝴蝶*1|雷神之锤*1|狂战斧*2","ljt":"http://www.dota2.com.cn/images/property/ember_spirit.gif","path":"ember_spirit","zymc":"天辉","zytb":"http://www.dota2.com.cn/images/heropedia/radiant.jpg","yxtp":"http://www.dota2.com.cn/images/others/ember_spirit_big1.jpg","gjlxxj":"1","yxdwxj":"1|2","llsjsmz":"19","llsjsmhf":"0.03","mjsjhj":"1","mjsjgjsd":"1","zlsjmfz":"13","zlsjmfhf":"0.04","sjgjl":"1","pjsh":"54","gjsd":"122|129|165","gjms":"1.39","gjsh":"52-56","gjjl":"128|128|128","wlhj":"1","wlshkx":"6%","mfshkx":"25%","minitb":"http://www.dota2.com.cn/images/heroes/ember_spirit_icon.png"},{"id":55,"zwm":"帕克","ywm":"Puck","jc":"puck，精灵龙","xttx":"http://www.dota2.com.cn/images/heroes/puck_full.png","dttx":"http://www.dota2.com.cn/images/heroes/puck_vert.jpg","gjlx":"远程","yxlx":"智力","yxdw":"先手|爆发|控制|逃生","zltb":"http://www.dota2.com.cn/images/info1301/tit_img01.gif","zljc":"25","zlsj":"2.4","mjtb":"http://www.dota2.com.cn/images/info1301/tit_img02.gif","mjjc":"22","mjsj":"1.7","lltb":"http://www.dota2.com.cn/images/info1301/tit_img03.gif","lljc":"15","llsj":"1.7","gjltb":"http://www.dota2.com.cn/images/info1301/tit_img06.gif","csgjl":"22-33","ydsdtb":"http://www.dota2.com.cn/images/info1301/tit_img05.gif","csydsd":"295","hjtb":"http://www.dota2.com.cn/images/info1301/tit_img04.gif","cshj":"2.08","yxbj":"当别人第一眼看到帕克的时候，都会觉得它十分淘气，是小孩子性格。然而正是这种错觉让帕克的真实个性得以隐藏。仙女龙一族的寿命趋于无限，帕克则还处于仙女龙的幼年形态，然而它在这一形态也已经过了上千年了。因此即使从某种意义上来说，帕克还算是幼年，但它的幼年期将会一直持续到现在的城市归于尘土。帕克的真实动机是什么，旁人完全无法捉摸，而在那嬉戏的外表下也有可能隐藏着更隐秘的目的。而唯一能让人体会到帕克真实个性的，是它对顽皮捣乱的无尽热衷。","dj":"1|15|25","smz":"435|887|1590","mfz":"325|762|1334","gjl":"47-58|81-92|125-136","hj":"2|5|11","syfw":"1800/1200","gjfw":"550","ddsd":"900","jdtj1":"http://www.dota2.com.cn/images/property/add/puck.jpg","jdms1":"这是一种偏向于gank的打法，前期幻象法球集超远aoe，blink于一身，配合上新月之痕的爆发还是非常高的，一级相位转移用来躲避技能，提高生存能力，这种加点方式算是比较常见主流的。","jdtj2":"","jdms2":"","cmzb":"树之祭祀*1|治疗药膏*1|净化药水*1|力量手套*2|铁树枝干*1","qqzb":"魔棒*1|速度之靴*1|魔瓶*1|护腕*1|护腕*1","hxzb":"魔杖*1|动力鞋*1|闪烁匕首*1","hqsz":"邪恶镰刀*1|血精石*1|阿哈利姆神杖*1|达贡之神力*1|希瓦的守护*1|林肯法球*1","ljt":"http://www.dota2.com.cn/images/property/puck.gif","path":"puck","zymc":"天辉","zytb":"http://www.dota2.com.cn/images/heropedia/radiant.jpg","yxtp":"http://www.dota2.com.cn/images/others/puck_big1.jpg","gjlxxj":"1","yxdwxj":"2|2|1|1","llsjsmz":"19","llsjsmhf":"0.03","mjsjhj":"1","mjsjgjsd":"1","zlsjmfz":"13","zlsjmfhf":"0.04","sjgjl":"1","pjsh":"52","gjsd":"122|129|163","gjms":"1.39","gjsh":"47-58","gjjl":"550|550|550","wlhj":"2","wlshkx":"11%","mfshkx":"25%","minitb":"http://www.dota2.com.cn/images/heroes/puck_icon.png"},{"id":106,"zwm":"凤凰","ywm":"Phoenix","jc":"凤凰","xttx":"http://www.dota2.com.cn/images/heroes/phoenix_full.png","dttx":"http://www.dota2.com.cn/images/heroes/phoenix_vert.jpg","gjlx":"远程","yxlx":"力量","yxdw":"先手|控制|爆发","zltb":"http://www.dota2.com.cn/images/info1301/tit_img01.gif","zljc":"18","zlsj":"1.80","mjtb":"http://www.dota2.com.cn/images/info1301/tit_img02.gif","mjjc":"12","mjsj":"1.30","lltb":"http://www.dota2.com.cn/images/info1301/tit_img03.gif","lljc":"17","llsj":"2.90","gjltb":"http://www.dota2.com.cn/images/info1301/tit_img06.gif","csgjl":"26-36","ydsdtb":"http://www.dota2.com.cn/images/info1301/tit_img05.gif","csydsd":"285","hjtb":"http://www.dota2.com.cn/images/info1301/tit_img04.gif","cshj":"-0.32","yxbj":"永世的黑暗中，光之守护者的第一个太阳之光轻微闪过，这一束有自我意识的光线注定要在虚空里发光发热。亿万年里，这一束炫目的光芒逐渐聚集了无穷的能量，爆发成了一颗超新星。在这烈火之中，如同其起源一样的光线向四下散射，穿越黑暗的海洋，到达各个星座。很快，这些光芒也将成为超新星，以同样的形式向外传递着光和热。这种奇迹一般的生命与重生将一直持续到创世神鬼斧神工的苍穹之上被完全点亮。在这无尽的轮回中，被凡人们称作凤凰的星星坍塌成型，和其先前的光芒一样，凤凰也一头扎入无尽宇宙，在其邻近的星系中散布光能。经过长久的轮回，逐渐有了意识，开始了解万物，机缘巧合下听闻有一处地方，由于宇宙的横生变故进行着经年累月的战斗。因此众星的新生儿化成了生物形态，渴望在最黑暗的地方闪耀他的光和热。","dj":"1|15|25","smz":"473|1244|2175","mfz":"234|562|1056","gjl":"43-53|84-94|133-143","hj":"0|2|7","syfw":"1800/800","gjfw":"500","ddsd":"1100","jdtj1":"","jdms1":"","jdtj2":null,"jdms2":null,"cmzb":"治疗药膏*1|树之祭祀*1|铁树枝干*1|圆盾*1","qqzb":"速度之靴*1|护腕*1|天鹰之戒*1|食人魔之斧*1","hxzb":"动力鞋*1|韧鼓*1|幻影斧*1","hqsz":"代达罗斯之殇*1|恐鳌之心*1|蝴蝶*1|辉耀*1|黑皇杖*1|斯嘉蒂之眼*1","ljt":"","path":"phoenix","zymc":"天辉","zytb":"http://www.dota2.com.cn/images/heropedia/radiant.jpg","yxtp":"http://www.dota2.com.cn/images/others/phoenix_big1.jpg","gjlxxj":"1","yxdwxj":"3|2|3","llsjsmz":"19","llsjsmhf":"0.03","mjsjhj":"1","mjsjgjsd":"1","zlsjmfz":"13","zlsjmfhf":"0.04","sjgjl":"1","pjsh":"48","gjsd":"112|130|143","gjms":"1.52","gjsh":"43-53","gjjl":"500|500|500","wlhj":"0","wlshkx":"-1%","mfshkx":"25%","minitb":"http://www.dota2.com.cn/images/heroes/phoenix_icon.png"}]}