{"hero":{"id":40,"zwm":"克林克兹","ywm":"clinkz","jc":"骨弓","xttx":"http://www.dota2.com.cn/images/heroes/clinkz_full.png","dttx":"http://www.dota2.com.cn/images/heroes/clinkz_vert.jpg","gjlx":"远程","yxlx":"敏捷","yxdw":"辅助-爆发-先手-推进","zltb":"http://www.dota2.com.cn/images/info1301/tit_img01.gif","zljc":"16","zlsj":"1.55","mjtb":"http://www.dota2.com.cn/images/info1301/tit_img02.gif","mjjc":"22","mjsj":"3","lltb":"http://www.dota2.com.cn/images/info1301/tit_img03.gif","lljc":"15","llsj":"1.6","gjltb":"http://www.dota2.com.cn/images/info1301/tit_img06.gif","csgjl":"15-21","ydsdtb":"http://www.dota2.com.cn/images/info1301/tit_img05.gif","csydsd":"300","hjtb":"http://www.dota2.com.cn/images/info1301/tit_img04.gif","cshj":"2.08","yxbj":"在流血丘陵的底部，蔓延着一片庞大的森林——霍文林地，在那里，有着数个幽暗的湖泊，汇集着丘陵上渗透下来的死血。萨瑟雷克斯，王之魔法师，用他的仁慈统治着这片土地。他手下最为忠心的，霍文林地的誓约守护者，克林克兹，是一名技艺精湛的弓箭手。在王之魔法师统治的第三百年，来自第六狱的恶魔莫拉格斯出现了，声称要占领这片森林。作为反击，王之魔法师降下了一个牢不可破的咒语：任何打败恶魔的人，都能获得无尽的生命。克林克兹在对咒语一无所知的情况下，毅然加入到了对莫拉格斯的战斗中，保护他的土地免遭恶魔的屠戮。逐渐的，克林克兹将莫拉格斯驱逐到了第六狱的传送门前，在那里与其进行了殊死的决斗。双双重伤的情况下，恶魔竭尽生命之力放出了地狱之火，而克林克兹也射出了自己的最后一箭。在箭矢射中恶魔并将其杀死的同时，地狱之火也在大地上蔓延开来，眼看克林克兹就要被活活烧死。然而，就在弓箭手燃烧的时候，王之魔法师的咒语生效了，让他以这种邪恶的形态活了下来。现在，克林克兹肉体已失，生命被禁锢在死亡的契约之中，只留下灼热的骷髅和无尽的怒气。他永不停止的呼吸中，充斥着地狱的灼热。","dj":"1/15/25","smz":"435/861/1545","mfz":"208/490/952","gjl":"37-43/79-85/129-135","hj":"2/8/15","syfw":"1800/800","gjfw":"630","ddsd":"900","jdtj1":"http://www.dota2.com.cn/images/property/add/clinkz.jpg","jdms1":"骷髅射手是一名敏捷型中后期英雄，骷髅射手的加点没有太多变化，前期主火箭，线上压人加补刀，自带的50点攻击力还是很客观的。前期扫射只点一级就足够了，今早的将疾风步升高，提高自身机动性。杀人，或者团战时，记住提前吃个野怪增加血量和攻击力。","jdtj2":null,"jdms2":null,"cmzb":"治疗药膏*1|树之祭祀*1|敏捷便鞋*1|铁树枝干*3|","qqzb":"速度之靴*1|天鹰之戒*1|魔杖*1|空明杖*1","hxzb":"动力鞋*1|紫怨*1|金箍棒*1|","hqsz":"代达罗斯之殇*1|蝴蝶*1|斯嘉蒂之眼*1|邪恶镰刀*1|黑皇杖*1|","ljt":"http://www.dota2.com.cn/images/property/clinkz.gif","path":"clinkz","zymc":"夜魇","zytb":"http://www.dota2.com.cn/images/heropedia/dire.jpg","yxtp":"http://www.dota2.com.cn/images/others/clinkz_big1.jpg","gjlxxj":"1","yxdwxj":"2-2","llsjsmz":"19","llsjsmhf":"0.03","mjsjhj":"1","mjsjgjsd":"1","zlsjmfz":"13","zlsjmfhf":"0.04","sjgjl":"1","pjsh":"40","gjsd":"122/134/194","gjms":"1.39","gjsh":"37-43","gjjl":"630/630/630","wlhj":"2","wlshkx":"11%","mfshkx":"25%","minitb":"http://www.dota2.com.cn/images/heroes/clinkz_icon.png"},"skillList":[{"id":174,"zwm":"克林克兹","jnmc":"扫射","jntb":"http://www.dota2.com.cn/images/heroes/abilities/clinkz_strafe_hp1.png","jnms":"克林克兹以密集的火力攻击。在短时间内极大提高攻击速度。","mftb":"http://www.dota2.com.cn/style/../images/info1301/ico1.gif","mfxh":"90/90/90/90","lqtb":"http://www.dota2.com.cn/style/../images/info1301/ico2.gif","lqsj":"40/35/30/25","jnxg":"<span class=\"color_white\">技能：</span>无目标|<span class=\"color_white\">持续时间：</span>4/6/8/10|<span class=\"color_white\">攻击速度提升：</span>130","jnsp":"http://dota2.dl.wanmei.com/dota2/video/abilities/clinkz_strafe.mp4","spms":"其他人很难分辨骷髅弓箭手身边缭绕的劲风到底是来自他心脏的火焰还是那让人眼花缭乱的射箭速度。","djjd":"8,12,13,14","ewms":""},{"id":175,"zwm":"克林克兹","jnmc":"灼热之箭","jntb":"http://www.dota2.com.cn/images/heroes/abilities/clinkz_searing_arrows_hp1.png","jnms":"让克林克兹的箭矢带有火焰，造成更多伤害。 ","mftb":"http://www.dota2.com.cn/style/../images/info1301/ico1.gif","mfxh":"10","lqtb":"http://www.dota2.com.cn/style/../images/info1301/ico2.gif","lqsj":"0","jnxg":"<span class=\"color_white\">技能：</span>自动施放,单位目标|<span class=\"color_white\">额外伤害：</span>30/40/50/60|<span class=\"color_white\">影响：</span>敌方单位|<span class=\"color_white\">伤害类型：</span>物理|<span class=\"color_white\">无视技能免疫：</span>是","jnsp":"http://dota2.dl.wanmei.com/dota2/video/abilities/clinkz_searing_arrows.mp4","spms":"克林克兹用他的灼热精华点燃弓箭，造成毁灭性打击。","djjd":"1,3,5,7","ewms":"灼热之箭能对建筑造成伤害。<br>伤害直接作为物理伤害加到克林克兹的攻击伤害中。"},{"id":176,"zwm":"克林克兹","jnmc":"骨隐步","jntb":"http://www.dota2.com.cn/images/heroes/abilities/clinkz_wind_walk_hp1.png","jnms":"使克林克兹能在隐形状态下移动，攻击或使用技能时现形。","mftb":"http://www.dota2.com.cn/style/../images/info1301/ico1.gif","mfxh":"75/75/75/75","lqtb":"http://www.dota2.com.cn/style/../images/info1301/ico2.gif","lqsj":"20/19/18/17","jnxg":"<span class=\"color_white\">技能：</span>无目标|<span class=\"color_white\">持续时间：</span>20/25/30/35|<span class=\"color_white\">移动速度提升：</span>11%/22%/33%/44%","jnsp":"http://dota2.dl.wanmei.com/dota2/video/abilities/clinkz_skeleton_walk.mp4","spms":"随着火焰的爆裂和烟雾的升起，骷髅弓箭手的身形遁于无形。","djjd":"2,4,9,10","ewms":"开启后不会打断大多数持续施法类技能和物品。<br>渐隐时间为0.6秒。"},{"id":177,"zwm":"克林克兹","jnmc":"死亡契约","jntb":"http://www.dota2.com.cn/images/heroes/abilities/clinkz_death_pact_hp1.png","jnms":"克林克兹消化掉一个友方或敌方小兵，生命上限及攻击力增加，数值为目标一定百分比的生命值。","mftb":"http://www.dota2.com.cn/style/../images/info1301/ico1.gif","mfxh":"100/100/100","lqtb":"http://www.dota2.com.cn/style/../images/info1301/ico2.gif","lqsj":"45/35/25","jnxg":"<span class=\"color_white\">技能：</span>单位目标|<span class=\"color_white\">持续时间：</span>35/35/35|<span class=\"color_white\">影响：</span>单位|<span class=\"color_white\">生命提升：</span>50%/65%/80%|<span class=\"color_white\">攻击力提升：</span>5%/6.5%/8%","jnsp":"http://dota2.dl.wanmei.com/dota2/video/abilities/clinkz_death_pact_b.mp4","spms":"萨瑟雷克斯的死亡契约已经成了克林克兹的一部分，他通过杀死那些低等生物来使自己的枯骨获得新生。","djjd":"6,11,16","ewms":"如果目标是敌方单位，克林克兹将获得经验和金钱。<br>克林克兹的当前血量和生命值上限都将提高。<br>持续时间结束后，血量上限回到正常值，但是当前生命值不变（不会高于血量上限）。"}],"qqzbList":[{"goods":{"id":39,"bigtype":"基础物品","type":"奥术","wpmc":"速度之靴","wppz":"1","wptp":"http://www.dota2.com.cn/images/items/boots_lg.png","jgtb":"http://www.dota2.com.cn/images/info1301/tit_img07.gif","jg":"450","wpjs":"穿双鞋子，跑的更快。","wpzyms":"移动速度提升效果不与其他鞋子叠加。","wpsyff":"","wpxg":"+ <span class=\"color_yellow\">50</span> 移动速度","lqsjtb":"","lqsj":"","mfxhtb":"","mfxh":"","qzwptb":"","wpzyms2":"","item_en":"boots"},"count":1},{"goods":{"id":64,"bigtype":"升级物品","type":"辅助","wpmc":"天鹰之戒","wppz":"3","wptp":"http://www.dota2.com.cn/images/items/ring_of_aquila_lg.png","jgtb":"http://www.dota2.com.cn/images/info1301/tit_img07.gif","jg":"985","wpjs":"陨落督军阿奎拉的戒指依然在战场上支援着军队。","wpzyms":"多个天鹰光环的效果不叠加。","wpsyff":"被动：天鹰光环-给予900内友军额外的魔法恢复速率和护甲。<br>主动：切换光环的影响单位（普通/仅限英雄）。","wpxg":"+ <span class=\"color_yellow\">9</span> 攻击力<br/>+ <span class=\"color_yellow\">3</span> 所有属性<br/>+ <span class=\"color_yellow\">6</span> 敏捷<br/>+ <span class=\"color_yellow\">1</span> 护甲<br/>光环恢复魔法：<span class=\"color_yellow\">0.65</span><br/>光环提升护甲：<span class=\"color_yellow\">2</span>","lqsjtb":"","lqsj":"","mfxhtb":"","mfxh":"","qzwptb":"","wpzyms2":"王者之戒，天鹰之戒和弗拉迪米尔的祭品拥有的护甲光环互不叠加。","item_en":"ring_of_aquila"},"count":1},{"goods":{"id":50,"bigtype":"升级物品","type":"普通","wpmc":"魔杖","wppz":"2","wptp":"http://www.dota2.com.cn/images/items/magic_wand_lg.png","jgtb":"http://www.dota2.com.cn/images/info1301/tit_img07.gif","jg":"509","wpjs":"一个简易但实用的魔杖，能够补充使用者的能量--巫师学徒和高级术士都喜欢。","wpzyms":"","wpsyff":"主动：充能 - 每当周围有敌人施放技能都会自动充能（最多15点能量）。当使用时，每点能量为你回复生命值和魔法值。","wpxg":"+ <span class=\"color_yellow\">3</span> 所有属性<br/>每点能量回复：<span class=\"color_yellow\">15</span>","lqsjtb":"http://www.dota2.com.cn/images/info1301/ico2.gif","lqsj":"12","mfxhtb":"","mfxh":"","qzwptb":"","wpzyms2":"1200码视野范围内敌人使用技能就会获得点数。 <br>部分英雄技能和物品技能的施放将不会增加点数。","item_en":"magic_wand"},"count":1},{"goods":{"id":56,"bigtype":"升级物品","type":"普通","wpmc":"空明杖","wppz":"2","wptp":"http://www.dota2.com.cn/images/items/oblivion_staff_lg.png","jgtb":"http://www.dota2.com.cn/images/info1301/tit_img07.gif","jg":"1675","wpjs":"在让人误以为只是根普通铁头木棒的外表下的，其实是根非常强大的法杖，其威力如影惧神殿一样捉摸不透。","wpzyms":"","wpsyff":"","wpxg":"+ <span class=\"color_yellow\">6</span> 智力<br/>+ <span class=\"color_yellow\">10</span> 攻击速度<br/>+ <span class=\"color_yellow\">15</span> 攻击力<br/>+ <span class=\"color_yellow\">75%</span> 魔法恢复","lqsjtb":"","lqsj":"","mfxhtb":"","mfxh":"","qzwptb":"","wpzyms2":"","item_en":"oblivion_staff"},"count":1}],"cmzbList":[{"goods":{"id":3,"bigtype":"基础物品","type":"消耗品","wpmc":"治疗药膏","wppz":"3","wptp":"http://www.dota2.com.cn/images/items/flask_lg.png","jgtb":"http://www.dota2.com.cn/images/info1301/tit_img07.gif","jg":"115","wpjs":"即使最严重的伤口也能快速治愈的魔法药膏。","wpzyms":"","wpsyff":"使用：恢复 - 持续恢复生命值，受到攻击会驱散效果。","wpxg":"持续时间：<span class=\"color_yellow\">10</span><br/>生命回复量：<span class=\"color_yellow\">400</span>","lqsjtb":"","lqsj":"","mfxhtb":"","mfxh":"","qzwptb":"","wpzyms2":"治疗药膏可以共享。","item_en":"flask"},"count":1},{"goods":{"id":2,"bigtype":"基础物品","type":"消耗品","wpmc":"树之祭祀","wppz":"3","wptp":"http://www.dota2.com.cn/images/items/tango_lg.png","jgtb":"http://www.dota2.com.cn/images/info1301/tit_img07.gif","jg":"125","wpjs":"战场上的救命稻草。","wpzyms":"","wpsyff":"使用：吃树-吃掉一棵树来恢复生命值。可以使用4次。","wpxg":"持续时间：<span class=\"color_yellow\">16</span><br/>生命恢复量：<span class=\"color_yellow\">115</span>","lqsjtb":"","lqsj":"","mfxhtb":"","mfxh":"","qzwptb":"","wpzyms2":"","item_en":"tango"},"count":1},{"goods":{"id":14,"bigtype":"基础物品","type":"属性","wpmc":"敏捷便鞋","wppz":"1","wptp":"http://www.dota2.com.cn/images/items/slippers_lg.png","jgtb":"http://www.dota2.com.cn/images/info1301/tit_img07.gif","jg":"150","wpjs":"蜘蛛皮做成的轻便靴子，能让你感觉到刺痛。","wpzyms":"","wpsyff":"","wpxg":"+ <span class=\"color_yellow\">3</span> 敏捷","lqsjtb":"","lqsj":"","mfxhtb":"","mfxh":"","qzwptb":"","wpzyms2":"","item_en":"slippers"},"count":1},{"goods":{"id":12,"bigtype":"基础物品","type":"属性","wpmc":"铁树枝干","wppz":"1","wptp":"http://www.dota2.com.cn/images/items/branches_lg.png","jgtb":"http://www.dota2.com.cn/images/info1301/tit_img07.gif","jg":"50","wpjs":"一根看起来很普通的树枝，它如铁般坚硬的品质赋予持有者好运。","wpzyms":"","wpsyff":"","wpxg":"+ <span class=\"color_yellow\">1</span> 所有属性","lqsjtb":"","lqsj":"","mfxhtb":"","mfxh":"","qzwptb":"","wpzyms2":"","item_en":"branches"},"count":3}],"adapt_type_list":[{"id":59,"zwm":"赏金猎人","ywm":"Bounty Hunter","jc":"赏金,BH","xttx":"http://www.dota2.com.cn/images/heroes/bounty_hunter_full.png","dttx":"http://www.dota2.com.cn/images/heroes/bounty_hunter_vert.jpg","gjlx":"近战","yxlx":"敏捷","yxdw":"核心|逃生|爆发","zltb":"http://www.dota2.com.cn/images/info1301/tit_img01.gif","zljc":"19","zlsj":"1.4","mjtb":"http://www.dota2.com.cn/images/info1301/tit_img02.gif","mjjc":"21","mjsj":"3","lltb":"http://www.dota2.com.cn/images/info1301/tit_img03.gif","lljc":"17","llsj":"1.8","gjltb":"http://www.dota2.com.cn/images/info1301/tit_img06.gif","csgjl":"24-38","ydsdtb":"http://www.dota2.com.cn/images/info1301/tit_img05.gif","csydsd":"315","hjtb":"http://www.dota2.com.cn/images/info1301/tit_img04.gif","cshj":"5.94","yxbj":"关于赏金猎人刚铎，有很多真假难分的故事，唯一的共同点是，讲述这些故事的人都死了。在那些低语中，有的说他像工具一样被抛弃，为了生存而学习追踪术。另一种说法是他是战争中幸存的弃儿，被伟大的猎手索鲁克带走，并在阴暗的森林中教会他高超的猎人技巧。然而，另外一些人则相信他是贫民窟的捣蛋鬼，在一帮小偷扒手中混迹成人，擅长偷盗和误导。被刚铎追杀的人每次一提起他，恐惧就会剧增：他们说，那个追踪暴君伽夫多年，最后将其逼疯并杀死，割下其头颅拿走其权杖的人，就是刚铎。就是他，渗透进海西特反叛军营地，将传奇盗贼“白色海角”带回去接受审判。就是他，终结了猎手索鲁克的神话，让其为杀死王子的得力助手付出了代价。刚铎的传奇还在继续，每一个故事都比之前的更加不可思议，每一个猎物都比以前的更加难以捕杀。然而，只要出价够高，谁都无法躲开他；只要出价够高，即使是最强大的战士，想到刚铎，都会在阴影中颤抖。","dj":"1|15|25","smz":"473|952|1674","mfz":"247|502|944","gjl":"45-59|87-101|137-151","hj":"6|12|19","syfw":"1800/1000","gjfw":"128","ddsd":"N/A","jdtj1":"http://www.dota2.com.cn/images/property/add/bounty_hunter.jpg","jdms1":"赏金猎人是一名敏捷型后期英雄，赏金猎人的加点向来受人津津乐道，几乎每个职业选手选择对赏金猎人的加点都不相同，三个技能在特殊的局势下都可以选择优先加满。这是一个前期主加飞镖的加点路线，前期爆发高，唯一缺陷是过于缺蓝，不过可以考虑出魔瓶或者秘法鞋。","jdtj2":"","jdms2":"","cmzb":"圆盾*1|树之祭祀*1|治疗药膏*1|铁树枝干*3","qqzb":"速度之靴*1|穷鬼盾*1|魔棒*1","hxzb":"相位鞋*1|魔杖*1|狂战斧*1","hqsz":"勇气勋章*1|黯灭*1|金箍棒*1|弗拉迪米尔的祭品*1|强袭胸甲*1|净魂之刃*1","ljt":"http://www.dota2.com.cn/images/property/bounty_hunter.gif","path":"bounty_hunter","zymc":"天辉","zytb":"http://www.dota2.com.cn/images/heropedia/radiant.jpg","yxtp":"http://www.dota2.com.cn/images/others/bounty_hunter_big1.jpg","gjlxxj":"1","yxdwxj":"1|2|1","llsjsmz":"19","llsjsmhf":"0.03","mjsjhj":"1","mjsjgjsd":"1","zlsjmfz":"13","zlsjmfhf":"0.04","sjgjl":"1","pjsh":"52","gjsd":"121|133|193","gjms":"1.4","gjsh":"45-59","gjjl":"128|128|128","wlhj":"5","wlshkx":"26%","mfshkx":"25%","minitb":"http://www.dota2.com.cn/images/heroes/bounty_hunter_icon.png"},{"id":99,"zwm":"育母蜘蛛","ywm":"Broodmother","jc":"蜘蛛","xttx":"http://www.dota2.com.cn/images/heroes/broodmother_full.png","dttx":"http://www.dota2.com.cn/images/heroes/broodmother_vert.jpg","gjlx":"近战","yxlx":"敏捷","yxdw":"辅助|爆发|先手|推进","zltb":"http://www.dota2.com.cn/images/info1301/tit_img01.gif","zljc":"18","zlsj":"2","mjtb":"http://www.dota2.com.cn/images/info1301/tit_img02.gif","mjjc":"18","mjsj":"2.2","lltb":"http://www.dota2.com.cn/images/info1301/tit_img03.gif","lljc":"17","llsj":"2.5","gjltb":"http://www.dota2.com.cn/images/info1301/tit_img06.gif","csgjl":"26-32","ydsdtb":"http://www.dota2.com.cn/images/info1301/tit_img05.gif","csydsd":"295","hjtb":"http://www.dota2.com.cn/images/info1301/tit_img04.gif","cshj":"2.52","yxbj":"几个世纪以来，育母蜘蛛布蕾克·艾拉齐娜一直潜伏在灼神山的火山口岩洞中，悉心的照料着数以百万计的幼虫，保证他们能够安全的存活到去地上世界捕食的年龄。直到后来，索罗普瑟斯，一个贪婪的权臣，在死火山的火山口修建了他的私人庙塔，因为他知道，就算有人觊觎他的财富，也不能活着穿越那条蜘蛛出没的死亡之路。在安享了几百年的安宁后，布蕾克·艾拉齐娜发现一些不速之客不停的在干扰着她的生活，毛手毛脚的小偷、有勇无谋的骑士，以及出生贵族的年轻人——诚然，他们都是美味的食物，但是他们的到来切实的影响到了她照料她那“无辜”的后代。忍无可忍之时，她去造访了索罗普瑟斯，而这个权臣却不愿意妥协，于是她用蛛丝将他裹起来，扔到一边，留给那些即将出生的小崽子们美味一顿。不幸的是，庙塔主人的失踪却让更多的人壮着胆子前来骚扰。而当她的一名新生儿被一个冒失的探险者踩死时，她终于爆发了。育母蜘蛛向着地上世界前进，誓要清洗掉世界上所有可能对她的孩子有威胁的入侵者，即使是英雄也不例外，直到确保她能够为她那珍贵的小蜘蛛们提供一个安全健康的温床。","dj":"1|15|25","smz":"473|1138|1993","mfz":"234|598|1118","gjl":"44-50|75-81|117-123","hj":"3|7|13","syfw":"1800/800","gjfw":"128","ddsd":"N/A","jdtj1":"http://www.dota2.com.cn/images/property/add/broodmother.jpg","jdms1":"育母蜘蛛最大的特点就是牵制和推进，说她是个战术英雄更加靠谱，往往在你们与对面缠斗的时候，育母蜘蛛就可以孤身一人推掉你的高地。由于前期有蛛网的存在，没有真眼的情况下很难将蜘蛛击杀。","jdtj2":"","jdms2":"","cmzb":"治疗药膏*1|树之祭祀*1|净化药水*1|铁树枝干*2|守护指环*1","qqzb":"速度之靴*1|灵魂之戒*1|天鹰之戒*1","hxzb":"动力鞋*1|紫怨*1","hqsz":"黑皇杖*1|弗拉迪米尔的祭品*1|蝴蝶*1|金箍棒*1|强袭胸甲*1|辉耀*1","ljt":"http://www.dota2.com.cn/images/property/broodmother.gif","path":"broodmother","zymc":"夜魇","zytb":"http://www.dota2.com.cn/images/heropedia/dire.jpg","yxtp":"http://www.dota2.com.cn/images/others/broodmother_big1.jpg","gjlxxj":"1","yxdwxj":"3|1|1","llsjsmz":"19","llsjsmhf":"0.03","mjsjhj":"1","mjsjgjsd":"1","zlsjmfz":"13","zlsjmfhf":"0.04","sjgjl":"1","pjsh":"47","gjsd":"118|127|171","gjms":"1.44","gjsh":"44-50","gjjl":"128|128|128","wlhj":"2","wlshkx":"13%","mfshkx":"25%","minitb":"http://www.dota2.com.cn/images/heroes/broodmother_icon.png"},{"id":80,"zwm":"斯拉克","ywm":"Slark","jc":"小鱼人","xttx":"http://www.dota2.com.cn/images/heroes/slark_full.png","dttx":"http://www.dota2.com.cn/images/heroes/slark_vert.jpg","gjlx":"近战","yxlx":"敏捷","yxdw":"逃生","zltb":"http://www.dota2.com.cn/images/info1301/tit_img01.gif","zljc":"16","zlsj":"1.9","mjtb":"http://www.dota2.com.cn/images/info1301/tit_img02.gif","mjjc":"21","mjsj":"1.5","lltb":"http://www.dota2.com.cn/images/info1301/tit_img03.gif","lljc":"21","llsj":"1.8","gjltb":"http://www.dota2.com.cn/images/info1301/tit_img06.gif","csgjl":"33-41","ydsdtb":"http://www.dota2.com.cn/images/info1301/tit_img05.gif","csydsd":"305","hjtb":"http://www.dota2.com.cn/images/info1301/tit_img04.gif","cshj":"1.94","yxbj":"除了水下住民，暗黑之礁很少为世人所知晓，这是座沉没之牢，关押的都是犯下滔天罪行的海洋生物。这座监牢外围装满了倒钩，里面充斥着心狠手辣的鱼人，狡猾歹毒的深海住民还有嗜杀同类的南海人。在这阴暗的迷宫中，鳗鱼四处巡逻，巨大的海葵担任着守卫的工作，在里面想不死就只能为恶。斯拉克被投入暗黑之礁的罪名已经不得而知，他在里面待的半生泯灭了亲情和良知，信任的只有自己，信奉的生存之道是鬼祟的行动和冷酷的心肠，他的脑海中不断酝酿自己的想法和计划。当臭名昭著的暗黑之礁十二恶棍密谋着越狱时，他们完美地将计划保密，发现蛛丝马迹的人都被他们杀害-但是他们的阴谋不知怎么的被斯拉克发现了，他在这计划中给自己找到了容身之地。越狱过程中十个恶棍遭到击毙，剩下两个被擒获，押回了暗黑之礁，作为那里犯人们的消遣活动被处以极刑。但是斯拉克，无名的第十三个越狱犯，利用暴乱作掩护逃之夭夭；永获自由。现在斯拉克隐居在紧靠影承废墟南部的食肉红树林灌丛中，迄今为止，他仍是唯一成功从暗黑之礁越狱的逃犯。","dj":"1|15|25","smz":"549|1028|1750","mfz":"208|554|1061","gjl":"54-62|75-83|110-118","hj":"2|5|10","syfw":"1800/1800","gjfw":"128","ddsd":"N/A","jdtj1":"http://www.dota2.com.cn/images/property/add/slark.jpg","jdms1":"这是主黑暗契约的小鱼人加点，前期三个技能个点一级，然后优先将黑暗契约补满黑暗契约能收兵而且能接触很多效果，所以优先点满。至于吸属性1级足够。小鱼人的E突袭比较难于释放，所以对于大部分玩家还是主AOE较为稳妥。","jdtj2":"","jdms2":"","cmzb":"圆盾*1|铁树枝干*2|治疗药膏*1|净化药水*1|树之祭祀*1","qqzb":"魔棒*1|速度之靴*1|淬毒之珠*1","hxzb":"魔杖*1|动力鞋*1|韧鼓*1","hqsz":"黑皇杖*1|斯嘉蒂之眼*1|恐鳌之心*1|幻影斧*1|强袭胸甲*1|蝴蝶*1","ljt":"http://www.dota2.com.cn/images/property/slark.gif","path":"slark","zymc":"夜魇","zytb":"http://www.dota2.com.cn/images/heropedia/dire.jpg","yxtp":"http://www.dota2.com.cn/images/others/slark_big1.jpg","gjlxxj":"1","yxdwxj":"3","llsjsmz":"19","llsjsmhf":"0.03","mjsjhj":"1","mjsjgjsd":"1","zlsjmfz":"13","zlsjmfhf":"0.04","sjgjl":"1","pjsh":"48","gjsd":"121|127|157","gjms":"1.4","gjsh":"54-62","gjjl":"128|128|128","wlhj":"1","wlshkx":"10%","mfshkx":"25%","minitb":"http://www.dota2.com.cn/images/heroes/slark_icon.png"},{"id":27,"zwm":"编织者","ywm":"Weaver","jc":"蚂蚁","xttx":"http://www.dota2.com.cn/images/heroes/weaver_full.png","dttx":"http://www.dota2.com.cn/images/heroes/weaver_vert.jpg","gjlx":"远程","yxlx":"敏捷","yxdw":"核心|逃生","zltb":"http://www.dota2.com.cn/images/info1301/tit_img01.gif","zljc":"15","zlsj":"1.8","mjtb":"http://www.dota2.com.cn/images/info1301/tit_img02.gif","mjjc":"14","mjsj":"2.5","lltb":"http://www.dota2.com.cn/images/info1301/tit_img03.gif","lljc":"15","llsj":"1.5","gjltb":"http://www.dota2.com.cn/images/info1301/tit_img06.gif","csgjl":"36-46","ydsdtb":"http://www.dota2.com.cn/images/info1301/tit_img05.gif","csydsd":"290","hjtb":"http://www.dota2.com.cn/images/info1301/tit_img04.gif","cshj":"0.96","yxbj":"创世之纱需要长期细心的照料，以防止其变得残破；因为一旦它散开了，整个世界就将毁于一旦。编织者的工作就是保持创世之纱的紧密，用现实之网修补它的破损。他们同样要防止那些在创世之纱的缺口上产卵或者侵蚀创世之纱的虫子，只要编织者稍微分心，这些家伙的幼虫就能吞噬掉整个宇宙。斯吉茨格尔是一名大师级的编织者，负责维护一块小补丁的紧密。然而这项任务并不能满足他，他经常唠叨过去那些原始的创造工作，对干完活就走人的世界纺织者也是颇有微词。他想创造，不想只是维护——他想按自己的设计编织出自己的世界。他开始在他负责的区域上做手脚，逐渐不能自拔，他的胆子也愈发的大，甚至私自改动了世界纺织者编织的图案。最后，守卫者来了，毁掉了编织者所作的一切，直接从创世之纱上去除了这一块，然后重新编织，却不让他参与其中。斯吉茨格尔现在孤身一人，被种群所弃，换做任何其他编织者，都会备受折磨。然而斯吉茨格尔却无比愉悦，因为他终于自由了，能够自由的创造，重头开始。他创造新世界所需的所有材料都触手可及。他只需要从缺口处将现在的世界撕裂。","dj":"1|15|25","smz":"435|834|1499","mfz":"195|523|1017","gjl":"50-60|85-95|130-140","hj":"1|6|12","syfw":"1800/800","gjfw":"425","ddsd":"900","jdtj1":"http://www.dota2.com.cn/images/property/add/weaver.jpg","jdms1":"蚂蚁主缩地，无论补刀，耗血还是逃生都是性价比颇高的技能。也是蚂蚁可以劣势路单的资本。前期连击一级就够甚至不学习都可以，中期补满蝗虫技能，gank，团战，能减防，又有伤害，还能开视野，没有理由不加满。","jdtj2":"","jdms2":"","cmzb":"树之祭祀*1|净化药水*1|治疗药膏*1|敏捷便鞋*2|铁树枝干*1","qqzb":"魔棒*1|速度之靴*1|天鹰之戒*1","hxzb":"魔杖*1|动力鞋*1|林肯法球*1","hqsz":"辉耀*1|先锋盾*1|金箍棒*1|蝴蝶*1","ljt":"http://www.dota2.com.cn/images/property/weaver.gif","path":"weaver","zymc":"夜魇","zytb":"http://www.dota2.com.cn/images/heropedia/dire.jpg","yxtp":"http://www.dota2.com.cn/images/others/weaver_big1.jpg","gjlxxj":"1","yxdwxj":"2|3","llsjsmz":"19","llsjsmhf":"0.03","mjsjhj":"1","mjsjgjsd":"1","zlsjmfz":"13","zlsjmfhf":"0.04","sjgjl":"1","pjsh":"55","gjsd":"108|118|168","gjms":"1.58","gjsh":"50-60","gjjl":"425|425|425","wlhj":"0","wlshkx":"5%","mfshkx":"25%","minitb":"http://www.dota2.com.cn/images/heroes/weaver_icon.png"}],"videoList":[{"id":9,"spdz":"http://dota2.dl.wanmei.com/dota2/patch/clinkz_basic.flv","zwm":"克林克兹","splx":"新手教学","createtime":null,"img":"http://www.dota2.com.cn/apps/dota2/images/video/raider/clinkz_basic.jpg","bfsc":"2:44","gxsj":"2013-10-30","spbb":"6.79","spdzm":"http://dota2.dl.wanmei.com/dota2/video/clinkz_basic.mp4"}],"recommendList":[{"id":175,"gldz":"http://www.dota2.com.cn/raiders/newer/20131112/153327.shtml","tm":"DOTA2新手成神之路克林克兹打法攻略","sj":"2013-11-12","zwm":"克林克兹","tp":"http://dota2.wanmei.com/resources/jpg/140217/10251392627447761.jpg","js":"优先点满的技能。全DOTA2屈指可数的可以对机械单位，建筑物，魔免单位(6.79改动)使用的物理攻击法球。"},{"id":69,"gldz":"http://www.dota2.com.cn/raiders/newer/20131028/152460.shtml","tm":"DOTA2骷髅射手新手攻略骨弓成新劣单王者技巧","sj":"2013-10-28","zwm":"克林克兹","tp":"http://dota2.wanmei.com/resources/jpg/140212/10251392190556260.jpg","js":"在流血丘陵的底部，蔓延着一片庞大的森林-----霍文林地，在那里，有着数个幽暗的湖泊，汇集着丘陵上渗透下来的死血。"}],"adapt_bkz_list":[{"id":99,"zwm":"育母蜘蛛","ywm":"Broodmother","jc":"蜘蛛","xttx":"http://www.dota2.com.cn/images/heroes/broodmother_full.png","dttx":"http://www.dota2.com.cn/images/heroes/broodmother_vert.jpg","gjlx":"近战","yxlx":"敏捷","yxdw":"辅助|爆发|先手|推进","zltb":"http://www.dota2.com.cn/images/info1301/tit_img01.gif","zljc":"18","zlsj":"2","mjtb":"http://www.dota2.com.cn/images/info1301/tit_img02.gif","mjjc":"18","mjsj":"2.2","lltb":"http://www.dota2.com.cn/images/info1301/tit_img03.gif","lljc":"17","llsj":"2.5","gjltb":"http://www.dota2.com.cn/images/info1301/tit_img06.gif","csgjl":"26-32","ydsdtb":"http://www.dota2.com.cn/images/info1301/tit_img05.gif","csydsd":"295","hjtb":"http://www.dota2.com.cn/images/info1301/tit_img04.gif","cshj":"2.52","yxbj":"几个世纪以来，育母蜘蛛布蕾克·艾拉齐娜一直潜伏在灼神山的火山口岩洞中，悉心的照料着数以百万计的幼虫，保证他们能够安全的存活到去地上世界捕食的年龄。直到后来，索罗普瑟斯，一个贪婪的权臣，在死火山的火山口修建了他的私人庙塔，因为他知道，就算有人觊觎他的财富，也不能活着穿越那条蜘蛛出没的死亡之路。在安享了几百年的安宁后，布蕾克·艾拉齐娜发现一些不速之客不停的在干扰着她的生活，毛手毛脚的小偷、有勇无谋的骑士，以及出生贵族的年轻人——诚然，他们都是美味的食物，但是他们的到来切实的影响到了她照料她那“无辜”的后代。忍无可忍之时，她去造访了索罗普瑟斯，而这个权臣却不愿意妥协，于是她用蛛丝将他裹起来，扔到一边，留给那些即将出生的小崽子们美味一顿。不幸的是，庙塔主人的失踪却让更多的人壮着胆子前来骚扰。而当她的一名新生儿被一个冒失的探险者踩死时，她终于爆发了。育母蜘蛛向着地上世界前进，誓要清洗掉世界上所有可能对她的孩子有威胁的入侵者，即使是英雄也不例外，直到确保她能够为她那珍贵的小蜘蛛们提供一个安全健康的温床。","dj":"1|15|25","smz":"473|1138|1993","mfz":"234|598|1118","gjl":"44-50|75-81|117-123","hj":"3|7|13","syfw":"1800/800","gjfw":"128","ddsd":"N/A","jdtj1":"http://www.dota2.com.cn/images/property/add/broodmother.jpg","jdms1":"育母蜘蛛最大的特点就是牵制和推进，说她是个战术英雄更加靠谱，往往在你们与对面缠斗的时候，育母蜘蛛就可以孤身一人推掉你的高地。由于前期有蛛网的存在，没有真眼的情况下很难将蜘蛛击杀。","jdtj2":"","jdms2":"","cmzb":"治疗药膏*1|树之祭祀*1|净化药水*1|铁树枝干*2|守护指环*1","qqzb":"速度之靴*1|灵魂之戒*1|天鹰之戒*1","hxzb":"动力鞋*1|紫怨*1","hqsz":"黑皇杖*1|弗拉迪米尔的祭品*1|蝴蝶*1|金箍棒*1|强袭胸甲*1|辉耀*1","ljt":"http://www.dota2.com.cn/images/property/broodmother.gif","path":"broodmother","zymc":"夜魇","zytb":"http://www.dota2.com.cn/images/heropedia/dire.jpg","yxtp":"http://www.dota2.com.cn/images/others/broodmother_big1.jpg","gjlxxj":"1","yxdwxj":"3|1|1","llsjsmz":"19","llsjsmhf":"0.03","mjsjhj":"1","mjsjgjsd":"1","zlsjmfz":"13","zlsjmfhf":"0.04","sjgjl":"1","pjsh":"47","gjsd":"118|127|171","gjms":"1.44","gjsh":"44-50","gjjl":"128|128|128","wlhj":"2","wlshkx":"13%","mfshkx":"25%","minitb":"http://www.dota2.com.cn/images/heroes/broodmother_icon.png"},{"id":47,"zwm":"力丸","ywm":"Riki","jc":"隐刺","xttx":"http://www.dota2.com.cn/images/heroes/riki_full.png","dttx":"http://www.dota2.com.cn/images/heroes/riki_vert.jpg","gjlx":"近战","yxlx":"敏捷","yxdw":"核心|逃生","zltb":"http://www.dota2.com.cn/images/info1301/tit_img01.gif","zljc":"14","zlsj":"1.3","mjtb":"http://www.dota2.com.cn/images/info1301/tit_img02.gif","mjjc":"34","mjsj":"2.9","lltb":"http://www.dota2.com.cn/images/info1301/tit_img03.gif","lljc":"17","llsj":"2","gjltb":"http://www.dota2.com.cn/images/info1301/tit_img06.gif","csgjl":"14-18","ydsdtb":"http://www.dota2.com.cn/images/info1301/tit_img05.gif","csydsd":"300","hjtb":"http://www.dota2.com.cn/images/info1301/tit_img04.gif","cshj":"5.76","yxbj":"力丸是伟大的塔林王朝的二皇子。他有一个将会继承王位的兄长，还有一个受到百般照顾的弟弟，而作为二子的力丸，则似乎生来就是隐形人。他自己很注意培养这一项特殊才能，在一个晚上，国家被叛徒所颠覆，他的家人被屠杀，只有力丸因为隐身技能活了下来。矮小而敏捷的力丸用烟雾做掩护，无比谨慎的逃离了，他也是唯一逃脱的皇族。善于突袭的他杀出了皇家庭院，无声地切开一个又一个敌人的喉咙。不再背负皇室治国之责以后，力丸开始运用他的天赋以谋生，他成为了一名隐形刺客。现在他于无声中将敌人杀死，不断精进自己的技术，期望有一天可以能够手刃那些杀死他家人，夺走他国家的叛徒。","dj":"1|15|25","smz":"473|1005|1765","mfz":"182|419|848","gjl":"48-52|89-93|138-142","hj":"6|11|18","syfw":"1800/800","gjfw":"128","ddsd":"N/A","jdtj1":"http://www.dota2.com.cn/images/property/add/riki.jpg","jdms1":"隐形刺客的加点比较灵活，1级可以点闪烁也可以点雾，雾有沉默效果关键时刻可以用来保命。背刺前期可以只点1级也可以主升，主要依据形势而定。闪烁是优先加满的技能，做为一名刺客，这还是必须拥有的看家本领。至于大招的升级，其实可以在其他技能点满之后再升级2、3级大招。如果处于劣势可以优先考虑，毕竟缩短进入隐身的时间还是很有用的。","jdtj2":"","jdms2":"","cmzb":"树之祭祀*2|治疗药膏*1|敏捷便鞋*1|铁树枝干*3","qqzb":"魔棒*1|速度之靴*1|穷鬼盾*1","hxzb":"动力鞋*1|魔杖*1|净魂之刃*1","hqsz":"蝴蝶*1|弗拉迪米尔的祭品*1|黑皇杖*1|强袭胸甲*1|散夜对剑*1","ljt":"http://www.dota2.com.cn/images/property/riki.gif","path":"riki","zymc":"天辉","zytb":"http://www.dota2.com.cn/images/heropedia/radiant.jpg","yxtp":"http://www.dota2.com.cn/images/others/riki_big1.jpg","gjlxxj":"1","yxdwxj":"2|1","llsjsmz":"19","llsjsmhf":"0.03","mjsjhj":"1","mjsjgjsd":"1","zlsjmfz":"13","zlsjmfhf":"0.04","sjgjl":"1","pjsh":"50","gjsd":"134|146|204","gjms":"1.27","gjsh":"48-52","gjjl":"128|128|128","wlhj":"5","wlshkx":"25%","mfshkx":"25%","minitb":"http://www.dota2.com.cn/images/heroes/riki_icon.png"},{"id":59,"zwm":"赏金猎人","ywm":"Bounty Hunter","jc":"赏金,BH","xttx":"http://www.dota2.com.cn/images/heroes/bounty_hunter_full.png","dttx":"http://www.dota2.com.cn/images/heroes/bounty_hunter_vert.jpg","gjlx":"近战","yxlx":"敏捷","yxdw":"核心|逃生|爆发","zltb":"http://www.dota2.com.cn/images/info1301/tit_img01.gif","zljc":"19","zlsj":"1.4","mjtb":"http://www.dota2.com.cn/images/info1301/tit_img02.gif","mjjc":"21","mjsj":"3","lltb":"http://www.dota2.com.cn/images/info1301/tit_img03.gif","lljc":"17","llsj":"1.8","gjltb":"http://www.dota2.com.cn/images/info1301/tit_img06.gif","csgjl":"24-38","ydsdtb":"http://www.dota2.com.cn/images/info1301/tit_img05.gif","csydsd":"315","hjtb":"http://www.dota2.com.cn/images/info1301/tit_img04.gif","cshj":"5.94","yxbj":"关于赏金猎人刚铎，有很多真假难分的故事，唯一的共同点是，讲述这些故事的人都死了。在那些低语中，有的说他像工具一样被抛弃，为了生存而学习追踪术。另一种说法是他是战争中幸存的弃儿，被伟大的猎手索鲁克带走，并在阴暗的森林中教会他高超的猎人技巧。然而，另外一些人则相信他是贫民窟的捣蛋鬼，在一帮小偷扒手中混迹成人，擅长偷盗和误导。被刚铎追杀的人每次一提起他，恐惧就会剧增：他们说，那个追踪暴君伽夫多年，最后将其逼疯并杀死，割下其头颅拿走其权杖的人，就是刚铎。就是他，渗透进海西特反叛军营地，将传奇盗贼“白色海角”带回去接受审判。就是他，终结了猎手索鲁克的神话，让其为杀死王子的得力助手付出了代价。刚铎的传奇还在继续，每一个故事都比之前的更加不可思议，每一个猎物都比以前的更加难以捕杀。然而，只要出价够高，谁都无法躲开他；只要出价够高，即使是最强大的战士，想到刚铎，都会在阴影中颤抖。","dj":"1|15|25","smz":"473|952|1674","mfz":"247|502|944","gjl":"45-59|87-101|137-151","hj":"6|12|19","syfw":"1800/1000","gjfw":"128","ddsd":"N/A","jdtj1":"http://www.dota2.com.cn/images/property/add/bounty_hunter.jpg","jdms1":"赏金猎人是一名敏捷型后期英雄，赏金猎人的加点向来受人津津乐道，几乎每个职业选手选择对赏金猎人的加点都不相同，三个技能在特殊的局势下都可以选择优先加满。这是一个前期主加飞镖的加点路线，前期爆发高，唯一缺陷是过于缺蓝，不过可以考虑出魔瓶或者秘法鞋。","jdtj2":"","jdms2":"","cmzb":"圆盾*1|树之祭祀*1|治疗药膏*1|铁树枝干*3","qqzb":"速度之靴*1|穷鬼盾*1|魔棒*1","hxzb":"相位鞋*1|魔杖*1|狂战斧*1","hqsz":"勇气勋章*1|黯灭*1|金箍棒*1|弗拉迪米尔的祭品*1|强袭胸甲*1|净魂之刃*1","ljt":"http://www.dota2.com.cn/images/property/bounty_hunter.gif","path":"bounty_hunter","zymc":"天辉","zytb":"http://www.dota2.com.cn/images/heropedia/radiant.jpg","yxtp":"http://www.dota2.com.cn/images/others/bounty_hunter_big1.jpg","gjlxxj":"1","yxdwxj":"1|2|1","llsjsmz":"19","llsjsmhf":"0.03","mjsjhj":"1","mjsjgjsd":"1","zlsjmfz":"13","zlsjmfhf":"0.04","sjgjl":"1","pjsh":"52","gjsd":"121|133|193","gjms":"1.4","gjsh":"45-59","gjjl":"128|128|128","wlhj":"5","wlshkx":"26%","mfshkx":"25%","minitb":"http://www.dota2.com.cn/images/heroes/bounty_hunter_icon.png"},{"id":95,"zwm":"嗜血狂魔","ywm":"Bloodseeker","jc":"BS","xttx":"http://www.dota2.com.cn/images/heroes/bloodseeker_full.png","dttx":"http://www.dota2.com.cn/images/heroes/bloodseeker_vert.jpg","gjlx":"近战","yxlx":"敏捷","yxdw":"核心|打野","zltb":"http://www.dota2.com.cn/images/info1301/tit_img01.gif","zljc":"18","zlsj":"1.7","mjtb":"http://www.dota2.com.cn/images/info1301/tit_img02.gif","mjjc":"24","mjsj":"3","lltb":"http://www.dota2.com.cn/images/info1301/tit_img03.gif","lljc":"23","llsj":"2","gjltb":"http://www.dota2.com.cn/images/info1301/tit_img06.gif","csgjl":"29-35","ydsdtb":"http://www.dota2.com.cn/images/info1301/tit_img05.gif","csydsd":"300","hjtb":"http://www.dota2.com.cn/images/info1301/tit_img04.gif","cshj":"3.36","yxbj":"血魔史德利古尔是通过仪式严格甄选出的猎手，更准确的说，他是剥皮双子忠实的走狗，他从常年云雾缭绕的噬血之峰被派下去搜寻鲜血。剥皮双子需要海量的鲜血来获得满足和安抚，而如果当地的祭祀没能满足他们，他们就会抽干这个高原王国所有人民的鲜血。因此史德利古尔总是外出进行屠戮。他能榨取出血液之中的生命之力，然后这些能量通过他武器和护甲上的附魔标记立刻流向双子。多年以来，他一直是一条得力的走狗，在战斗时他像豺狼一样残暴。据说，在血魔那涌动着对鲜血的渴望的面具之下，能够直视剥皮双子那可怖的嘴脸。","dj":"1|15|25","smz":"587|1119|1879","mfz":"234|543|1024","gjl":"53-59|95-101|145-151","hj":"3|9|16","syfw":"1800/800","gjfw":"128","ddsd":"N/A","jdtj1":"http://www.dota2.com.cn/images/property/add/bloodseeker.jpg","jdms1":"血魔的加点变化不多，主3和主2都有选择。这套加点相对平均，六级时有两级屠戮和嗜血渴望。建议在线上压力不是很大的情况下优先将3技能加满。增加血魔gank的机动性。","jdtj2":"","jdms2":"","cmzb":"树之祭祀*1|圆盾*1|压制之刃*1","qqzb":"穷鬼盾*1|速度之靴*1|魔杖*1|回城卷轴*1","hxzb":"动力鞋*1|怨灵系带*1|散夜对剑*1","hqsz":"辉耀*1|蝴蝶*1|黑皇杖*1|金箍棒*1|强袭胸甲*1|恐鳌之心*1","ljt":"http://www.dota2.com.cn/images/property/bloodseeker.gif","path":"bloodseeker","zymc":"夜魇","zytb":"http://www.dota2.com.cn/images/heropedia/dire.jpg","yxtp":"http://www.dota2.com.cn/images/others/bloodseeker_big1.jpg","gjlxxj":"1","yxdwxj":"1|1","llsjsmz":"19","llsjsmhf":"0.03","mjsjhj":"1","mjsjgjsd":"1","zlsjmfz":"13","zlsjmfhf":"0.04","sjgjl":"1","pjsh":"56","gjsd":"124|136|196","gjms":"1.37","gjsh":"53-59","gjjl":"128|128|128","wlhj":"3","wlshkx":"16%","mfshkx":"25%","minitb":"http://www.dota2.com.cn/images/heroes/bloodseeker_icon.png"},{"id":102,"zwm":"卓尔游侠","ywm":"Drow Ranger","jc":"小黑、崔希丝","xttx":"http://www.dota2.com.cn/images/heroes/drow_ranger_full.png","dttx":"http://www.dota2.com.cn/images/heroes/drow_ranger_vert.jpg","gjlx":"远程","yxlx":"敏捷","yxdw":"核心","zltb":"http://www.dota2.com.cn/images/info1301/tit_img01.gif","zljc":"15","zlsj":"1.4","mjtb":"http://www.dota2.com.cn/images/info1301/tit_img02.gif","mjjc":"26","mjsj":"1.9","lltb":"http://www.dota2.com.cn/images/info1301/tit_img03.gif","lljc":"17","llsj":"1.9","gjltb":"http://www.dota2.com.cn/images/info1301/tit_img06.gif","csgjl":"18-29","ydsdtb":"http://www.dota2.com.cn/images/info1301/tit_img05.gif","csydsd":"300","hjtb":"http://www.dota2.com.cn/images/info1301/tit_img04.gif","cshj":"0.64","yxbj":"卓尔游侠名叫崔希丝，这个名字很适合矮小、有点像侏儒、令人生厌的卓尔人。但崔希丝并不是卓尔人。她的双亲在坐大篷车旅行时受到土匪的袭击，滥杀无辜的土匪激怒了附近爱好和平的卓尔人。战斗结束后，卓尔人发现了一个藏在马车残骸中的小女孩，他们一致同意不能让这个失去父母的孩子被抛弃。还是孩童时，崔希丝就展现出了她对那些卓尔人引以为傲的技术的天赋：隐秘、沉默、敏锐。如果不看身体，在精神上她就像一个被拐走后又回到自己真正家中的卓尔人孩童。但随着她的成长，她的个头比她的家人高了不少，她因此认为自己是个丑陋的卓尔人。即使她皮肤光滑且长的匀称，完全没有卓尔人的肉疣和粗糙的髯须。与收养她的部族疏远后，她独自居住在森林中。许多在森林中寻路的旅行者都说他们见过一个美丽得难以置信的游侠在树林深处凝视他们，而当他们试图接近时，她又消失的无影无踪。轻盈、隐秘的冷美人，她像无声的迷雾般移动。你听到的森林低语，其实是她命中敌人心脏的霜冻箭矢的破空之声。","dj":"1|15|25","smz":"473|978|1719","mfz":"195|450|892","gjl":"44-55|71-82|110-121","hj":"1|4|10","syfw":"1800/1700","gjfw":"625","ddsd":"1250","jdtj1":"http://www.dota2.com.cn/images/property/add/drow_ranger.jpg","jdms1":"卓尔游侠是一名敏捷型后期英雄，卓尔游侠的加点选择也非常多，这种是前期主加冰箭的，满级冰箭50%的减速效果还是非常恶心人的，也成为前期对线的一大利器。值得注意的就是前期务必要加一点沉默，往往在击杀或者被gank时有着意想不到的效果。","jdtj2":"","jdms2":"","cmzb":"治疗药膏*1|树之祭祀*1|敏捷便鞋*2|铁树枝干*2","qqzb":"速度之靴*1|魔棒*1|怨灵系带*2","hxzb":"魔杖*1|动力鞋*1|幻影斧*1","hqsz":"影刃*1|蝴蝶*1|代达罗斯之殇*1|黑皇杖*1|撒旦之邪力*1","ljt":"http://www.dota2.com.cn/images/property/drow_ranger.gif","path":"drow_ranger","zymc":"天辉","zytb":"http://www.dota2.com.cn/images/heropedia/radiant.jpg","yxtp":"http://www.dota2.com.cn/images/others/drow_ranger_big1.jpg","gjlxxj":"1","yxdwxj":"2","llsjsmz":"19","llsjsmhf":"0.03","mjsjhj":"1","mjsjgjsd":"1","zlsjmfz":"13","zlsjmfhf":"0.04","sjgjl":"1","pjsh":"49","gjsd":"126|134|172","gjms":"1.35","gjsh":"44-55","gjjl":"625|625|625","wlhj":"0","wlshkx":"3%","mfshkx":"25%","minitb":"http://www.dota2.com.cn/images/heroes/drow_ranger_icon.png"},{"id":9,"zwm":"幻影刺客","ywm":"Phantom Assassin","jc":"PA、幻刺、魅影之纱","xttx":"http://www.dota2.com.cn/images/heroes/phantom_assassin_full.png","dttx":"http://www.dota2.com.cn/images/heroes/phantom_assassin_vert.jpg","gjlx":"近战","yxlx":"敏捷","yxdw":"核心|逃生","zltb":"http://www.dota2.com.cn/images/info1301/tit_img01.gif","zljc":"13","zlsj":"1","mjtb":"http://www.dota2.com.cn/images/info1301/tit_img02.gif","mjjc":"23","mjsj":"3.15","lltb":"http://www.dota2.com.cn/images/info1301/tit_img03.gif","lljc":"20","llsj":"1.85","gjltb":"http://www.dota2.com.cn/images/info1301/tit_img06.gif","csgjl":"23-25","ydsdtb":"http://www.dota2.com.cn/images/info1301/tit_img05.gif","csydsd":"310","hjtb":"http://www.dota2.com.cn/images/info1301/tit_img04.gif","cshj":"4.22","yxbj":"通过占卜和预见，魅影之纱一直严格的甄选一些婴儿来抚养成人，成为她们的刺客。这是一个将刺杀视作神圣的自然法则的女刺客同盟。魅影之纱通过冥想和神谕来确定他们的暗杀目标。她们不被任何条款所束缚，也从不因为政治斗争或者金钱利益刺杀。她们的刺杀完全没有时间规律，似乎是随性为之：不管你是手握大权，还是平凡农夫，对她们来说，你的死法都是一样的。即使这些刺杀行为有一个固定的套路，那也是只有组织成员才知道。她们把目标看做必要的牺牲品，而死亡则是荣耀加身。作为幻影刺客，她们的身份从小就只有组织内的人才知道，而任何一个幻影刺客都能填补另一个的空缺；她们甚至连代号都不为人知。也许成员有很多，也许只有几个。那谜样面纱之下的真相无人知晓。只有一个，在四下无人之时，那面纱会时不时的被隐秘低语所拂动，低语中，是她自己的名字：茉崔蒂。","dj":"1|15|25","smz":"530|1022|1754","mfz":"169|351|741","gjl":"46-48|90-92|142-144","hj":"4|10|18","syfw":"1800/800","gjfw":"128","ddsd":"N/A","jdtj1":"http://www.dota2.com.cn/images/property/add/phantom_assassin.jpg","jdms1":"幻影刺客也是Dota几个“无敌后期”中的人选，这套加点是目前比较主流的pa打法套路。前期点一级模糊做为别人gank自己时的报警器。主D可以让幻刺更从容的在线上补刀，毕竟是近战后期，免不了受到对方强力英雄的轮番照顾。中期将闪烁点满，收割，切入都能有着很好的效果。","jdtj2":"","jdms2":"","cmzb":"树之祭祀*1|治疗药膏*1|铁树枝干*3|圆盾*1","qqzb":"魔棒*1|速度之靴*1|天鹰之戒*1","hxzb":"魔杖*1|相位鞋*1|黑皇杖*1","hqsz":"恐鳌之心*1|强袭胸甲*1|蝴蝶*1|深渊之刃*1","ljt":"http://www.dota2.com.cn/images/property/phantom_assassin.gif","path":"phantom_assassin","zymc":"夜魇","zytb":"http://www.dota2.com.cn/images/heropedia/dire.jpg","yxtp":"http://www.dota2.com.cn/images/others/phantom_assassin_big1.jpg","gjlxxj":"1","yxdwxj":"3|1","llsjsmz":"19","llsjsmhf":"0.03","mjsjhj":"1","mjsjgjsd":"1","zlsjmfz":"13","zlsjmfhf":"0.04","sjgjl":"1","pjsh":"47","gjsd":"123|136|199","gjms":"1.38","gjsh":"46-48","gjjl":"128|128|128","wlhj":"4","wlshkx":"20%","mfshkx":"25%","minitb":"http://www.dota2.com.cn/images/heroes/phantom_assassin_icon.png"},{"id":50,"zwm":"裂魂人","ywm":"Spirit Breaker","jc":"白牛，SB","xttx":"http://www.dota2.com.cn/images/heroes/spirit_breaker_full.png","dttx":"http://www.dota2.com.cn/images/heroes/spirit_breaker_vert.jpg","gjlx":"近战","yxlx":"力量","yxdw":"耐久|核心|先手|控制","zltb":"http://www.dota2.com.cn/images/info1301/tit_img01.gif","zljc":"14","zlsj":"1.80","mjtb":"http://www.dota2.com.cn/images/info1301/tit_img02.gif","mjjc":"17","mjsj":"1.70","lltb":"http://www.dota2.com.cn/images/info1301/tit_img03.gif","lljc":"29","llsj":"2.40","gjltb":"http://www.dota2.com.cn/images/info1301/tit_img06.gif","csgjl":"31-41","ydsdtb":"http://www.dota2.com.cn/images/info1301/tit_img05.gif","csydsd":"290","hjtb":"http://www.dota2.com.cn/images/info1301/tit_img04.gif","cshj":"5.38","yxbj":"裂魂人巴拉森来自元素领域，他高傲、强大、凶猛且精通元素之力，来到物质世界参与那些会影响到元素世界的事件。为此他准备了一个能派上用处的形态，既存在于我们的物质世界，又存在于物质世界之外。他的物理形态来自于我们的物质世界，又像牛又像人，有蹄和手，这个外表象征着他的力量、速度与狡猾。他戴着的鼻环则暗示了他侍奉于一位藏在幕后的主人，而这个世界对他来说不过是元素世界的影子。","dj":"1|15|25","smz":"701|1339|2175","mfz":"182|510|1004","gjl":"60-70|94-104|138-148","hj":"5|9|14","syfw":"1800/800","gjfw":"128","ddsd":"N/A","jdtj1":"http://www.dota2.com.cn/images/property/add/spirit_breaker.jpg","jdms1":"改版之后白牛的加点有了一些改变，现在神行太保不再附加攻击力，但是附加移动速度和攻击速度在前期的性价比很高的，这套加点比较平均，前期只点1级冲刺，然后神行太保和巨力重击对点，根据实际情况选择优先神行太保还是巨力重击。","jdtj2":null,"jdms2":null,"cmzb":"树之祭祀*1|治疗药膏*1|圆盾*1|铁树枝干*3","qqzb":"速度之靴*1|魔棒*1|影之灵龛*1|护腕*1","hxzb":"动力鞋*1|魔杖*1|疯狂面具*1|黑皇杖*1","hqsz":"恐鳌之心*1|天堂之戟*1|强袭胸甲*1|阿哈利姆神杖*1|代达罗斯之殇*1|","ljt":"http://www.dota2.com.cn/images/property/spirit_breaker.gif","path":"spirit_breaker","zymc":"夜魇","zytb":"http://www.dota2.com.cn/images/heropedia/dire.jpg","yxtp":"http://www.dota2.com.cn/images/others/spirit_breaker_big1.jpg","gjlxxj":"1","yxdwxj":"2|1|1|1","llsjsmz":"19","llsjsmhf":"0.03","mjsjhj":"1","mjsjgjsd":"1","zlsjmfz":"13","zlsjmfhf":"0.04","sjgjl":"1","pjsh":"65","gjsd":"106|113|147","gjms":"1.62","gjsh":"60-70","gjjl":"128|128|128","wlhj":"5","wlshkx":"24%","mfshkx":"25%","minitb":"http://www.dota2.com.cn/images/heroes/spirit_breaker_icon.png"},{"id":92,"zwm":"熊战士","ywm":"Ursa","jc":"拍拍熊","xttx":"http://www.dota2.com.cn/images/heroes/ursa_full.png","dttx":"http://www.dota2.com.cn/images/heroes/ursa_vert.jpg","gjlx":"近战","yxlx":"敏捷","yxdw":"核心|打野|耐久","zltb":"http://www.dota2.com.cn/images/info1301/tit_img01.gif","zljc":"16","zlsj":"1.5","mjtb":"http://www.dota2.com.cn/images/info1301/tit_img02.gif","mjjc":"18","mjsj":"2.1","lltb":"http://www.dota2.com.cn/images/info1301/tit_img03.gif","lljc":"23","llsj":"2.7","gjltb":"http://www.dota2.com.cn/images/info1301/tit_img06.gif","csgjl":"27-31","ydsdtb":"http://www.dota2.com.cn/images/info1301/tit_img05.gif","csydsd":"310","hjtb":"http://www.dota2.com.cn/images/info1301/tit_img04.gif","cshj":"5.52","yxbj":"战士乌尔萨是熊怪部落最强大的一员，保护着他的家园和人民。在漫长的冬季，当女性族人在睡觉和照料后代时，男性则外出巡逻，他们不知疲倦、保持警惕，按自古以来的传统守卫着部落。乌尔萨听见一些模糊但在增加的传言说有一股邪恶势力正在扩散，他便跑出了这个野性部族的边界线，希望追踪到这个邪恶势力并在它能危害到他的人民之前，就将其在源头摧毁。自豪的乌尔萨有着光明且强大的灵魂，他是个绝对值得信任的忠实战友和守卫者。","dj":"1|15|25","smz":"587|1305|2198","mfz":"208|481|936","gjl":"45-49|74-78|115-119","hj":"6|10|15","syfw":"1800/800","gjfw":"128","ddsd":"N/A","jdtj1":"http://www.dota2.com.cn/images/property/add/ursa.jpg","jdms1":"熊战士真没有什么非主流加点，前期唯一的加点出入可能就是在学震撼大地的等级上，有人喜欢后面补，有人喜欢前期学。主要还是根据个人习惯，以及阵容搭配，在控制多的情况下，熊战士可以晚点学习震撼大地。","jdtj2":null,"jdms2":null,"cmzb":"树之祭祀*2|治疗药膏*1|铁树枝干*1|圆盾*1","qqzb":"速度之靴*1|魔棒*1|王者之戒*1","hxzb":"相位鞋*1|魔杖*1|弗拉迪米尔的祭品*1|闪烁匕首*1","hqsz":"蝴蝶*1|黯灭*1|强袭胸甲*1|金箍棒*1|代达罗斯之殇*1|恐鳌之心*1","ljt":"http://www.dota2.com.cn/images/property/ursa.gif","path":"ursa","zymc":"天辉","zytb":"http://www.dota2.com.cn/images/heropedia/radiant.jpg","yxtp":"http://www.dota2.com.cn/images/others/ursa_big1.jpg","gjlxxj":"1","yxdwxj":"2|2|1","llsjsmz":"19","llsjsmhf":"0.03","mjsjhj":"1","mjsjgjsd":"1","zlsjmfz":"13","zlsjmfhf":"0.04","sjgjl":"1","pjsh":"47","gjsd":"118|126|168","gjms":"1.44","gjsh":"45-49","gjjl":"128|128|128","wlhj":"5","wlshkx":"24%","mfshkx":"25%","minitb":"http://www.dota2.com.cn/images/heroes/ursa_icon.png"}],"honorList":[{"id":77,"zwm":"克林克兹","msg":"暂无","createtime":null}],"adapt_zd_list":[{"id":49,"zwm":"炼金术士","ywm":"Alchemist","jc":"炼金","xttx":"http://www.dota2.com.cn/images/heroes/alchemist_full.png","dttx":"http://www.dota2.com.cn/images/heroes/alchemist_vert.jpg","gjlx":"近战","yxlx":"力量","yxdw":"耐久|核心|控制","zltb":"http://www.dota2.com.cn/images/info1301/tit_img01.gif","zljc":"25","zlsj":"1.80","mjtb":"http://www.dota2.com.cn/images/info1301/tit_img02.gif","mjjc":"11","mjsj":"1.20","lltb":"http://www.dota2.com.cn/images/info1301/tit_img03.gif","lljc":"25","llsj":"1.80","gjltb":"http://www.dota2.com.cn/images/info1301/tit_img06.gif","csgjl":"24-33","ydsdtb":"http://www.dota2.com.cn/images/info1301/tit_img05.gif","csydsd":"295","hjtb":"http://www.dota2.com.cn/images/info1301/tit_img04.gif","cshj":"1.54","yxbj":"投身神圣的化学事业是黑酿家族的传统，但是年轻的拉泽尔无论是野心、创造力还是执着都超出了家族中的任何一人。然而在他成年以后，他却将家族事业置之不顾，开始试着用炼金术制造黄金。如他大胆的名声所述，有一次他宣布要把一整座山全部变成金子。在浪费了二十年时间进行研究和准备后，他的炼金术在众人面前壮观地失败了，实验造成了大面积的破坏，很快他就被囚禁了。然后拉泽尔从不轻易退步，他一直在寻找机会逃出去继续他的研究。当他的牢房来了一个凶猛的食人魔狱友后，他发现机会来了。说服食人魔不要吃他后，拉泽尔用牢房石地上生长的霉菌和苔藓为原料，仔细地调和着一种药酊，准备给食人魔喝。花了一周不到的时间，药酊似乎完成了。当食人魔喝下药剂后，它突然变得狂怒起来，像个无法阻挡的狂战士般，破坏了监狱的铁栏，冲破了墙壁和狱卒。很快他们就发现自己在城市外围的森林中迷路了，虽然留下了一路破坏的踪迹，但没有追兵的迹象。受到药剂后遗症的作用，食人魔显得很安详、快乐，也更热心了。决定合伙后，这对搭档再次出发去寻找拉泽尔炼金术试验所需要的材料。","dj":"1|15|25","smz":"625|1104|1826","mfz":"325|653|1147","gjl":"49-58|74-83|112-121","hj":"2|4|8","syfw":"1800/800","gjfw":"128","ddsd":"N/A","jdtj1":"http://www.dota2.com.cn/images/property/add/alchemist.jpg","jdms1":"炼金这个英雄出装备会非常快，所以需要这个英雄好好的去打钱。首先3技能就是为了让自己更快的打钱，其次就是主升级1技能，起到一个线上压制的作用，而且满级的毒雾基本上很快可以杀死远程兵，在推塔的时候也能让对方英雄不敢来防守塔。配合着回血回蓝的大招，基本上技能可以一直释放，学习一级晕是为了帮助队友gank或者反gank。","jdtj2":null,"jdms2":null,"cmzb":"树之祭祀*1|治疗药膏*1|铁树枝干*3|圆盾*1","qqzb":"速度之靴*1|魔棒*1|治疗指环*1|王者之戒*1","hxzb":"相位鞋*1|魔杖*1|先锋盾*1","hqsz":"","ljt":"http://www.dota2.com.cn/images/property/alchemist.gif","path":"alchemist","zymc":"天辉","zytb":"http://www.dota2.com.cn/images/heropedia/radiant.jpg","yxtp":"http://www.dota2.com.cn/images/others/alchemist_big1.jpg","gjlxxj":"1","yxdwxj":"2|1|1","llsjsmz":"19","llsjsmhf":"0.03","mjsjhj":"1","mjsjgjsd":"1","zlsjmfz":"13","zlsjmfhf":"0.04","sjgjl":"1","pjsh":"53","gjsd":"111|116|140","gjms":"1.53","gjsh":"49-58","gjjl":"128|128|128","wlhj":"1","wlshkx":"8%","mfshkx":"25%","minitb":"http://www.dota2.com.cn/images/heroes/alchemist_icon.png"},{"id":28,"zwm":"蝙蝠骑士","ywm":"Batrider","jc":"蝙蝠","xttx":"http://www.dota2.com.cn/images/heroes/batrider_full.png","dttx":"http://www.dota2.com.cn/images/heroes/batrider_vert.jpg","gjlx":"远程","yxlx":"智力","yxdw":"先手|控制|爆发|逃生","zltb":"http://www.dota2.com.cn/images/info1301/tit_img01.gif","zljc":"24","zlsj":"2.5","mjtb":"http://www.dota2.com.cn/images/info1301/tit_img02.gif","mjjc":"15","mjsj":"1.5","lltb":"http://www.dota2.com.cn/images/info1301/tit_img03.gif","lljc":"23","llsj":"2.4","gjltb":"http://www.dota2.com.cn/images/info1301/tit_img06.gif","csgjl":"14-18","ydsdtb":"http://www.dota2.com.cn/images/info1301/tit_img05.gif","csydsd":"290","hjtb":"http://www.dota2.com.cn/images/info1301/tit_img04.gif","cshj":"2.1","yxbj":"那些生活在荒狱丛林中的生物根本不知道什么叫和平共处。它们只知道用牙咬，用爪挠，用蛰刺，用蹄踩，即使稍微露怯也能让你立马死去。据说蝙蝠骑士在被外出觅食的食人蝠带走之前，只是一个普通农家的孩子，正在地里帮忙做农活。然而被带走后，他立刻想出了好点子，翻身骑上了抓住他的蝙蝠的后背，转眼间蝙蝠就成了他的工具。当他从那些血腥的尸骸中走出来时，他已经沉醉于战斗给他带来的兴奋和刺激，男孩终于意识到了自己内心深处的渴望。随着他的成长，每个夏天他都会回到家里的农田中，经常外出躲在草丛中，期望能够找回当年的血盆大口和致命的下坠给他带来的面对死亡的兴奋。时间一年年的过去，他的渴望变得愈发强烈。为了快速成长，他参加了每一次的远征，直到他找到了蝙蝠洞穴的路。据说在一个灼热仲夏的前夜，骑手只带了一捆绳索、一瓶壮胆酒以及灼热的决心，为了再次感受到天空，他只身跳入洞穴...","dj":"1|15|25","smz":"587|1225|2061","mfz":"312|767|1352","gjl":"38-42|73-77|118-122","hj":"2|5|10","syfw":"1200/800","gjfw":"375","ddsd":"900","jdtj1":"http://www.dota2.com.cn/images/property/add/batrider.jpg","jdms1":"如今的蝙蝠CW中出场的机会越来越少了，但是在路人局中还是能经常看见的。蝙蝠加点依然是前期主燃油，副火焰，线上无限叠油，累积到一定层数，强杀。唯一值得注意的地方是，现在蝙蝠前期很早的时候要用一级R（烈焰破击）用来打断回城，团战中也可以打乱地方阵型。","jdtj2":"","jdms2":"","cmzb":"树之祭祀*2|圆盾*1|铁树枝干*3","qqzb":"速度之靴*1|魔棒*1|影之灵龛*1","hxzb":"动力鞋*1|闪烁匕首*1|先锋盾*1|魔杖*1|回城卷轴*1","hqsz":"挑战头巾*1|Eul的神圣法杖*1|邪恶镰刀*1|洞察烟斗*1|希瓦的守护*1|原力法杖*1","ljt":"http://www.dota2.com.cn/images/property/beastmaster.gif","path":"batrider","zymc":"夜魇","zytb":"http://www.dota2.com.cn/images/heropedia/dire.jpg","yxtp":"http://www.dota2.com.cn/images/others/batrider_big1.jpg","gjlxxj":"1","yxdwxj":"2|1|1|1","llsjsmz":"19","llsjsmhf":"0.03","mjsjhj":"1","mjsjgjsd":"1","zlsjmfz":"13","zlsjmfhf":"0.04","sjgjl":"1","pjsh":"40","gjsd":"115|121|151","gjms":"1.48","gjsh":"38-42","gjjl":"375|375|375","wlhj":"2","wlshkx":"11%","mfshkx":"25%","minitb":"http://www.dota2.com.cn/images/heroes/batrider_icon.png"}],"hqszList":[{"goods":{"id":90,"bigtype":"升级物品","type":"武器","wpmc":"代达罗斯之殇","wppz":"4","wptp":"http://www.dota2.com.cn/images/items/greater_crit_lg.png","jgtb":"http://www.dota2.com.cn/images/info1301/tit_img07.gif","jg":"5550","wpjs":"这件武器有着惊人的力量，即使是最强的战士也难以掌控它。","wpzyms":"","wpsyff":"被动：致命一击-普通攻击有一定概率造成致命伤害。","wpxg":"+ <span class=\"color_yellow\">81</span> 攻击力<br/>致命一击概率：<span class=\"color_yellow\">25%</span><br/>致命一击伤害：<span class=\"color_yellow\">240%</span>","lqsjtb":"","lqsj":"","mfxhtb":"","mfxh":"","qzwptb":"","wpzyms2":"","item_en":"greater_crit"},"count":1},{"goods":{"id":91,"bigtype":"升级物品","type":"武器","wpmc":"蝴蝶","wppz":"4","wptp":"http://www.dota2.com.cn/images/items/butterfly_lg.png","jgtb":"http://www.dota2.com.cn/images/info1301/tit_img07.gif","jg":"5875","wpjs":"只有最强大最老练的战士才能携带蝴蝶，但它也提供无可比拟的战斗灵活力作为回报。","wpzyms":"","wpsyff":"","wpxg":"+ <span class=\"color_yellow\">30</span> 敏捷<br/>+ <span class=\"color_yellow\">30</span> 攻击力<br/>+ <span class=\"color_yellow\">35%</span> 闪避概率<br/>+ <span class=\"color_yellow\">30</span> 攻击速度","lqsjtb":"","lqsj":"","mfxhtb":"","mfxh":"","qzwptb":null,"wpzyms2":"能与其他闪避效果叠加。","item_en":"butterfly"},"count":1},{"goods":{"id":115,"bigtype":"升级物品","type":"圣物","wpmc":"斯嘉蒂之眼","wppz":"5","wptp":"http://www.dota2.com.cn/images/items/skadi_lg.png","jgtb":"http://www.dota2.com.cn/images/info1301/tit_img07.gif","jg":"5675","wpjs":"极度罕见的古物，由苍空之龙看管。","wpzyms":"斯嘉蒂之眼是攻击特效，不与其它攻击特效叠加。远程英雄装备时，斯嘉蒂之眼可以和吸血的攻击特效叠加。","wpsyff":"被动:霜冻攻击-攻击附带使敌人移动速度和攻击速度降低的霜冻效果。","wpxg":"+ <span class=\"color_yellow\">25</span> 所有属性<br/>+ <span class=\"color_yellow\">250</span> 生命值<br/>+ <span class=\"color_yellow\">250</span> 魔法值<br/>移动速度减缓：<span class=\"color_yellow\">35%</span><br/>攻击速度降低：<span class=\"color_yellow\">35%</span>","lqsjtb":"","lqsj":"","mfxhtb":"","mfxh":"","qzwptb":"","wpzyms2":"近战单位的霜冻攻击效果持续5秒，远程单位的持续3秒。","item_en":"skadi"},"count":1},{"goods":{"id":81,"bigtype":"升级物品","type":"法器","wpmc":"邪恶镰刀","wppz":"3","wptp":"http://www.dota2.com.cn/images/items/sheepstick_lg.png","jgtb":"http://www.dota2.com.cn/images/info1301/tit_img07.gif","jg":"5675","wpjs":"Vyse教徒最为宝贵的圣物，法师们最为垂涎的武器。","wpzyms":"","wpsyff":"主动：妖术-将一个单位变成无害的小动物，持续3.5秒。消灭幻象。","wpxg":"+ <span class=\"color_yellow\">10</span> 力量<br/>+ <span class=\"color_yellow\">10</span> 敏捷<br/>+ <span class=\"color_yellow\">35</span> 智力<br/>+ <span class=\"color_yellow\">150%</span> 魔法恢复","lqsjtb":"http://www.dota2.com.cn/images/info1301/ico2.gif","lqsj":"30","mfxhtb":"http://www.dota2.com.cn/images/info1301/ico1.gif","mfxh":"100","qzwptb":null,"wpzyms2":"立刻杀死幻象。<br>目标的基础移动速度为100，但是如果目标有满速状态则移速不受影响。<br>妖术将使伤害格挡和闪避无效。","item_en":"sheepstick"},"count":1},{"goods":{"id":98,"bigtype":"升级物品","type":"防具","wpmc":"黑皇杖","wppz":"4","wptp":"http://www.dota2.com.cn/images/items/black_king_bar_lg.png","jgtb":"http://www.dota2.com.cn/images/info1301/tit_img07.gif","jg":"3975","wpjs":"渗透了巨人之力的强大法杖。","wpzyms":"","wpsyff":"主动：天神下凡-魔法免疫。持续时间和冷却时间每用一次都会降低。黑皇杖会使某些大招失效。","wpxg":"+ <span class=\"color_yellow\">10</span> 力量<br/>+ <span class=\"color_yellow\">24</span> 攻击力<br/>持续时间：<span class=\"color_yellow\">10/9/8/7/6/5/4</span>","lqsjtb":"http://www.dota2.com.cn/images/info1301/ico2.gif","lqsj":"80","mfxhtb":"","mfxh":"","qzwptb":null,"wpzyms2":"不能出售。<br>使用黑皇杖可以会使部分有益状态消失。","item_en":"black_king_bar"},"count":1}],"hxzbList":[{"goods":{"id":55,"bigtype":"升级物品","type":"普通","wpmc":"动力鞋","wppz":"2","wptp":"http://www.dota2.com.cn/images/items/power_treads_lg.png","jgtb":"http://www.dota2.com.cn/images/info1301/tit_img07.gif","jg":"1400","wpjs":"一双厚实的皮靴，能根据穿着者的需求切换属性。","wpzyms":"移动速度加成效果不与其他鞋类物品叠加。","wpsyff":"主动：属性切换-将附加属性在力量，敏捷以及智力三者间切换。","wpxg":"+ <span class=\"color_yellow\">50</span> 移动速度<br/>+ <span class=\"color_yellow\">8</span> 所选属性<br/>+ <span class=\"color_yellow\">25</span> 攻击速度","lqsjtb":"","lqsj":"","mfxhtb":"","mfxh":"","qzwptb":null,"wpzyms2":"","item_en":"power_treads"},"count":1},{"goods":{"id":79,"bigtype":"升级物品","type":"法器","wpmc":"紫怨","wppz":"3","wptp":"http://www.dota2.com.cn/images/items/orchid_lg.png","jgtb":"http://www.dota2.com.cn/images/info1301/tit_img07.gif","jg":"5025","wpjs":"一颗诞自火焰恶魔精华的榴石。","wpzyms":"","wpsyff":"主动：灵魂燃烧-沉默目标单位5.0秒，并使他受到的伤害提高30.0%。","wpxg":"+ <span class=\"color_yellow\">25</span> 智力<br/>+ <span class=\"color_yellow\">30</span> 攻击速度<br/>+ <span class=\"color_yellow\">30</span> 攻击力<br/>+ <span class=\"color_yellow\">150%</span> 魔法恢复","lqsjtb":"http://www.dota2.com.cn/images/info1301/ico2.gif","lqsj":"18","mfxhtb":"http://www.dota2.com.cn/images/info1301/ico1.gif","mfxh":"100","qzwptb":"","wpzyms2":"伤害加深效果在持续时间结束时以魔法伤害结算。","item_en":"orchid"},"count":1},{"goods":{"id":89,"bigtype":"升级物品","type":"武器","wpmc":"金箍棒","wppz":"4","wptp":"http://www.dota2.com.cn/images/items/monkey_king_bar_lg.png","jgtb":"http://www.dota2.com.cn/images/info1301/tit_img07.gif","jg":"5400","wpjs":"一位大师级战士使用的强力棍棒。","wpzyms":"","wpsyff":"被动：猛击-攻击有一定概率猛击敌人，造成额外伤害并打断持续施法。<br>被动：克敌机先-攻击不会落空。","wpxg":"+ <span class=\"color_yellow\">88</span> 攻击力<br/>+ <span class=\"color_yellow\">15</span> 攻击速度<br/>猛击概率：<span class=\"color_yellow\">35%</span><br/>猛击伤害：<span class=\"color_yellow\">100</span>","lqsjtb":"","lqsj":"","mfxhtb":"","mfxh":"","qzwptb":"","wpzyms2":"","item_en":"monkey_king_bar"},"count":1}],"adapt_kz_list":[{"id":104,"zwm":"灰烬之灵","ywm":"Ember Spirit","jc":"火熊猫","xttx":"http://www.dota2.com.cn/images/heroes/ember_spirit_full.png","dttx":"http://www.dota2.com.cn/images/heroes/ember_spirit_vert.jpg","gjlx":"近战","yxlx":"敏捷","yxdw":"核心|爆发","zltb":"http://www.dota2.com.cn/images/info1301/tit_img01.gif","zljc":"20","zlsj":"1.8","mjtb":"http://www.dota2.com.cn/images/info1301/tit_img02.gif","mjjc":"22","mjsj":"1.8","lltb":"http://www.dota2.com.cn/images/info1301/tit_img03.gif","lljc":"19","llsj":"2","gjltb":"http://www.dota2.com.cn/images/info1301/tit_img06.gif","csgjl":"30-34","ydsdtb":"http://www.dota2.com.cn/images/info1301/tit_img05.gif","csydsd":"310","hjtb":"http://www.dota2.com.cn/images/info1301/tit_img04.gif","cshj":"1.08","yxbj":"在燃烧要塞中有一口玉石大釜，里面装满了灰烬，这是当年的战争诗人，炘的火葬之地。炘毕生都在卫火盟教导年轻的弟子。后来燃烧之神被炘的师德所打动，下凡来到要塞中，重新点燃了灰烬。余烬之中，炘的样子渐渐成型，四周环绕着火焰。他的面容一如既往的沉静，为了让知识之火燎原，为寻求指引的人提供方向，他已准备就绪。","dj":"1|15|25","smz":"511|1043|1803","mfz":"260|588|1082","gjl":"52-56|71-81|115-119","hj":"1|5|10","syfw":"1800/800","gjfw":"128","ddsd":"N/A","jdtj1":"http://www.dota2.com.cn/images/property/ember_spirit.jpg","jdms1":"由于烈火罩能持续造成伤害，所以可以进行主升，之后升级炎阳索，提升技能伤害，有大加大，最后升级无影拳，增加中后期带线和消耗的能力。","jdtj2":"","jdms2":"","cmzb":"治疗药膏*1|净化药水*2|铁树枝干*2|圆盾*1","qqzb":"速度之靴*1|魔棒*1|影之灵龛*1","hxzb":"奥术鞋*1|魔杖*1|先锋盾*1","hqsz":"代达罗斯之殇*1|恐鳌之心*1|蝴蝶*1|雷神之锤*1|狂战斧*2","ljt":"http://www.dota2.com.cn/images/property/ember_spirit.gif","path":"ember_spirit","zymc":"天辉","zytb":"http://www.dota2.com.cn/images/heropedia/radiant.jpg","yxtp":"http://www.dota2.com.cn/images/others/ember_spirit_big1.jpg","gjlxxj":"1","yxdwxj":"1|2","llsjsmz":"19","llsjsmhf":"0.03","mjsjhj":"1","mjsjgjsd":"1","zlsjmfz":"13","zlsjmfhf":"0.04","sjgjl":"1","pjsh":"54","gjsd":"122|129|165","gjms":"1.39","gjsh":"52-56","gjjl":"128|128|128","wlhj":"1","wlshkx":"6%","mfshkx":"25%","minitb":"http://www.dota2.com.cn/images/heroes/ember_spirit_icon.png"},{"id":106,"zwm":"凤凰","ywm":"Phoenix","jc":"凤凰","xttx":"http://www.dota2.com.cn/images/heroes/phoenix_full.png","dttx":"http://www.dota2.com.cn/images/heroes/phoenix_vert.jpg","gjlx":"远程","yxlx":"力量","yxdw":"先手|控制|爆发","zltb":"http://www.dota2.com.cn/images/info1301/tit_img01.gif","zljc":"18","zlsj":"1.80","mjtb":"http://www.dota2.com.cn/images/info1301/tit_img02.gif","mjjc":"12","mjsj":"1.30","lltb":"http://www.dota2.com.cn/images/info1301/tit_img03.gif","lljc":"17","llsj":"2.90","gjltb":"http://www.dota2.com.cn/images/info1301/tit_img06.gif","csgjl":"26-36","ydsdtb":"http://www.dota2.com.cn/images/info1301/tit_img05.gif","csydsd":"285","hjtb":"http://www.dota2.com.cn/images/info1301/tit_img04.gif","cshj":"-0.32","yxbj":"永世的黑暗中，光之守护者的第一个太阳之光轻微闪过，这一束有自我意识的光线注定要在虚空里发光发热。亿万年里，这一束炫目的光芒逐渐聚集了无穷的能量，爆发成了一颗超新星。在这烈火之中，如同其起源一样的光线向四下散射，穿越黑暗的海洋，到达各个星座。很快，这些光芒也将成为超新星，以同样的形式向外传递着光和热。这种奇迹一般的生命与重生将一直持续到创世神鬼斧神工的苍穹之上被完全点亮。在这无尽的轮回中，被凡人们称作凤凰的星星坍塌成型，和其先前的光芒一样，凤凰也一头扎入无尽宇宙，在其邻近的星系中散布光能。经过长久的轮回，逐渐有了意识，开始了解万物，机缘巧合下听闻有一处地方，由于宇宙的横生变故进行着经年累月的战斗。因此众星的新生儿化成了生物形态，渴望在最黑暗的地方闪耀他的光和热。","dj":"1|15|25","smz":"473|1244|2175","mfz":"234|562|1056","gjl":"43-53|84-94|133-143","hj":"0|2|7","syfw":"1800/800","gjfw":"500","ddsd":"1100","jdtj1":"","jdms1":"","jdtj2":null,"jdms2":null,"cmzb":"治疗药膏*1|树之祭祀*1|铁树枝干*1|圆盾*1","qqzb":"速度之靴*1|护腕*1|天鹰之戒*1|食人魔之斧*1","hxzb":"动力鞋*1|韧鼓*1|幻影斧*1","hqsz":"代达罗斯之殇*1|恐鳌之心*1|蝴蝶*1|辉耀*1|黑皇杖*1|斯嘉蒂之眼*1","ljt":"","path":"phoenix","zymc":"天辉","zytb":"http://www.dota2.com.cn/images/heropedia/radiant.jpg","yxtp":"http://www.dota2.com.cn/images/others/phoenix_big1.jpg","gjlxxj":"1","yxdwxj":"3|2|3","llsjsmz":"19","llsjsmhf":"0.03","mjsjhj":"1","mjsjgjsd":"1","zlsjmfz":"13","zlsjmfhf":"0.04","sjgjl":"1","pjsh":"48","gjsd":"112|130|143","gjms":"1.52","gjsh":"43-53","gjjl":"500|500|500","wlhj":"0","wlshkx":"-1%","mfshkx":"25%","minitb":"http://www.dota2.com.cn/images/heroes/phoenix_icon.png"},{"id":33,"zwm":"远古冰魄","ywm":"Ancient Apparition","jc":"冰魂","xttx":"http://www.dota2.com.cn/images/heroes/ancient_apparition_full.png","dttx":"http://www.dota2.com.cn/images/heroes/ancient_apparition_vert.jpg","gjlx":"远程","yxlx":"智力","yxdw":"辅助|控制","zltb":"http://www.dota2.com.cn/images/info1301/tit_img01.gif","zljc":"25","zlsj":"2.6","mjtb":"http://www.dota2.com.cn/images/info1301/tit_img02.gif","mjjc":"20","mjsj":"2.2","lltb":"http://www.dota2.com.cn/images/info1301/tit_img03.gif","lljc":"18","llsj":"1.4","gjltb":"http://www.dota2.com.cn/images/info1301/tit_img06.gif","csgjl":"19-29","ydsdtb":"http://www.dota2.com.cn/images/info1301/tit_img05.gif","csydsd":"295","hjtb":"http://www.dota2.com.cn/images/info1301/tit_img04.gif","cshj":"1.8","yxbj":"卡尔德，远古冰魄，是时光之外的冰冷投影。他来自寒冷的无尽虚空，目睹宇宙诞生，见证宇宙终结。卡尔德是夕在，今在，永在的无上力量...我们的所有认知，所有自认为强大的事物，在永恒的卡尔德看来，不过是最细微最无力的附和。世间有这样的传言，随着宇宙的老化并走向衰亡，卡尔德的力量和光芒也将变得更强——远古冰魄将更加年轻，更加强大。他对冰霜的控制能够冻结一切事物，他的投影放出的光芒异常夺目。他将不再是魂魄，而是神！","dj":"1|15|25","smz":"492|864|1510","mfz":"325|798|1396","gjl":"44-54|80-90|126-136","hj":"2|6|12","syfw":"1800/1400","gjfw":"600","ddsd":"1250","jdtj1":"http://www.dota2.com.cn/images/property/add/ancient_apparition.jpg","jdms1":"冰魂曾经一段时间成为cw舞台中的热门英雄，不论团战，gank，对线冰魂都有着很强的实力。冰魂的加点也经历了你较多的版本演变，如今主寒霜之足的加点已经成为游戏中的主流，这套加点冰魂有极强的gank能力，配备一名后手控制英雄，往往能在团战中发挥极大作用。至于寒冰之触的选择则根据场上形势来觉得，爆发伤害不够时，可以优先加这个。","jdtj2":"","jdms2":"","cmzb":"铁树枝干*3|净化药水*3|树之祭祀*2|治疗药膏*1","qqzb":"影之灵龛*1|魔杖*1|速度之靴*1","hxzb":"动力鞋*1|Eul的神圣法杖*1|梅肯斯姆*1|侦查守卫*1","hqsz":"阿哈利姆神杖*1|邪恶镰刀*1|阿托斯之棍*1|原力法杖*1|斯嘉蒂之眼*1|林肯法球*1","ljt":"http://www.dota2.com.cn/images/property/ancient_apparition.gif","path":"ancient_apparition","zymc":"夜魇","zytb":"http://www.dota2.com.cn/images/heropedia/dire.jpg","yxtp":"http://www.dota2.com.cn/images/others/ancient_apparition_big1.jpg","gjlxxj":"1","yxdwxj":"2|1","llsjsmz":"19","llsjsmhf":"0.03","mjsjhj":"1","mjsjgjsd":"1","zlsjmfz":"13","zlsjmfhf":"0.04","sjgjl":"1","pjsh":"49","gjsd":"120|129|173","gjms":"1.42","gjsh":"44-54","gjjl":"600|600|600","wlhj":"1","wlshkx":"9%","mfshkx":"25%","minitb":"http://www.dota2.com.cn/images/heroes/ancient_apparition_icon.png"},{"id":18,"zwm":"伐木机","ywm":"Timbersaw","jc":"地精撕裂者","xttx":"http://www.dota2.com.cn/images/heroes/shredder_full.png","dttx":"http://www.dota2.com.cn/images/heroes/shredder_vert.jpg","gjlx":"近战","yxlx":"力量","yxdw":"近战|耐久|爆发|逃生","zltb":"http://www.dota2.com.cn/images/info1301/tit_img01.gif","zljc":"21","zlsj":"2.40","mjtb":"http://www.dota2.com.cn/images/info1301/tit_img02.gif","mjjc":"16","mjsj":"1.30","lltb":"http://www.dota2.com.cn/images/info1301/tit_img03.gif","lljc":"25","llsj":"2.10","gjltb":"http://www.dota2.com.cn/images/info1301/tit_img06.gif","csgjl":"26-30","ydsdtb":"http://www.dota2.com.cn/images/info1301/tit_img05.gif","csydsd":"290","hjtb":"http://www.dota2.com.cn/images/info1301/tit_img04.gif","cshj":"0.24","yxbj":"直到现在瑞兹拉克的脑海中仍然还萦绕着那尖叫声。他原来的工作是马不停蹄地转动扳手，扭紧螺丝，搭建模型，切割模具，锻造机器。睡眠离他而去；他终日都在制造机器的工作中度过。就这样，他把自己关在了他叔叔的工坊里。一晃数月过去，工作即将完成，他马上就能得到解放。一天，他抬了抬直掉的眼皮，站起来揉了揉背，看着窗外预兆湾那徐徐的波浪，上面竟飘来了满满的花朵，花朵开始爆裂，变成了花粉云团，直奔肺部而去，碰到的人纷纷倒地。他被呛地一激灵，睡意顿时一扫而空。之后几个小时工坊里尽是抑扬顿挫的磨刀声，他将一套巨大的刀刃磨得锃亮。他的脑海里满是邻居因窒息而死青筋暴起的惨状，被花树包围的房屋。但预兆湾的花潮相比潮水过后城墙外的哀鸿遍野就不值一提了。不过他眼里这套锯齿机器强大而富有安全感，他抱着这一丝希望，这样逐渐模糊的意识里才没有被恐惧全部占据。城市里遍地可见花枝和鲜血。在城市毁灭时，瑞兹拉克逃离了那些能够行走战斗还会杀人的花树。花树毁坏了城门，涌入城市。预兆湾最后召集的守卫也被他们肆意碾压践踏，寥寥无几的难民后面花树还在紧紧地追赶。虽然瑞兹拉克的头脑还是一片混沌，但是他静悄悄地从机器手臂里拽出一根巨大的链条，双手颤抖着检查了每个节点，用战栗的手指按了按链条末端的钢爪。这套锯齿机器已经就绪待命。他颤颤巍巍地用双手将这浑身带着刀刃的机器启动。恐惧，无论是萦绕已久的恐惧还是他接下来要面对的恐惧都在驱使着他，他还怀有让自己头脑冷静的希望。随着机器的震动开始运转，他知道他必须面对这恐惧，他也知道这恐惧他一点也不想要。","dj":"1|15|25","smz":"625|1184|1963","mfz":"273|710|1282","gjl":"51-55|80-84|121-125","hj":"0|3|7","syfw":"1800/800","gjfw":"128","ddsd":"N/A","jdtj1":"http://www.dota2.com.cn/images/property/add/timbersaw.jpg","jdms1":"这是比较主流的伐木机加点，前期主T的性价比要比D高很多。1400码的范围在逃生追杀gank中都能起到非常不错的效果。前期线上无压力可以21对点，力求最大爆发。伐木机很难杀，尤其是高等级，有装备的伐木机。施放技能时尽量贴着树木，神圣伤害的效果还是非常给力的。","jdtj2":null,"jdms2":null,"cmzb":"树之祭祀*1|治疗药膏*1|铁树枝干*3|圆盾*1","qqzb":"速度之靴*1|护腕*1|魔瓶*1","hxzb":"奥术鞋*1|魔杖*1|血精石*1","hqsz":"邪恶镰刀*1|血精石*1|林肯法球*1|黑皇杖*1|达贡之神力*1|希瓦的守护*1","ljt":"http://www.dota2.com.cn/images/property/shredder.gif","path":"timbersaw","zymc":"天辉","zytb":"http://www.dota2.com.cn/images/heropedia/radiant.jpg","yxtp":"http://www.dota2.com.cn/images/others/shredder_big1.jpg","gjlxxj":"1","yxdwxj":"2|1|1","llsjsmz":"19","llsjsmhf":"0.03","mjsjhj":"1","mjsjgjsd":"1","zlsjmfz":"13","zlsjmfhf":"0.04","sjgjl":"1","pjsh":"53","gjsd":"116|121|147","gjms":"1.47","gjsh":"51-55","gjjl":"128|128|128","wlhj":"0","wlshkx":"1%","mfshkx":"25%","minitb":"http://www.dota2.com.cn/images/heroes/shredder_icon.png"},{"id":30,"zwm":"不朽尸王","ywm":"Undying","jc":"尸王","xttx":"http://www.dota2.com.cn/images/heroes/undying_full.png","dttx":"http://www.dota2.com.cn/images/heroes/undying_vert.jpg","gjlx":"近战","yxlx":"力量","yxdw":"耐久|推进|控制|先手","zltb":"http://www.dota2.com.cn/images/info1301/tit_img01.gif","zljc":"27","zlsj":"2.50","mjtb":"http://www.dota2.com.cn/images/info1301/tit_img02.gif","mjjc":"10","mjsj":"0.80","lltb":"http://www.dota2.com.cn/images/info1301/tit_img03.gif","lljc":"22","llsj":"2.10","gjltb":"http://www.dota2.com.cn/images/info1301/tit_img06.gif","csgjl":"35-43","ydsdtb":"http://www.dota2.com.cn/images/info1301/tit_img05.gif","csydsd":"310","hjtb":"http://www.dota2.com.cn/images/info1301/tit_img04.gif","cshj":"3.4","yxbj":"他残破的心，已经不再记得自己的名，也不记得已经过了多久。还依稀记得的，是盔甲，是战旗，是身边死去的兄弟。他还记得那场战役：一双给他带去痛苦和恐惧的苍白的手，将他从马上扯下。他还记得自己和兄弟们一起被扔进死亡之神那漆黑的深坑，还记得他被虚无吞噬时耳畔的挽歌。在深渊下的黑暗中，他们被时间遗弃，抛弃了思想，抛弃了理智，唯一尚存的，只有饥饿。他们以彼此残留的指甲和牙齿为食，唤醒了身体。这时挽歌传来，一开始很遥远，只是最轻微的感官体验，然后声音逐渐汇集，似乎铺天盖地永无止境，歌声似乎形成了一堵音墙，将他意识中所有想法都清除。随着自己被挽歌吞噬，他也向死亡之神张开了双臂，迎接自己的陨灭。然而死亡之神并没有选择毁掉他，而是让他投入战争，在一片惨然的虚无中，他被赋予了新的使命：让世界遍地哀鸿，让死者吞噬生命。他成为了不朽尸王，死亡之神的先驱，他的躯体永生不灭。在你的往生路上，会奏响他永恒的挽歌。","dj":"1|15|25","smz":"568|1127|1906","mfz":"351|715|1235","gjl":"57-65|86-94|127-135","hj":"3|5|9","syfw":"1800/800","gjfw":"128","ddsd":"N/A","jdtj1":"http://www.dota2.com.cn/images/property/add/undying.jpg","jdms1":"不朽尸王是一名曾经上过CW舞台的英雄，暴力速推进阵容中总是少不了尸王的存在。如今路人打法中比较普遍的是1、2对点，线上压制力较强。当然这里还是建议前期只点2级加血,3级加血抽取15个单位并不太可能。","jdtj2":null,"jdms2":null,"cmzb":"树之祭祀*2|圆盾*1|铁树枝干*3|净化药水*1","qqzb":"速度之靴*1|魔棒*1|影之灵龛*1","hxzb":"奥术鞋*1|魔杖*1|梅肯斯姆*1|侦查守卫*1","hqsz":"辉耀*1|恐鳌之心*1|刃甲*1|天堂之戟*1","ljt":"http://www.dota2.com.cn/images/property/undying.gif","path":"undying","zymc":"夜魇","zytb":"http://www.dota2.com.cn/images/heropedia/dire.jpg","yxtp":"http://www.dota2.com.cn/images/others/undying_big1.jpg","gjlxxj":"1","yxdwxj":"2|1|1|1","llsjsmz":"19","llsjsmhf":"0.03","mjsjhj":"1","mjsjgjsd":"1","zlsjmfz":"13","zlsjmfhf":"0.04","sjgjl":"1","pjsh":"61","gjsd":"110|113|129","gjms":"1.55","gjsh":"57-65","gjjl":"128|128|128","wlhj":"3","wlshkx":"16%","mfshkx":"25%","minitb":"http://www.dota2.com.cn/images/heroes/undying_icon.png"},{"id":3,"zwm":"干扰者","ywm":"Disruptor","jc":"萨尔","xttx":"http://www.dota2.com.cn/images/heroes/disruptor_full.png","dttx":"http://www.dota2.com.cn/images/heroes/disruptor_vert.jpg","gjlx":"远程","yxlx":"智力","yxdw":"爆发|辅助|先手|控制","zltb":"http://www.dota2.com.cn/images/info1301/tit_img01.gif","zljc":"22","zlsj":"2.5","mjtb":"http://www.dota2.com.cn/images/info1301/tit_img02.gif","mjjc":"15","mjsj":"1.4","lltb":"http://www.dota2.com.cn/images/info1301/tit_img03.gif","lljc":"19","llsj":"1.9","gjltb":"http://www.dota2.com.cn/images/info1301/tit_img06.gif","csgjl":"27-31","ydsdtb":"http://www.dota2.com.cn/images/info1301/tit_img05.gif","csydsd":"300","hjtb":"http://www.dota2.com.cn/images/info1301/tit_img04.gif","cshj":"1.1","yxbj":"在狂风肆虐的杜鲁德大草原高处，有一位年轻且富有天赋的风暴术师，他被人称作干扰者，并第一个参透了夏日风暴的秘密。由于经常受到季节性的暴风袭击和南方文明王国的侵略，几个世纪以来，高地人一直都在这片无尽的高原上为生存而挣扎。他们是一个伟大的文明破碎后遗留下来的堕落部族，他们那奇特而神秘的控制风暴的技术，拼凑自那些支离破碎的连他们自己都不能完全理解的失落知识。对于居住在高原地区的人们，气候已经成为了一种信仰，被作为生命的授予者和终结者而崇拜。雷电风暴所带来的大雨是维持生命所必需的，但这是有代价的，每次雷电风暴结束时，总会留下一些烤焦冒烟的尸体。尽管在他的族群中还很卑微，但干扰者无所畏惧，永不满足的好奇心是他的动力。尽管还对风暴技术一窍不通也没有自己的坐骑，但他还是去探索了祖先城市的遗迹，在崩塌的建筑和早已腐朽的图书馆中搜索着，在生锈的制造车间中到处翻寻。他找到了需要的东西，然后返回了部族。将古时设计的线圈重新改编后，他获得了操纵电荷的能力，现在可以在任何他想要的地方召唤雷电。部分依靠魔法，部分依靠工艺技术，他的能量圈内束缚着能掌控生与死的力量，用来精确打击南方王国的侵略者和任何闯入这片古老高地之人。","dj":"1|15|25","smz":"511|1016|1757","mfz":"286|741|1326","gjl":"49-53|84-88|129-133","hj":"1|4|9","syfw":"1800/800","gjfw":"600","ddsd":"1200","jdtj1":"http://www.dota2.com.cn/images/property/add/disruptor.jpg","jdms1":"这是一种比较主流的干扰者加点方式。前期第一级升动能力场，配合队友可以寻找机会拿一血。主雷霆之击基本还是毫无疑问的。干扰者多以辅助5号位的身份出现，技能所带来的输出能力远比物理攻击要强。建议前期恶念瞥视升满两级，两级1000的施法距离远比600要给力许多，而动能力场每级只有0.5s的持续时间增长，性价比略低。","jdtj2":null,"jdms2":null,"cmzb":"树之祭祀*1|治疗药膏*1|净化药水*2|铁树枝干*2|动物信使*1","qqzb":"速度之靴*1|魔棒*1|护腕*1","hxzb":"奥术鞋*1|魔杖*1|梅肯斯姆*1|侦查守卫*1|回城卷轴*1","hqsz":"阿哈利姆神杖*1|闪烁匕首*1|原力法杖*1|希瓦的守护*1|洞察烟斗*1|死灵书*1|纷争面纱*1|飞行信使*1","ljt":"http://www.dota2.com.cn/images/property/disruptor.gif","path":"disruptor","zymc":"天辉","zytb":"http://www.dota2.com.cn/images/heropedia/radiant.jpg","yxtp":"http://www.dota2.com.cn/images/others/disruptor_big1.jpg","gjlxxj":"1","yxdwxj":"2|1|1|1","llsjsmz":"19","llsjsmhf":"0.03","mjsjhj":"1","mjsjgjsd":"1","zlsjmfz":"13","zlsjmfhf":"0.04","sjgjl":"1","pjsh":"51","gjsd":"115|121|149","gjms":"1.48","gjsh":"49-53","gjjl":"600|600|600","wlhj":"1","wlshkx":"6%","mfshkx":"25%","minitb":"http://www.dota2.com.cn/images/heroes/disruptor_icon.png"},{"id":56,"zwm":"祈求者","ywm":"Invoker","jc":"卡尔、加若、Invoker","xttx":"http://www.dota2.com.cn/images/heroes/invoker_full.png","dttx":"http://www.dota2.com.cn/images/heroes/invoker_vert.jpg","gjlx":"远程","yxlx":"智力","yxdw":"核心|爆发|先手|逃生","zltb":"http://www.dota2.com.cn/images/info1301/tit_img01.gif","zljc":"22","zlsj":"4","mjtb":"http://www.dota2.com.cn/images/info1301/tit_img02.gif","mjjc":"20","mjsj":"1.9","lltb":"http://www.dota2.com.cn/images/info1301/tit_img03.gif","lljc":"19","llsj":"1.7","gjltb":"http://www.dota2.com.cn/images/info1301/tit_img06.gif","csgjl":"13-19","ydsdtb":"http://www.dota2.com.cn/images/info1301/tit_img05.gif","csydsd":"280","hjtb":"http://www.dota2.com.cn/images/info1301/tit_img04.gif","cshj":"1.8","yxbj":"在创立之初，魔法本质上是一门记忆的艺术，有些人认为这才是其最强力的形式。它无需任何科技，也无需魔杖或者其他施法媒介，只需要你有一颗魔法师的心。所有的那些祭祀里面的象形符号也仅仅是帮助记忆的手段，初衷是为了让施法者能够回想起施放法术时那大量的细节以及步骤。在那个年代，最伟大的法师就是记忆天赋最高的人，然而魔法祈唤实在是太过艰深，因此所有的法师不得不有所专攻。即使是最刻苦的法师，将一辈子奉献给魔法，最多也只能掌握三到四个法术。普通的法师能掌握两个就心满意足了，而对于那些乡下的法师来说，只掌握一个法术也再正常不过——即使这样，在极少的真正需要使用魔法的场合，他还得借助魔典才能战胜自己的健忘。然而，在那些早期的施法者中，有一个例外，一个智力超群，记忆力惊人的天才，以祈求者的名字为人们所知。在年少时，祈求者就已经掌握了不下十种法术。是的，不是四五个，也不是七个，而是十个，而且他还能毫不费力的施放这些法术。他学到过更多的法术，但是因为觉得没用，试过一次以后就彻底从脑中遗忘，这样才能为其他更为有用的法术留出空间。这些法术就是包括永生之术——能让施法者永生的法术，那些在世界之初吟唱了这个法术的人现在还活得好好的（除非他们被物质毁灭了）。而大多数这样的准不朽者都低调的生活在我们中间，害怕他们的秘密泄露：然而祈求者不是一个喜欢隐藏自己的天赋的人。他来自远古，比任何人都要博学，而他的心智还有余力让他去思考他无穷的自我价值...以及更多的法术——他在世界毁灭之时的漫长暮色中用来自娱自乐的法术。","dj":"1|15|25","smz":"511|963|1666","mfz":"286|1014|1794","gjl":"35-41|91-97|151-197","hj":"2|6|11","syfw":"1800/800","gjfw":"600","ddsd":"900","jdtj1":"http://www.dota2.com.cn/images/property/add/invoker.jpg","jdms1":"卡尔的加点方式非常多，不同的玩法有不同的加点方法，冰雷，雷火，冰火以及全系卡尔都有。这套加点是极限的冰雷卡，控制能力非常强大，唯一欠缺的是爆发力，在团队爆发足缺控制的情况下可以选择此套加点。如果生存条件不是十分恶劣，可以在冰加到3级时开始主雷副火。","jdtj2":null,"jdms2":null,"cmzb":"树之祭祀*1|治疗药膏*1|圆环*1|力量手套*1|铁树枝干*1","qqzb":"速度之靴*1|魔棒*1|护腕*1","hxzb":"相位鞋*1|韧鼓*1|魔杖*1|原力法杖*1","hqsz":"邪恶镰刀*1|闪烁匕首*1|阿哈利姆神杖*1|Eul的神圣法杖*1|黑皇杖*1|斯嘉蒂之眼*1","ljt":"http://www.dota2.com.cn/images/property/invoker.gif","path":"invoker","zymc":"夜魇","zytb":"http://www.dota2.com.cn/images/heropedia/dire.jpg","yxtp":"http://www.dota2.com.cn/images/others/invoker_big1.jpg","gjlxxj":"1","yxdwxj":"1|1|1|1","llsjsmz":"19","llsjsmhf":"0.03","mjsjhj":"1","mjsjgjsd":"1","zlsjmfz":"13","zlsjmfhf":"0.04","sjgjl":"1","pjsh":"38","gjsd":"120|147|180","gjms":"1.42","gjsh":"35-41","gjjl":"600|600|600","wlhj":"1","wlshkx":"9%","mfshkx":"25%","minitb":"http://www.dota2.com.cn/images/heroes/invoker_icon.png"},{"id":16,"zwm":"敌法师","ywm":"Anti Mage","jc":"AM、敌法","xttx":"http://www.dota2.com.cn/images/heroes/antimage_full.png","dttx":"http://www.dota2.com.cn/images/heroes/antimage_vert.jpg","gjlx":"近战","yxlx":"敏捷","yxdw":"核心|逃生","zltb":"http://www.dota2.com.cn/images/info1301/tit_img01.gif","zljc":"15","zlsj":"1.8","mjtb":"http://www.dota2.com.cn/images/info1301/tit_img02.gif","mjjc":"22","mjsj":"2.8","lltb":"http://www.dota2.com.cn/images/info1301/tit_img03.gif","lljc":"22","llsj":"1.2","gjltb":"http://www.dota2.com.cn/images/info1301/tit_img06.gif","csgjl":"27-31","ydsdtb":"http://www.dota2.com.cn/images/info1301/tit_img05.gif","csydsd":"315","hjtb":"http://www.dota2.com.cn/images/info1301/tit_img04.gif","cshj":"2.08","yxbj":"当山下的王国被潮水般的侵略者们横扫的时候，星隐寺的僧侣们只是在山上默默的注视着那崎岖的山谷。苦行且务实的他们在偏远高山的寺院里，独自沉浸在远离尘嚣的冥想中，不受任何魔法元素或者神灵的干扰。然而，死亡之神的军队来了，带着摧毁所有信仰，并让当地人转而信奉死亡之神的虚无主义。带着他们千年的战乱和血雨腥风，死亡军团将他们打败的敌人的灵魂和尸骨撕裂，用这种恐怖来摧毁星隐寺的信仰。面对此等攻击，寺院只坚持了不到两个星期，甚至还有一些刚从冥想中醒来的僧侣认为，这些入侵者不过是恶魔用来干扰他们冥想的幻象，于是他们死在了自己的冥想垫上。只有一个人幸免于难，他是来星隐寺寻求智慧，却尚未得到寺院认可的侍僧。他惊恐的看着自己曾经侍奉过的僧侣们被杀，然后又被复活成为死亡之神的祭司。带着星隐寺残存的珍贵教义卷轴，他艰难的到达了一个相对安全的地方，他发誓，不仅要消灭死亡之神的魔法师，更要将“魔法”这个词从世上抹去。","dj":"1|15|25","smz":"530|849|1457","mfz":"195|523|1017","gjl":"49-53|88-92|136-140","hj":"2|8|14","syfw":"1800/800","gjfw":"128","ddsd":"N/A","jdtj1":"http://www.dota2.com.cn/images/property/add/anti_mage.jpg","jdms1":"敌法师是一名敏捷型后期英雄，敌法师的加点向来受人津津乐道，几乎每个职业选手选择对敌法师的加点都不相同，三个技能在特殊的局势下都可以选择优先加满，这一套加点是优先加满闪烁，这样的敌法师机动性很强，关键时刻收割或者逃生保命都有不错的效果。法球和被动的选择依据场上形势来选择。以前敌法师前期是不加大招的，但是如今随着cw比赛节奏越来越快，一些比赛中的敌法师也是第一时间将大招升起来。","jdtj2":null,"jdms2":null,"cmzb":"树之祭祀*1|治疗药膏*1|铁树枝干*3|圆盾*1","qqzb":"速度之靴*1|魔棒*1|治疗指环*1","hxzb":"动力鞋*1|魔杖*1|先锋盾*1|夜叉*1|回城卷轴*1","hqsz":"强袭胸甲*1|远行鞋*1|深渊之刃*1|蝴蝶*1|恐鳌之心*1|弗拉迪米尔的祭品*1","ljt":"http://www.dota2.com.cn/images/property/antimage.gif","path":"anti_mage","zymc":"天辉","zytb":"http://www.dota2.com.cn/images/heropedia/radiant.jpg","yxtp":"http://www.dota2.com.cn/images/others/antimage_big1.jpg","gjlxxj":"1","yxdwxj":"2|3","llsjsmz":"19","llsjsmhf":"0.03","mjsjhj":"1","mjsjgjsd":"1","zlsjmfz":"13","zlsjmfhf":"0.04","sjgjl":"1","pjsh":"51","gjsd":"139|150|206","gjms":"1.19","gjsh":"49-53","gjjl":"128|128|128","wlhj":"2","wlshkx":"11%","mfshkx":"25%","minitb":"http://www.dota2.com.cn/images/heroes/antimage_icon.png"}]}