{"hero":{"id":14,"zwm":"戴泽","ywm":"Dazzle","jc":"暗牧","xttx":"http://www.dota2.com.cn/images/heroes/dazzle_full.png","dttx":"http://www.dota2.com.cn/images/heroes/dazzle_vert.jpg","gjlx":"远程","yxlx":"智力","yxdw":"辅助-对线辅助","zltb":"http://www.dota2.com.cn/images/info1301/tit_img01.gif","zljc":"27","zlsj":"3.4","mjtb":"http://www.dota2.com.cn/images/info1301/tit_img02.gif","mjjc":"21","mjsj":"1.7","lltb":"http://www.dota2.com.cn/images/info1301/tit_img03.gif","lljc":"16","llsj":"1.85","gjltb":"http://www.dota2.com.cn/images/info1301/tit_img06.gif","csgjl":"14-32","ydsdtb":"http://www.dota2.com.cn/images/info1301/tit_img05.gif","csydsd":"305","hjtb":"http://www.dota2.com.cn/images/info1301/tit_img04.gif","cshj":"1.94","yxbj":"每一个德尊教团的年轻侍僧在成为暗影牧师前都必须完成一系列的仪式。而仪式的最后一步，则是穿越无比危险的虚无之境，一个只有少数人能活着回来的未知领域。有些人虽然回来了，但却发疯了。还有些回来的人获得了奇怪的能力。但可以肯定的是，所有去了那里的人都被改变了。出于对神圣启示的执着追求，戴泽成为了他部族中最年轻的神圣仪式的追求者。起初，教团拒绝了他，因为他太年轻了。然而戴泽不是那么容易放弃的。教团长老在这位顽固的年轻侍僧身上感到了一些特别的东西，便宽许他进入了教团。最终仪式时，戴泽将神圣药剂一饮而尽后在篝火旁坐下，而他的族人则在一旁跳着祭祀之舞。在虚无之境的虚灵位面中，光明与黑暗的属性被反转了。导致戴泽原本灿烂夺目的治疗之光演变成了包藏凶险的邪恶力量，在那夺目的光辉中隐藏的则是黑暗的行径。不出长老所料：戴泽回来了，成为了一名不世出的暗影牧师，他获得了既可以用来治疗也可以进行破坏的能力。现在，他用他的力量消灭敌人，治愈同伴。","dj":"1/15/25","smz":"454/946/1678","mfz":"351/970/1672","gjl":"41-59/89-107/143-161","hj":"2/5/10","syfw":"1800/800","gjfw":"550","ddsd":"1200","jdtj1":"http://www.dota2.com.cn/images/property/add/dazzle.jpg","jdms1":"这是一种偏向于gank流的打法，并且对线期间至少不逆风的暗影牧师适合使用这种加点方法。如果对线期间比较弱势，比较容易死，则薄葬在前两级必须被点出来。这里薄葬在4级才加，在对线本身不弱势的情况下3级时点出2级剧毒之处提供稳定先手晕，是一种比较凶狠的暗牧打法。到六不加大的原因在于gank打法更注重局部对抗，暗牧的暗影波无论是伤害还是治疗都很强，在前期低位不逊于效果并不明显的一级大招。而剧毒之触不点满的原因是3级与4级的控制效果完全相同，所以3级触就开始转加其它更宝贵的技能。如果你认为gank中比较需要4级剧毒之触的伤害，那么也可以较早地把4级触点出来而不是放到最后。","jdtj2":null,"jdms2":null,"cmzb":"铁树枝干*3|净化药水*2|树之祭祀*1|动物信使*1|","qqzb":"魔棒*1|速度之靴*1|影之灵龛*1|灵魂之戒*1","hxzb":"魔杖*1|奥术鞋*1|侦查守卫*1|梅肯斯姆*1","hqsz":"邪恶镰刀*1|希瓦的守护*1|阿哈利姆神杖*1|洞察烟斗*1|Eul的神圣法杖*1|勇气勋章*1","ljt":"http://www.dota2.com.cn/images/property/dazzle.gif","path":"dazzle","zymc":"夜魇","zytb":"http://www.dota2.com.cn/images/heropedia/dire.jpg","yxtp":"http://www.dota2.com.cn/images/others/dazzle_big1.jpg","gjlxxj":"1","yxdwxj":"3-3","llsjsmz":"19","llsjsmhf":"0.03","mjsjhj":"1","mjsjgjsd":"1","zlsjmfz":"13","zlsjmfhf":"0.04","sjgjl":"1","pjsh":"50","gjsd":"121/128/162","gjms":"1.4","gjsh":"41-59","gjjl":"550/550/550","wlhj":"1","wlshkx":"10%","mfshkx":"25%","minitb":"http://www.dota2.com.cn/images/heroes/dazzle_icon.png"},"skillList":[{"id":58,"zwm":"戴泽","jnmc":"剧毒之触","jntb":"http://www.dota2.com.cn/images/heroes/abilities/dazzle_poison_touch_hp1.png","jnms":"对一个敌方单位施放剧毒法术，造成持续伤害及减速，最终完全瘫痪。减速效果逐级增强。 等级1将减缓目标33%的移动速度。 等级2将在2秒内减缓目标33%的移动速度，再在1秒内减缓66%的移动速度。 等级3将在3秒内每秒相继减缓目标33%，66%和100%的移动速度。 等级4将在1秒内减缓33%的移动速度，再在1秒内减缓66%的移动速度，然后让目标受到1秒的眩晕。","mftb":"http://www.dota2.com.cn/style/../images/info1301/ico1.gif","mfxh":"100","lqtb":"http://www.dota2.com.cn/style/../images/info1301/ico2.gif","lqsj":"15/13/11/7","jnxg":"<span class=\"color_white\">技能：</span>单位目标|<span class=\"color_white\">攻击力：</span>14/20/26/36|<span class=\"color_white\">影响：</span>敌方单位|<span class=\"color_white\">减速持续时间：</span>3|<span class=\"color_white\">伤害类型：</span>物理|<span class=\"color_white\">伤害持续时间：</span>10|<span class=\"color_white\">无视技能免疫：</span>否","jnsp":"http://dota2.dl.wanmei.com/dota2/video/abilities/dazzle_poison_touch.mp4","spms":"少数进攻性的德尊仪式之一，麻痹魔法经常显示出它的有用之处。","djjd":"2,3,5","ewms":"伤害格挡类技能不能减少该技能伤害。"},{"id":59,"zwm":"戴泽","jnmc":"薄葬","jntb":"http://www.dota2.com.cn/images/heroes/abilities/dazzle_shallow_grave_hp1.png","jnms":"将薄葬施放于一名友军，使他在持续时间内无论受到多大伤害都不会死亡。","mftb":"http://www.dota2.com.cn/style/../images/info1301/ico1.gif","mfxh":"140/130/120/110","lqtb":"http://www.dota2.com.cn/style/../images/info1301/ico2.gif","lqsj":"60/45/30/15","jnxg":"<span class=\"color_white\">技能：</span>单位目标|<span class=\"color_white\">持续时间：</span>5/5/5/5|<span class=\"color_white\">影响：</span>友方英雄|<span class=\"color_white\">范围：</span>550/700/850/1000|<span class=\"color_white\">无视技能免疫：</span>是","jnsp":"http://dota2.dl.wanmei.com/dota2/video/abilities/dazzle_shallow_grave.mp4","spms":"只有经验老道的暗影侍僧才能正确做出免死之仪式。","djjd":"4,9,12,13","ewms":"在薄葬作用下生命值至少为1点，但是斧王的淘汰之刃还是可以斩杀目标英雄。"},{"id":60,"zwm":"戴泽","jnmc":"暗影波","jntb":"http://www.dota2.com.cn/images/heroes/abilities/dazzle_shadow_wave_hp1.png","jnms":"放出一道能量弧，可以瞬间跳跃至目标附近的队友，治疗的同时还将对附近的敌人造成伤害。施放暗影波时戴泽必定会享受到治疗效果。","mftb":"http://www.dota2.com.cn/style/../images/info1301/ico1.gif","mfxh":"80/90/100/110","lqtb":"http://www.dota2.com.cn/style/../images/info1301/ico2.gif","lqsj":"12/10/8/6","jnxg":"<span class=\"color_white\">技能：</span>单位目标|<span class=\"color_white\">攻击力：</span>80/100/120/140|<span class=\"color_white\">影响：</span>友方单位|<span class=\"color_white\">能量弧跳跃范围</span>475|<span class=\"color_white\">伤害类型：</span>物理|<span class=\"color_white\">伤害范围：</span>185|<span class=\"color_white\">治疗目标数上限：</span>4/5/6/7|<span class=\"color_white\">无视技能免疫：</span>是","jnsp":"http://dota2.dl.wanmei.com/dota2/video/abilities/dazzle_shadow_wave.mp4","spms":"虽然对暗影牧师来说，暗影波只是很简单也很日常的仪式，不过它确实是取胜的关键所在。","djjd":"1,6,7,8","ewms":"优先治疗友方英雄<br>如果敌军附近有多个我方单位，那么他将受到多重暗影波的伤害。"},{"id":61,"zwm":"戴泽","jnmc":"编织","jntb":"http://www.dota2.com.cn/images/heroes/abilities/dazzle_weave_hp1.png","jnms":"在目标区域内的所有英雄身上施加一个效果，随着时间逐渐提升友方英雄的护甲，降低敌方英雄的护甲。 可用神杖升级。","mftb":"http://www.dota2.com.cn/style/../images/info1301/ico1.gif","mfxh":"100/100/100","lqtb":"http://www.dota2.com.cn/style/../images/info1301/ico2.gif","lqsj":"40","jnxg":"<span class=\"color_white\">技能：</span>点目标|<span class=\"color_white\">作用范围：</span>575/575/575|<span class=\"color_white\">无视技能免疫：</span>是|<span class=\"color_white\">每秒护甲变化：</span>0.75/1/1.25|<span class=\"color_white\">持续时间：</span>24|<span class=\"color_green\">神杖升级作用范围：</span>775/775/775|<span class=\"color_green\">神杖升级每秒护甲变化：</span>1.25/1.5/1.75","jnsp":"http://dota2.dl.wanmei.com/dota2/video/abilities/dazzle_shadow_wave.mp4","spms":"戴泽在零领域的以太之旅让他能将光与暗的力量融在一起，创造出有两种力量的魔力波动。","djjd":"10,11,16","ewms":"为目标增加一个状态，因此在法术施放后进入施法区域不会受到影响。"}],"qqzbList":[{"goods":{"id":36,"bigtype":"基础物品","type":"奥术","wpmc":"魔棒","wppz":"1","wptp":"http://www.dota2.com.cn/images/items/magic_stick_lg.png","jgtb":"http://www.dota2.com.cn/images/info1301/tit_img07.gif","jg":"200","wpjs":"一个简易但实用的魔杖，能够补充使用者的能量--巫师学徒和高级术士都喜欢。","wpzyms":"","wpsyff":"主动：充能 - 每当周围有敌人施放技能都会自动充能（最多10点能量）。当使用时，每点能量为你回复生命值和魔法值。","wpxg":"每点能量回复：<span class=\"color_yellow\">15</span>","lqsjtb":"http://www.dota2.com.cn/images/info1301/ico2.gif","lqsj":"13","mfxhtb":"","mfxh":"","qzwptb":"","wpzyms2":"1200码视野范围内敌人使用技能就会获得点数。<br>部分英雄技能和物品技能的施放将不会增加点数。","item_en":"magic_stick"},"count":1},{"goods":{"id":39,"bigtype":"基础物品","type":"奥术","wpmc":"速度之靴","wppz":"1","wptp":"http://www.dota2.com.cn/images/items/boots_lg.png","jgtb":"http://www.dota2.com.cn/images/info1301/tit_img07.gif","jg":"450","wpjs":"穿双鞋子，跑的更快。","wpzyms":"移动速度提升效果不与其他鞋子叠加。","wpsyff":"","wpxg":"+ <span class=\"color_yellow\">50</span> 移动速度","lqsjtb":"","lqsj":"","mfxhtb":"","mfxh":"","qzwptb":"","wpzyms2":"","item_en":"boots"},"count":1},{"goods":{"id":63,"bigtype":"升级物品","type":"辅助","wpmc":"影之灵龛","wppz":"3","wptp":"http://www.dota2.com.cn/images/items/urn_of_shadows_lg.png","jgtb":"http://www.dota2.com.cn/images/info1301/tit_img07.gif","jg":"875","wpjs":"包含有强大的恶魔骨灰。","wpzyms":"","wpsyff":"每当敌方英雄在1400范围内死亡时获得充能。只有最靠近死亡英雄的灵龛能得到充能。<br>主动：灵魂释放-为友方单位在一定时间内恢复生命值，对敌方单位则造成持续伤害。治疗效果在受到英雄或防御塔攻击后会消失。","wpxg":"+ <span class=\"color_yellow\">50%</span> 魔法恢复<br/>+ <span class=\"color_yellow\">6</span> 力量<br/>治疗：<span class=\"color_yellow\">400</span><br/>持续时间：<span class=\"color_yellow\">8</span><br/>伤害：<span class=\"color_yellow\">150</span>","lqsjtb":"http://www.dota2.com.cn/images/info1301/ico2.gif","lqsj":"7","mfxhtb":"","mfxh":"","qzwptb":"","wpzyms2":"","item_en":"urn_of_shadows"},"count":1},{"goods":{"id":53,"bigtype":"升级物品","type":"普通","wpmc":"灵魂之戒","wppz":"2","wptp":"http://www.dota2.com.cn/images/items/soul_ring_lg.png","jgtb":"http://www.dota2.com.cn/images/info1301/tit_img07.gif","jg":"800","wpjs":"一个能吞噬周围灵魂的戒指。","wpzyms":"","wpsyff":"主动：牺牲-消耗150生命值来暂时获取150魔法值。持续10秒。","wpxg":"+ <span class=\"color_yellow\">3</span> 生命恢复速率<br/>+ <span class=\"color_yellow\">50%</span> 魔法恢复","lqsjtb":"http://www.dota2.com.cn/images/info1301/ico2.gif","lqsj":"30","mfxhtb":"","mfxh":"","qzwptb":"","wpzyms2":"如果获取的魔法值超过了魔法上限，将会变成缓冲魔法，直接加在魔法上限上，使用时将优先进行消耗。如果在持续时间结束时没有使用，额外的魔法将会消失。","item_en":"soul_ring"},"count":1}],"cmzbList":[{"goods":{"id":12,"bigtype":"基础物品","type":"属性","wpmc":"铁树枝干","wppz":"1","wptp":"http://www.dota2.com.cn/images/items/branches_lg.png","jgtb":"http://www.dota2.com.cn/images/info1301/tit_img07.gif","jg":"50","wpjs":"一根看起来很普通的树枝，它如铁般坚硬的品质赋予持有者好运。","wpzyms":"","wpsyff":"","wpxg":"+ <span class=\"color_yellow\">1</span> 所有属性","lqsjtb":"","lqsj":"","mfxhtb":"","mfxh":"","qzwptb":"","wpzyms2":"","item_en":"branches"},"count":3},{"goods":{"id":1,"bigtype":"基础物品","type":"消耗品","wpmc":"净化药水","wppz":"3","wptp":"http://www.dota2.com.cn/images/items/clarity_lg.png","jgtb":"http://www.dota2.com.cn/images/info1301/tit_img07.gif","jg":"50","wpjs":"能增强冥想能力的清水。","wpzyms":"","wpsyff":"使用：持续恢复魔法值，受攻击会驱散效果。","wpxg":"持续时间：<span class=\"color_yellow\">40</span><br/>魔法回复量：<span class=\"color_yellow\">135</span>","lqsjtb":"","lqsj":"","mfxhtb":"","mfxh":"","qzwptb":"","wpzyms2":"净化药水可以共享。","item_en":"clarity"},"count":2},{"goods":{"id":2,"bigtype":"基础物品","type":"消耗品","wpmc":"树之祭祀","wppz":"3","wptp":"http://www.dota2.com.cn/images/items/tango_lg.png","jgtb":"http://www.dota2.com.cn/images/info1301/tit_img07.gif","jg":"125","wpjs":"战场上的救命稻草。","wpzyms":"","wpsyff":"使用：吃树-吃掉一棵树来恢复生命值。可以使用4次。","wpxg":"持续时间：<span class=\"color_yellow\">16</span><br/>生命恢复量：<span class=\"color_yellow\">115</span>","lqsjtb":"","lqsj":"","mfxhtb":"","mfxh":"","qzwptb":"","wpzyms2":"","item_en":"tango"},"count":1},{"goods":{"id":7,"bigtype":"基础物品","type":"消耗品","wpmc":"动物信使","wppz":"3","wptp":"http://www.dota2.com.cn/images/items/courier_lg.png","jgtb":"http://www.dota2.com.cn/images/info1301/tit_img07.gif","jg":"150","wpjs":"弄丢驴子会被判处死亡的惩罚。","wpzyms":"","wpsyff":"可以运载物品往返于基地的生物。","wpxg":"","lqsjtb":"","lqsj":"","mfxhtb":"","mfxh":"","qzwptb":"","wpzyms2":"","item_en":"courier"},"count":1}],"adapt_type_list":[{"id":33,"zwm":"远古冰魄","ywm":"Ancient Apparition","jc":"冰魂","xttx":"http://www.dota2.com.cn/images/heroes/ancient_apparition_full.png","dttx":"http://www.dota2.com.cn/images/heroes/ancient_apparition_vert.jpg","gjlx":"远程","yxlx":"智力","yxdw":"辅助|控制","zltb":"http://www.dota2.com.cn/images/info1301/tit_img01.gif","zljc":"25","zlsj":"2.6","mjtb":"http://www.dota2.com.cn/images/info1301/tit_img02.gif","mjjc":"20","mjsj":"2.2","lltb":"http://www.dota2.com.cn/images/info1301/tit_img03.gif","lljc":"18","llsj":"1.4","gjltb":"http://www.dota2.com.cn/images/info1301/tit_img06.gif","csgjl":"19-29","ydsdtb":"http://www.dota2.com.cn/images/info1301/tit_img05.gif","csydsd":"295","hjtb":"http://www.dota2.com.cn/images/info1301/tit_img04.gif","cshj":"1.8","yxbj":"卡尔德，远古冰魄，是时光之外的冰冷投影。他来自寒冷的无尽虚空，目睹宇宙诞生，见证宇宙终结。卡尔德是夕在，今在，永在的无上力量...我们的所有认知，所有自认为强大的事物，在永恒的卡尔德看来，不过是最细微最无力的附和。世间有这样的传言，随着宇宙的老化并走向衰亡，卡尔德的力量和光芒也将变得更强——远古冰魄将更加年轻，更加强大。他对冰霜的控制能够冻结一切事物，他的投影放出的光芒异常夺目。他将不再是魂魄，而是神！","dj":"1|15|25","smz":"492|864|1510","mfz":"325|798|1396","gjl":"44-54|80-90|126-136","hj":"2|6|12","syfw":"1800/1400","gjfw":"600","ddsd":"1250","jdtj1":"http://www.dota2.com.cn/images/property/add/ancient_apparition.jpg","jdms1":"冰魂曾经一段时间成为cw舞台中的热门英雄，不论团战，gank，对线冰魂都有着很强的实力。冰魂的加点也经历了你较多的版本演变，如今主寒霜之足的加点已经成为游戏中的主流，这套加点冰魂有极强的gank能力，配备一名后手控制英雄，往往能在团战中发挥极大作用。至于寒冰之触的选择则根据场上形势来觉得，爆发伤害不够时，可以优先加这个。","jdtj2":"","jdms2":"","cmzb":"铁树枝干*3|净化药水*3|树之祭祀*2|治疗药膏*1","qqzb":"影之灵龛*1|魔杖*1|速度之靴*1","hxzb":"动力鞋*1|Eul的神圣法杖*1|梅肯斯姆*1|侦查守卫*1","hqsz":"阿哈利姆神杖*1|邪恶镰刀*1|阿托斯之棍*1|原力法杖*1|斯嘉蒂之眼*1|林肯法球*1","ljt":"http://www.dota2.com.cn/images/property/ancient_apparition.gif","path":"ancient_apparition","zymc":"夜魇","zytb":"http://www.dota2.com.cn/images/heropedia/dire.jpg","yxtp":"http://www.dota2.com.cn/images/others/ancient_apparition_big1.jpg","gjlxxj":"1","yxdwxj":"2|1","llsjsmz":"19","llsjsmhf":"0.03","mjsjhj":"1","mjsjgjsd":"1","zlsjmfz":"13","zlsjmfhf":"0.04","sjgjl":"1","pjsh":"49","gjsd":"120|129|173","gjms":"1.42","gjsh":"44-54","gjjl":"600|600|600","wlhj":"1","wlshkx":"9%","mfshkx":"25%","minitb":"http://www.dota2.com.cn/images/heroes/ancient_apparition_icon.png"},{"id":89,"zwm":"巫医","ywm":"Witch Doctor","jc":"WD","xttx":"http://www.dota2.com.cn/images/heroes/witch_doctor_full.png","dttx":"http://www.dota2.com.cn/images/heroes/witch_doctor_vert.jpg","gjlx":"远程","yxlx":"智力","yxdw":"辅助|控制","zltb":"http://www.dota2.com.cn/images/info1301/tit_img01.gif","zljc":"24","zlsj":"2.9","mjtb":"http://www.dota2.com.cn/images/info1301/tit_img02.gif","mjjc":"13","mjsj":"1.4","lltb":"http://www.dota2.com.cn/images/info1301/tit_img03.gif","lljc":"16","llsj":"1.8","gjltb":"http://www.dota2.com.cn/images/info1301/tit_img06.gif","csgjl":"27-37","ydsdtb":"http://www.dota2.com.cn/images/info1301/tit_img05.gif","csydsd":"305","hjtb":"http://www.dota2.com.cn/images/info1301/tit_img04.gif","cshj":"0.82","yxbj":"一个轮廓不匀的瘦长身影迈着怪异的步伐纵横在战场上，寻找着敌人的致命弱点，用他可怕的才能造成严重的伤害。无论他那扭曲的身体是被打断的还是先天的，没有人可以质疑其中的力量。巫医扎瓦克用他的长杖猛击地面前进，他是一个迷信、巫术和咒语的恐怖聚合体。这个身体在阿克图拉岛的高原地带学习了魔法知识并磨练娴熟，现在精确的用在他的敌人身上。治疗友军，践踏敌人，扎瓦克可以成为你的好战友，或者最糟糕的敌人。","dj":"1|15|25","smz":"454|933|1655","mfz":"312|840|1477","gjl":"51-61|92-102|141-151","hj":"1|4|8","syfw":"1800/800","gjfw":"600","ddsd":"1200","jdtj1":"http://www.dota2.com.cn/images/property/add/witch_doctor.jpg","jdms1":"路人局中大多数巫医都会选择如此加点，前中期爆发很高，记得一定要把诅咒用好。","jdtj2":"","jdms2":"","cmzb":"树之祭祀*1|净化药水*2|治疗药膏*1|力量手套*1|动物信使*1","qqzb":"魔棒*1|速度之靴*1|护腕*1|侦查守卫*1","hxzb":"魔杖*1|相位鞋*1|侦查守卫*1","hqsz":"邪恶镰刀*1|黑皇杖*1|希瓦的守护*1|血精石*1|达贡之神力*1|阿哈利姆神杖*1","ljt":"http://www.dota2.com.cn/images/property/witch_doctor.gif","path":"witch_doctor","zymc":"夜魇","zytb":"http://www.dota2.com.cn/images/heropedia/dire.jpg","yxtp":"http://www.dota2.com.cn/images/others/witch_doctor_big1.jpg","gjlxxj":"1","yxdwxj":"2|1","llsjsmz":"19","llsjsmhf":"0.03","mjsjhj":"1","mjsjgjsd":"1","zlsjmfz":"13","zlsjmfhf":"0.04","sjgjl":"1","pjsh":"56","gjsd":"113|119|147","gjms":"1.5","gjsh":"51-61","gjjl":"600|600|600","wlhj":"0","wlshkx":"4%","mfshkx":"25%","minitb":"http://www.dota2.com.cn/images/heroes/witch_doctor_icon.png"},{"id":88,"zwm":"巫妖","ywm":"Lich","jc":"LICH","xttx":"http://www.dota2.com.cn/images/heroes/lich_full.png","dttx":"http://www.dota2.com.cn/images/heroes/lich_vert.jpg","gjlx":"远程","yxlx":"智力","yxdw":"辅助|对线辅助|爆发","zltb":"http://www.dota2.com.cn/images/info1301/tit_img01.gif","zljc":"18","zlsj":"3.25","mjtb":"http://www.dota2.com.cn/images/info1301/tit_img02.gif","mjjc":"15","mjsj":"2","lltb":"http://www.dota2.com.cn/images/info1301/tit_img03.gif","lljc":"18","llsj":"1.55","gjltb":"http://www.dota2.com.cn/images/info1301/tit_img06.gif","csgjl":"24-33","ydsdtb":"http://www.dota2.com.cn/images/info1301/tit_img05.gif","csydsd":"315","hjtb":"http://www.dota2.com.cn/images/info1301/tit_img04.gif","cshj":"1.1","yxbj":"巫妖生前是一位叫艾斯瑞安的冰霜法师，他曾经威胁要带来毁灭性的冰霜，企图征服整个王国。终于，那些平民在几个绝望的魔法师的帮助下，终于鼓起了勇气去暗算他。他们用一些具有足够魔力的绳索把他永远束缚住了，被绑上了厚重的石头后，这个冰霜巫师被扔进了一个据说深不见底的湖泊。但其实不然。他只下沉了一年左右，绳索挂在了一个石头上。在那里他平静地死去，虽然死了但并没有腐烂，直到风水师安希尔前来核查被认为是无底湖的黑暗之湖的传说。安希尔放下的铅垂线与绑住被淹死的巫师的绳索缠在了一起，于是他拉上了意外的收获。他认为将死者转变为不死族后，便可以向巫妖询问这个湖的情况，他移除了捆绑巫妖的绳索并进行了简单的转生仪式。由于艾斯瑞安的故事已经被时间所抹去，就算是当年杀死他的人的后代也不再记得，所以当时没有人能对安希尔的鲁莽行为做出警告。不过紧接着，安希尔就尝到了苦果，巫妖一摆脱绳索的束缚，就将他吞噬。","dj":"1|15|25","smz":"492|904|1579","mfz":"234|826|1508","gjl":"42-51|88-97|140-149","hj":"1|5|11","syfw":"1800/800","gjfw":"550","ddsd":"900","jdtj1":"http://www.dota2.com.cn/images/property/add/lich.jpg","jdms1":"这是路人战娱乐的常用加点方法，现在巫妖多数会一级加吃兵，这样一波兵从出来到走上前线，巫妖有机会可以吃两个，对敌方英雄的经验压制非常明显。正规比赛中巫妖往往会在前三级就点出一级冰甲来增加护甲，克制对面近战单位并且保护己方的后期英雄。","jdtj2":"","jdms2":"","cmzb":"树之祭祀*1|治疗药膏*2|力量手套*1|动物信使*1","qqzb":"魔棒*1|速度之靴*1|护腕*1","hxzb":"魔杖*1|静谧之鞋*1|梅肯斯姆*1|侦查守卫*1","hqsz":"远行鞋*1|邪恶镰刀*1|希瓦的守护*1|阿哈利姆神杖*1|飞行信使*1","ljt":"http://www.dota2.com.cn/images/property/lich.gif","path":"lich","zymc":"夜魇","zytb":"http://www.dota2.com.cn/images/heropedia/dire.jpg","yxtp":"http://www.dota2.com.cn/images/others/lich_big1.jpg","gjlxxj":"1","yxdwxj":"3|3|2","llsjsmz":"19","llsjsmhf":"0.03","mjsjhj":"1","mjsjgjsd":"1","zlsjmfz":"13","zlsjmfhf":"0.04","sjgjl":"1","pjsh":"46","gjsd":"115|123|163","gjms":"1.48","gjsh":"42-51","gjjl":"550|550|550","wlhj":"1","wlshkx":"6%","mfshkx":"25%","minitb":"http://www.dota2.com.cn/images/heroes/lich_icon.png"},{"id":24,"zwm":"暗影恶魔","ywm":"Shadow Demon","jc":"毒狗","xttx":"http://www.dota2.com.cn/images/heroes/shadow_demon_full.png","dttx":"http://www.dota2.com.cn/images/heroes/shadow_demon_vert.jpg","gjlx":"远程","yxlx":"智力","yxdw":"辅助|控制|爆发","zltb":"http://www.dota2.com.cn/images/info1301/tit_img01.gif","zljc":"26","zlsj":"2.7","mjtb":"http://www.dota2.com.cn/images/info1301/tit_img02.gif","mjjc":"18","mjsj":"2.2","lltb":"http://www.dota2.com.cn/images/info1301/tit_img03.gif","lljc":"17","llsj":"1.9","gjltb":"http://www.dota2.com.cn/images/info1301/tit_img06.gif","csgjl":"27-31","ydsdtb":"http://www.dota2.com.cn/images/info1301/tit_img05.gif","csydsd":"295","hjtb":"http://www.dota2.com.cn/images/info1301/tit_img04.gif","cshj":"2.52","yxbj":"在那些能够直接进入现实世界肆虐的强大恶魔中，末日使者几乎不理会那些低等物种的琐事，影魔来到世间只是为了他的灵魂收集。而暗影恶魔则一向对这个世界有着浓厚的兴趣，他似乎觉察到对两个世界之间坚定联系的掌握可能是统治整个物质世界的关键所在。一开始，暗影恶魔是被一些低级巫师召唤的，他满足了他们所有的愿望，展现出惊人的法力，直到一些高级恶魔学家注意到他的存在，进而一些试图通过巫术来维持他们世俗统治的暴君、独裁者们也开始利用他的恶魔之力。暗影恶魔的欺诈之术高明至极，以至于那些召唤他的人都认为自己是主人，暗影恶魔只是他们的奴仆；而就在同时，暗影恶魔不停地吞噬着他们的神智，并为己所用。到了最后，那些召唤过他的人，都成了他的傀儡，为他那邪恶的意志卖命。没人能猜到暗影恶魔下一步究竟想要做什么，然而就在那时，影魔偶然间吞噬了一个充满着恶臭的灵魂，发现里面竟然有着暗影恶魔的痕迹。在意识到暗影恶魔即将对他们的统治造成威胁，依靠阴影契约维持的古老的平衡已经不复存在以后，末日使者和影魔立刻加入到摧毁暗影恶魔傀儡大军的力量中。在他们那不可思议的力量面前，暗影恶魔几百年的精心谋划毁于一旦，他的傀儡大军也遭到瓦解——所有人都被杀死了。到最后，只有他自己的一点碎片残留了下来。然而，即使是一点碎片，也足以让他卷土重来。在接下来的几百年里，他开始缓慢的重新凝聚。他的碎片将触碰到的一切事物感染，而这种感染则逐渐滋生壮大。那些以前被撕裂的，现在被感染的部分通过一片混沌结合在一起，重新连接，给予了暗影恶魔一个比以前更加强大的形态。他几乎已经凝聚完成，而他那永久统治世界的计划也更加的周密。虽然我们的世界似乎不可能出现一个如此邪恶和恶毒的存在，这将是对所有生命的巨大威胁……然而，暗影恶魔的信徒，依然众多。","dj":"1|15|25","smz":"473|978|1719","mfz":"338|829|1440","gjl":"55-57|91-95|138-142","hj":"3|7|13","syfw":"1800/800","gjfw":"500","ddsd":"900","jdtj1":"http://www.dota2.com.cn/images/property/add/shadow_demon.jpg","jdms1":"这种主加禁锢副加灵魂猎手的暗影恶魔是纯辅助打法，并且克制对面成型较快的dps，特定情况下选择会有奇效，弱点是对线时强势技能不明显。","jdtj2":"","jdms2":"","cmzb":"铁树枝干*3|智力斗篷*1|树之祭祀*1|治疗药膏*1","qqzb":"魔棒*1|速度之靴*1|空灵挂件*1","hxzb":"魔杖*1|奥术鞋*1|原力法杖*1|回城卷轴*1","hqsz":"洞察烟斗*1|希瓦的守护*1|死灵书*1|梅肯斯姆*1|Eul的神圣法杖*1|邪恶镰刀*1","ljt":"http://www.dota2.com.cn/images/property/shadow_demon.gif","path":"shadow_demon","zymc":"夜魇","zytb":"http://www.dota2.com.cn/images/heropedia/dire.jpg","yxtp":"http://www.dota2.com.cn/images/others/shadow_demon_big1.jpg","gjlxxj":"1","yxdwxj":"1|1|1","llsjsmz":"19","llsjsmhf":"0.03","mjsjhj":"1","mjsjgjsd":"1","zlsjmfz":"13","zlsjmfhf":"0.04","sjgjl":"1","pjsh":"52","gjsd":"118|127|171","gjms":"1.44","gjsh":"50-54","gjjl":"500|500|500","wlhj":"2","wlshkx":"13%","mfshkx":"25%","minitb":"http://www.dota2.com.cn/images/heroes/shadow_demon_icon.png"}],"videoList":[{"id":77,"spdz":"http://dota2.dl.wanmei.com/dota2/patch/dazzle_basic.flv","zwm":"戴泽","splx":"新手教学","createtime":null,"img":"http://www.dota2.com.cn/apps/dota2/images/video/raider/dazzle_basic.jpg","bfsc":"2:54","gxsj":"2013-10-30","spbb":"6.79","spdzm":"http://dota2.dl.wanmei.com/dota2/video/dazzle_basic.mp4"}],"recommendList":[{"id":21,"gldz":"http://www.dota2.com.cn/raiders/newer/20131031/152682.shtml","tm":"DOTA2暗影牧师攻略辅助流戴泽如何攻守兼备技巧","sj":"2013-10-31","zwm":"戴泽","tp":"http://dota2.wanmei.com/resources/jpg/140126/10251390711885403.jpg","js":"DOTA2暗影牧师戴泽是一个很有意思的英雄，其不俗的辅助能力一直深受好评"}],"adapt_bkz_list":[{"id":33,"zwm":"远古冰魄","ywm":"Ancient Apparition","jc":"冰魂","xttx":"http://www.dota2.com.cn/images/heroes/ancient_apparition_full.png","dttx":"http://www.dota2.com.cn/images/heroes/ancient_apparition_vert.jpg","gjlx":"远程","yxlx":"智力","yxdw":"辅助|控制","zltb":"http://www.dota2.com.cn/images/info1301/tit_img01.gif","zljc":"25","zlsj":"2.6","mjtb":"http://www.dota2.com.cn/images/info1301/tit_img02.gif","mjjc":"20","mjsj":"2.2","lltb":"http://www.dota2.com.cn/images/info1301/tit_img03.gif","lljc":"18","llsj":"1.4","gjltb":"http://www.dota2.com.cn/images/info1301/tit_img06.gif","csgjl":"19-29","ydsdtb":"http://www.dota2.com.cn/images/info1301/tit_img05.gif","csydsd":"295","hjtb":"http://www.dota2.com.cn/images/info1301/tit_img04.gif","cshj":"1.8","yxbj":"卡尔德，远古冰魄，是时光之外的冰冷投影。他来自寒冷的无尽虚空，目睹宇宙诞生，见证宇宙终结。卡尔德是夕在，今在，永在的无上力量...我们的所有认知，所有自认为强大的事物，在永恒的卡尔德看来，不过是最细微最无力的附和。世间有这样的传言，随着宇宙的老化并走向衰亡，卡尔德的力量和光芒也将变得更强——远古冰魄将更加年轻，更加强大。他对冰霜的控制能够冻结一切事物，他的投影放出的光芒异常夺目。他将不再是魂魄，而是神！","dj":"1|15|25","smz":"492|864|1510","mfz":"325|798|1396","gjl":"44-54|80-90|126-136","hj":"2|6|12","syfw":"1800/1400","gjfw":"600","ddsd":"1250","jdtj1":"http://www.dota2.com.cn/images/property/add/ancient_apparition.jpg","jdms1":"冰魂曾经一段时间成为cw舞台中的热门英雄，不论团战，gank，对线冰魂都有着很强的实力。冰魂的加点也经历了你较多的版本演变，如今主寒霜之足的加点已经成为游戏中的主流，这套加点冰魂有极强的gank能力，配备一名后手控制英雄，往往能在团战中发挥极大作用。至于寒冰之触的选择则根据场上形势来觉得，爆发伤害不够时，可以优先加这个。","jdtj2":"","jdms2":"","cmzb":"铁树枝干*3|净化药水*3|树之祭祀*2|治疗药膏*1","qqzb":"影之灵龛*1|魔杖*1|速度之靴*1","hxzb":"动力鞋*1|Eul的神圣法杖*1|梅肯斯姆*1|侦查守卫*1","hqsz":"阿哈利姆神杖*1|邪恶镰刀*1|阿托斯之棍*1|原力法杖*1|斯嘉蒂之眼*1|林肯法球*1","ljt":"http://www.dota2.com.cn/images/property/ancient_apparition.gif","path":"ancient_apparition","zymc":"夜魇","zytb":"http://www.dota2.com.cn/images/heropedia/dire.jpg","yxtp":"http://www.dota2.com.cn/images/others/ancient_apparition_big1.jpg","gjlxxj":"1","yxdwxj":"2|1","llsjsmz":"19","llsjsmhf":"0.03","mjsjhj":"1","mjsjgjsd":"1","zlsjmfz":"13","zlsjmfhf":"0.04","sjgjl":"1","pjsh":"49","gjsd":"120|129|173","gjms":"1.42","gjsh":"44-54","gjjl":"600|600|600","wlhj":"1","wlshkx":"9%","mfshkx":"25%","minitb":"http://www.dota2.com.cn/images/heroes/ancient_apparition_icon.png"},{"id":21,"zwm":"矮人直升机","ywm":"Gyrocopter","jc":"飞机","xttx":"http://www.dota2.com.cn/images/heroes/gyrocopter_full.png","dttx":"http://www.dota2.com.cn/images/heroes/gyrocopter_vert.jpg","gjlx":"远程","yxlx":"敏捷","yxdw":"控制|先手|爆发","zltb":"http://www.dota2.com.cn/images/info1301/tit_img01.gif","zljc":"19","zlsj":"2.1","mjtb":"http://www.dota2.com.cn/images/info1301/tit_img02.gif","mjjc":"24","mjsj":"2.8","lltb":"http://www.dota2.com.cn/images/info1301/tit_img03.gif","lljc":"18","llsj":"1.8","gjltb":"http://www.dota2.com.cn/images/info1301/tit_img06.gif","csgjl":"17-27","ydsdtb":"http://www.dota2.com.cn/images/info1301/tit_img05.gif","csydsd":"315","hjtb":"http://www.dota2.com.cn/images/info1301/tit_img04.gif","cshj":"4.36","yxbj":"在毕生为战争、起义、暴动和革命服务后，军中名人奥雷尔终于感到厌倦了。退役时除了一些琐碎物品和一笔可观的退休金，这位前工程师还带走了一样很有意思的东西：一件被遗忘了很久的，未完成的旋翼飞机设计图，这将是世界上第一架有人驾驶的，不依靠魔力的飞行装置。退休后他身无旁物，只带着时间和资金来到灰烬群岛，在这片隐蔽的热带岛屿中着手制造他的飞行装置。随着时间一年年过去，原型机失败作的残骸越堆越多，他甚至开始怀疑依靠机械飞行是否真的可能。在退休后第十年的第一天，一个阳光明媚、南风微拂的午后。奥雷尔坐在他最后的试验机中，充满愤怒和此次也将失败的预料。拉动点火绳后，在引擎的咕哝声中他护起脑袋，等着和以往一样不可避免的爆炸。然而这次大大出乎他的意料，他开始升空了，经过一阵慌乱的调整和稳定操作。不到一个小时，他就乘着微风，与海鸥结伴同行，飞行的体验让奥雷尔惊讶得近乎窒息。黄昏临近，他设置了返回工作间的路线，但就在这时，他的旋翼机被一发飞来的炮弹击穿了尾翼。从坠毁的残骸中解脱后，他游向眼前最近的岛屿，咒骂着射出那发炮弹的船只要为此付出代价。几天后，奥雷尔回到了工作间，开始制造他的新飞行器，一种能装载许多危险的火箭和导弹的新型旋翼机。","dj":"1|15|25","smz":"492|971|1693","mfz":"299|681|1214","gjl":"41-51|80-90|128-138","hj":"4|10|17","syfw":"1800/800","gjfw":"365","ddsd":"3000","jdtj1":"http://www.dota2.com.cn/images/property/add/gyrocopter.jpg","jdms1":"矮人直升机是一名敏捷型gank英雄，单体爆发非常高的矮人直升机往往被很多玩家轻视。这套加点前期以导弹为主，火箭弹幕为辅。导弹前期的高伤害，配合上火箭弹幕的伤害前期能去的不错的效果。而高射火炮技能在配合上自己有一定装备优势后使用性价比会更高。","jdtj2":null,"jdms2":null,"cmzb":"敏捷便鞋*2|树之祭祀*1|治疗药膏*1|净化药水*1|铁树枝干*1","qqzb":"魔棒*1|速度之靴*1|天鹰之戒*1","hxzb":"魔杖*1|相位鞋*1|先锋盾*1","hqsz":"","ljt":"http://www.dota2.com.cn/images/property/gyrocopter.gif","path":"gyrocopter","zymc":"天辉","zytb":"http://www.dota2.com.cn/images/heropedia/radiant.jpg","yxtp":"http://www.dota2.com.cn/images/others/gyrocopter_big1.jpg","gjlxxj":"1","yxdwxj":"1|1|1","llsjsmz":"19","llsjsmhf":"0.03","mjsjhj":"1","mjsjgjsd":"1","zlsjmfz":"13","zlsjmfhf":"0.04","sjgjl":"1","pjsh":"46","gjsd":"124|135|191","gjms":"1.37","gjsh":"41-51","gjjl":"365|365|365","wlhj":"4","wlshkx":"20%","mfshkx":"25%","minitb":"http://www.dota2.com.cn/images/heroes/gyrocopter_icon.png"},{"id":102,"zwm":"卓尔游侠","ywm":"Drow Ranger","jc":"小黑、崔希丝","xttx":"http://www.dota2.com.cn/images/heroes/drow_ranger_full.png","dttx":"http://www.dota2.com.cn/images/heroes/drow_ranger_vert.jpg","gjlx":"远程","yxlx":"敏捷","yxdw":"核心","zltb":"http://www.dota2.com.cn/images/info1301/tit_img01.gif","zljc":"15","zlsj":"1.4","mjtb":"http://www.dota2.com.cn/images/info1301/tit_img02.gif","mjjc":"26","mjsj":"1.9","lltb":"http://www.dota2.com.cn/images/info1301/tit_img03.gif","lljc":"17","llsj":"1.9","gjltb":"http://www.dota2.com.cn/images/info1301/tit_img06.gif","csgjl":"18-29","ydsdtb":"http://www.dota2.com.cn/images/info1301/tit_img05.gif","csydsd":"300","hjtb":"http://www.dota2.com.cn/images/info1301/tit_img04.gif","cshj":"0.64","yxbj":"卓尔游侠名叫崔希丝，这个名字很适合矮小、有点像侏儒、令人生厌的卓尔人。但崔希丝并不是卓尔人。她的双亲在坐大篷车旅行时受到土匪的袭击，滥杀无辜的土匪激怒了附近爱好和平的卓尔人。战斗结束后，卓尔人发现了一个藏在马车残骸中的小女孩，他们一致同意不能让这个失去父母的孩子被抛弃。还是孩童时，崔希丝就展现出了她对那些卓尔人引以为傲的技术的天赋：隐秘、沉默、敏锐。如果不看身体，在精神上她就像一个被拐走后又回到自己真正家中的卓尔人孩童。但随着她的成长，她的个头比她的家人高了不少，她因此认为自己是个丑陋的卓尔人。即使她皮肤光滑且长的匀称，完全没有卓尔人的肉疣和粗糙的髯须。与收养她的部族疏远后，她独自居住在森林中。许多在森林中寻路的旅行者都说他们见过一个美丽得难以置信的游侠在树林深处凝视他们，而当他们试图接近时，她又消失的无影无踪。轻盈、隐秘的冷美人，她像无声的迷雾般移动。你听到的森林低语，其实是她命中敌人心脏的霜冻箭矢的破空之声。","dj":"1|15|25","smz":"473|978|1719","mfz":"195|450|892","gjl":"44-55|71-82|110-121","hj":"1|4|10","syfw":"1800/1700","gjfw":"625","ddsd":"1250","jdtj1":"http://www.dota2.com.cn/images/property/add/drow_ranger.jpg","jdms1":"卓尔游侠是一名敏捷型后期英雄，卓尔游侠的加点选择也非常多，这种是前期主加冰箭的，满级冰箭50%的减速效果还是非常恶心人的，也成为前期对线的一大利器。值得注意的就是前期务必要加一点沉默，往往在击杀或者被gank时有着意想不到的效果。","jdtj2":"","jdms2":"","cmzb":"治疗药膏*1|树之祭祀*1|敏捷便鞋*2|铁树枝干*2","qqzb":"速度之靴*1|魔棒*1|怨灵系带*2","hxzb":"魔杖*1|动力鞋*1|幻影斧*1","hqsz":"影刃*1|蝴蝶*1|代达罗斯之殇*1|黑皇杖*1|撒旦之邪力*1","ljt":"http://www.dota2.com.cn/images/property/drow_ranger.gif","path":"drow_ranger","zymc":"天辉","zytb":"http://www.dota2.com.cn/images/heropedia/radiant.jpg","yxtp":"http://www.dota2.com.cn/images/others/drow_ranger_big1.jpg","gjlxxj":"1","yxdwxj":"2","llsjsmz":"19","llsjsmhf":"0.03","mjsjhj":"1","mjsjgjsd":"1","zlsjmfz":"13","zlsjmfhf":"0.04","sjgjl":"1","pjsh":"49","gjsd":"126|134|172","gjms":"1.35","gjsh":"44-55","gjjl":"625|625|625","wlhj":"0","wlshkx":"3%","mfshkx":"25%","minitb":"http://www.dota2.com.cn/images/heroes/drow_ranger_icon.png"},{"id":65,"zwm":"谜团","ywm":"Enigma","jc":"Enig","xttx":"http://www.dota2.com.cn/images/heroes/enigma_full.png","dttx":"http://www.dota2.com.cn/images/heroes/enigma_vert.jpg","gjlx":"远程","yxlx":"智力","yxdw":"控制|先手|打野|推进","zltb":"http://www.dota2.com.cn/images/info1301/tit_img01.gif","zljc":"20","zlsj":"3.4","mjtb":"http://www.dota2.com.cn/images/info1301/tit_img02.gif","mjjc":"14","mjsj":"1","lltb":"http://www.dota2.com.cn/images/info1301/tit_img03.gif","lljc":"17","llsj":"2.1","gjltb":"http://www.dota2.com.cn/images/info1301/tit_img06.gif","csgjl":"22-28","ydsdtb":"http://www.dota2.com.cn/images/info1301/tit_img05.gif","csydsd":"300","hjtb":"http://www.dota2.com.cn/images/info1301/tit_img04.gif","cshj":"3.96","yxbj":"谜团的背景正如同其名字一样，无人知晓。只有一些流传下来的故事和传说，但大多数都不可信。事实上，关于谜团的各种故事，都只是寥寥的描述，神秘无比：他是宇宙之力，世界的吞噬者。他是虚空中的存在，有时会以物质形态出现，其它时候则以非物质形态存在。他是同时存在于多个位面的生物。在有的传说中，他曾经是一个试图解开宇宙之谜的伟大炼金术士，但最后却因为自己的傲慢而受到诅咒。在其它传说中，他来自远古，是一种不可思议的重力生命体，是来自原始黑暗的扭曲声音，在宇宙中的第一丝光线诞生前就存在的深渊化身。还有更古老的传说，说他是第一颗崩塌的恒星，产生的黑洞变成了有知觉的复杂存在，他的动机无从得知，他的力量无法阻挡，他的存在就是毁灭之力本身。","dj":"1|15|25","smz":"473|1032|1811","mfz":"260|879|1581","gjl":"42-48|90-96|144-150","hj":"4|5|10","syfw":"1800/800","gjfw":"500","ddsd":"900","jdtj1":"http://www.dota2.com.cn/images/property/add/enigma.jpg","jdms1":"由于谜团的转化出的3个精神体每攻击了6次后就分裂自己一次。所以只要操作得当，很快便会分裂出1群小谜团来，2级的精神体打野效率就非常惊人了。所以便有了这种前期主加转化放弃抓人而速出跳刀的打法，而且这样的谜团线上能力也非常强大，无论推进还是拆塔都是非常快。","jdtj2":"","jdms2":"","cmzb":"守护指环*1|净化药水*3|树之祭祀*1|动物信使*1","qqzb":"魔棒*1|速度之靴*1|王者之戒*1|灵魂之戒*1","hxzb":"魔杖*1|动力鞋*1|闪烁匕首*1|护腕*1","hqsz":"梅肯斯姆*1|邪恶镰刀*1|希瓦的守护*1|辉耀*1|黑皇杖*1","ljt":"http://www.dota2.com.cn/images/property/enigma.gif","path":"enigma","zymc":"夜魇","zytb":"http://www.dota2.com.cn/images/heropedia/dire.jpg","yxtp":"http://www.dota2.com.cn/images/others/enigma_big1.jpg","gjlxxj":"1","yxdwxj":"2|2|2|2","llsjsmz":"19","llsjsmhf":"0.03","mjsjhj":"1","mjsjgjsd":"1","zlsjmfz":"13","zlsjmfhf":"0.04","sjgjl":"1","pjsh":"45","gjsd":"114|118|138","gjms":"1.49","gjsh":"42-48","gjjl":"500|500|500","wlhj":"3","wlshkx":"19%","mfshkx":"25%","minitb":"http://www.dota2.com.cn/images/heroes/enigma_icon.png"},{"id":53,"zwm":"帕格纳","ywm":"Pugna","jc":"骨法","xttx":"http://www.dota2.com.cn/images/heroes/pugna_full.png","dttx":"http://www.dota2.com.cn/images/heroes/pugna_vert.jpg","gjlx":"远程","yxlx":"智力","yxdw":"爆发|推进|辅助","zltb":"http://www.dota2.com.cn/images/info1301/tit_img01.gif","zljc":"26","zlsj":"4","mjtb":"http://www.dota2.com.cn/images/info1301/tit_img02.gif","mjjc":"16","mjsj":"1","lltb":"http://www.dota2.com.cn/images/info1301/tit_img03.gif","lljc":"17","llsj":"1.2","gjltb":"http://www.dota2.com.cn/images/info1301/tit_img06.gif","csgjl":"19-27","ydsdtb":"http://www.dota2.com.cn/images/info1301/tit_img05.gif","csydsd":"330","hjtb":"http://www.dota2.com.cn/images/info1301/tit_img04.gif","cshj":"1.24","yxbj":"在帕格纳的出生之境，三途川的发源地附近耸立着一座专门研究湮灭术的喇嘛寺，这座寺庙直接从河中汲取冥界的能量。寺庙的上师几年之前将自己湮灭撒手归西，留下一个无人管理的学院。在上师归西的同时，寺庙摄政者们就开始举行一个占卜仪式，来确定他们师傅的转世投胎，最终，所有标记都指向了紧挨他们的邻居。数个村庄坐落在寺庙的影子下，小巷与广场充满了孩童们的笑骂声。帕格纳，一个仅仅13个月大的幼儿，成为了当地的候选者之一，并且在提名日，他与另外两名有前途的幼儿被寺庙选中。喇嘛们给了他们一大杂用过的、属于前任上师的珍贵宝物。一个男孩伸手抓出一根原本属于喇嘛的斑岩手杖……然后把它插到他鼻孔里。一个调皮的女孩拉出一个原本也属于喇嘛的护符，然后立刻吞掉了。帕格纳冷静地注视着另外两人，愉快地笑了一下，接着用一团翠绿的火焰把他们烧成了灰。然后他从灰烬中夺回了手杖和护符，说到：“这些是我的！”摄政者们立刻将喜气洋洋的帕格纳架在肩上，给他套上了上师的法衣，在他心情变化前急忙把他抬上了宝座。五年内，这座庙宇本身成为了另一堆灰烬，让帕格纳愉悦不止。","dj":"1|15|25","smz":"473|792|1400","mfz":"338|1066|1846","gjl":"45-53|101-109|161-169","hj":"1|3|7","syfw":"1800/800","gjfw":"600","ddsd":"900","jdtj1":"http://www.dota2.com.cn/images/property/add/pugna.jpg","jdms1":"湮灭法师的加点路线主要有两种主幽冥爆轰副衰老或者副幽冥守卫，这一套是主衰老的加点，这套加点爆发高，用来打gank，打小范围团战的效果不错。","jdtj2":null,"jdms2":null,"cmzb":"力量手套*1|铁树枝干*2|净化药水*2|树之祭祀*1|治疗药膏*1","qqzb":"魔棒*1|速度之靴*1|护腕*1|王者之戒*1","hxzb":"魔杖*1|相位鞋*1|梅肯斯姆*1","hqsz":"阿哈利姆神杖*1|邪恶镰刀*1|希瓦的守护*1|达贡之神力*1|黑皇杖*1|韧鼓*1","ljt":"http://www.dota2.com.cn/images/property/pugna.gif","path":"pugna","zymc":"夜魇","zytb":"http://www.dota2.com.cn/images/heropedia/dire.jpg","yxtp":"http://www.dota2.com.cn/images/others/pugna_big1.jpg","gjlxxj":"1","yxdwxj":"2|1|1","llsjsmz":"19","llsjsmhf":"0.03","mjsjhj":"1","mjsjgjsd":"1","zlsjmfz":"13","zlsjmfhf":"0.04","sjgjl":"1","pjsh":"49","gjsd":"116|120|140","gjms":"1.47","gjsh":"45-53","gjjl":"600|600|600","wlhj":"1","wlshkx":"6%","mfshkx":"25%","minitb":"http://www.dota2.com.cn/images/heroes/pugna_icon.png"},{"id":88,"zwm":"巫妖","ywm":"Lich","jc":"LICH","xttx":"http://www.dota2.com.cn/images/heroes/lich_full.png","dttx":"http://www.dota2.com.cn/images/heroes/lich_vert.jpg","gjlx":"远程","yxlx":"智力","yxdw":"辅助|对线辅助|爆发","zltb":"http://www.dota2.com.cn/images/info1301/tit_img01.gif","zljc":"18","zlsj":"3.25","mjtb":"http://www.dota2.com.cn/images/info1301/tit_img02.gif","mjjc":"15","mjsj":"2","lltb":"http://www.dota2.com.cn/images/info1301/tit_img03.gif","lljc":"18","llsj":"1.55","gjltb":"http://www.dota2.com.cn/images/info1301/tit_img06.gif","csgjl":"24-33","ydsdtb":"http://www.dota2.com.cn/images/info1301/tit_img05.gif","csydsd":"315","hjtb":"http://www.dota2.com.cn/images/info1301/tit_img04.gif","cshj":"1.1","yxbj":"巫妖生前是一位叫艾斯瑞安的冰霜法师，他曾经威胁要带来毁灭性的冰霜，企图征服整个王国。终于，那些平民在几个绝望的魔法师的帮助下，终于鼓起了勇气去暗算他。他们用一些具有足够魔力的绳索把他永远束缚住了，被绑上了厚重的石头后，这个冰霜巫师被扔进了一个据说深不见底的湖泊。但其实不然。他只下沉了一年左右，绳索挂在了一个石头上。在那里他平静地死去，虽然死了但并没有腐烂，直到风水师安希尔前来核查被认为是无底湖的黑暗之湖的传说。安希尔放下的铅垂线与绑住被淹死的巫师的绳索缠在了一起，于是他拉上了意外的收获。他认为将死者转变为不死族后，便可以向巫妖询问这个湖的情况，他移除了捆绑巫妖的绳索并进行了简单的转生仪式。由于艾斯瑞安的故事已经被时间所抹去，就算是当年杀死他的人的后代也不再记得，所以当时没有人能对安希尔的鲁莽行为做出警告。不过紧接着，安希尔就尝到了苦果，巫妖一摆脱绳索的束缚，就将他吞噬。","dj":"1|15|25","smz":"492|904|1579","mfz":"234|826|1508","gjl":"42-51|88-97|140-149","hj":"1|5|11","syfw":"1800/800","gjfw":"550","ddsd":"900","jdtj1":"http://www.dota2.com.cn/images/property/add/lich.jpg","jdms1":"这是路人战娱乐的常用加点方法，现在巫妖多数会一级加吃兵，这样一波兵从出来到走上前线，巫妖有机会可以吃两个，对敌方英雄的经验压制非常明显。正规比赛中巫妖往往会在前三级就点出一级冰甲来增加护甲，克制对面近战单位并且保护己方的后期英雄。","jdtj2":"","jdms2":"","cmzb":"树之祭祀*1|治疗药膏*2|力量手套*1|动物信使*1","qqzb":"魔棒*1|速度之靴*1|护腕*1","hxzb":"魔杖*1|静谧之鞋*1|梅肯斯姆*1|侦查守卫*1","hqsz":"远行鞋*1|邪恶镰刀*1|希瓦的守护*1|阿哈利姆神杖*1|飞行信使*1","ljt":"http://www.dota2.com.cn/images/property/lich.gif","path":"lich","zymc":"夜魇","zytb":"http://www.dota2.com.cn/images/heropedia/dire.jpg","yxtp":"http://www.dota2.com.cn/images/others/lich_big1.jpg","gjlxxj":"1","yxdwxj":"3|3|2","llsjsmz":"19","llsjsmhf":"0.03","mjsjhj":"1","mjsjgjsd":"1","zlsjmfz":"13","zlsjmfhf":"0.04","sjgjl":"1","pjsh":"46","gjsd":"115|123|163","gjms":"1.48","gjsh":"42-51","gjjl":"550|550|550","wlhj":"1","wlshkx":"6%","mfshkx":"25%","minitb":"http://www.dota2.com.cn/images/heroes/lich_icon.png"},{"id":75,"zwm":"术士","ywm":"Warlock","jc":"Warlock","xttx":"http://www.dota2.com.cn/images/heroes/warlock_full.png","dttx":"http://www.dota2.com.cn/images/heroes/warlock_vert.jpg","gjlx":"远程","yxlx":"智力","yxdw":"先手|辅助|对线辅助|控制","zltb":"http://www.dota2.com.cn/images/info1301/tit_img01.gif","zljc":"24","zlsj":"2.7","mjtb":"http://www.dota2.com.cn/images/info1301/tit_img02.gif","mjjc":"10","mjsj":"1","lltb":"http://www.dota2.com.cn/images/info1301/tit_img03.gif","lljc":"18","llsj":"2.5","gjltb":"http://www.dota2.com.cn/images/info1301/tit_img06.gif","csgjl":"22-32","ydsdtb":"http://www.dota2.com.cn/images/info1301/tit_img05.gif","csydsd":"295","hjtb":"http://www.dota2.com.cn/images/info1301/tit_img04.gif","cshj":"2.4","yxbj":"作为秘湮学院禁断圣所的首席馆长和馆藏物主管，戴蒙·拉尼克不知疲倦地追求着那些罕见的失落的禁忌卷轴。无论被诅咒的寺庙有多禁忌，无论隐藏洞穴的路途有多危险，只要有谣传说那里藏着传说学识的原典，他就会不顾自己的安危进入这些危险的场所。然而，他经常在调查中惹怒各种守护者，这使他感到有必要掌握魔法。他将追寻古物时的执念用在了逼迫自己学习魔法上，最终他比大多数学徒都要快地完成了整个学业，在最短时间内成为了学院最强大的术士。后来他用恐惧之木雕刻了一根法杖，并在其中注入了一个他从异界之狱俘获的灵魂。因为期待着有一天能够复原所有的失落魔法书，他开始撰写自己的黑暗魔典。毫无疑问，这对他的黑暗魔法来说，意义非凡。","dj":"1|15|25","smz":"492|1157|2012","mfz":"312|803|1414","gjl":"46-56|84-94|131-141","hj":"2|4|9","syfw":"1800/800","gjfw":"600","ddsd":"1200","jdtj1":"http://www.dota2.com.cn/images/property/add/warlock.jpg","jdms1":"著名的黄点流打法，这种加点术士线上保人能力强，并且皮糙肉厚，打辅助的术士加点路线，中期开始补剧变，在对面近战多，控制少的时候能起到不错的效果。","jdtj2":"","jdms2":"","cmzb":"动物信使*1|守护指环*1|净化药水*1|铁树枝干*1|治疗药膏*1","qqzb":"魔棒*1|速度之靴*1|护腕*1|王者之戒*1","hxzb":"魔杖*1|奥术鞋*1|梅肯斯姆*1|侦查守卫*1","hqsz":"邪恶镰刀*1|希瓦的守护*1|阿哈利姆神杖*1|刷新球*1|死灵书*1|韧鼓*1","ljt":"http://www.dota2.com.cn/images/property/warlock.gif","path":"warlock","zymc":"夜魇","zytb":"http://www.dota2.com.cn/images/heropedia/dire.jpg","yxtp":"http://www.dota2.com.cn/images/others/warlock_big1.jpg","gjlxxj":"1","yxdwxj":"2|2|2|1","llsjsmz":"19","llsjsmhf":"0.03","mjsjhj":"1","mjsjgjsd":"1","zlsjmfz":"13","zlsjmfhf":"0.04","sjgjl":"1","pjsh":"51","gjsd":"110|114|134","gjms":"1.55","gjsh":"46-56","gjjl":"600|600|600","wlhj":"2","wlshkx":"12%","mfshkx":"25%","minitb":"http://www.dota2.com.cn/images/heroes/warlock_icon.png"},{"id":51,"zwm":"殁境神蚀者","ywm":"Outworld Devourer","jc":"黑鸟","xttx":"http://www.dota2.com.cn/images/heroes/obsidian_destroyer_full.png","dttx":"http://www.dota2.com.cn/images/heroes/obsidian_destroyer_vert.jpg","gjlx":"远程","yxlx":"智力","yxdw":"核心","zltb":"http://www.dota2.com.cn/images/info1301/tit_img01.gif","zljc":"26","zlsj":"3.3","mjtb":"http://www.dota2.com.cn/images/info1301/tit_img02.gif","mjjc":"24","mjsj":"2","lltb":"http://www.dota2.com.cn/images/info1301/tit_img03.gif","lljc":"19","llsj":"2.3","gjltb":"http://www.dota2.com.cn/images/info1301/tit_img06.gif","csgjl":"20-35","ydsdtb":"http://www.dota2.com.cn/images/info1301/tit_img05.gif","csydsd":"315","hjtb":"http://www.dota2.com.cn/images/info1301/tit_img04.gif","cshj":"5.36","yxbj":"一个高傲且强横的种族中的一员，先兆者，徘徊于虚空裂隙，他是整个世界与创世深渊之间唯一的卫士。在这充斥着星体残片的殁境中，他凝视着天穹，警觉的提防着繁星之外那无底深渊中的任何骚动。在他非凡的智慧中，深藏着对先兆的敏锐洞察力和强烈共鸣，他心中那曲黑暗的协奏曲暗示着：总有一天，在这深渊之中，在那造化之外，会有某种东西醒来，并且注意到我们的世界。由于太专注于监视星体，殁境神蚀者对太阳附近的事件并不关心。然而，随着遗迹发出战争的召唤，随着心中那潜在的危机感不断扩大，殁境神蚀者展开双翼，向着我们的世界飞来。在预言中，先兆者的地位不言而喻：他的出现即是灾厄的征兆。何况，他已然亲临。","dj":"1|15|25","smz":"511|1123|1940","mfz":"338|939|1628","gjl":"46-61|92-107|145-160","hj":"5|9|15","syfw":"1800/800","gjfw":"450","ddsd":"900","jdtj1":"http://www.dota2.com.cn/images/property/add/Outworld_Devourer.jpg","jdms1":"黑鸟是为数不多可以打后期的智力型英雄，这套加点适合打solo位置的黑鸟。星体禁锢是不错的技能，留人，救人，抽取智力都会有着不错的效果，前期最少加到两级，可以主禁锢，也可以主被动。可以更早的升级1级的奥术天球。","jdtj2":null,"jdms2":null,"cmzb":"铁树枝干*3|智力斗篷*1|树之祭祀*1|治疗药膏*1","qqzb":"魔棒*1|速度之靴*1|空灵挂件*1","hxzb":"动力鞋*1|魔杖*1|原力法杖*1|回城卷轴*1","hqsz":"阿哈利姆神杖*1|希瓦的守护*1|闪烁匕首*1|邪恶镰刀*1|纷争面纱*1","ljt":"http://www.dota2.com.cn/images/property/obsidian_destroyer.gif","path":"outworld_devourer","zymc":"夜魇","zytb":"http://www.dota2.com.cn/images/heropedia/dire.jpg","yxtp":"http://www.dota2.com.cn/images/others/obsidian_destroyer_big1.jpg","gjlxxj":"1","yxdwxj":"2","llsjsmz":"19","llsjsmhf":"0.03","mjsjhj":"1","mjsjgjsd":"1","zlsjmfz":"13","zlsjmfhf":"0.04","sjgjl":"1","pjsh":"53","gjsd":"124|132|172","gjms":"1.37","gjsh":"46-61","gjjl":"450|450|450","wlhj":"5","wlshkx":"24%","mfshkx":"25%","minitb":"http://www.dota2.com.cn/images/heroes/obsidian_destroyer_icon.png"}],"honorList":[{"id":15,"zwm":"戴泽","msg":"暂无","createtime":null}],"adapt_zd_list":[{"id":99,"zwm":"育母蜘蛛","ywm":"Broodmother","jc":"蜘蛛","xttx":"http://www.dota2.com.cn/images/heroes/broodmother_full.png","dttx":"http://www.dota2.com.cn/images/heroes/broodmother_vert.jpg","gjlx":"近战","yxlx":"敏捷","yxdw":"辅助|爆发|先手|推进","zltb":"http://www.dota2.com.cn/images/info1301/tit_img01.gif","zljc":"18","zlsj":"2","mjtb":"http://www.dota2.com.cn/images/info1301/tit_img02.gif","mjjc":"18","mjsj":"2.2","lltb":"http://www.dota2.com.cn/images/info1301/tit_img03.gif","lljc":"17","llsj":"2.5","gjltb":"http://www.dota2.com.cn/images/info1301/tit_img06.gif","csgjl":"26-32","ydsdtb":"http://www.dota2.com.cn/images/info1301/tit_img05.gif","csydsd":"295","hjtb":"http://www.dota2.com.cn/images/info1301/tit_img04.gif","cshj":"2.52","yxbj":"几个世纪以来，育母蜘蛛布蕾克·艾拉齐娜一直潜伏在灼神山的火山口岩洞中，悉心的照料着数以百万计的幼虫，保证他们能够安全的存活到去地上世界捕食的年龄。直到后来，索罗普瑟斯，一个贪婪的权臣，在死火山的火山口修建了他的私人庙塔，因为他知道，就算有人觊觎他的财富，也不能活着穿越那条蜘蛛出没的死亡之路。在安享了几百年的安宁后，布蕾克·艾拉齐娜发现一些不速之客不停的在干扰着她的生活，毛手毛脚的小偷、有勇无谋的骑士，以及出生贵族的年轻人——诚然，他们都是美味的食物，但是他们的到来切实的影响到了她照料她那“无辜”的后代。忍无可忍之时，她去造访了索罗普瑟斯，而这个权臣却不愿意妥协，于是她用蛛丝将他裹起来，扔到一边，留给那些即将出生的小崽子们美味一顿。不幸的是，庙塔主人的失踪却让更多的人壮着胆子前来骚扰。而当她的一名新生儿被一个冒失的探险者踩死时，她终于爆发了。育母蜘蛛向着地上世界前进，誓要清洗掉世界上所有可能对她的孩子有威胁的入侵者，即使是英雄也不例外，直到确保她能够为她那珍贵的小蜘蛛们提供一个安全健康的温床。","dj":"1|15|25","smz":"473|1138|1993","mfz":"234|598|1118","gjl":"44-50|75-81|117-123","hj":"3|7|13","syfw":"1800/800","gjfw":"128","ddsd":"N/A","jdtj1":"http://www.dota2.com.cn/images/property/add/broodmother.jpg","jdms1":"育母蜘蛛最大的特点就是牵制和推进，说她是个战术英雄更加靠谱，往往在你们与对面缠斗的时候，育母蜘蛛就可以孤身一人推掉你的高地。由于前期有蛛网的存在，没有真眼的情况下很难将蜘蛛击杀。","jdtj2":"","jdms2":"","cmzb":"治疗药膏*1|树之祭祀*1|净化药水*1|铁树枝干*2|守护指环*1","qqzb":"速度之靴*1|灵魂之戒*1|天鹰之戒*1","hxzb":"动力鞋*1|紫怨*1","hqsz":"黑皇杖*1|弗拉迪米尔的祭品*1|蝴蝶*1|金箍棒*1|强袭胸甲*1|辉耀*1","ljt":"http://www.dota2.com.cn/images/property/broodmother.gif","path":"broodmother","zymc":"夜魇","zytb":"http://www.dota2.com.cn/images/heropedia/dire.jpg","yxtp":"http://www.dota2.com.cn/images/others/broodmother_big1.jpg","gjlxxj":"1","yxdwxj":"3|1|1","llsjsmz":"19","llsjsmhf":"0.03","mjsjhj":"1","mjsjgjsd":"1","zlsjmfz":"13","zlsjmfhf":"0.04","sjgjl":"1","pjsh":"47","gjsd":"118|127|171","gjms":"1.44","gjsh":"44-50","gjjl":"128|128|128","wlhj":"2","wlshkx":"13%","mfshkx":"25%","minitb":"http://www.dota2.com.cn/images/heroes/broodmother_icon.png"},{"id":6,"zwm":"哈斯卡","ywm":"Huskar","jc":"神灵、神灵武士","xttx":"http://www.dota2.com.cn/images/heroes/huskar_full.png","dttx":"http://www.dota2.com.cn/images/heroes/huskar_vert.jpg","gjlx":"远程","yxlx":"力量","yxdw":"核心|先手|耐久","zltb":"http://www.dota2.com.cn/images/info1301/tit_img01.gif","zljc":"18","zlsj":"1.50","mjtb":"http://www.dota2.com.cn/images/info1301/tit_img02.gif","mjjc":"15","mjsj":"1.40","lltb":"http://www.dota2.com.cn/images/info1301/tit_img03.gif","lljc":"21","llsj":"2.40","gjltb":"http://www.dota2.com.cn/images/info1301/tit_img06.gif","csgjl":"21-30","ydsdtb":"http://www.dota2.com.cn/images/info1301/tit_img05.gif","csydsd":"300","hjtb":"http://www.dota2.com.cn/images/info1301/tit_img04.gif","cshj":"1.1","yxbj":"从虚无之境带给他的剧痛中逃离后，哈斯卡终于睁开了双眼，醒来的第一件事却是发现暗影牧师戴泽正在对他吟唱一个艰深的咒语。哈斯卡的灵魂从永恒虚无中被救了出来，这是违背了德尊教团古老仪式的准则的，然而和其他去过虚无之境的人一样，哈斯卡也发现自己的身体被那里所彻底改变了。他不再怜悯凡人的肉体，他的生命之血成为了强大的力量源泉，每一滴鲜血都给他成倍的狂暴的、灼热的能量。然而，这一新生的天赋却激怒了哈斯卡，因为在拯救他逃离虚无之境时，戴泽拒绝让他进入神灵之地。他的自我牺牲也被拒绝。当教团的的长老们试图寻找一个扩大自己影响的方法时，他们一致认为哈斯卡将成为他们在战争中最可怕的武器。然而，成为教团的武器让哈斯卡更加愤怒，因为他们不仅利用他，还否定了他与生俱来的权利。于是在战争打响之际，他逃离了家乡，去寻找新的盟友，寻找那些值得他牺牲自己，释放强大力量的盟友。","dj":"1|15|25","smz":"549|1187|2023","mfz":"234|507|962","gjl":"42-51|76-85|120-129","hj":"2|7|13","syfw":"1800/800","gjfw":"400","ddsd":"1400","jdtj1":"http://www.dota2.com.cn/images/property/add/huskar.jpg","jdms1":"这种就是比较老一点的神灵的加点，也是比较稳妥的一种。上来有火箭去消耗对方的血，之后有三级能的加攻击让自己成为最强悍的男人。这种加点需要第二个技能补充活血术，这是为了在团战或者小范围团战中能有持续的高输出，这样才是神灵的真谛，真男人是时间持续的久。","jdtj2":null,"jdms2":null,"cmzb":"治疗药膏*1|树之祭祀*1|力量手套*2|铁树枝干*1","qqzb":"速度之靴*1|魔棒*1|影之灵龛*1","hxzb":"动力鞋*1|魔杖*1|莫尔迪基安的臂章*1|支配头盔*1|回城卷轴*1","hqsz":"黑皇杖*1|撒旦之邪力*1|恐鳌之心*1|强袭胸甲*1|阿哈利姆神杖*1|影刃*1|天堂之戟*1|梅肯斯姆*1|白银之锋*1","ljt":"http://www.dota2.com.cn/images/property/huskar.gif","path":"huskar","zymc":"天辉","zytb":"http://www.dota2.com.cn/images/heropedia/radiant.jpg","yxtp":"http://www.dota2.com.cn/images/others/huskar_big1.jpg","gjlxxj":"1","yxdwxj":"1|1|1","llsjsmz":"19","llsjsmhf":"0.03","mjsjhj":"1","mjsjgjsd":"1","zlsjmfz":"13","zlsjmfhf":"0.04","sjgjl":"1","pjsh":"46","gjsd":"121|127|155","gjms":"1.39","gjsh":"42-51","gjjl":"400|400|400","wlhj":"1.1","wlshkx":"6%","mfshkx":"25%","minitb":"http://www.dota2.com.cn/images/heroes/huskar_icon.png"}],"hqszList":[{"goods":{"id":81,"bigtype":"升级物品","type":"法器","wpmc":"邪恶镰刀","wppz":"3","wptp":"http://www.dota2.com.cn/images/items/sheepstick_lg.png","jgtb":"http://www.dota2.com.cn/images/info1301/tit_img07.gif","jg":"5675","wpjs":"Vyse教徒最为宝贵的圣物，法师们最为垂涎的武器。","wpzyms":"","wpsyff":"主动：妖术-将一个单位变成无害的小动物，持续3.5秒。消灭幻象。","wpxg":"+ <span class=\"color_yellow\">10</span> 力量<br/>+ <span class=\"color_yellow\">10</span> 敏捷<br/>+ <span class=\"color_yellow\">35</span> 智力<br/>+ <span class=\"color_yellow\">150%</span> 魔法恢复","lqsjtb":"http://www.dota2.com.cn/images/info1301/ico2.gif","lqsj":"30","mfxhtb":"http://www.dota2.com.cn/images/info1301/ico1.gif","mfxh":"100","qzwptb":null,"wpzyms2":"立刻杀死幻象。<br>目标的基础移动速度为100，但是如果目标有满速状态则移速不受影响。<br>妖术将使伤害格挡和闪避无效。","item_en":"sheepstick"},"count":1},{"goods":{"id":99,"bigtype":"升级物品","type":"防具","wpmc":"希瓦的守护","wppz":"4","wptp":"http://www.dota2.com.cn/images/items/shivas_guard_lg.png","jgtb":"http://www.dota2.com.cn/images/info1301/tit_img07.gif","jg":"4700","wpjs":"据说曾经属于某位女神，至今仍保持大部分神力。","wpzyms":"多个霜冷光坏的效果无法叠加。","wpsyff":"主动：极寒冲击 - 发出一道寒冷的波动，对敌人造成200伤害并减速-40%持续4.0秒。<br>被动：霜冷光环 - 降低敌人攻击速度。","wpxg":"+ <span class=\"color_yellow\">30</span> 智力<br/>+ <span class=\"color_yellow\">15</span> 护甲<br/>光环攻速降低：<span class=\"color_yellow\">40</span>","lqsjtb":"http://www.dota2.com.cn/images/info1301/ico2.gif","lqsj":"30","mfxhtb":"http://www.dota2.com.cn/images/info1301/ico1.gif","mfxh":"100","qzwptb":"","wpzyms2":"极寒冲击的扩张速度为350，最大半径为900。 <br>极寒冲击将以施放者为中心。","item_en":"shivas_guard"},"count":1},{"goods":{"id":78,"bigtype":"升级物品","type":"法器","wpmc":"阿哈利姆神杖","wppz":"3","wptp":"http://www.dota2.com.cn/images/items/ultimate_scepter_lg.png","jgtb":"http://www.dota2.com.cn/images/info1301/tit_img07.gif","jg":"4200","wpjs":"拥有半神之力的法师的权杖。","wpzyms":"","wpsyff":"被动：终极技能升级 - 能提升某些英雄终极技能。","wpxg":"+ <span class=\"color_yellow\">10</span> 所有属性<br/>+ <span class=\"color_yellow\">200</span> 生命值<br/>+ <span class=\"color_yellow\">150</span> 魔法值","lqsjtb":"","lqsj":"","mfxhtb":"","mfxh":"","qzwptb":"","wpzyms2":"","item_en":"ultimate_scepter"},"count":1},{"goods":{"id":71,"bigtype":"升级物品","type":"辅助","wpmc":"洞察烟斗","wppz":"3","wptp":"http://www.dota2.com.cn/images/items/pipe_lg.png","jgtb":"http://www.dota2.com.cn/images/info1301/tit_img07.gif","jg":"3628","wpjs":"一件来源神秘的强大古物，能制造出抵挡法术攻击的护盾。","wpzyms":"多件法术抵抗物品的效果不会叠加。","wpsyff":"主动：法术护盾 - 为附近的友方单位套上能抵挡400法术伤害的护盾。<br/>被动：洞察光环 - 提升附近友方单位每秒生命恢复速度4点。","wpxg":"+ <span class=\"color_yellow\">9</span> 生命恢复速率<br/>+ <span class=\"color_yellow\">30%</span> 魔法抗性<br/>恢复光环： <span class=\"color_yellow\">4</span>","lqsjtb":"http://www.dota2.com.cn/images/info1301/ico2.gif","lqsj":"60","mfxhtb":"http://www.dota2.com.cn/images/info1301/ico1.gif","mfxh":"100","qzwptb":null,"wpzyms2":"不能作用于50秒内已经受到过法术护盾作用的单位。<br>只与其他提高魔法抗性的技能叠加。","item_en":"pipe"},"count":1},{"goods":{"id":66,"bigtype":"升级物品","type":"辅助","wpmc":"勇气勋章","wppz":"3","wptp":"http://www.dota2.com.cn/images/items/medallion_of_courage_lg.png","jgtb":"http://www.dota2.com.cn/images/info1301/tit_img07.gif","jg":"1075","wpjs":"持有者无惧于战斗。","wpzyms":"不可以对技能免疫的敌方单位施放","wpsyff":"主动：孤注一掷-降低自身和目标的护甲。持续7秒。","wpxg":"+ <span class=\"color_yellow\">6</span> 护甲<br/>+ <span class=\"color_yellow\">50%</span> 魔法恢复<br/>护甲削弱：<span class=\"color_yellow\">6</span>","lqsjtb":"http://www.dota2.com.cn/images/info1301/ico2.gif","lqsj":"7","mfxhtb":"","mfxh":"","qzwptb":null,"wpzyms2":"对Roshan施放时降低的护甲值减半","item_en":"medallion_of_courage"},"count":1}],"hxzbList":[{"goods":{"id":50,"bigtype":"升级物品","type":"普通","wpmc":"魔杖","wppz":"2","wptp":"http://www.dota2.com.cn/images/items/magic_wand_lg.png","jgtb":"http://www.dota2.com.cn/images/info1301/tit_img07.gif","jg":"509","wpjs":"一个简易但实用的魔杖，能够补充使用者的能量--巫师学徒和高级术士都喜欢。","wpzyms":"","wpsyff":"主动：充能 - 每当周围有敌人施放技能都会自动充能（最多15点能量）。当使用时，每点能量为你回复生命值和魔法值。","wpxg":"+ <span class=\"color_yellow\">3</span> 所有属性<br/>每点能量回复：<span class=\"color_yellow\">15</span>","lqsjtb":"http://www.dota2.com.cn/images/info1301/ico2.gif","lqsj":"12","mfxhtb":"","mfxh":"","qzwptb":"","wpzyms2":"1200码视野范围内敌人使用技能就会获得点数。 <br>部分英雄技能和物品技能的施放将不会增加点数。","item_en":"magic_wand"},"count":1},{"goods":{"id":67,"bigtype":"升级物品","type":"辅助","wpmc":"奥术鞋","wppz":"3","wptp":"http://www.dota2.com.cn/images/items/arcane_boots_lg.png","jgtb":"http://www.dota2.com.cn/images/info1301/tit_img07.gif","jg":"1450","wpjs":"装备这种鞋子的法师在战斗中极具价值。","wpzyms":"移动速度提升效果不与其他鞋子叠加。","wpsyff":"主动：补充魔法-回复周围友方单位的魔法。","wpxg":"+ <span class=\"color_yellow\">55</span> 移动速度<br/>+ <span class=\"color_yellow\">250</span> 魔法值<br/>魔法回复量：<span class=\"color_yellow\">135</span>","lqsjtb":"http://www.dota2.com.cn/images/info1301/ico2.gif","lqsj":"55","mfxhtb":"http://www.dota2.com.cn/images/info1301/ico1.gif","mfxh":"35","qzwptb":"","wpzyms2":"米波的克隆体不能使用。","item_en":"arcane_boots"},"count":1},{"goods":{"id":9,"bigtype":"基础物品","type":"消耗品","wpmc":"侦查守卫","wppz":"3","wptp":"http://www.dota2.com.cn/images/items/ward_observer_lg.png","jgtb":"http://www.dota2.com.cn/images/info1301/tit_img07.gif","jg":"150","wpjs":"","wpzyms":"持续7分钟。","wpsyff":"使用：放置侦查守卫来获得附近区域的视野。","wpxg":"","lqsjtb":"http://www.dota2.com.cn/images/info1301/ico2.gif","lqsj":"1","mfxhtb":"","mfxh":"","qzwptb":"","wpzyms2":"","item_en":"ward_observer"},"count":1},{"goods":{"id":70,"bigtype":"升级物品","type":"辅助","wpmc":"梅肯斯姆","wppz":"3","wptp":"http://www.dota2.com.cn/images/items/mekansm_lg.png","jgtb":"http://www.dota2.com.cn/images/info1301/tit_img07.gif","jg":"2306","wpjs":"各种散件不知是怎样完美地组合起来，形成的散发着光芒的珠宝。","wpzyms":"多个梅肯斯姆光环无法叠加。","wpsyff":"主动：回复-为周围友方单位回复250点生命值，并提升2点护甲。<br/>被动：梅肯斯姆光环-提升周围友方单位生命恢复速率。","wpxg":"+ <span class=\"color_yellow\">5</span> 所有属性<br/>+ <span class=\"color_yellow\">5</span> 护甲<br/>额外生命恢复速率：<span class=\"color_yellow\">4</span>","lqsjtb":"http://www.dota2.com.cn/images/info1301/ico2.gif","lqsj":"45","mfxhtb":"http://www.dota2.com.cn/images/info1301/ico1.gif","mfxh":"225","qzwptb":null,"wpzyms2":"回复不能作用于25秒内已经被回复作用过的单位。","item_en":"mekansm"},"count":1}],"adapt_kz_list":[{"id":105,"zwm":"军团指挥官","ywm":"Legion Commander","jc":"军团","xttx":"http://www.dota2.com.cn/images/heroes/legion_commander_full.png","dttx":"http://www.dota2.com.cn/images/heroes/legion_commander_vert.jpg","gjlx":"近战","yxlx":"力量","yxdw":"核心 - 耐久","zltb":"http://www.dota2.com.cn/images/info1301/tit_img01.gif","zljc":"20","zlsj":"2.20","mjtb":"http://www.dota2.com.cn/images/info1301/tit_img02.gif","mjjc":"18","mjsj":"1.70","lltb":"http://www.dota2.com.cn/images/info1301/tit_img03.gif","lljc":"26","llsj":"2.60","gjltb":"http://www.dota2.com.cn/images/info1301/tit_img06.gif","csgjl":"35-39","ydsdtb":"http://www.dota2.com.cn/images/info1301/tit_img05.gif","csydsd":"320","hjtb":"http://www.dota2.com.cn/images/info1301/tit_img04.gif","cshj":"2.52","yxbj":"这是全无征兆的一天。石堂城的城墙里突然传来一阵轰隆隆的声响，一团黑色云雾出现，数不尽的魔兽大军从中奔涌而出，他们的魔火和邪术让所有人措手不及。城内的老弱妇孺纷纷惨遭毒手。\n曾经所向披靡的石堂城军队，古铜军团闻讯火速赶来响应。他们由未尝一败的指挥官特蕾丝汀带领军团开进城内，只见沿途的巷道溅满了鲜血，市集燃起了熊熊大火。士兵们从敌人中杀出一条血路，到达这次入侵的源头：石堂城的城市广场，虚无裂隙在其中央，旁边则是魔军骇人的首领。\n首领浑身笼罩着毁灭性的光芒，挥舞着一把大刀，他二话不说将一名士兵劈成了两半，只见尸首即刻开始腐烂。特蕾丝汀举起溅满鲜血的大刀，目光锁定在这怪物身上。他转过身来，对着她咧开嘴开始笑，牙齿乱得跟迷宫一般。他们全然不顾周遭的激烈战斗，向对方冲去。\n两人迅速缠斗在一起。每个招数都被对方挡下，两人的拼死决斗就如舞蹈一般行云流水，古铜军团的士兵则在他们周围一一倒下。特蕾丝汀见对手一刀向她劈来，她纵身一跃，跳到了敌人的身后。局势就此出现了逆转。敌人见状不妙，马上变招，劈砍变成横切，从侧面向她切去，这时她刚站稳，马上为之一振见招拆招。两刀相碰，特蕾丝汀顺势使劲，将刀柄下满是节瘤的敌爪斩下，场上顿时血光一片。其他魔兽见到如此场面早已惊呆，特蕾丝汀趁机发动强攻，将她的长刀刺进敌人的心脏。魔物一声仰天哀嚎，震散了天上的乌云，他在痛苦的扭曲中化成了滚滚淤血。深渊的门户开始颤栗，维系裂隙的力量就如突现一样消失的无影无踪。剩下的入侵者也很快倒在了石堂城的铁骑之下。\n尽管赢得了胜利，谁也没有心情庆祝：石堂城满目疮痍，伤亡无数。特蕾丝汀重新扬起战旗，召集了一群友军。她的愤怒随时都会爆发，誓要将深渊的魔物大军赶尽杀绝。谁敢作对，格杀勿论。","dj":"1|15|25","smz":"644|1336|2210","mfz":"260|660|1206","gjl":"61-65|97-101|143-147","hj":"3|6|11","syfw":"1800/800","gjfw":"128","ddsd":"N/A","jdtj1":"http://www.dota2.com.cn/images/property/add/legion_commander.jpg","jdms1":"压倒性优势是一个高伤害技能，推荐主加。附加强攻能保证线上有不俗的回复效果。团战时使用强攻帮助队友解除状态。闪烁匕首能帮助你快速接近敌人施放决斗。但是由于决斗后容易被对方集火，所以在出好黑皇杖前尽量少在团战中用来做先手。","jdtj2":null,"jdms2":null,"cmzb":"治疗药膏*1|净化药水*2|圆盾*1|铁树枝干*2","qqzb":"速度之靴*1|魔棒*1|影之灵龛*1","hxzb":"动力鞋*1|魔杖*1|闪烁匕首*1","hqsz":"天堂之戟*1|黑皇杖*1|莫尔迪基安的臂章*1|恐鳌之心*1|强袭胸甲*1","ljt":"http://www.dota2.com.cn/images/property/legion_commander.gif","path":"legion_commander","zymc":"天辉","zytb":"http://www.dota2.com.cn/images/heropedia/radiant.jpg","yxtp":"http://www.dota2.com.cn/images/others/legion_commander_big1.jpg","gjlxxj":"1","yxdwxj":"1|2","llsjsmz":"19","llsjsmhf":"0.03","mjsjhj":"1","mjsjgjsd":"1","zlsjmfz":"13","zlsjmfhf":"0.04","sjgjl":"1","pjsh":"59","gjsd":"118|125|159","gjms":"1.44","gjsh":"61-65","gjjl":"128|128|128","wlhj":"2","wlshkx":"13%","mfshkx":"25%","minitb":"http://www.dota2.com.cn/images/heroes/legion_commander_icon.png"},{"id":73,"zwm":"噬魂鬼","ywm":"Lifestealer","jc":"小狗","xttx":"http://www.dota2.com.cn/images/heroes/life_stealer_full.png","dttx":"http://www.dota2.com.cn/images/heroes/life_stealer_vert.jpg","gjlx":"近战","yxlx":"力量","yxdw":"核心|耐久|打野|逃生","zltb":"http://www.dota2.com.cn/images/info1301/tit_img01.gif","zljc":"15","zlsj":"1.75","mjtb":"http://www.dota2.com.cn/images/info1301/tit_img02.gif","mjjc":"18","mjsj":"1.90","lltb":"http://www.dota2.com.cn/images/info1301/tit_img03.gif","lljc":"25","llsj":"2.40","gjltb":"http://www.dota2.com.cn/images/info1301/tit_img06.gif","csgjl":"32-42","ydsdtb":"http://www.dota2.com.cn/images/info1301/tit_img05.gif","csydsd":"315","hjtb":"http://www.dota2.com.cn/images/info1301/tit_img04.gif","cshj":"1.52","yxbj":"在德瓦克地下城中，关押着一个一心想要复仇的巫师，他正在密谋着如何逃跑。和他被关在同一间牢房的，是一个口齿不清的生物，一个名叫奈克斯的贼，它被邪恶议会施加了长命百岁的诅咒，这样才有足够的时间来尽可能多的惩罚它的偷窃和欺骗的行径。年复一年，它的枷锁已然被侵蚀得不成样子，它的思维也不再清醒；奈克斯已经完全忘记了以前的事情，也不再想着逃跑。巫师见状，觉得自己为逃跑大计找到了一个完美的牺牲品，于是对奈克斯施放了感染之咒，将自己的生命之力灌注到奈克斯的躯壳里，然后指使奈克斯制造暴乱，牺牲它的躯体来破坏囚牢，巫师随后就能返回自己的身体，然后神不知鬼不觉的逃跑。然而他的如意算盘并未实现，在进入奈克斯躯体以后，巫师发现他的神志被一个疯狂的旋涡所捕获，那个旋涡的力量强横无匹，抹掉了他所有的意识。由于其意识被一个鲜活生命的闯入刺激，奈克斯突然之间从它那疯狂的梦魇中清醒了过来，并且按着脑海中那个虚无的声音的唯一的指令行动：逃跑。也就是在那个时候，噬魂鬼正式诞生。这个生命体将自己的心智灌注到地下城里面的卫兵身体里，强迫他们打开牢笼，杀死其他卫兵，为噬魂鬼打开了一条畅通无阻的自由大道，而他们的生命也在被吞噬。现在，噬魂鬼仍然带着那串破碎的镣铐，似乎是在告诉世界没有人能够禁锢住他，但同时它心里还认为自己是个囚犯。两个意识共存于一个身体里——一个恶毒狡猾，阳奉阴违的生命。","dj":"1|15|25","smz":"625|1263|2099","mfz":"195|514|1001","gjl":"57-67|91-101|135-145","hj":"2|5|11","syfw":"1800/800","gjfw":"128","ddsd":"N/A","jdtj1":"http://www.dota2.com.cn/images/property/add/lifestealer.jpg","jdms1":"小狗的加点比较灵活，在不同的局势下前期加满任何一种技能都是可以的。建议3级的时候3个技能个点一级，然后再根据场上形势选择主次。","jdtj2":null,"jdms2":null,"cmzb":"树之祭祀*1|治疗药膏*1|圆盾*1|铁树枝干*3","qqzb":"速度之靴*1|魔棒*1","hxzb":"动力鞋*1|魔杖*1|莫尔迪基安的臂章*1|振奋宝石*1","hqsz":"雷神之锤*1|强袭胸甲*1|深渊之刃*1|黯灭*1|闪烁匕首*1|撒旦之邪力*1","ljt":"http://www.dota2.com.cn/images/property/life_stealer.gif","path":"lifestealer","zymc":"夜魇","zytb":"http://www.dota2.com.cn/images/heropedia/dire.jpg","yxtp":"http://www.dota2.com.cn/images/others/life_stealer_big1.jpg","gjlxxj":"1","yxdwxj":"2|2|1|1","llsjsmz":"19","llsjsmhf":"0.03","mjsjhj":"1","mjsjgjsd":"1","zlsjmfz":"13","zlsjmfhf":"0.04","sjgjl":"1","pjsh":"62","gjsd":"118|126|164","gjms":"1.44","gjsh":"57-67","gjjl":"128|128|128","wlhj":"1","wlshkx":"8%","mfshkx":"25%","minitb":"http://www.dota2.com.cn/images/heroes/life_lifestealer_icon.png"},{"id":98,"zwm":"幽鬼","ywm":"Spectre","jc":"Spe","xttx":"http://www.dota2.com.cn/images/heroes/spectre_full.png","dttx":"http://www.dota2.com.cn/images/heroes/spectre_vert.jpg","gjlx":"近战","yxlx":"敏捷","yxdw":"核心|耐久","zltb":"http://www.dota2.com.cn/images/info1301/tit_img01.gif","zljc":"16","zlsj":"1.9","mjtb":"http://www.dota2.com.cn/images/info1301/tit_img02.gif","mjjc":"23","mjsj":"2.2","lltb":"http://www.dota2.com.cn/images/info1301/tit_img03.gif","lljc":"19","llsj":"2","gjltb":"http://www.dota2.com.cn/images/info1301/tit_img06.gif","csgjl":"23-27","ydsdtb":"http://www.dota2.com.cn/images/info1301/tit_img05.gif","csydsd":"295","hjtb":"http://www.dota2.com.cn/images/info1301/tit_img04.gif","cshj":"3.22","yxbj":"和所有强大的能量都喜欢欺凌弱小一样，被称为墨丘利的幽鬼也是一个拥有着强横能量的存在，同样的，她对现实世界中的冲突和纷争无比着迷。然而她平时的幽鬼形态超越了常人的感知范围，因此每当她以实体形态出现时，她不得不损失一部分自我能量——尽管她也不愿意。在战斗中，她的自我意识逐渐散落并重新聚合，她也开始有了意识。她意识到了自己是幽鬼墨丘利——其他所有的鬼影都只是她自我的阴影。出于重新凝聚的打算，她开始专注，她的心智也在不断的成熟。只有等到她取得胜利或者彻底失败时，她那超物质的形态才会得以重聚。","dj":"1|15|25","smz":"511|1043|1803","mfz":"208|554|1061","gjl":"46-50|77-81|119-123","hj":"3|8|13","syfw":"1800/800","gjfw":"128","ddsd":"N/A","jdtj1":"http://www.dota2.com.cn/images/property/add/spectre.jpg","jdms1":"幽鬼，曾经Dota中的无敌大后期之一，被看作是为数不多的可以后期1V5的英雄。幽鬼是大后期，所以前期线上受到的压力一般不会小，主加幽鬼之刃让幽鬼拥有更强的自保的能力。中后期补满荒芜可以让幽鬼拥有更强的作战能力。有大加大，大招也是幽鬼可以瞬间切入战场的利器。","jdtj2":"","jdms2":"","cmzb":"压制之刃*1|树之祭祀*1|治疗药膏*1|铁树枝干*3","qqzb":"魔棒*1|速度之靴*1|治疗指环*1","hxzb":"魔杖*1|动力鞋*1|先锋盾*1|净魂之刃*1","hqsz":"辉耀*1|幻影斧*1|代达罗斯之殇*1|蝴蝶*1|恐鳌之心*1|散夜对剑*1","ljt":"http://www.dota2.com.cn/images/property/spectre.gif","path":"spectre","zymc":"夜魇","zytb":"http://www.dota2.com.cn/images/heropedia/dire.jpg","yxtp":"http://www.dota2.com.cn/images/others/spectre_big1.jpg","gjlxxj":"1","yxdwxj":"3|1","llsjsmz":"19","llsjsmhf":"0.03","mjsjhj":"1","mjsjgjsd":"1","zlsjmfz":"13","zlsjmfhf":"0.04","sjgjl":"1","pjsh":"48","gjsd":"123|132|176","gjms":"1.38","gjsh":"46-50","gjjl":"128|128|128","wlhj":"3","wlshkx":"16%","mfshkx":"25%","minitb":"http://www.dota2.com.cn/images/heroes/spectre_icon.png"},{"id":6,"zwm":"哈斯卡","ywm":"Huskar","jc":"神灵、神灵武士","xttx":"http://www.dota2.com.cn/images/heroes/huskar_full.png","dttx":"http://www.dota2.com.cn/images/heroes/huskar_vert.jpg","gjlx":"远程","yxlx":"力量","yxdw":"核心|先手|耐久","zltb":"http://www.dota2.com.cn/images/info1301/tit_img01.gif","zljc":"18","zlsj":"1.50","mjtb":"http://www.dota2.com.cn/images/info1301/tit_img02.gif","mjjc":"15","mjsj":"1.40","lltb":"http://www.dota2.com.cn/images/info1301/tit_img03.gif","lljc":"21","llsj":"2.40","gjltb":"http://www.dota2.com.cn/images/info1301/tit_img06.gif","csgjl":"21-30","ydsdtb":"http://www.dota2.com.cn/images/info1301/tit_img05.gif","csydsd":"300","hjtb":"http://www.dota2.com.cn/images/info1301/tit_img04.gif","cshj":"1.1","yxbj":"从虚无之境带给他的剧痛中逃离后，哈斯卡终于睁开了双眼，醒来的第一件事却是发现暗影牧师戴泽正在对他吟唱一个艰深的咒语。哈斯卡的灵魂从永恒虚无中被救了出来，这是违背了德尊教团古老仪式的准则的，然而和其他去过虚无之境的人一样，哈斯卡也发现自己的身体被那里所彻底改变了。他不再怜悯凡人的肉体，他的生命之血成为了强大的力量源泉，每一滴鲜血都给他成倍的狂暴的、灼热的能量。然而，这一新生的天赋却激怒了哈斯卡，因为在拯救他逃离虚无之境时，戴泽拒绝让他进入神灵之地。他的自我牺牲也被拒绝。当教团的的长老们试图寻找一个扩大自己影响的方法时，他们一致认为哈斯卡将成为他们在战争中最可怕的武器。然而，成为教团的武器让哈斯卡更加愤怒，因为他们不仅利用他，还否定了他与生俱来的权利。于是在战争打响之际，他逃离了家乡，去寻找新的盟友，寻找那些值得他牺牲自己，释放强大力量的盟友。","dj":"1|15|25","smz":"549|1187|2023","mfz":"234|507|962","gjl":"42-51|76-85|120-129","hj":"2|7|13","syfw":"1800/800","gjfw":"400","ddsd":"1400","jdtj1":"http://www.dota2.com.cn/images/property/add/huskar.jpg","jdms1":"这种就是比较老一点的神灵的加点，也是比较稳妥的一种。上来有火箭去消耗对方的血，之后有三级能的加攻击让自己成为最强悍的男人。这种加点需要第二个技能补充活血术，这是为了在团战或者小范围团战中能有持续的高输出，这样才是神灵的真谛，真男人是时间持续的久。","jdtj2":null,"jdms2":null,"cmzb":"治疗药膏*1|树之祭祀*1|力量手套*2|铁树枝干*1","qqzb":"速度之靴*1|魔棒*1|影之灵龛*1","hxzb":"动力鞋*1|魔杖*1|莫尔迪基安的臂章*1|支配头盔*1|回城卷轴*1","hqsz":"黑皇杖*1|撒旦之邪力*1|恐鳌之心*1|强袭胸甲*1|阿哈利姆神杖*1|影刃*1|天堂之戟*1|梅肯斯姆*1|白银之锋*1","ljt":"http://www.dota2.com.cn/images/property/huskar.gif","path":"huskar","zymc":"天辉","zytb":"http://www.dota2.com.cn/images/heropedia/radiant.jpg","yxtp":"http://www.dota2.com.cn/images/others/huskar_big1.jpg","gjlxxj":"1","yxdwxj":"1|1|1","llsjsmz":"19","llsjsmhf":"0.03","mjsjhj":"1","mjsjgjsd":"1","zlsjmfz":"13","zlsjmfhf":"0.04","sjgjl":"1","pjsh":"46","gjsd":"121|127|155","gjms":"1.39","gjsh":"42-51","gjjl":"400|400|400","wlhj":"1.1","wlshkx":"6%","mfshkx":"25%","minitb":"http://www.dota2.com.cn/images/heroes/huskar_icon.png"},{"id":4,"zwm":"钢背兽","ywm":"Bristleback","jc":"钢背，背背猪","xttx":"http://www.dota2.com.cn/images/heroes/bristleback_full.png","dttx":"http://www.dota2.com.cn/images/heroes/bristleback_vert.jpg","gjlx":"近战","yxlx":"力量","yxdw":"耐久|先手|控制","zltb":"http://www.dota2.com.cn/images/info1301/tit_img01.gif","zljc":"14","zlsj":"2.80","mjtb":"http://www.dota2.com.cn/images/info1301/tit_img02.gif","mjjc":"17","mjsj":"1.80","lltb":"http://www.dota2.com.cn/images/info1301/tit_img03.gif","lljc":"22","llsj":"2.20","gjltb":"http://www.dota2.com.cn/images/info1301/tit_img06.gif","csgjl":"26-36","ydsdtb":"http://www.dota2.com.cn/images/info1301/tit_img05.gif","csydsd":"290","hjtb":"http://www.dota2.com.cn/images/info1301/tit_img04.gif","cshj":"3.38","yxbj":"瑞格沃在打架时从不以背示人，他因与众多强大烦人的拳手进行的正面交锋为人称道。醉酒的人群给他冠以“刚背大师”的美名，他曾徒步从斯洛姆王国前往厄泽王庭，沿途经过的所有酒馆他都插手了后院发生的斗殴。为了少许的酒钱，刚背兽帮酒馆收集账单，维护秩序，偶尔还能折断一两条腿，如果不走运的吐丝家伙碰到了他那就是五条。在一晚痛快的干架中，钢背兽终于遇到了自己的对手，他眼看着酒馆的常客和老板身上都受了不少伤。“先生，你那长牙让我不爽。”他对着一个来自北方荒原体型巨大的家伙醉醺醺地哼道。接下来就是场世纪大战。十多个斗士一拥而上。凳子无一幸免，最后不可思议的发生了：账单没付。数月过去，钢背兽的伤口愈合了，他的刺针也长回来了；但是执法者的名誉受损非常棘手。他自己拿钱付了账单，发誓要去追寻这个北方人，让他加倍偿还。然后他做了件之前从没做过的事——实际上他训练过，在训练中他对自己有了惊人的发现。他折了折自己的刺针后，嘴角扬起了一丝微笑。在战斗中背部迎人或许正好合适。","dj":"1|15|25","smz":"568|1153|1951","mfz":"182|692|1316","gjl":"48-58|79-89|121-131","hj":"3|7|12","syfw":"1800/800","gjfw":"128","ddsd":"900","jdtj1":"http://www.dota2.com.cn/images/property/add/bristleback.jpg","jdms1":"本套加点，总的思路是主加刺针扫射来提高AOE输出能力。1级选择粘稠鼻液的理由是可以配合队友和兵线进行线上压制。等到拥有2级刺针扫射的时候，一般就可以适当利用来补兵和消耗对手了，但应注意控制魔法消耗。接下来，由于升级粘稠鼻液的效果提升不是非常明显，建议加满钢毛后背来提升带线中的反杀能力以及团战中的肉盾能力。最后，大招战意提供的加成非常关键，有大点大成为钢背兽的必然选择。","jdtj2":null,"jdms2":null,"cmzb":"治疗药膏*1|树之祭祀*1|净化药水*1|铁树枝干*1|圆盾*1","qqzb":"速度之靴*1|治疗指环*1|王者之戒*1|魔杖*1","hxzb":"动力鞋*1|先锋盾*1|回城卷轴*1","hqsz":"刃甲*1|赤红甲*1|天堂之戟*1|强袭胸甲*1|洞察烟斗*1|希瓦的守护*1|恐鳌之心*1|辉耀*1|阿托斯之棍*1|玲珑心*1|清莲宝珠*1|炎阳纹章*1|银月之晶*1","ljt":"http://www.dota2.com.cn/images/property/bristleback.gif","path":"bristleback","zymc":"天辉","zytb":"http://www.dota2.com.cn/images/heropedia/radiant.jpg","yxtp":"http://www.dota2.com.cn/images/others/bristleback_big1.jpg","gjlxxj":"1","yxdwxj":"3|1|1","llsjsmz":"19","llsjsmhf":"0.03","mjsjhj":"1","mjsjgjsd":"1","zlsjmfz":"13","zlsjmfhf":"0.04","sjgjl":"1","pjsh":"57","gjsd":"117|124|160","gjms":"1.45","gjsh":"48-58","gjjl":"128|128|128","wlhj":"3","wlshkx":"16%","mfshkx":"25%","minitb":"http://www.dota2.com.cn/images/heroes/bristleback_icon.png"},{"id":87,"zwm":"瘟疫法师","ywm":"Necrophos","jc":"NEC，死灵法","xttx":"http://www.dota2.com.cn/images/heroes/necrolyte_full.png","dttx":"http://www.dota2.com.cn/images/heroes/necrolyte_vert.jpg","gjlx":"远程","yxlx":"智力","yxdw":"辅助|耐久|核心","zltb":"http://www.dota2.com.cn/images/info1301/tit_img01.gif","zljc":"22","zlsj":"2.5","mjtb":"http://www.dota2.com.cn/images/info1301/tit_img02.gif","mjjc":"15","mjsj":"1.7","lltb":"http://www.dota2.com.cn/images/info1301/tit_img03.gif","lljc":"16","llsj":"2","gjltb":"http://www.dota2.com.cn/images/info1301/tit_img06.gif","csgjl":"22-26","ydsdtb":"http://www.dota2.com.cn/images/info1301/tit_img05.gif","csydsd":"290","hjtb":"http://www.dota2.com.cn/images/info1301/tit_img04.gif","cshj":"2.1","yxbj":"在瘟疫肆虐时期，一个内心黑暗的无名僧侣，罗坦德吉利被提拔为红衣主教，而原因则是他的上级们的过早死亡。当教团的其他人都外出救援病人时，这个新上任的红衣主教却把他自己关在鲁姆斯克大教堂中，忙着进行他那攫取濒死贵族的财产的计划，他答应他们只要签字转让领土，灵魂便会获得奖赏。瘟疫减退到小部分顽固地区后，他的所作所为被教团注意到了，教团认定他犯下了异端之罪并判他到瘟疫病房工作，那里的咒语会让他患上一种长期的慢性疾病。教团认为，不管他的免疫力再强，也必死无疑。罗坦德吉利染上了瘟疫，然而他不仅没有病死，还发现这种瘟疫在提供他力量，他变成了真正的瘟疫法师，瘟疫的教皇。正式宣称自己为瘟疫法师后，他开始环游世界，在所到之处散布瘟疫，随着一个个村庄消失在他引起的瘟疫中，他恐怖的力量不断在成长。","dj":"1|15|25","smz":"454|986|1746","mfz":"286|741|1326","gjl":"44-48|79-83|124-128","hj":"2|5|11","syfw":"1800/800","gjfw":"550","ddsd":"900","jdtj1":"http://www.dota2.com.cn/images/property/add/necrolyte.jpg","jdms1":"瘟疫法师的加点没有太多变化，前期主加死亡脉冲是毫无疑问的，施虐之心和竭心光环的选择则根据场上阵容形势而选择，瘟疫法师的大招经过多次修改，在Dota2中瘟疫法师的大招依然有着眩晕效果，关键时刻大招也可以作为留人技能。","jdtj2":"","jdms2":"","cmzb":"铁树枝干*3|智力斗篷*1|治疗药膏*1|树之祭祀*2","qqzb":"魔棒*1|速度之靴*1|恢复头巾*1","hxzb":"魔杖*1|动力鞋*1|梅肯斯姆*1|精气之球*1","hqsz":"血精石*1|邪恶镰刀*1|希瓦的守护*1|阿哈利姆神杖*1|洞察烟斗*1|恐鳌之心*1","ljt":"http://www.dota2.com.cn/images/property/necrolyte.gif","path":"necrophos","zymc":"夜魇","zytb":"http://www.dota2.com.cn/images/heropedia/dire.jpg","yxtp":"http://www.dota2.com.cn/images/others/necrolyte_big1.jpg","gjlxxj":"1","yxdwxj":"1|1|1","llsjsmz":"19","llsjsmhf":"0.03","mjsjhj":"1","mjsjgjsd":"1","zlsjmfz":"13","zlsjmfhf":"0.04","sjgjl":"1","pjsh":"46","gjsd":"115|122|156","gjms":"1.48","gjsh":"44-48","gjjl":"550|550|550","wlhj":"2","wlshkx":"11%","mfshkx":"25%","minitb":"http://www.dota2.com.cn/images/heroes/necrolyte_icon.png"},{"id":101,"zwm":"主宰","ywm":"Juggernaut","jc":"剑圣","xttx":"http://www.dota2.com.cn/images/heroes/juggernaut_full.png","dttx":"http://www.dota2.com.cn/images/heroes/juggernaut_vert.jpg","gjlx":"近战","yxlx":"敏捷","yxdw":"核心|推进","zltb":"http://www.dota2.com.cn/images/info1301/tit_img01.gif","zljc":"14","zlsj":"1.4","mjtb":"http://www.dota2.com.cn/images/info1301/tit_img02.gif","mjjc":"26","mjsj":"2.4","lltb":"http://www.dota2.com.cn/images/info1301/tit_img03.gif","lljc":"20","llsj":"1.9","gjltb":"http://www.dota2.com.cn/images/info1301/tit_img06.gif","csgjl":"24-28","ydsdtb":"http://www.dota2.com.cn/images/info1301/tit_img05.gif","csydsd":"305","hjtb":"http://www.dota2.com.cn/images/info1301/tit_img04.gif","cshj":"3.8","yxbj":"没有人见过主宰尤涅若面具下的真面目。甚至有人认为他没有脸部。作为公然反抗腐败领主的惩罚，主宰被古老的遮面之岛流放了，这反而救了他的性命。他的岛屿在一个充斥着复仇魔法的夜晚被海浪彻底毁灭了。他成了岛屿上古老主宰传统中礼仪和剑术的唯一传承者。作为这项传统最后的开拓者，尤涅若的自信和勇气来自他坚持不懈的锻炼，他独创的剑术证明他从未停止挑战自我。一如既往的，他的内心和他的表情一样难以理解。对于一位曾两度失去一切的英雄，主宰永远不知疲倦的战斗着，他相信，胜利必将到来。","dj":"1|15|25","smz":"530|1035|1776","mfz":"182|437|879","gjl":"44-48|84-88|132-136","hj":"4|9|16","syfw":"1800/800","gjfw":"128","ddsd":"N/A","jdtj1":"http://www.dota2.com.cn/images/property/add/juggernaut.jpg","jdms1":"主宰是一名敏捷型伪后期英雄，主宰的加点变化不多，剑刃风暴前期超高的AoE伤害相信没有玩家会选择放弃。很多主宰前期可能会选择加黄点，以保证足够的蓝量和血量。建议6级之前至少加一点暴击，无敌斩夹杂的普通攻击会在大招时触发暴击效果。","jdtj2":null,"jdms2":null,"cmzb":"树之祭祀*1|治疗药膏*1|净化药水*1|铁树枝干*1|敏捷便鞋*2","qqzb":"速度之靴*1|穷鬼盾*1|魔棒*1|治疗指环*1","hxzb":"相位鞋*1|魔杖*1|狂战斧*1","hqsz":"散夜对剑*1|蝴蝶*1|黯灭*1|阿哈利姆神杖*1|弗拉迪米尔的祭品*1|黑皇杖*1","ljt":"http://www.dota2.com.cn/images/property/juggernaut.gif","path":"juggernaut","zymc":"天辉","zytb":"http://www.dota2.com.cn/images/heropedia/radiant.jpg","yxtp":"http://www.dota2.com.cn/images/others/juggernaut_big1.jpg","gjlxxj":"1","yxdwxj":"2|1","llsjsmz":"19","llsjsmhf":"0.03","mjsjhj":"1","mjsjgjsd":"1","zlsjmfz":"13","zlsjmfhf":"0.04","sjgjl":"1","pjsh":"46","gjsd":"126|138|195","gjms":"1.33","gjsh":"44-48","gjjl":"128|128|128","wlhj":"3","wlshkx":"18%","mfshkx":"25%","minitb":"http://www.dota2.com.cn/images/heroes/juggernaut_icon.png"},{"id":17,"zwm":"发条技师","ywm":"Clockwerk","jc":"发条、CG","xttx":"http://www.dota2.com.cn/images/heroes/rattletrap_full.png","dttx":"http://www.dota2.com.cn/images/heroes/rattletrap_vert.jpg","gjlx":"近战","yxlx":"力量","yxdw":"先手|耐久","zltb":"http://www.dota2.com.cn/images/info1301/tit_img01.gif","zljc":"17","zlsj":"1.30","mjtb":"http://www.dota2.com.cn/images/info1301/tit_img02.gif","mjjc":"13","mjsj":"2.30","lltb":"http://www.dota2.com.cn/images/info1301/tit_img03.gif","lljc":"24","llsj":"2.70","gjltb":"http://www.dota2.com.cn/images/info1301/tit_img06.gif","csgjl":"31-33","ydsdtb":"http://www.dota2.com.cn/images/info1301/tit_img05.gif","csydsd":"315","hjtb":"http://www.dota2.com.cn/images/info1301/tit_img04.gif","cshj":"1.82","yxbj":"瑞托崔普和狙击手以及修补匠属于同一个分布广泛的种族，和其他许多敏感的族人一样，瑞托崔普用他的智慧和一些小玩意弥补了体型上的矮小。作为一个钟表匠的孙子，瑞托崔普在这个行业当了很多年的学徒，直到战争从山的另一边席卷而来，摧毁了这个从事着与战斗无关的行业的无辜村庄。祖先传下来的村庄变成了满是焦火和黑烟的废墟，\"你的新行业是战斗\"他的父亲临死前留下这样一句话。这个可怜的生意人责备他的工具无法用于战斗，但瑞托崔普从不找借口。在村庄的废墟中埋葬了父亲后，瑞托崔普开始着手将他自己转变为前所未见的最强大的战争道具。他发誓永远不再毫无防备的被抓住，瑞托崔普用他的智慧装配了一套强大的发条动力装甲，这使其它大陆的骑士在他面前就像易拉罐般渺小。现在瑞托崔普全身充满各种装置，小而强大的战士，他埋伏和破坏的技术已经达到了几乎自动化的高效水平。这个死亡工匠的机械可以迅速干掉不够谨慎的敌人，在这个战争时代宣告了新的曙光。是时候让你们见识见识发条技师的厉害了！","dj":"1|15|25","smz":"606|1324|2217","mfz":"221|458|887","gjl":"55-57|93-95|140-142","hj":"2|6|12","syfw":"1800/800","gjfw":"128","ddsd":"N/A","jdtj1":"http://www.dota2.com.cn/images/property/add/clockwerk.jpg","jdms1":"这个加点应该是中单或者优势路发条比较凶猛的一种加点了，一技能的高伤害配合一级导弹的开视野和大招能更好的单杀对方英雄，而且发条的战场插入能力也能让对方脆皮英雄或者后排英雄放不出技能就被秒杀。这种加点的优势就是暴力凶残，自己的输出就很高，但是缺点就是控制对方的时间不多，毕竟框住对方的时间在很长一段时间内都是3秒。","jdtj2":null,"jdms2":null,"cmzb":"树之祭祀*1|治疗药膏*1|圆盾*1|铁树枝干*3","qqzb":"速度之靴*1|护腕*1|魔瓶*1","hxzb":"相位鞋*1|魔杖*1|刃甲*1","hqsz":"阿哈利姆神杖*1|韧鼓*1|洞察烟斗*1|恐鳌之心*1|辉耀*1|希瓦的守护*1","ljt":"http://www.dota2.com.cn/images/property/clockwerk.gif","path":"clockwerk","zymc":"天辉","zytb":"http://www.dota2.com.cn/images/heropedia/radiant.jpg","yxtp":"http://www.dota2.com.cn/images/others/rattletrap_big1.jpg","gjlxxj":"1","yxdwxj":"1|1","llsjsmz":"19","llsjsmhf":"0.03","mjsjhj":"1","mjsjgjsd":"1","zlsjmfz":"13","zlsjmfhf":"0.04","sjgjl":"1","pjsh":"56","gjsd":"113|122|168","gjms":"1.5","gjsh":"55-57","gjjl":"128|128|128","wlhj":"1.82","wlshkx":"9%","mfshkx":"25%","minitb":"http://www.dota2.com.cn/images/heroes/rattletrap_icon.png"}]}