{"hero":{"id":82,"zwm":"死亡先知","ywm":"Death Prophet","jc":"DP","xttx":"http://www.dota2.com.cn/images/heroes/death_prophet_full.png","dttx":"http://www.dota2.com.cn/images/heroes/death_prophet_vert.jpg","gjlx":"远程","yxlx":"智力","yxdw":"推进-爆发-耐久","zltb":"http://www.dota2.com.cn/images/info1301/tit_img01.gif","zljc":"20","zlsj":"3","mjtb":"http://www.dota2.com.cn/images/info1301/tit_img02.gif","mjjc":"14","mjsj":"1.4","lltb":"http://www.dota2.com.cn/images/info1301/tit_img03.gif","lljc":"19","llsj":"1.9","gjltb":"http://www.dota2.com.cn/images/info1301/tit_img06.gif","csgjl":"24-36","ydsdtb":"http://www.dota2.com.cn/images/info1301/tit_img05.gif","csydsd":"280","hjtb":"http://www.dota2.com.cn/images/info1301/tit_img04.gif","cshj":"2.96","yxbj":"克萝贝露丝曾是一名死亡先知——她为那些希望透过迷雾看清未来的人预知死后的命运，当然只为其中的有钱人做预言。在多年为他人探寻命运后，她开始寻找自己命运的线索。当死亡拒绝向她透露它的秘密后，她便尝试用自己的生命来换取死亡的真相。但即使是这终极的代价也没有用。死亡一次又一次拒绝了她，将最深的秘密隐藏了起来。嫉妒开始在她心里滋长。其他人能够通过死亡来获得永恒——凭什么她不能？凭什么只有她必须不厌其烦的在生与死之间徘徊？凭什么她无法拥有其他所有生物都必有的一死？即使是这样，她也不会气馁。每次从坟墓中返回人间时，她都带回一点死亡气息。鬼魂像她破碎灵魂的碎片般跟着她；她的血液颜色日益稀薄并且散发出灵气；那些在幽暗之处肆意掠食的生物与她愈发亲密。每一次死亡，她都失去一点生命，似乎已经能够看到她的终结之日了。随着她对死亡的加倍追求，她不再为其他客人做预言，专心于自己的命运，克萝贝露丝更狂热地将自己投向死亡的深渊，决心要完成那一直在回避她的预言：某一天，死亡先知将不再从死亡中归来。","dj":"1/15/25","smz":"511/1096/1894","mfz":"260/806/1456","gjl":"44-56/86-98/136-148","hj":"3/6/10","syfw":"1800/800","gjfw":"600","ddsd":"1000","jdtj1":"http://www.dota2.com.cn/images/property/add/death_prophet.jpg","jdms1":"死亡先知的加点路线不多，前期毫无疑问是主蜂群，副被动，被动可以减少技能cd时间以及耗蓝量，性价比还是非常高的。如果对方强力技能英雄太多，或者是面对一些有逃生技能的英雄，可以优先加一点沉默。","jdtj2":null,"jdms2":null,"cmzb":"树之祭祀*1|治疗药膏*1|净化药水*2|铁树枝干*2|智力斗篷*1","qqzb":"速度之靴*1|魔棒*1|空灵挂件*1","hxzb":"相位鞋*1|魔杖*1|血精石*1","hqsz":"希瓦的守护*1|邪恶镰刀*1|恐鳌之心*1|黑皇杖*1|梅肯斯姆*1|洞察烟斗*1","ljt":"http://www.dota2.com.cn/images/property/death_prophet.gif","path":"death_prophet","zymc":"夜魇","zytb":"http://www.dota2.com.cn/images/heropedia/dire.jpg","yxtp":"http://www.dota2.com.cn/images/others/death_prophet_big1.jpg","gjlxxj":"1","yxdwxj":"2-1-1","llsjsmz":"19","llsjsmhf":"0.03","mjsjhj":"1","mjsjgjsd":"1","zlsjmfz":"13","zlsjmfhf":"0.04","sjgjl":"1","pjsh":"50","gjsd":"114/120/148","gjms":"1.49","gjsh":"44-56","gjjl":"600/600/600","wlhj":"2","wlshkx":"15%","mfshkx":"25%","minitb":"http://www.dota2.com.cn/images/heroes/death_prophet_icon.png"},"skillList":[{"id":361,"zwm":"死亡先知","jnmc":"地穴虫群","jntb":"http://www.dota2.com.cn/images/heroes/abilities/death_prophet_carrion_swarm_hp1.png","jnms":"召唤一群食腐虫在死亡先知面前的敌人中肆虐。","mftb":"http://www.dota2.com.cn/style/../images/info1301/ico2.gif","mfxh":"105/120/140/165","lqtb":"http://www.dota2.com.cn/style/../images/info1301/ico2.gif","lqsj":"8","jnxg":"<span class=\"color_white\">技能：</span>单位目标, 点目标|<span class=\"color_white\">攻击力：</span>100/175/250/300|<span class=\"color_white\">影响：</span>敌方单位|<span class=\"color_white\">射程：</span>810/810/810/810|<span class=\"color_white\">伤害类型：</span>魔法|<span class=\"color_white\">无视技能免疫：</span>否","jnsp":"http://dota2.dl.wanmei.com/dota2/video/abilities/death_prophet_crypt_swarm_creeps.mp4","spms":"克萝贝露丝在鬼门关的来来回回聚集了一大群被诅咒的生物。","djjd":"1,3,5,7","ewms":"最远能伤害距离1110码的单位。"},{"id":362,"zwm":"死亡先知","jnmc":"沉默魔法","jntb":"http://www.dota2.com.cn/images/heroes/abilities/death_prophet_silence_hp1.png","jnms":"阻止目标区域内的敌人施放魔法。","mftb":"http://www.dota2.com.cn/style/../images/info1301/ico2.gif","mfxh":"80/80/80/80","lqtb":"http://www.dota2.com.cn/style/../images/info1301/ico2.gif","lqsj":"15","jnxg":"<span class=\"color_white\">技能：</span>点目标|<span class=\"color_white\">作用范围：</span>425|<span class=\"color_white\">无视技能免疫：</span>否|<span class=\"color_white\">持续时间：</span>3/4/5/6","jnsp":"http://dota2.dl.wanmei.com/dota2/video/abilities/death_prophet_silence_sven.mp4","spms":"透过她敌人的命运之纱，克萝贝露丝看到的是一个沉默的明天。","djjd":"8,12,13,14","ewms":"不能阻止使用物品。"},{"id":363,"zwm":"死亡先知","jnmc":"巫术精研","jntb":"http://www.dota2.com.cn/images/heroes/abilities/death_prophet_witchcraft_hp1.png","jnms":"提升死亡先知魔法的效果，被动提升移动速度。降低地穴虫群和沉默魔法的魔法消耗以及冷却时间，增加驱使恶灵的恶灵数。","mftb":"","mfxh":"无","lqtb":"","lqsj":"无","jnxg":"<span class=\"color_white\">技能：</span>被动|<span class=\"color_white\">移动速度提升：</span>5%/10%/15%/20%|<span class=\"color_white\">魔法消耗降低：</span>10/15/20/25|<span class=\"color_white\">冷却时间减少：</span>1/2/3/4|<span class=\"color_white\">驱使恶灵数量：</span>3/4/5/6","jnsp":"http://dota2.dl.wanmei.com/dota2/video/abilities/death_prophet_witchcraft.mp4","spms":"每一次死亡，克萝贝露丝都给自己的死亡之舞加入新的恶灵能量。","djjd":"2,4,9,10","ewms":""},{"id":364,"zwm":"死亡先知","jnmc":"驱使恶灵","jntb":"http://www.dota2.com.cn/images/heroes/abilities/death_prophet_exorcism_hp1.png","jnms":"释放恶灵偷走敌方单位和建筑的生命。持续时间结束后，死亡先知根据造成的伤害量，获得一定比例的治疗。持续30秒。","mftb":"http://www.dota2.com.cn/style/../images/info1301/ico2.gif","mfxh":"200/300/400","lqtb":"http://www.dota2.com.cn/style/../images/info1301/ico2.gif","lqsj":"145","jnxg":"<span class=\"color_white\">技能：</span>无目标|<span class=\"color_white\">作用范围：</span>700|<span class=\"color_white\">伤害类型：</span>物理|<span class=\"color_white\">恶灵数量：</span>8/14/21|<span class=\"color_white\">无视技能免疫：</span>否|<span class=\"color_white\">生命抽取：</span>25%/25%/25%|<span class=\"color_white\">恶灵攻击力：</span>55/55/55","jnsp":"http://dota2.dl.wanmei.com/dota2/video/abilities/death_prophet_exorcism_creeps.mp4","spms":"伴随着无数次的死亡，她前世死亡幻化出的女妖们总是萦绕于现世。","djjd":"6,11,16","ewms":"作用范围代表死亡先知周围的恶灵寻找目标的范围。<br/>恶灵的伤害无法格挡。"}],"qqzbList":[{"goods":{"id":39,"bigtype":"基础物品","type":"奥术","wpmc":"速度之靴","wppz":"1","wptp":"http://www.dota2.com.cn/images/items/boots_lg.png","jgtb":"http://www.dota2.com.cn/images/info1301/tit_img07.gif","jg":"450","wpjs":"穿双鞋子，跑的更快。","wpzyms":"移动速度提升效果不与其他鞋子叠加。","wpsyff":"","wpxg":"+ <span class=\"color_yellow\">50</span> 移动速度","lqsjtb":"","lqsj":"","mfxhtb":"","mfxh":"","qzwptb":"","wpzyms2":"","item_en":"boots"},"count":1},{"goods":{"id":36,"bigtype":"基础物品","type":"奥术","wpmc":"魔棒","wppz":"1","wptp":"http://www.dota2.com.cn/images/items/magic_stick_lg.png","jgtb":"http://www.dota2.com.cn/images/info1301/tit_img07.gif","jg":"200","wpjs":"一个简易但实用的魔杖，能够补充使用者的能量--巫师学徒和高级术士都喜欢。","wpzyms":"","wpsyff":"主动：充能 - 每当周围有敌人施放技能都会自动充能（最多10点能量）。当使用时，每点能量为你回复生命值和魔法值。","wpxg":"每点能量回复：<span class=\"color_yellow\">15</span>","lqsjtb":"http://www.dota2.com.cn/images/info1301/ico2.gif","lqsj":"13","mfxhtb":"","mfxh":"","qzwptb":"","wpzyms2":"1200码视野范围内敌人使用技能就会获得点数。<br>部分英雄技能和物品技能的施放将不会增加点数。","item_en":"magic_stick"},"count":1},{"goods":{"id":49,"bigtype":"升级物品","type":"普通","wpmc":"空灵挂件","wppz":"2","wptp":"http://www.dota2.com.cn/images/items/null_talisman_lg.png","jgtb":"http://www.dota2.com.cn/images/info1301/tit_img07.gif","jg":"470","wpjs":"由锁链装饰起来的小巧的宝石。","wpzyms":"","wpsyff":"","wpxg":"+ <span class=\"color_yellow\">3</span> 力量<br/>+ <span class=\"color_yellow\">3</span> 敏捷<br/>+ <span class=\"color_yellow\">6</span> 智力<br/>+ <span class=\"color_yellow\">3</span> 攻击力","lqsjtb":"","lqsj":"","mfxhtb":"","mfxh":"","qzwptb":"","wpzyms2":"","item_en":"null_talisman"},"count":1}],"cmzbList":[{"goods":{"id":2,"bigtype":"基础物品","type":"消耗品","wpmc":"树之祭祀","wppz":"3","wptp":"http://www.dota2.com.cn/images/items/tango_lg.png","jgtb":"http://www.dota2.com.cn/images/info1301/tit_img07.gif","jg":"125","wpjs":"战场上的救命稻草。","wpzyms":"","wpsyff":"使用：吃树-吃掉一棵树来恢复生命值。可以使用4次。","wpxg":"持续时间：<span class=\"color_yellow\">16</span><br/>生命恢复量：<span class=\"color_yellow\">115</span>","lqsjtb":"","lqsj":"","mfxhtb":"","mfxh":"","qzwptb":"","wpzyms2":"","item_en":"tango"},"count":1},{"goods":{"id":3,"bigtype":"基础物品","type":"消耗品","wpmc":"治疗药膏","wppz":"3","wptp":"http://www.dota2.com.cn/images/items/flask_lg.png","jgtb":"http://www.dota2.com.cn/images/info1301/tit_img07.gif","jg":"115","wpjs":"即使最严重的伤口也能快速治愈的魔法药膏。","wpzyms":"","wpsyff":"使用：恢复 - 持续恢复生命值，受到攻击会驱散效果。","wpxg":"持续时间：<span class=\"color_yellow\">10</span><br/>生命回复量：<span class=\"color_yellow\">400</span>","lqsjtb":"","lqsj":"","mfxhtb":"","mfxh":"","qzwptb":"","wpzyms2":"治疗药膏可以共享。","item_en":"flask"},"count":1},{"goods":{"id":1,"bigtype":"基础物品","type":"消耗品","wpmc":"净化药水","wppz":"3","wptp":"http://www.dota2.com.cn/images/items/clarity_lg.png","jgtb":"http://www.dota2.com.cn/images/info1301/tit_img07.gif","jg":"50","wpjs":"能增强冥想能力的清水。","wpzyms":"","wpsyff":"使用：持续恢复魔法值，受攻击会驱散效果。","wpxg":"持续时间：<span class=\"color_yellow\">40</span><br/>魔法回复量：<span class=\"color_yellow\">135</span>","lqsjtb":"","lqsj":"","mfxhtb":"","mfxh":"","qzwptb":"","wpzyms2":"净化药水可以共享。","item_en":"clarity"},"count":2},{"goods":{"id":12,"bigtype":"基础物品","type":"属性","wpmc":"铁树枝干","wppz":"1","wptp":"http://www.dota2.com.cn/images/items/branches_lg.png","jgtb":"http://www.dota2.com.cn/images/info1301/tit_img07.gif","jg":"50","wpjs":"一根看起来很普通的树枝，它如铁般坚硬的品质赋予持有者好运。","wpzyms":"","wpsyff":"","wpxg":"+ <span class=\"color_yellow\">1</span> 所有属性","lqsjtb":"","lqsj":"","mfxhtb":"","mfxh":"","qzwptb":"","wpzyms2":"","item_en":"branches"},"count":2},{"goods":{"id":15,"bigtype":"基础物品","type":"属性","wpmc":"智力斗篷","wppz":"1","wptp":"http://www.dota2.com.cn/images/items/mantle_lg.png","jgtb":"http://www.dota2.com.cn/images/info1301/tit_img07.gif","jg":"150","wpjs":"历代女王所穿的，镶有蓝宝石的漂亮斗篷。","wpzyms":"","wpsyff":"","wpxg":"+ <span class=\"color_yellow\">3</span> 智力","lqsjtb":"","lqsj":"","mfxhtb":"","mfxh":"","qzwptb":"","wpzyms2":"","item_en":"mantle"},"count":1}],"adapt_type_list":[{"id":102,"zwm":"卓尔游侠","ywm":"Drow Ranger","jc":"小黑、崔希丝","xttx":"http://www.dota2.com.cn/images/heroes/drow_ranger_full.png","dttx":"http://www.dota2.com.cn/images/heroes/drow_ranger_vert.jpg","gjlx":"远程","yxlx":"敏捷","yxdw":"核心","zltb":"http://www.dota2.com.cn/images/info1301/tit_img01.gif","zljc":"15","zlsj":"1.4","mjtb":"http://www.dota2.com.cn/images/info1301/tit_img02.gif","mjjc":"26","mjsj":"1.9","lltb":"http://www.dota2.com.cn/images/info1301/tit_img03.gif","lljc":"17","llsj":"1.9","gjltb":"http://www.dota2.com.cn/images/info1301/tit_img06.gif","csgjl":"18-29","ydsdtb":"http://www.dota2.com.cn/images/info1301/tit_img05.gif","csydsd":"300","hjtb":"http://www.dota2.com.cn/images/info1301/tit_img04.gif","cshj":"0.64","yxbj":"卓尔游侠名叫崔希丝，这个名字很适合矮小、有点像侏儒、令人生厌的卓尔人。但崔希丝并不是卓尔人。她的双亲在坐大篷车旅行时受到土匪的袭击，滥杀无辜的土匪激怒了附近爱好和平的卓尔人。战斗结束后，卓尔人发现了一个藏在马车残骸中的小女孩，他们一致同意不能让这个失去父母的孩子被抛弃。还是孩童时，崔希丝就展现出了她对那些卓尔人引以为傲的技术的天赋：隐秘、沉默、敏锐。如果不看身体，在精神上她就像一个被拐走后又回到自己真正家中的卓尔人孩童。但随着她的成长，她的个头比她的家人高了不少，她因此认为自己是个丑陋的卓尔人。即使她皮肤光滑且长的匀称，完全没有卓尔人的肉疣和粗糙的髯须。与收养她的部族疏远后，她独自居住在森林中。许多在森林中寻路的旅行者都说他们见过一个美丽得难以置信的游侠在树林深处凝视他们，而当他们试图接近时，她又消失的无影无踪。轻盈、隐秘的冷美人，她像无声的迷雾般移动。你听到的森林低语，其实是她命中敌人心脏的霜冻箭矢的破空之声。","dj":"1|15|25","smz":"473|978|1719","mfz":"195|450|892","gjl":"44-55|71-82|110-121","hj":"1|4|10","syfw":"1800/1700","gjfw":"625","ddsd":"1250","jdtj1":"http://www.dota2.com.cn/images/property/add/drow_ranger.jpg","jdms1":"卓尔游侠是一名敏捷型后期英雄，卓尔游侠的加点选择也非常多，这种是前期主加冰箭的，满级冰箭50%的减速效果还是非常恶心人的，也成为前期对线的一大利器。值得注意的就是前期务必要加一点沉默，往往在击杀或者被gank时有着意想不到的效果。","jdtj2":"","jdms2":"","cmzb":"治疗药膏*1|树之祭祀*1|敏捷便鞋*2|铁树枝干*2","qqzb":"速度之靴*1|魔棒*1|怨灵系带*2","hxzb":"魔杖*1|动力鞋*1|幻影斧*1","hqsz":"影刃*1|蝴蝶*1|代达罗斯之殇*1|黑皇杖*1|撒旦之邪力*1","ljt":"http://www.dota2.com.cn/images/property/drow_ranger.gif","path":"drow_ranger","zymc":"天辉","zytb":"http://www.dota2.com.cn/images/heropedia/radiant.jpg","yxtp":"http://www.dota2.com.cn/images/others/drow_ranger_big1.jpg","gjlxxj":"1","yxdwxj":"2","llsjsmz":"19","llsjsmhf":"0.03","mjsjhj":"1","mjsjgjsd":"1","zlsjmfz":"13","zlsjmfhf":"0.04","sjgjl":"1","pjsh":"49","gjsd":"126|134|172","gjms":"1.35","gjsh":"44-55","gjjl":"625|625|625","wlhj":"0","wlshkx":"3%","mfshkx":"25%","minitb":"http://www.dota2.com.cn/images/heroes/drow_ranger_icon.png"}],"videoList":[{"id":25,"spdz":"http://dota2.dl.wanmei.com/dota2/patch/death_prophet_basic.flv","zwm":"死亡先知","splx":"新手教学","createtime":null,"img":"http://www.dota2.com.cn/apps/dota2/images/video/raider/death_prophet_basic.jpg","bfsc":"2:57","gxsj":"2013-10-30","spbb":"6.79","spdzm":"http://dota2.dl.wanmei.com/dota2/video/death_prophet_basic.mp4"}],"recommendList":[{"id":124,"gldz":"http://www.dota2.com.cn/raiders/step/20131028/152399.shtml","tm":"最高尚的占卜师DOTA2死亡先知攻略","sj":"2013-10-28","zwm":"死亡先知","tp":"http://dota2.wanmei.com/resources/jpg/140214/10251392367638571.jpg","js":"死亡先知最大的缺点就是自身没有控制性技能，所以一般有控制技能，和高伤害的英雄都可以与死亡先知进行配合。"},{"id":125,"gldz":"http://www.dota2.com.cn/raiders/newer/20131028/152397.shtml","tm":"DOTA2英雄攻略死亡先知不断崩坏的灵魂碎片","sj":"2013-10-28","zwm":"死亡先知","tp":"http://dota2.wanmei.com/resources/jpg/140214/10251392367517157.jpg","js":"克萝贝露丝曾是一名死亡先知——她为那些希望透过迷雾看清未来的人预知死后的命运，当然只为其中的有钱人做预言。"}],"adapt_bkz_list":[{"id":102,"zwm":"卓尔游侠","ywm":"Drow Ranger","jc":"小黑、崔希丝","xttx":"http://www.dota2.com.cn/images/heroes/drow_ranger_full.png","dttx":"http://www.dota2.com.cn/images/heroes/drow_ranger_vert.jpg","gjlx":"远程","yxlx":"敏捷","yxdw":"核心","zltb":"http://www.dota2.com.cn/images/info1301/tit_img01.gif","zljc":"15","zlsj":"1.4","mjtb":"http://www.dota2.com.cn/images/info1301/tit_img02.gif","mjjc":"26","mjsj":"1.9","lltb":"http://www.dota2.com.cn/images/info1301/tit_img03.gif","lljc":"17","llsj":"1.9","gjltb":"http://www.dota2.com.cn/images/info1301/tit_img06.gif","csgjl":"18-29","ydsdtb":"http://www.dota2.com.cn/images/info1301/tit_img05.gif","csydsd":"300","hjtb":"http://www.dota2.com.cn/images/info1301/tit_img04.gif","cshj":"0.64","yxbj":"卓尔游侠名叫崔希丝，这个名字很适合矮小、有点像侏儒、令人生厌的卓尔人。但崔希丝并不是卓尔人。她的双亲在坐大篷车旅行时受到土匪的袭击，滥杀无辜的土匪激怒了附近爱好和平的卓尔人。战斗结束后，卓尔人发现了一个藏在马车残骸中的小女孩，他们一致同意不能让这个失去父母的孩子被抛弃。还是孩童时，崔希丝就展现出了她对那些卓尔人引以为傲的技术的天赋：隐秘、沉默、敏锐。如果不看身体，在精神上她就像一个被拐走后又回到自己真正家中的卓尔人孩童。但随着她的成长，她的个头比她的家人高了不少，她因此认为自己是个丑陋的卓尔人。即使她皮肤光滑且长的匀称，完全没有卓尔人的肉疣和粗糙的髯须。与收养她的部族疏远后，她独自居住在森林中。许多在森林中寻路的旅行者都说他们见过一个美丽得难以置信的游侠在树林深处凝视他们，而当他们试图接近时，她又消失的无影无踪。轻盈、隐秘的冷美人，她像无声的迷雾般移动。你听到的森林低语，其实是她命中敌人心脏的霜冻箭矢的破空之声。","dj":"1|15|25","smz":"473|978|1719","mfz":"195|450|892","gjl":"44-55|71-82|110-121","hj":"1|4|10","syfw":"1800/1700","gjfw":"625","ddsd":"1250","jdtj1":"http://www.dota2.com.cn/images/property/add/drow_ranger.jpg","jdms1":"卓尔游侠是一名敏捷型后期英雄，卓尔游侠的加点选择也非常多，这种是前期主加冰箭的，满级冰箭50%的减速效果还是非常恶心人的，也成为前期对线的一大利器。值得注意的就是前期务必要加一点沉默，往往在击杀或者被gank时有着意想不到的效果。","jdtj2":"","jdms2":"","cmzb":"治疗药膏*1|树之祭祀*1|敏捷便鞋*2|铁树枝干*2","qqzb":"速度之靴*1|魔棒*1|怨灵系带*2","hxzb":"魔杖*1|动力鞋*1|幻影斧*1","hqsz":"影刃*1|蝴蝶*1|代达罗斯之殇*1|黑皇杖*1|撒旦之邪力*1","ljt":"http://www.dota2.com.cn/images/property/drow_ranger.gif","path":"drow_ranger","zymc":"天辉","zytb":"http://www.dota2.com.cn/images/heropedia/radiant.jpg","yxtp":"http://www.dota2.com.cn/images/others/drow_ranger_big1.jpg","gjlxxj":"1","yxdwxj":"2","llsjsmz":"19","llsjsmhf":"0.03","mjsjhj":"1","mjsjgjsd":"1","zlsjmfz":"13","zlsjmfhf":"0.04","sjgjl":"1","pjsh":"49","gjsd":"126|134|172","gjms":"1.35","gjsh":"44-55","gjjl":"625|625|625","wlhj":"0","wlshkx":"3%","mfshkx":"25%","minitb":"http://www.dota2.com.cn/images/heroes/drow_ranger_icon.png"},{"id":36,"zwm":"狙击手","ywm":"Sniper","jc":"火枪，传说哥","xttx":"http://www.dota2.com.cn/images/heroes/sniper_full.png","dttx":"http://www.dota2.com.cn/images/heroes/sniper_vert.jpg","gjlx":"远程","yxlx":"敏捷","yxdw":"核心","zltb":"http://www.dota2.com.cn/images/info1301/tit_img01.gif","zljc":"15","zlsj":"2.6","mjtb":"http://www.dota2.com.cn/images/info1301/tit_img02.gif","mjjc":"21","mjsj":"2.5","lltb":"http://www.dota2.com.cn/images/info1301/tit_img03.gif","lljc":"16","llsj":"1.7","gjltb":"http://www.dota2.com.cn/images/info1301/tit_img06.gif","csgjl":"15-21","ydsdtb":"http://www.dota2.com.cn/images/info1301/tit_img05.gif","csydsd":"290","hjtb":"http://www.dota2.com.cn/images/info1301/tit_img04.gif","cshj":"1.94","yxbj":"卡德尔·鹰眼出生在诺伦山脉的山谷中，这里的住民从太古以来就靠猎杀居住在村庄上方悬崖上的一种奇怪生物为生，他们从远距离杀死这种叫峭壁潜行兽的生物，然后收集他们掉下来的尸体。鹰眼是这些怪异住民中其中最棒的射手之一，对他来说，枪械是他身体的一部分，射击就和触摸一样自然。在征召之日，他即将在村庄中获得完全的地位时，他经历了古老的考验：从谷底一击射下一头悬崖上的潜行兽。打空则是耻辱。在全体村民的注视下，鹰眼射击了。一头潜行兽掉下来了；人群欢呼了。但当尸体被收起时，整个村子都沉默了，长老发现子弹穿过了潜行兽中间的眼睛后，紧紧的卡在了它的下颚骨中。这个凶兆正是黑暗预言的开端所描述的，按预言中所说，射出这发子弹的枪手将成为伟大的人，但也将被流放。狙击手鹰眼因此离开了他的人民，被他自己的技术所诅咒，在剩下的预言实现前不得回来，他必须成为战场上的传说。","dj":"1|15|25","smz":"454|906|1609","mfz":"195|668|1266","gjl":"36-42|77-83|126-132","hj":"2|8|14","syfw":"1800/1000","gjfw":"550","ddsd":"3000","jdtj1":"http://www.dota2.com.cn/images/property/add/sniper.jpg","jdms1":"狙击手的加点主要有两种，主加散弹和不加散弹，这套加点是主加散弹和射程，散弹的范围伤害很高，并有减速效果还能对塔造成伤害，性价比还是很不错的。","jdtj2":null,"jdms2":null,"cmzb":"树之祭祀*1|净化药水*1|敏捷便鞋*2|铁树枝干*2","qqzb":"速度之靴*1|怨灵系带*1","hxzb":"魔杖*1|动力鞋*1|影刃*1","hqsz":"幻影斧*1|黯灭*1|蝴蝶*1|雷神之锤*1|斯嘉蒂之眼*1|撒旦之邪力*1","ljt":"http://www.dota2.com.cn/images/property/sniper.gif","path":"sniper","zymc":"天辉","zytb":"http://www.dota2.com.cn/images/heropedia/radiant.jpg","yxtp":"http://www.dota2.com.cn/images/others/sniper_big1.jpg","gjlxxj":"1","yxdwxj":"2","llsjsmz":"19","llsjsmhf":"0.03","mjsjhj":"1","mjsjgjsd":"1","zlsjmfz":"13","zlsjmfhf":"0.04","sjgjl":"1","pjsh":"39","gjsd":"121|133|191","gjms":"1.4","gjsh":"36-42","gjjl":"550|550|550","wlhj":"1","wlshkx":"10%","mfshkx":"25%","minitb":"http://www.dota2.com.cn/images/heroes/sniper_icon.png"},{"id":95,"zwm":"嗜血狂魔","ywm":"Bloodseeker","jc":"BS","xttx":"http://www.dota2.com.cn/images/heroes/bloodseeker_full.png","dttx":"http://www.dota2.com.cn/images/heroes/bloodseeker_vert.jpg","gjlx":"近战","yxlx":"敏捷","yxdw":"核心|打野","zltb":"http://www.dota2.com.cn/images/info1301/tit_img01.gif","zljc":"18","zlsj":"1.7","mjtb":"http://www.dota2.com.cn/images/info1301/tit_img02.gif","mjjc":"24","mjsj":"3","lltb":"http://www.dota2.com.cn/images/info1301/tit_img03.gif","lljc":"23","llsj":"2","gjltb":"http://www.dota2.com.cn/images/info1301/tit_img06.gif","csgjl":"29-35","ydsdtb":"http://www.dota2.com.cn/images/info1301/tit_img05.gif","csydsd":"300","hjtb":"http://www.dota2.com.cn/images/info1301/tit_img04.gif","cshj":"3.36","yxbj":"血魔史德利古尔是通过仪式严格甄选出的猎手，更准确的说，他是剥皮双子忠实的走狗，他从常年云雾缭绕的噬血之峰被派下去搜寻鲜血。剥皮双子需要海量的鲜血来获得满足和安抚，而如果当地的祭祀没能满足他们，他们就会抽干这个高原王国所有人民的鲜血。因此史德利古尔总是外出进行屠戮。他能榨取出血液之中的生命之力，然后这些能量通过他武器和护甲上的附魔标记立刻流向双子。多年以来，他一直是一条得力的走狗，在战斗时他像豺狼一样残暴。据说，在血魔那涌动着对鲜血的渴望的面具之下，能够直视剥皮双子那可怖的嘴脸。","dj":"1|15|25","smz":"587|1119|1879","mfz":"234|543|1024","gjl":"53-59|95-101|145-151","hj":"3|9|16","syfw":"1800/800","gjfw":"128","ddsd":"N/A","jdtj1":"http://www.dota2.com.cn/images/property/add/bloodseeker.jpg","jdms1":"血魔的加点变化不多，主3和主2都有选择。这套加点相对平均，六级时有两级屠戮和嗜血渴望。建议在线上压力不是很大的情况下优先将3技能加满。增加血魔gank的机动性。","jdtj2":"","jdms2":"","cmzb":"树之祭祀*1|圆盾*1|压制之刃*1","qqzb":"穷鬼盾*1|速度之靴*1|魔杖*1|回城卷轴*1","hxzb":"动力鞋*1|怨灵系带*1|散夜对剑*1","hqsz":"辉耀*1|蝴蝶*1|黑皇杖*1|金箍棒*1|强袭胸甲*1|恐鳌之心*1","ljt":"http://www.dota2.com.cn/images/property/bloodseeker.gif","path":"bloodseeker","zymc":"夜魇","zytb":"http://www.dota2.com.cn/images/heropedia/dire.jpg","yxtp":"http://www.dota2.com.cn/images/others/bloodseeker_big1.jpg","gjlxxj":"1","yxdwxj":"1|1","llsjsmz":"19","llsjsmhf":"0.03","mjsjhj":"1","mjsjgjsd":"1","zlsjmfz":"13","zlsjmfhf":"0.04","sjgjl":"1","pjsh":"56","gjsd":"124|136|196","gjms":"1.37","gjsh":"53-59","gjjl":"128|128|128","wlhj":"3","wlshkx":"16%","mfshkx":"25%","minitb":"http://www.dota2.com.cn/images/heroes/bloodseeker_icon.png"},{"id":59,"zwm":"赏金猎人","ywm":"Bounty Hunter","jc":"赏金,BH","xttx":"http://www.dota2.com.cn/images/heroes/bounty_hunter_full.png","dttx":"http://www.dota2.com.cn/images/heroes/bounty_hunter_vert.jpg","gjlx":"近战","yxlx":"敏捷","yxdw":"核心|逃生|爆发","zltb":"http://www.dota2.com.cn/images/info1301/tit_img01.gif","zljc":"19","zlsj":"1.4","mjtb":"http://www.dota2.com.cn/images/info1301/tit_img02.gif","mjjc":"21","mjsj":"3","lltb":"http://www.dota2.com.cn/images/info1301/tit_img03.gif","lljc":"17","llsj":"1.8","gjltb":"http://www.dota2.com.cn/images/info1301/tit_img06.gif","csgjl":"24-38","ydsdtb":"http://www.dota2.com.cn/images/info1301/tit_img05.gif","csydsd":"315","hjtb":"http://www.dota2.com.cn/images/info1301/tit_img04.gif","cshj":"5.94","yxbj":"关于赏金猎人刚铎，有很多真假难分的故事，唯一的共同点是，讲述这些故事的人都死了。在那些低语中，有的说他像工具一样被抛弃，为了生存而学习追踪术。另一种说法是他是战争中幸存的弃儿，被伟大的猎手索鲁克带走，并在阴暗的森林中教会他高超的猎人技巧。然而，另外一些人则相信他是贫民窟的捣蛋鬼，在一帮小偷扒手中混迹成人，擅长偷盗和误导。被刚铎追杀的人每次一提起他，恐惧就会剧增：他们说，那个追踪暴君伽夫多年，最后将其逼疯并杀死，割下其头颅拿走其权杖的人，就是刚铎。就是他，渗透进海西特反叛军营地，将传奇盗贼“白色海角”带回去接受审判。就是他，终结了猎手索鲁克的神话，让其为杀死王子的得力助手付出了代价。刚铎的传奇还在继续，每一个故事都比之前的更加不可思议，每一个猎物都比以前的更加难以捕杀。然而，只要出价够高，谁都无法躲开他；只要出价够高，即使是最强大的战士，想到刚铎，都会在阴影中颤抖。","dj":"1|15|25","smz":"473|952|1674","mfz":"247|502|944","gjl":"45-59|87-101|137-151","hj":"6|12|19","syfw":"1800/1000","gjfw":"128","ddsd":"N/A","jdtj1":"http://www.dota2.com.cn/images/property/add/bounty_hunter.jpg","jdms1":"赏金猎人是一名敏捷型后期英雄，赏金猎人的加点向来受人津津乐道，几乎每个职业选手选择对赏金猎人的加点都不相同，三个技能在特殊的局势下都可以选择优先加满。这是一个前期主加飞镖的加点路线，前期爆发高，唯一缺陷是过于缺蓝，不过可以考虑出魔瓶或者秘法鞋。","jdtj2":"","jdms2":"","cmzb":"圆盾*1|树之祭祀*1|治疗药膏*1|铁树枝干*3","qqzb":"速度之靴*1|穷鬼盾*1|魔棒*1","hxzb":"相位鞋*1|魔杖*1|狂战斧*1","hqsz":"勇气勋章*1|黯灭*1|金箍棒*1|弗拉迪米尔的祭品*1|强袭胸甲*1|净魂之刃*1","ljt":"http://www.dota2.com.cn/images/property/bounty_hunter.gif","path":"bounty_hunter","zymc":"天辉","zytb":"http://www.dota2.com.cn/images/heropedia/radiant.jpg","yxtp":"http://www.dota2.com.cn/images/others/bounty_hunter_big1.jpg","gjlxxj":"1","yxdwxj":"1|2|1","llsjsmz":"19","llsjsmhf":"0.03","mjsjhj":"1","mjsjgjsd":"1","zlsjmfz":"13","zlsjmfhf":"0.04","sjgjl":"1","pjsh":"52","gjsd":"121|133|193","gjms":"1.4","gjsh":"45-59","gjjl":"128|128|128","wlhj":"5","wlshkx":"26%","mfshkx":"25%","minitb":"http://www.dota2.com.cn/images/heroes/bounty_hunter_icon.png"},{"id":50,"zwm":"裂魂人","ywm":"Spirit Breaker","jc":"白牛，SB","xttx":"http://www.dota2.com.cn/images/heroes/spirit_breaker_full.png","dttx":"http://www.dota2.com.cn/images/heroes/spirit_breaker_vert.jpg","gjlx":"近战","yxlx":"力量","yxdw":"耐久|核心|先手|控制","zltb":"http://www.dota2.com.cn/images/info1301/tit_img01.gif","zljc":"14","zlsj":"1.80","mjtb":"http://www.dota2.com.cn/images/info1301/tit_img02.gif","mjjc":"17","mjsj":"1.70","lltb":"http://www.dota2.com.cn/images/info1301/tit_img03.gif","lljc":"29","llsj":"2.40","gjltb":"http://www.dota2.com.cn/images/info1301/tit_img06.gif","csgjl":"31-41","ydsdtb":"http://www.dota2.com.cn/images/info1301/tit_img05.gif","csydsd":"290","hjtb":"http://www.dota2.com.cn/images/info1301/tit_img04.gif","cshj":"5.38","yxbj":"裂魂人巴拉森来自元素领域，他高傲、强大、凶猛且精通元素之力，来到物质世界参与那些会影响到元素世界的事件。为此他准备了一个能派上用处的形态，既存在于我们的物质世界，又存在于物质世界之外。他的物理形态来自于我们的物质世界，又像牛又像人，有蹄和手，这个外表象征着他的力量、速度与狡猾。他戴着的鼻环则暗示了他侍奉于一位藏在幕后的主人，而这个世界对他来说不过是元素世界的影子。","dj":"1|15|25","smz":"701|1339|2175","mfz":"182|510|1004","gjl":"60-70|94-104|138-148","hj":"5|9|14","syfw":"1800/800","gjfw":"128","ddsd":"N/A","jdtj1":"http://www.dota2.com.cn/images/property/add/spirit_breaker.jpg","jdms1":"改版之后白牛的加点有了一些改变，现在神行太保不再附加攻击力，但是附加移动速度和攻击速度在前期的性价比很高的，这套加点比较平均，前期只点1级冲刺，然后神行太保和巨力重击对点，根据实际情况选择优先神行太保还是巨力重击。","jdtj2":null,"jdms2":null,"cmzb":"树之祭祀*1|治疗药膏*1|圆盾*1|铁树枝干*3","qqzb":"速度之靴*1|魔棒*1|影之灵龛*1|护腕*1","hxzb":"动力鞋*1|魔杖*1|疯狂面具*1|黑皇杖*1","hqsz":"恐鳌之心*1|天堂之戟*1|强袭胸甲*1|阿哈利姆神杖*1|代达罗斯之殇*1|","ljt":"http://www.dota2.com.cn/images/property/spirit_breaker.gif","path":"spirit_breaker","zymc":"夜魇","zytb":"http://www.dota2.com.cn/images/heropedia/dire.jpg","yxtp":"http://www.dota2.com.cn/images/others/spirit_breaker_big1.jpg","gjlxxj":"1","yxdwxj":"2|1|1|1","llsjsmz":"19","llsjsmhf":"0.03","mjsjhj":"1","mjsjgjsd":"1","zlsjmfz":"13","zlsjmfhf":"0.04","sjgjl":"1","pjsh":"65","gjsd":"106|113|147","gjms":"1.62","gjsh":"60-70","gjjl":"128|128|128","wlhj":"5","wlshkx":"24%","mfshkx":"25%","minitb":"http://www.dota2.com.cn/images/heroes/spirit_breaker_icon.png"},{"id":5,"zwm":"光之守卫","ywm":"Keeper of the Light","jc":"光法、伊扎洛","xttx":"http://www.dota2.com.cn/images/heroes/keeper_of_the_light_full.png","dttx":"http://www.dota2.com.cn/images/heroes/keeper_of_the_light_vert.jpg","gjlx":"远程","yxlx":"智力","yxdw":"爆发|辅助|对线辅助","zltb":"http://www.dota2.com.cn/images/info1301/tit_img01.gif","zljc":"22","zlsj":"2.8","mjtb":"http://www.dota2.com.cn/images/info1301/tit_img02.gif","mjjc":"15","mjsj":"1.6","lltb":"http://www.dota2.com.cn/images/info1301/tit_img03.gif","lljc":"14","llsj":"1.8","gjltb":"http://www.dota2.com.cn/images/info1301/tit_img06.gif","csgjl":"18-32","ydsdtb":"http://www.dota2.com.cn/images/info1301/tit_img05.gif","csydsd":"315","hjtb":"http://www.dota2.com.cn/images/info1301/tit_img04.gif","cshj":"1.1","yxbj":"他座下是一骑白马，他是无尽千阳之辉，他就是光之守卫。早在许久以前，伊扎洛就挣脱了将他束缚在浩浩原初谐律之内的其他远古力量，从而由原始位面逃离，在宇宙的黎明，本是无形力量的他萌生了知觉。如今他高举承载着光之力量的辉光之杖，同时奔走在所有的位面，将追寻着他的混沌抛在身后。乍一看去，他似乎是一个在马上都坐不稳的衰朽老头，然而掩藏在这副外表下的却是他高贵的真身。只有在面对混沌或黑暗军团的挑战时，他的全部力量才会显现出来。原初之光从体内迸射而出的一刻，他也将再次化身为璀璨的力量之芒。","dj":"1|15|25","smz":"454|895|1617","mfz":"286|796|1420","gjl":"40-54|79-93|127-141","hj":"1|4|9","syfw":"1800/800","gjfw":"600","ddsd":"900","jdtj1":"http://www.dota2.com.cn/images/property/add/keeper_of_the_light.jpg","jdms1":"光之守卫在Dota2中也是有着一定出场率的英雄。无论是推进流还是防推进，光法都是一把好手。这套加点的进攻性更佳，1、2对点使光法在线上有很强的压制能力。本打法适用于路人局，在一些高端局中可以优先将法力流失升级起来，克制一些缺蓝的力量英雄有着不错的效果。","jdtj2":null,"jdms2":null,"cmzb":"树之祭祀*1|治疗药膏*1|力量手套*1|铁树枝干*1|动物信使*1","qqzb":"速度之靴*1|魔棒*1|护腕*1","hxzb":"静谧之鞋*1|魔杖*1|梅肯斯姆*1|侦查守卫*1|回城卷轴*1","hqsz":"阿哈利姆神杖*1|远行鞋*1|希瓦的守护*1|阿托斯之棍*1|邪恶镰刀*1|洞察烟斗*1|EUL的神圣法杖*1|原力法杖*1|死灵书*1|纷争面纱*1","ljt":"http://www.dota2.com.cn/images/property/keeper_of_the_light.gif","path":"keeper_of_the_light","zymc":"天辉","zytb":"http://www.dota2.com.cn/images/heropedia/radiant.jpg","yxtp":"http://www.dota2.com.cn/images/others/keeper_of_the_light_big1.jpg","gjlxxj":"1","yxdwxj":"2|2|2","llsjsmz":"19","llsjsmhf":"0.03","mjsjhj":"1","mjsjgjsd":"1","zlsjmfz":"13","zlsjmfhf":"0.04","sjgjl":"1","pjsh":"47","gjsd":"115|121|153","gjms":"1.48","gjsh":"40-54","gjjl":"600|600|600","wlhj":"1","wlshkx":"6%","mfshkx":"25%","minitb":"http://www.dota2.com.cn/images/heroes/keeper_of_the_light_icon.png"},{"id":6,"zwm":"哈斯卡","ywm":"Huskar","jc":"神灵、神灵武士","xttx":"http://www.dota2.com.cn/images/heroes/huskar_full.png","dttx":"http://www.dota2.com.cn/images/heroes/huskar_vert.jpg","gjlx":"远程","yxlx":"力量","yxdw":"核心|先手|耐久","zltb":"http://www.dota2.com.cn/images/info1301/tit_img01.gif","zljc":"18","zlsj":"1.50","mjtb":"http://www.dota2.com.cn/images/info1301/tit_img02.gif","mjjc":"15","mjsj":"1.40","lltb":"http://www.dota2.com.cn/images/info1301/tit_img03.gif","lljc":"21","llsj":"2.40","gjltb":"http://www.dota2.com.cn/images/info1301/tit_img06.gif","csgjl":"21-30","ydsdtb":"http://www.dota2.com.cn/images/info1301/tit_img05.gif","csydsd":"300","hjtb":"http://www.dota2.com.cn/images/info1301/tit_img04.gif","cshj":"1.1","yxbj":"从虚无之境带给他的剧痛中逃离后，哈斯卡终于睁开了双眼，醒来的第一件事却是发现暗影牧师戴泽正在对他吟唱一个艰深的咒语。哈斯卡的灵魂从永恒虚无中被救了出来，这是违背了德尊教团古老仪式的准则的，然而和其他去过虚无之境的人一样，哈斯卡也发现自己的身体被那里所彻底改变了。他不再怜悯凡人的肉体，他的生命之血成为了强大的力量源泉，每一滴鲜血都给他成倍的狂暴的、灼热的能量。然而，这一新生的天赋却激怒了哈斯卡，因为在拯救他逃离虚无之境时，戴泽拒绝让他进入神灵之地。他的自我牺牲也被拒绝。当教团的的长老们试图寻找一个扩大自己影响的方法时，他们一致认为哈斯卡将成为他们在战争中最可怕的武器。然而，成为教团的武器让哈斯卡更加愤怒，因为他们不仅利用他，还否定了他与生俱来的权利。于是在战争打响之际，他逃离了家乡，去寻找新的盟友，寻找那些值得他牺牲自己，释放强大力量的盟友。","dj":"1|15|25","smz":"549|1187|2023","mfz":"234|507|962","gjl":"42-51|76-85|120-129","hj":"2|7|13","syfw":"1800/800","gjfw":"400","ddsd":"1400","jdtj1":"http://www.dota2.com.cn/images/property/add/huskar.jpg","jdms1":"这种就是比较老一点的神灵的加点，也是比较稳妥的一种。上来有火箭去消耗对方的血，之后有三级能的加攻击让自己成为最强悍的男人。这种加点需要第二个技能补充活血术，这是为了在团战或者小范围团战中能有持续的高输出，这样才是神灵的真谛，真男人是时间持续的久。","jdtj2":null,"jdms2":null,"cmzb":"治疗药膏*1|树之祭祀*1|力量手套*2|铁树枝干*1","qqzb":"速度之靴*1|魔棒*1|影之灵龛*1","hxzb":"动力鞋*1|魔杖*1|莫尔迪基安的臂章*1|支配头盔*1|回城卷轴*1","hqsz":"黑皇杖*1|撒旦之邪力*1|恐鳌之心*1|强袭胸甲*1|阿哈利姆神杖*1|影刃*1|天堂之戟*1|梅肯斯姆*1|白银之锋*1","ljt":"http://www.dota2.com.cn/images/property/huskar.gif","path":"huskar","zymc":"天辉","zytb":"http://www.dota2.com.cn/images/heropedia/radiant.jpg","yxtp":"http://www.dota2.com.cn/images/others/huskar_big1.jpg","gjlxxj":"1","yxdwxj":"1|1|1","llsjsmz":"19","llsjsmhf":"0.03","mjsjhj":"1","mjsjgjsd":"1","zlsjmfz":"13","zlsjmfhf":"0.04","sjgjl":"1","pjsh":"46","gjsd":"121|127|155","gjms":"1.39","gjsh":"42-51","gjjl":"400|400|400","wlhj":"1.1","wlshkx":"6%","mfshkx":"25%","minitb":"http://www.dota2.com.cn/images/heroes/huskar_icon.png"},{"id":47,"zwm":"力丸","ywm":"Riki","jc":"隐刺","xttx":"http://www.dota2.com.cn/images/heroes/riki_full.png","dttx":"http://www.dota2.com.cn/images/heroes/riki_vert.jpg","gjlx":"近战","yxlx":"敏捷","yxdw":"核心|逃生","zltb":"http://www.dota2.com.cn/images/info1301/tit_img01.gif","zljc":"14","zlsj":"1.3","mjtb":"http://www.dota2.com.cn/images/info1301/tit_img02.gif","mjjc":"34","mjsj":"2.9","lltb":"http://www.dota2.com.cn/images/info1301/tit_img03.gif","lljc":"17","llsj":"2","gjltb":"http://www.dota2.com.cn/images/info1301/tit_img06.gif","csgjl":"14-18","ydsdtb":"http://www.dota2.com.cn/images/info1301/tit_img05.gif","csydsd":"300","hjtb":"http://www.dota2.com.cn/images/info1301/tit_img04.gif","cshj":"5.76","yxbj":"力丸是伟大的塔林王朝的二皇子。他有一个将会继承王位的兄长，还有一个受到百般照顾的弟弟，而作为二子的力丸，则似乎生来就是隐形人。他自己很注意培养这一项特殊才能，在一个晚上，国家被叛徒所颠覆，他的家人被屠杀，只有力丸因为隐身技能活了下来。矮小而敏捷的力丸用烟雾做掩护，无比谨慎的逃离了，他也是唯一逃脱的皇族。善于突袭的他杀出了皇家庭院，无声地切开一个又一个敌人的喉咙。不再背负皇室治国之责以后，力丸开始运用他的天赋以谋生，他成为了一名隐形刺客。现在他于无声中将敌人杀死，不断精进自己的技术，期望有一天可以能够手刃那些杀死他家人，夺走他国家的叛徒。","dj":"1|15|25","smz":"473|1005|1765","mfz":"182|419|848","gjl":"48-52|89-93|138-142","hj":"6|11|18","syfw":"1800/800","gjfw":"128","ddsd":"N/A","jdtj1":"http://www.dota2.com.cn/images/property/add/riki.jpg","jdms1":"隐形刺客的加点比较灵活，1级可以点闪烁也可以点雾，雾有沉默效果关键时刻可以用来保命。背刺前期可以只点1级也可以主升，主要依据形势而定。闪烁是优先加满的技能，做为一名刺客，这还是必须拥有的看家本领。至于大招的升级，其实可以在其他技能点满之后再升级2、3级大招。如果处于劣势可以优先考虑，毕竟缩短进入隐身的时间还是很有用的。","jdtj2":"","jdms2":"","cmzb":"树之祭祀*2|治疗药膏*1|敏捷便鞋*1|铁树枝干*3","qqzb":"魔棒*1|速度之靴*1|穷鬼盾*1","hxzb":"动力鞋*1|魔杖*1|净魂之刃*1","hqsz":"蝴蝶*1|弗拉迪米尔的祭品*1|黑皇杖*1|强袭胸甲*1|散夜对剑*1","ljt":"http://www.dota2.com.cn/images/property/riki.gif","path":"riki","zymc":"天辉","zytb":"http://www.dota2.com.cn/images/heropedia/radiant.jpg","yxtp":"http://www.dota2.com.cn/images/others/riki_big1.jpg","gjlxxj":"1","yxdwxj":"2|1","llsjsmz":"19","llsjsmhf":"0.03","mjsjhj":"1","mjsjgjsd":"1","zlsjmfz":"13","zlsjmfhf":"0.04","sjgjl":"1","pjsh":"50","gjsd":"134|146|204","gjms":"1.27","gjsh":"48-52","gjjl":"128|128|128","wlhj":"5","wlshkx":"25%","mfshkx":"25%","minitb":"http://www.dota2.com.cn/images/heroes/riki_icon.png"}],"honorList":[{"id":69,"zwm":"死亡先知","msg":"暂无","createtime":null}],"adapt_zd_list":[{"id":63,"zwm":"马格纳斯","ywm":"Magnus","jc":"猛犸","xttx":"http://www.dota2.com.cn/images/heroes/magnataur_full.png","dttx":"http://www.dota2.com.cn/images/heroes/magnataur_vert.jpg","gjlx":"近战","yxlx":"力量","yxdw":"先手|控制|爆发|核心","zltb":"http://www.dota2.com.cn/images/info1301/tit_img01.gif","zljc":"17","zlsj":"1.65","mjtb":"http://www.dota2.com.cn/images/info1301/tit_img02.gif","mjjc":"15","mjsj":"2.50","lltb":"http://www.dota2.com.cn/images/info1301/tit_img03.gif","lljc":"21","llsj":"2.75","gjltb":"http://www.dota2.com.cn/images/info1301/tit_img06.gif","csgjl":"28-40","ydsdtb":"http://www.dota2.com.cn/images/info1301/tit_img05.gif","csydsd":"315","hjtb":"http://www.dota2.com.cn/images/info1301/tit_img04.gif","cshj":"4.1","yxbj":"杰尔拉克山的铸造大师们只对一件事达成了共识：半人犀牛的角比任何合金都要珍贵。而这些角中，形状最大、最为锋利的角属于被称作马格纳斯的野兽。在半个世代以来，马格纳斯的运动就是用角冲撞那些前来猎取他同胞的猎人。每次他回到洞穴，蹄上和角上都是血迹斑斑，直到族里的女族长要求他和他的族人在山脉阴影之外的北边寻找避难的居所，但是马格纳斯对此嗤之以鼻，他从未在守卫族人时倒下。他决定，半人犀牛将留在这个地方，因为他们从不相信侥幸...抑或是改变自己的主意。但是在杰尔拉克山毫无预兆地喷发时，他一半的族人都消失在烈火和烟尘中，马格纳斯终究还是改变了想法。幸存的族人开始向北边进发，结果遇到了由上百名装备着铁甲和弓箭的猎人组成的封锁线。马格纳斯不希望族人有伤亡，他率领着最为勇猛的兄弟姐妹向敌人发起冲锋，战斗中透着的那股狠劲儿只有他身后冒着熊熊烈火的火山才能相提并论。与此同时族里的老弱妇孺纷纷消失在战场的沙尘中。对于之后发生的故事铸造大师们众说纷纭。有人说他统一了他的族人，而其他人则声称他受了致命伤，倒在了女族长的身旁憾然离世。这些说法都不正确。他的确发誓要使族人重聚...但是要在找到使杰尔拉克山喷发的罪魁祸首，看着他们在自己的角上死去之后，因为半人犀牛从不相信侥幸或偶然。","dj":"1|15|25","smz":"549|1281|2183","mfz":"221|521|996","gjl":"49-61|88-100|135-147","hj":"4|9|15","syfw":"1800/800","gjfw":"128","ddsd":"N/A","jdtj1":"http://www.dota2.com.cn/images/property/add/magnus.jpg","jdms1":"这是目前猛犸最主流的加点路线，前期高等级的巨角冲撞可以代替跳刀，强大的切入和逃生能力不容小视。这种加点的猛犸主动性很强，一套技能的AOE伤害也非常可观。","jdtj2":null,"jdms2":null,"cmzb":"力量手套*2|治疗药膏*2|净化药水*1|铁树枝干*1","qqzb":"魔棒*1|速度之靴*1|魔瓶*1","hxzb":"魔杖*1|奥术鞋*1|闪烁匕首*1","hqsz":"恐鳌之心*1|狂战斧*1|希瓦的守护*1|强袭胸甲*1|刷新球*1|疯狂面具*1","ljt":"http://www.dota2.com.cn/images/property/magnataur.gif","path":"magnus","zymc":"夜魇","zytb":"http://www.dota2.com.cn/images/heropedia/dire.jpg","yxtp":"http://www.dota2.com.cn/images/others/magnataur_big1.jpg","gjlxxj":"1","yxdwxj":"3|1|1|1","llsjsmz":"19","llsjsmhf":"0.03","mjsjhj":"1","mjsjgjsd":"1","zlsjmfz":"13","zlsjmfhf":"0.04","sjgjl":"1","pjsh":"55","gjsd":"115|125|175","gjms":"1.48","gjsh":"49-61","gjjl":"128|128|128","wlhj":"4","wlshkx":"19%","mfshkx":"25%","minitb":"http://www.dota2.com.cn/images/heroes/magnataur_icon.png"},{"id":8,"zwm":"黑暗贤者","ywm":"Dark Seer","jc":"兔子、黑贤、DS","xttx":"http://www.dota2.com.cn/images/heroes/dark_seer_full.png","dttx":"http://www.dota2.com.cn/images/heroes/dark_seer_vert.jpg","gjlx":"近战","yxlx":"智力","yxdw":"先手|爆发|逃生","zltb":"http://www.dota2.com.cn/images/info1301/tit_img01.gif","zljc":"27","zlsj":"2.7","mjtb":"http://www.dota2.com.cn/images/info1301/tit_img02.gif","mjjc":"12","mjsj":"1.2","lltb":"http://www.dota2.com.cn/images/info1301/tit_img03.gif","lljc":"22","llsj":"2.3","gjltb":"http://www.dota2.com.cn/images/info1301/tit_img06.gif","csgjl":"31-37","ydsdtb":"http://www.dota2.com.cn/images/info1301/tit_img05.gif","csydsd":"300","hjtb":"http://www.dota2.com.cn/images/info1301/tit_img04.gif","cshj":"6.68","yxbj":"迅捷如风，足智多谋，黑暗贤者依什卡菲尔并不需要多么锋利的武器来搏斗，他总是运用强大的心灵之力来征服敌人。他有着颠覆战局使之对己方有利的天才。迎着欢呼和敬意，他从一个叫做幻墙之末的世界走了出来，并不热衷于这个世界的纷争——他是一个来自现实世界之外的勇者。曾经，黑暗贤者是备受人民尊敬的将军，是神王达玛瑞克斯麾下英勇的保卫者，然而他的军队在边境大战的最后几天，被一股更为强大的力量悉数歼灭。面临如此惨败，他绝望的做出了最后一个决定：引诱着敌军进入了幻墙迷宫。在他即将被捕的前一刻，他穿过幻墙，释放出强大的黑暗能量，将幻墙永远的封印起来。当飞扬的尘土归于平静以后，他发现他成功的拯救了自己的人民，而自己却沐浴在另一个世界的阳光下，亦真亦幻，无法回到现实世界。现在，他决心以一名战略家的身份来证明自己的价值，并且立誓要让这个新的世界见识他那伟大的谋略。","dj":"1|15|25","smz":"568|1180|1997","mfz":"351|842|1453","gjl":"58-64|96-102|143-149","hj":"6|8|13","syfw":"1800/800","gjfw":"128","ddsd":"N/A","jdtj1":"http://www.dota2.com.cn/images/property/add/dark_seer.jpg","jdms1":"Dota2中黑暗贤者的出场率很高，他能够配合很多英雄打出精彩比赛，无论团控英雄，还是站桩输出英雄都很喜欢与黑贤配合。这套加点的黑贤可以前期混野，不占线上资源。劣势路单的黑贤也可以很好的混到等级，金钱。前期过于劣势的情况下可以多加一点奔腾用于保命。","jdtj2":null,"jdms2":null,"cmzb":"树之祭祀*1|治疗药膏*1|净化药水*1|圆盾*1|铁树枝干*1","qqzb":"魔棒*1|速度之靴*1|灵魂之戒*1","hxzb":"魔杖*1|奥术鞋*1|梅肯斯姆*1|回城卷轴*1","hqsz":"赤红甲*1|阿哈利姆神杖*1|挑战头巾*1|洞察烟斗*1|闪烁匕首*1|邪恶镰刀*1|希瓦的守护*1|恐鳌之心*1|刷新球*1|卫士胫甲*1","ljt":"http://www.dota2.com.cn/images/property/dragon_knight.gif","path":"dark_seer","zymc":"夜魇","zytb":"http://www.dota2.com.cn/images/heropedia/dire.jpg","yxtp":"http://www.dota2.com.cn/images/others/dark_seer_big1.jpg","gjlxxj":"1","yxdwxj":"1|1|1","llsjsmz":"19","llsjsmhf":"0.03","mjsjhj":"1","mjsjgjsd":"1","zlsjmfz":"13","zlsjmfhf":"0.04","sjgjl":"1","pjsh":"63","gjsd":"112|117|141","gjms":"1.52","gjsh":"60-66","gjjl":"128|128|128","wlhj":"6.68","wlshkx":"25%","mfshkx":"25%","minitb":"http://www.dota2.com.cn/images/heroes/dark_seer_icon.png"}],"hqszList":[{"goods":{"id":99,"bigtype":"升级物品","type":"防具","wpmc":"希瓦的守护","wppz":"4","wptp":"http://www.dota2.com.cn/images/items/shivas_guard_lg.png","jgtb":"http://www.dota2.com.cn/images/info1301/tit_img07.gif","jg":"4700","wpjs":"据说曾经属于某位女神，至今仍保持大部分神力。","wpzyms":"多个霜冷光坏的效果无法叠加。","wpsyff":"主动：极寒冲击 - 发出一道寒冷的波动，对敌人造成200伤害并减速-40%持续4.0秒。<br>被动：霜冷光环 - 降低敌人攻击速度。","wpxg":"+ <span class=\"color_yellow\">30</span> 智力<br/>+ <span class=\"color_yellow\">15</span> 护甲<br/>光环攻速降低：<span class=\"color_yellow\">40</span>","lqsjtb":"http://www.dota2.com.cn/images/info1301/ico2.gif","lqsj":"30","mfxhtb":"http://www.dota2.com.cn/images/info1301/ico1.gif","mfxh":"100","qzwptb":"","wpzyms2":"极寒冲击的扩张速度为350，最大半径为900。 <br>极寒冲击将以施放者为中心。","item_en":"shivas_guard"},"count":1},{"goods":{"id":81,"bigtype":"升级物品","type":"法器","wpmc":"邪恶镰刀","wppz":"3","wptp":"http://www.dota2.com.cn/images/items/sheepstick_lg.png","jgtb":"http://www.dota2.com.cn/images/info1301/tit_img07.gif","jg":"5675","wpjs":"Vyse教徒最为宝贵的圣物，法师们最为垂涎的武器。","wpzyms":"","wpsyff":"主动：妖术-将一个单位变成无害的小动物，持续3.5秒。消灭幻象。","wpxg":"+ <span class=\"color_yellow\">10</span> 力量<br/>+ <span class=\"color_yellow\">10</span> 敏捷<br/>+ <span class=\"color_yellow\">35</span> 智力<br/>+ <span class=\"color_yellow\">150%</span> 魔法恢复","lqsjtb":"http://www.dota2.com.cn/images/info1301/ico2.gif","lqsj":"30","mfxhtb":"http://www.dota2.com.cn/images/info1301/ico1.gif","mfxh":"100","qzwptb":null,"wpzyms2":"立刻杀死幻象。<br>目标的基础移动速度为100，但是如果目标有满速状态则移速不受影响。<br>妖术将使伤害格挡和闪避无效。","item_en":"sheepstick"},"count":1},{"goods":{"id":104,"bigtype":"升级物品","type":"防具","wpmc":"恐鳌之心","wppz":"4","wptp":"http://www.dota2.com.cn/images/items/heart_lg.png","jgtb":"http://www.dota2.com.cn/images/info1301/tit_img07.gif","jg":"5500","wpjs":"已经绝种的怪物的心脏，能提升携带者的耐久力。","wpzyms":"如果你的英雄最近4秒（远程英雄6秒）内受到敌方英雄或Roshan的攻击，此被动将失效。","wpsyff":"被动：生命恢复 - 每秒恢复正比于你最大生命值的生命。","wpxg":"+ <span class=\"color_yellow\">40</span> 力量<br/>+ <span class=\"color_yellow\">300</span> 生命值<br/>生命回复量：<span class=\"color_yellow\">4%</span>","lqsjtb":"http://www.dota2.com.cn/images/info1301/ico2.gif","lqsj":"6","mfxhtb":"","mfxh":"","qzwptb":null,"wpzyms2":"","item_en":"heart"},"count":1},{"goods":{"id":98,"bigtype":"升级物品","type":"防具","wpmc":"黑皇杖","wppz":"4","wptp":"http://www.dota2.com.cn/images/items/black_king_bar_lg.png","jgtb":"http://www.dota2.com.cn/images/info1301/tit_img07.gif","jg":"3975","wpjs":"渗透了巨人之力的强大法杖。","wpzyms":"","wpsyff":"主动：天神下凡-魔法免疫。持续时间和冷却时间每用一次都会降低。黑皇杖会使某些大招失效。","wpxg":"+ <span class=\"color_yellow\">10</span> 力量<br/>+ <span class=\"color_yellow\">24</span> 攻击力<br/>持续时间：<span class=\"color_yellow\">10/9/8/7/6/5/4</span>","lqsjtb":"http://www.dota2.com.cn/images/info1301/ico2.gif","lqsj":"80","mfxhtb":"","mfxh":"","qzwptb":null,"wpzyms2":"不能出售。<br>使用黑皇杖可以会使部分有益状态消失。","item_en":"black_king_bar"},"count":1},{"goods":{"id":70,"bigtype":"升级物品","type":"辅助","wpmc":"梅肯斯姆","wppz":"3","wptp":"http://www.dota2.com.cn/images/items/mekansm_lg.png","jgtb":"http://www.dota2.com.cn/images/info1301/tit_img07.gif","jg":"2306","wpjs":"各种散件不知是怎样完美地组合起来，形成的散发着光芒的珠宝。","wpzyms":"多个梅肯斯姆光环无法叠加。","wpsyff":"主动：回复-为周围友方单位回复250点生命值，并提升2点护甲。<br/>被动：梅肯斯姆光环-提升周围友方单位生命恢复速率。","wpxg":"+ <span class=\"color_yellow\">5</span> 所有属性<br/>+ <span class=\"color_yellow\">5</span> 护甲<br/>额外生命恢复速率：<span class=\"color_yellow\">4</span>","lqsjtb":"http://www.dota2.com.cn/images/info1301/ico2.gif","lqsj":"45","mfxhtb":"http://www.dota2.com.cn/images/info1301/ico1.gif","mfxh":"225","qzwptb":null,"wpzyms2":"回复不能作用于25秒内已经被回复作用过的单位。","item_en":"mekansm"},"count":1},{"goods":{"id":71,"bigtype":"升级物品","type":"辅助","wpmc":"洞察烟斗","wppz":"3","wptp":"http://www.dota2.com.cn/images/items/pipe_lg.png","jgtb":"http://www.dota2.com.cn/images/info1301/tit_img07.gif","jg":"3628","wpjs":"一件来源神秘的强大古物，能制造出抵挡法术攻击的护盾。","wpzyms":"多件法术抵抗物品的效果不会叠加。","wpsyff":"主动：法术护盾 - 为附近的友方单位套上能抵挡400法术伤害的护盾。<br/>被动：洞察光环 - 提升附近友方单位每秒生命恢复速度4点。","wpxg":"+ <span class=\"color_yellow\">9</span> 生命恢复速率<br/>+ <span class=\"color_yellow\">30%</span> 魔法抗性<br/>恢复光环： <span class=\"color_yellow\">4</span>","lqsjtb":"http://www.dota2.com.cn/images/info1301/ico2.gif","lqsj":"60","mfxhtb":"http://www.dota2.com.cn/images/info1301/ico1.gif","mfxh":"100","qzwptb":null,"wpzyms2":"不能作用于50秒内已经受到过法术护盾作用的单位。<br>只与其他提高魔法抗性的技能叠加。","item_en":"pipe"},"count":1}],"hxzbList":[{"goods":{"id":54,"bigtype":"升级物品","type":"普通","wpmc":"相位鞋","wppz":"2","wptp":"http://www.dota2.com.cn/images/items/phase_boots_lg.png","jgtb":"http://www.dota2.com.cn/images/info1301/tit_img07.gif","jg":"1350","wpjs":"穿着它的人可以穿越虚空。","wpzyms":"多个鞋类物品提供的数值移动速度加成不叠加。","wpsyff":"主动：相位移动-提升移动速度并使你可以穿越单位。使用其他物品或技能将取消相位移动效果。","wpxg":"相位移动持续时间：<span class=\"color_yellow\">2.5</span><br/>相位移动加速：<span class=\"color_yellow\">24%/20%</span><br/>+ <span class=\"color_yellow\">50</span> 移动速度<br/>+ <span class=\"color_yellow\">24</span> 攻击力","lqsjtb":"http://www.dota2.com.cn/images/info1301/ico2.gif","lqsj":"8","mfxhtb":"","mfxh":"","qzwptb":null,"wpzyms2":"","item_en":"phase_boots"},"count":1},{"goods":{"id":50,"bigtype":"升级物品","type":"普通","wpmc":"魔杖","wppz":"2","wptp":"http://www.dota2.com.cn/images/items/magic_wand_lg.png","jgtb":"http://www.dota2.com.cn/images/info1301/tit_img07.gif","jg":"509","wpjs":"一个简易但实用的魔杖，能够补充使用者的能量--巫师学徒和高级术士都喜欢。","wpzyms":"","wpsyff":"主动：充能 - 每当周围有敌人施放技能都会自动充能（最多15点能量）。当使用时，每点能量为你回复生命值和魔法值。","wpxg":"+ <span class=\"color_yellow\">3</span> 所有属性<br/>每点能量回复：<span class=\"color_yellow\">15</span>","lqsjtb":"http://www.dota2.com.cn/images/info1301/ico2.gif","lqsj":"12","mfxhtb":"","mfxh":"","qzwptb":"","wpzyms2":"1200码视野范围内敌人使用技能就会获得点数。 <br>部分英雄技能和物品技能的施放将不会增加点数。","item_en":"magic_wand"},"count":1},{"goods":{"id":101,"bigtype":"升级物品","type":"防具","wpmc":"血精石","wppz":"4","wptp":"http://www.dota2.com.cn/images/items/bloodstone_lg.png","jgtb":"http://www.dota2.com.cn/images/info1301/tit_img07.gif","jg":"4900","wpjs":"血精石鲜红的色彩在战场上绝对不会被看错，拥有者似乎有无限的生命力和精力。","wpzyms":"被动：血之契约 - 具有8点初始能量。1675范围内有敌方英雄死亡时获得1点能量。每点能量给予1点/秒的魔法回复，死亡时减少3秒重生时间。当持有者死亡时，回复周围1675范围内的友军单位500+30×能量点数的生命值，并失去1/3的能量。","wpsyff":"主动：绝地自尽 - 立刻原地自杀。","wpxg":"+ <span class=\"color_yellow\">500</span> 生命值<br/>+ <span class=\"color_yellow\">400</span> 魔法值<br/>+ <span class=\"color_yellow\">9</span> 生命恢复速率<br/>+ <span class=\"color_yellow\">200%</span> 魔法恢复","lqsjtb":"http://www.dota2.com.cn/images/info1301/ico2.gif","lqsj":"300","mfxhtb":"","mfxh":"","qzwptb":null,"wpzyms2":"如果英雄身上有多个血精石，只有第一个会获得点数。","item_en":"bloodstone"},"count":1}],"adapt_kz_list":[{"id":18,"zwm":"伐木机","ywm":"Timbersaw","jc":"地精撕裂者","xttx":"http://www.dota2.com.cn/images/heroes/shredder_full.png","dttx":"http://www.dota2.com.cn/images/heroes/shredder_vert.jpg","gjlx":"近战","yxlx":"力量","yxdw":"近战|耐久|爆发|逃生","zltb":"http://www.dota2.com.cn/images/info1301/tit_img01.gif","zljc":"21","zlsj":"2.40","mjtb":"http://www.dota2.com.cn/images/info1301/tit_img02.gif","mjjc":"16","mjsj":"1.30","lltb":"http://www.dota2.com.cn/images/info1301/tit_img03.gif","lljc":"25","llsj":"2.10","gjltb":"http://www.dota2.com.cn/images/info1301/tit_img06.gif","csgjl":"26-30","ydsdtb":"http://www.dota2.com.cn/images/info1301/tit_img05.gif","csydsd":"290","hjtb":"http://www.dota2.com.cn/images/info1301/tit_img04.gif","cshj":"0.24","yxbj":"直到现在瑞兹拉克的脑海中仍然还萦绕着那尖叫声。他原来的工作是马不停蹄地转动扳手，扭紧螺丝，搭建模型，切割模具，锻造机器。睡眠离他而去；他终日都在制造机器的工作中度过。就这样，他把自己关在了他叔叔的工坊里。一晃数月过去，工作即将完成，他马上就能得到解放。一天，他抬了抬直掉的眼皮，站起来揉了揉背，看着窗外预兆湾那徐徐的波浪，上面竟飘来了满满的花朵，花朵开始爆裂，变成了花粉云团，直奔肺部而去，碰到的人纷纷倒地。他被呛地一激灵，睡意顿时一扫而空。之后几个小时工坊里尽是抑扬顿挫的磨刀声，他将一套巨大的刀刃磨得锃亮。他的脑海里满是邻居因窒息而死青筋暴起的惨状，被花树包围的房屋。但预兆湾的花潮相比潮水过后城墙外的哀鸿遍野就不值一提了。不过他眼里这套锯齿机器强大而富有安全感，他抱着这一丝希望，这样逐渐模糊的意识里才没有被恐惧全部占据。城市里遍地可见花枝和鲜血。在城市毁灭时，瑞兹拉克逃离了那些能够行走战斗还会杀人的花树。花树毁坏了城门，涌入城市。预兆湾最后召集的守卫也被他们肆意碾压践踏，寥寥无几的难民后面花树还在紧紧地追赶。虽然瑞兹拉克的头脑还是一片混沌，但是他静悄悄地从机器手臂里拽出一根巨大的链条，双手颤抖着检查了每个节点，用战栗的手指按了按链条末端的钢爪。这套锯齿机器已经就绪待命。他颤颤巍巍地用双手将这浑身带着刀刃的机器启动。恐惧，无论是萦绕已久的恐惧还是他接下来要面对的恐惧都在驱使着他，他还怀有让自己头脑冷静的希望。随着机器的震动开始运转，他知道他必须面对这恐惧，他也知道这恐惧他一点也不想要。","dj":"1|15|25","smz":"625|1184|1963","mfz":"273|710|1282","gjl":"51-55|80-84|121-125","hj":"0|3|7","syfw":"1800/800","gjfw":"128","ddsd":"N/A","jdtj1":"http://www.dota2.com.cn/images/property/add/timbersaw.jpg","jdms1":"这是比较主流的伐木机加点，前期主T的性价比要比D高很多。1400码的范围在逃生追杀gank中都能起到非常不错的效果。前期线上无压力可以21对点，力求最大爆发。伐木机很难杀，尤其是高等级，有装备的伐木机。施放技能时尽量贴着树木，神圣伤害的效果还是非常给力的。","jdtj2":null,"jdms2":null,"cmzb":"树之祭祀*1|治疗药膏*1|铁树枝干*3|圆盾*1","qqzb":"速度之靴*1|护腕*1|魔瓶*1","hxzb":"奥术鞋*1|魔杖*1|血精石*1","hqsz":"邪恶镰刀*1|血精石*1|林肯法球*1|黑皇杖*1|达贡之神力*1|希瓦的守护*1","ljt":"http://www.dota2.com.cn/images/property/shredder.gif","path":"timbersaw","zymc":"天辉","zytb":"http://www.dota2.com.cn/images/heropedia/radiant.jpg","yxtp":"http://www.dota2.com.cn/images/others/shredder_big1.jpg","gjlxxj":"1","yxdwxj":"2|1|1","llsjsmz":"19","llsjsmhf":"0.03","mjsjhj":"1","mjsjgjsd":"1","zlsjmfz":"13","zlsjmfhf":"0.04","sjgjl":"1","pjsh":"53","gjsd":"116|121|147","gjms":"1.47","gjsh":"51-55","gjjl":"128|128|128","wlhj":"0","wlshkx":"1%","mfshkx":"25%","minitb":"http://www.dota2.com.cn/images/heroes/shredder_icon.png"},{"id":76,"zwm":"树精卫士","ywm":"Treant Protector","jc":"大树","xttx":"http://www.dota2.com.cn/images/heroes/treant_full.png","dttx":"http://www.dota2.com.cn/images/heroes/treant_vert.jpg","gjlx":"近战","yxlx":"力量","yxdw":"耐久|先手|对线辅助|控制","zltb":"http://www.dota2.com.cn/images/info1301/tit_img01.gif","zljc":"17","zlsj":"1.80","mjtb":"http://www.dota2.com.cn/images/info1301/tit_img02.gif","mjjc":"15","mjsj":"2.00","lltb":"http://www.dota2.com.cn/images/info1301/tit_img03.gif","lljc":"25","llsj":"3.30","gjltb":"http://www.dota2.com.cn/images/info1301/tit_img06.gif","csgjl":"56-64","ydsdtb":"http://www.dota2.com.cn/images/info1301/tit_img05.gif","csydsd":"300","hjtb":"http://www.dota2.com.cn/images/info1301/tit_img04.gif","cshj":"1.1","yxbj":"在遥远的西方之外，预兆之谷远方的群山中，蕴藏着一股强大的古老力量，一股隐藏在树木中，令人敬畏的力量之源。据说生长在这片区域的物种都很奇特。对于自然之力而言，这是一片神圣的土地，不为世人所知。这片土地上有着各种致命的陷阱和危险——吞噬一切的杂草，各式杂交的动物以及充满剧毒的花——不过这些都远远比不上强大的树精卫士。这些长生不老，体型巨大的生物终其一生都在维护这片土地的安静，保证没人能够侵犯这里，没人能够知道他们的秘密。他们已经守护这片圣地长达千万年，与外界秋毫无犯，对世界的变迁也不甚了了。然而不可避免的，外界逐渐的注意到了这片未开化的土地，随着时间的推移，外面世界的入侵者也愈发大胆。他们很快就带着工具来砍伐焚烧这片土地，而树精卫士们则在思考，这些脆弱却勤劳的生物到底是什么？那原本绿色的原野现在变成了什么样？数万年的疑问和怀疑通通浮现，从上古时期流传下来的传统开始被他们重新审视，同时，越来越多外面世界的人死在了这片土地上，成为了花草的养分。当所有的生物都商议完毕以后，他们达成了一致，对外界的好奇终究战胜了保守和审慎。他们决定：向外界派出一名树精卫士，肩负着将外界情况传达给他们的使命，观察外面那个变化的世界以及其中的生命，最重要的是，监视那些有可能威胁到他们神圣领地的一切危险。","dj":"1|15|25","smz":"625|1503|2510","mfz":"221|549|1043","gjl":"81-89|127-135|180-188","hj":"1|5|11","syfw":"1800/800","gjfw":"128","ddsd":"N/A","jdtj1":"http://www.dota2.com.cn/images/property/add/treant_protector.jpg","jdms1":"大树在改版之后比较imba，线上不虚任何英雄，可能你会说痛苦之源这样的英雄也有吸血，但是你能用这个技能去快速推线么，大树可以用自己的吸血推线。注意活体护甲技能的施法距离是全地图的，效果很明显。并且大树自己就算是比较硬了，出一个魂戒之后无限二级能很销魂的，能让对方英雄痛不欲生。再加上一技能的逃生，不过一技能释放之后会有延迟进入隐身，所以自己要注意一点。","jdtj2":null,"jdms2":null,"cmzb":"动物信使*1|树之祭祀*1|治疗药膏*1|净化药水*1|铁树枝干*3","qqzb":"魔棒*1|速度之靴*1|护腕*1|王者之戒*1","hxzb":"魔杖*1|奥术鞋*1|梅肯斯姆*1|侦查守卫*1","hqsz":"邪恶镰刀*1|希瓦的守护*1|恐鳌之心*1|刷新球*1|死灵书*1|韧鼓*1","ljt":"http://www.dota2.com.cn/images/property/treant.gif","path":"treant_protector","zymc":"天辉","zytb":"http://www.dota2.com.cn/images/heropedia/radiant.jpg","yxtp":"http://www.dota2.com.cn/images/others/treant_big1.jpg","gjlxxj":"1","yxdwxj":"2|2|2|1","llsjsmz":"19","llsjsmhf":"0.03","mjsjhj":"1","mjsjgjsd":"1","zlsjmfz":"13","zlsjmfhf":"0.04","sjgjl":"1","pjsh":"85","gjsd":"104|112|152","gjms":"1.65","gjsh":"81-89","gjjl":"128|128|128","wlhj":"1","wlshkx":"6%","mfshkx":"25%","minitb":"http://www.dota2.com.cn/images/heroes/treant_icon.png"},{"id":35,"zwm":"酒仙","ywm":"Brewmaster","jc":"熊猫","xttx":"http://www.dota2.com.cn/images/heroes/brewmaster_full.png","dttx":"http://www.dota2.com.cn/images/heroes/brewmaster_vert.jpg","gjlx":"近战","yxlx":"力量","yxdw":"核心|耐久|先手|推进","zltb":"http://www.dota2.com.cn/images/info1301/tit_img01.gif","zljc":"14","zlsj":"1.25","mjtb":"http://www.dota2.com.cn/images/info1301/tit_img02.gif","mjjc":"22","mjsj":"1.95","lltb":"http://www.dota2.com.cn/images/info1301/tit_img03.gif","lljc":"23","llsj":"2.90","gjltb":"http://www.dota2.com.cn/images/info1301/tit_img06.gif","csgjl":"29-36","ydsdtb":"http://www.dota2.com.cn/images/info1301/tit_img05.gif","csydsd":"300","hjtb":"http://www.dota2.com.cn/images/info1301/tit_img04.gif","cshj":"2","yxbj":"几个世纪以来，在悲叹山脉的深处，在废弃之都底部的避世村庄里，古老的奥尤社一直在进行他们神圣的沉思，通过在盛大的节日时喝醉来达到与魂灵的深度交流。曼吉克斯，神与凡人的孩子，是村中第一个拥有神之天赋，凡人之精气的天纵之才。他从小就与社中最伟大的学者一同学习，并最终通过不停的努力，获得了挑战酒仙——族群中最受尊敬的称号——的权利。</p><p>酒仙之战是饮酒和搏斗同时进行，连续九天，曼吉克斯都在不停的豪饮并且和上一任酒仙搏斗。到了晚上，他们则都是站立不稳，步履蹒跚的打斗，直到上一任酒仙终于一醉不起，曼吉克斯成为了新的酒仙。如今，年轻的新任酒仙召唤了奥尤社祖先之力，使整个族群更加迅猛。当他使用魔法的时候，他就变身为祖先的模样。正如之前的所有酒仙一样，曼吉克斯也踏上了自己的征途，向着唯一的目标前进。他走遍大陆，以酒启迪心灵，找寻着古老的族群分裂的原因——同时寻找着能够将精神和物质位面重新结合起来的方法。","dj":"1|15|25","smz":"587|1358|2289","mfz":"182|410|832","gjl":"52-59|93-100|142-149","hj":"2|8|13","syfw":"1800/800","gjfw":"128","ddsd":"N/A","jdtj1":"http://www.dota2.com.cn/images/property/add/brewmaster.jpg","jdms1":"这套加点是酒仙现在很主流的加点方式了，踩地板和醉拳对加，这样不仅能让酒仙在中或者边路混的很好，关键时刻的伤害技能加上减速还有可能击杀对手，不用怕自己的蓝不够，鸟运瓶子流已经完全解决了这个问题。当然如果需要也可以前期适当补一两级酒雾，不过作用并不大。","jdtj2":null,"jdms2":null,"cmzb":"树之祭祀*1|治疗药膏*1|圆盾*1|铁树枝干*3","qqzb":"速度之靴*1|魔棒*1|护腕*1","hxzb":"相位鞋*1|魔杖*1|韧鼓*1|闪烁匕首*1","hqsz":"阿哈利姆神杖*1|强袭胸甲*1|希瓦的守护*1|恐鳌之心*1|辉耀*1|弗拉迪米尔的祭品*1","ljt":"http://www.dota2.com.cn/images/property/brewmaster.gif","path":"brewmaster","zymc":"天辉","zytb":"http://www.dota2.com.cn/images/heropedia/radiant.jpg","yxtp":"http://www.dota2.com.cn/images/others/brewmaster_big1.jpg","gjlxxj":"1","yxdwxj":"2|2|2|1","llsjsmz":"19","llsjsmhf":"0.03","mjsjhj":"1","mjsjgjsd":"1","zlsjmfz":"13","zlsjmfhf":"0.04","sjgjl":"1","pjsh":"55","gjsd":"122|130|169","gjms":"1.39","gjsh":"52-59","gjjl":"128|128|128","wlhj":"2","wlshkx":"19%","mfshkx":"25%","minitb":"http://www.dota2.com.cn/images/heroes/brewmaster_icon.png"},{"id":8,"zwm":"黑暗贤者","ywm":"Dark Seer","jc":"兔子、黑贤、DS","xttx":"http://www.dota2.com.cn/images/heroes/dark_seer_full.png","dttx":"http://www.dota2.com.cn/images/heroes/dark_seer_vert.jpg","gjlx":"近战","yxlx":"智力","yxdw":"先手|爆发|逃生","zltb":"http://www.dota2.com.cn/images/info1301/tit_img01.gif","zljc":"27","zlsj":"2.7","mjtb":"http://www.dota2.com.cn/images/info1301/tit_img02.gif","mjjc":"12","mjsj":"1.2","lltb":"http://www.dota2.com.cn/images/info1301/tit_img03.gif","lljc":"22","llsj":"2.3","gjltb":"http://www.dota2.com.cn/images/info1301/tit_img06.gif","csgjl":"31-37","ydsdtb":"http://www.dota2.com.cn/images/info1301/tit_img05.gif","csydsd":"300","hjtb":"http://www.dota2.com.cn/images/info1301/tit_img04.gif","cshj":"6.68","yxbj":"迅捷如风，足智多谋，黑暗贤者依什卡菲尔并不需要多么锋利的武器来搏斗，他总是运用强大的心灵之力来征服敌人。他有着颠覆战局使之对己方有利的天才。迎着欢呼和敬意，他从一个叫做幻墙之末的世界走了出来，并不热衷于这个世界的纷争——他是一个来自现实世界之外的勇者。曾经，黑暗贤者是备受人民尊敬的将军，是神王达玛瑞克斯麾下英勇的保卫者，然而他的军队在边境大战的最后几天，被一股更为强大的力量悉数歼灭。面临如此惨败，他绝望的做出了最后一个决定：引诱着敌军进入了幻墙迷宫。在他即将被捕的前一刻，他穿过幻墙，释放出强大的黑暗能量，将幻墙永远的封印起来。当飞扬的尘土归于平静以后，他发现他成功的拯救了自己的人民，而自己却沐浴在另一个世界的阳光下，亦真亦幻，无法回到现实世界。现在，他决心以一名战略家的身份来证明自己的价值，并且立誓要让这个新的世界见识他那伟大的谋略。","dj":"1|15|25","smz":"568|1180|1997","mfz":"351|842|1453","gjl":"58-64|96-102|143-149","hj":"6|8|13","syfw":"1800/800","gjfw":"128","ddsd":"N/A","jdtj1":"http://www.dota2.com.cn/images/property/add/dark_seer.jpg","jdms1":"Dota2中黑暗贤者的出场率很高，他能够配合很多英雄打出精彩比赛，无论团控英雄，还是站桩输出英雄都很喜欢与黑贤配合。这套加点的黑贤可以前期混野，不占线上资源。劣势路单的黑贤也可以很好的混到等级，金钱。前期过于劣势的情况下可以多加一点奔腾用于保命。","jdtj2":null,"jdms2":null,"cmzb":"树之祭祀*1|治疗药膏*1|净化药水*1|圆盾*1|铁树枝干*1","qqzb":"魔棒*1|速度之靴*1|灵魂之戒*1","hxzb":"魔杖*1|奥术鞋*1|梅肯斯姆*1|回城卷轴*1","hqsz":"赤红甲*1|阿哈利姆神杖*1|挑战头巾*1|洞察烟斗*1|闪烁匕首*1|邪恶镰刀*1|希瓦的守护*1|恐鳌之心*1|刷新球*1|卫士胫甲*1","ljt":"http://www.dota2.com.cn/images/property/dragon_knight.gif","path":"dark_seer","zymc":"夜魇","zytb":"http://www.dota2.com.cn/images/heropedia/dire.jpg","yxtp":"http://www.dota2.com.cn/images/others/dark_seer_big1.jpg","gjlxxj":"1","yxdwxj":"1|1|1","llsjsmz":"19","llsjsmhf":"0.03","mjsjhj":"1","mjsjgjsd":"1","zlsjmfz":"13","zlsjmfhf":"0.04","sjgjl":"1","pjsh":"63","gjsd":"112|117|141","gjms":"1.52","gjsh":"60-66","gjjl":"128|128|128","wlhj":"6.68","wlshkx":"25%","mfshkx":"25%","minitb":"http://www.dota2.com.cn/images/heroes/dark_seer_icon.png"},{"id":57,"zwm":"全能骑士","ywm":"Omniknight","jc":"全能","xttx":"http://www.dota2.com.cn/images/heroes/omniknight_full.png","dttx":"http://www.dota2.com.cn/images/heroes/omniknight_vert.jpg","gjlx":"近战","yxlx":"力量","yxdw":"耐久|对线辅助|辅助","zltb":"http://www.dota2.com.cn/images/info1301/tit_img01.gif","zljc":"17","zlsj":"1.80","mjtb":"http://www.dota2.com.cn/images/info1301/tit_img02.gif","mjjc":"15","mjsj":"1.75","lltb":"http://www.dota2.com.cn/images/info1301/tit_img03.gif","lljc":"20","llsj":"2.65","gjltb":"http://www.dota2.com.cn/images/info1301/tit_img06.gif","csgjl":"31-41","ydsdtb":"http://www.dota2.com.cn/images/info1301/tit_img05.gif","csydsd":"305","hjtb":"http://www.dota2.com.cn/images/info1301/tit_img04.gif","cshj":"5.1","yxbj":"普利斯特·雷霆之怒是一名见多识广、勇于拼搏、无比虔诚的骑士，他被声望极高的骑士团长老抚养长大，作为他们的贴身侍卫，立誓遵守他们的命令。他将一生都献给了全知全能的神。骑士团毕生都在进行艰苦的圣战，而普利斯特也至死不渝的履行着他的职责，奉献他的力量以及那年轻人特有的热忱，从未有过怀疑。然而，多年的远征让他的长辈和上级都已经归于尘土，带着悔恨和愧疚，被埋葬在远征路上的墓穴里，他亲如兄弟的战友，在同那些拒绝臣服于全能之神的野蛮人的战斗中陨落，而他自己的亲卫，也被伏击、瘟疫吞噬，于是他开始质疑自己誓言的意义——远征的意义。经过了深刻的冥想，他离开了他的军队，长途跋涉回到了晴雪城——传说中的圣城，在那里，他对全能之神的祭司们发出了质问。从来没有哪个骑士胆敢如此，祭司们试图将他投入献祭之渊，然而普利斯特却如山一般无法撼动。因为当他俯视着祭司时，全身闪耀着圣洁之光，祭司们看到全能之神选择了他作为其显圣之身。年长的大祭司见状，便亲自花费了数周的时间，指引他前往圣城深处的密室，世间最为圣洁之地，在那里等着他的，并不是一些充满智慧的晦涩抽象的书籍，也不是什么供人信奉的洞窟遗迹，而是全能之神本尊。神在这个密室里已经居住了千万年，并且创造了世间万物，在星球周围创造了巨大的保护外壳，抵御来自其他世界的邪恶。全能之神告诉普利斯特，他创造了世界，并且给予了教徒世间的真理。骑士没有办法驳斥这个故事。也许全能之神只是一个被关在石牢里面的骗子，根本不是什么创世者，但是全能骑士也不再质疑他的信仰。他的战斗终于有了意义，毫无疑问，他身体里面涌动着神圣的光明之力，而他在战斗中带给战友的力量，更是不容置疑。","dj":"1|15|25","smz":"530|1235|2118","mfz":"221|549|1043","gjl":"51-61|88-98|135-145","hj":"4|8|13","syfw":"1800/800","gjfw":"128","ddsd":"N/A","jdtj1":"http://www.dota2.com.cn/images/property/add/omniknight.jpg","jdms1":"不管是中单还是边路的全能骑士都是这么加点，因为这个英雄本身就是一个奶妈级别的英雄，所以这么加点不仅能保证自己的生存还能让队友有更长的生存时间。其次说一下光环和加血的取舍，基本上dota有一个共通点就是很多技能都是1级收益最大，所以一级的魔免能让你躲过对方的集火就可以了，次要升级光环是因为这个光环黏人的效果很明显，都是百分比的减少对方的攻击速度和移动速度，虽然只有300码，但是只要黏住就能给队友创造击杀的机会。","jdtj2":null,"jdms2":null,"cmzb":"治疗药膏*1|净化药水*2|铁树枝干*2|守护指环*1|树之祭祀*1","qqzb":"速度之靴*1|魔棒*1|王者之戒*1","hxzb":"灵魂之戒*1|奥术鞋*1|魔杖*1|侦查守卫*1|回城卷轴*1","hqsz":"阿哈利姆神杖*1|梅肯斯姆*1|邪恶镰刀*1|希瓦的守护*1|远行鞋*1|弗拉迪米尔的祭品*1","ljt":"http://www.dota2.com.cn/images/property/omniknight.gif","path":"omniknight","zymc":"天辉","zytb":"http://www.dota2.com.cn/images/heropedia/radiant.jpg","yxtp":"http://www.dota2.com.cn/images/others/omniknight_big1.jpg","gjlxxj":"1","yxdwxj":"2|1|1","llsjsmz":"19","llsjsmhf":"0.03","mjsjhj":"1","mjsjgjsd":"1","zlsjmfz":"13","zlsjmfhf":"0.04","sjgjl":"1","pjsh":"56","gjsd":"115|122|157","gjms":"1.48","gjsh":"51-61","gjjl":"128|128|128","wlhj":"5.1","wlshkx":"19%","mfshkx":"25%","minitb":"http://www.dota2.com.cn/images/heroes/omniknight_icon.png"},{"id":11,"zwm":"潮汐猎人","ywm":"Tidehunter","jc":"潮汐、TH","xttx":"http://www.dota2.com.cn/images/heroes/tidehunter_full.png","dttx":"http://www.dota2.com.cn/images/heroes/tidehunter_vert.jpg","gjlx":"近战","yxlx":"力量","yxdw":"先手|耐久|控制|辅助","zltb":"http://www.dota2.com.cn/images/info1301/tit_img01.gif","zljc":"16","zlsj":"1.70","mjtb":"http://www.dota2.com.cn/images/info1301/tit_img02.gif","mjjc":"15","mjsj":"1.50","lltb":"http://www.dota2.com.cn/images/info1301/tit_img03.gif","lljc":"22","llsj":"3.00","gjltb":"http://www.dota2.com.cn/images/info1301/tit_img06.gif","csgjl":"25-31","ydsdtb":"http://www.dota2.com.cn/images/info1301/tit_img05.gif","csydsd":"305","hjtb":"http://www.dota2.com.cn/images/info1301/tit_img04.gif","cshj":"3.1","yxbj":"人称利维坦的潮汐猎人曾经是沉没之岛的竞技大师，他的行为方式和他的同胞们一样神秘莫测。陆地居民都知道海上航线的重要性，帝国的崛起和衰亡都取决于谁掌控了公海。相比之下，海底航线和南海流民的敌对部族如何通过无数次小规模海底战斗开辟家园的故事，则鲜为人知。在南海人和陆地人那脆弱的协议中，我们可以瞥见这个海底王国的规模，不过他们的政体则显得十分复杂和不透明。利维坦似乎厌倦了这些琐碎的小冲突，便独自离开了，只效忠于他的深海之神-深渊触手麦尔朗恩。现在他在浅滩上独自游弋，寻找路上遇到的人类或者南海人，他对他的宿敌-海军上将昆卡有着一种独特的厌恶，然而他们为何成为敌人，已经和当年的激烈海战一起被遗忘了。","dj":"1|15|25","smz":"568|1366|2316","mfz":"208|517|998","gjl":"47-53|89-95|139-145","hj":"3|6|11","syfw":"1800/800","gjfw":"128","ddsd":"N/A","jdtj1":"http://www.dota2.com.cn/images/property/add/tidehunter.jpg","jdms1":"这是目前比较主流的潮汐加点，由于锚击变成了范围aoe，越来越多的人喜欢前期更早的将锚击点满。海妖外壳前期只点一级就够了。","jdtj2":null,"jdms2":null,"cmzb":"树之祭祀*1|治疗药膏*1|净化药水*1|力量手套*2|铁树枝干*1","qqzb":"魔棒*1|速度之靴*1|护腕*1","hxzb":"魔杖*1|奥术鞋*1|闪烁匕首*1","hqsz":"恐鳌之心*1|辉耀*1|希瓦的守护*1|强袭胸甲*1|洞察烟斗*1|刷新球*1|","ljt":"http://www.dota2.com.cn/images/property/tidehunter.gif","path":"tidehunter","zymc":"夜魇","zytb":"http://www.dota2.com.cn/images/heropedia/dire.jpg","yxtp":"http://www.dota2.com.cn/images/others/tidehunter_big1.jpg","gjlxxj":"1","yxdwxj":"3|3|2|1","llsjsmz":"19","llsjsmhf":"0.03","mjsjhj":"1","mjsjgjsd":"1","zlsjmfz":"13","zlsjmfhf":"0.04","sjgjl":"1","pjsh":"50","gjsd":"115|121|151","gjms":"1.48","gjsh":"47-53","gjjl":"128|128|128","wlhj":"3","wlshkx":"15%","mfshkx":"25%","minitb":"http://www.dota2.com.cn/images/heroes/tidehunter_icon.png"},{"id":30,"zwm":"不朽尸王","ywm":"Undying","jc":"尸王","xttx":"http://www.dota2.com.cn/images/heroes/undying_full.png","dttx":"http://www.dota2.com.cn/images/heroes/undying_vert.jpg","gjlx":"近战","yxlx":"力量","yxdw":"耐久|推进|控制|先手","zltb":"http://www.dota2.com.cn/images/info1301/tit_img01.gif","zljc":"27","zlsj":"2.50","mjtb":"http://www.dota2.com.cn/images/info1301/tit_img02.gif","mjjc":"10","mjsj":"0.80","lltb":"http://www.dota2.com.cn/images/info1301/tit_img03.gif","lljc":"22","llsj":"2.10","gjltb":"http://www.dota2.com.cn/images/info1301/tit_img06.gif","csgjl":"35-43","ydsdtb":"http://www.dota2.com.cn/images/info1301/tit_img05.gif","csydsd":"310","hjtb":"http://www.dota2.com.cn/images/info1301/tit_img04.gif","cshj":"3.4","yxbj":"他残破的心，已经不再记得自己的名，也不记得已经过了多久。还依稀记得的，是盔甲，是战旗，是身边死去的兄弟。他还记得那场战役：一双给他带去痛苦和恐惧的苍白的手，将他从马上扯下。他还记得自己和兄弟们一起被扔进死亡之神那漆黑的深坑，还记得他被虚无吞噬时耳畔的挽歌。在深渊下的黑暗中，他们被时间遗弃，抛弃了思想，抛弃了理智，唯一尚存的，只有饥饿。他们以彼此残留的指甲和牙齿为食，唤醒了身体。这时挽歌传来，一开始很遥远，只是最轻微的感官体验，然后声音逐渐汇集，似乎铺天盖地永无止境，歌声似乎形成了一堵音墙，将他意识中所有想法都清除。随着自己被挽歌吞噬，他也向死亡之神张开了双臂，迎接自己的陨灭。然而死亡之神并没有选择毁掉他，而是让他投入战争，在一片惨然的虚无中，他被赋予了新的使命：让世界遍地哀鸿，让死者吞噬生命。他成为了不朽尸王，死亡之神的先驱，他的躯体永生不灭。在你的往生路上，会奏响他永恒的挽歌。","dj":"1|15|25","smz":"568|1127|1906","mfz":"351|715|1235","gjl":"57-65|86-94|127-135","hj":"3|5|9","syfw":"1800/800","gjfw":"128","ddsd":"N/A","jdtj1":"http://www.dota2.com.cn/images/property/add/undying.jpg","jdms1":"不朽尸王是一名曾经上过CW舞台的英雄，暴力速推进阵容中总是少不了尸王的存在。如今路人打法中比较普遍的是1、2对点，线上压制力较强。当然这里还是建议前期只点2级加血,3级加血抽取15个单位并不太可能。","jdtj2":null,"jdms2":null,"cmzb":"树之祭祀*2|圆盾*1|铁树枝干*3|净化药水*1","qqzb":"速度之靴*1|魔棒*1|影之灵龛*1","hxzb":"奥术鞋*1|魔杖*1|梅肯斯姆*1|侦查守卫*1","hqsz":"辉耀*1|恐鳌之心*1|刃甲*1|天堂之戟*1","ljt":"http://www.dota2.com.cn/images/property/undying.gif","path":"undying","zymc":"夜魇","zytb":"http://www.dota2.com.cn/images/heropedia/dire.jpg","yxtp":"http://www.dota2.com.cn/images/others/undying_big1.jpg","gjlxxj":"1","yxdwxj":"2|1|1|1","llsjsmz":"19","llsjsmhf":"0.03","mjsjhj":"1","mjsjgjsd":"1","zlsjmfz":"13","zlsjmfhf":"0.04","sjgjl":"1","pjsh":"61","gjsd":"110|113|129","gjms":"1.55","gjsh":"57-65","gjjl":"128|128|128","wlhj":"3","wlshkx":"16%","mfshkx":"25%","minitb":"http://www.dota2.com.cn/images/heroes/undying_icon.png"},{"id":63,"zwm":"马格纳斯","ywm":"Magnus","jc":"猛犸","xttx":"http://www.dota2.com.cn/images/heroes/magnataur_full.png","dttx":"http://www.dota2.com.cn/images/heroes/magnataur_vert.jpg","gjlx":"近战","yxlx":"力量","yxdw":"先手|控制|爆发|核心","zltb":"http://www.dota2.com.cn/images/info1301/tit_img01.gif","zljc":"17","zlsj":"1.65","mjtb":"http://www.dota2.com.cn/images/info1301/tit_img02.gif","mjjc":"15","mjsj":"2.50","lltb":"http://www.dota2.com.cn/images/info1301/tit_img03.gif","lljc":"21","llsj":"2.75","gjltb":"http://www.dota2.com.cn/images/info1301/tit_img06.gif","csgjl":"28-40","ydsdtb":"http://www.dota2.com.cn/images/info1301/tit_img05.gif","csydsd":"315","hjtb":"http://www.dota2.com.cn/images/info1301/tit_img04.gif","cshj":"4.1","yxbj":"杰尔拉克山的铸造大师们只对一件事达成了共识：半人犀牛的角比任何合金都要珍贵。而这些角中，形状最大、最为锋利的角属于被称作马格纳斯的野兽。在半个世代以来，马格纳斯的运动就是用角冲撞那些前来猎取他同胞的猎人。每次他回到洞穴，蹄上和角上都是血迹斑斑，直到族里的女族长要求他和他的族人在山脉阴影之外的北边寻找避难的居所，但是马格纳斯对此嗤之以鼻，他从未在守卫族人时倒下。他决定，半人犀牛将留在这个地方，因为他们从不相信侥幸...抑或是改变自己的主意。但是在杰尔拉克山毫无预兆地喷发时，他一半的族人都消失在烈火和烟尘中，马格纳斯终究还是改变了想法。幸存的族人开始向北边进发，结果遇到了由上百名装备着铁甲和弓箭的猎人组成的封锁线。马格纳斯不希望族人有伤亡，他率领着最为勇猛的兄弟姐妹向敌人发起冲锋，战斗中透着的那股狠劲儿只有他身后冒着熊熊烈火的火山才能相提并论。与此同时族里的老弱妇孺纷纷消失在战场的沙尘中。对于之后发生的故事铸造大师们众说纷纭。有人说他统一了他的族人，而其他人则声称他受了致命伤，倒在了女族长的身旁憾然离世。这些说法都不正确。他的确发誓要使族人重聚...但是要在找到使杰尔拉克山喷发的罪魁祸首，看着他们在自己的角上死去之后，因为半人犀牛从不相信侥幸或偶然。","dj":"1|15|25","smz":"549|1281|2183","mfz":"221|521|996","gjl":"49-61|88-100|135-147","hj":"4|9|15","syfw":"1800/800","gjfw":"128","ddsd":"N/A","jdtj1":"http://www.dota2.com.cn/images/property/add/magnus.jpg","jdms1":"这是目前猛犸最主流的加点路线，前期高等级的巨角冲撞可以代替跳刀，强大的切入和逃生能力不容小视。这种加点的猛犸主动性很强，一套技能的AOE伤害也非常可观。","jdtj2":null,"jdms2":null,"cmzb":"力量手套*2|治疗药膏*2|净化药水*1|铁树枝干*1","qqzb":"魔棒*1|速度之靴*1|魔瓶*1","hxzb":"魔杖*1|奥术鞋*1|闪烁匕首*1","hqsz":"恐鳌之心*1|狂战斧*1|希瓦的守护*1|强袭胸甲*1|刷新球*1|疯狂面具*1","ljt":"http://www.dota2.com.cn/images/property/magnataur.gif","path":"magnus","zymc":"夜魇","zytb":"http://www.dota2.com.cn/images/heropedia/dire.jpg","yxtp":"http://www.dota2.com.cn/images/others/magnataur_big1.jpg","gjlxxj":"1","yxdwxj":"3|1|1|1","llsjsmz":"19","llsjsmhf":"0.03","mjsjhj":"1","mjsjgjsd":"1","zlsjmfz":"13","zlsjmfhf":"0.04","sjgjl":"1","pjsh":"55","gjsd":"115|125|175","gjms":"1.48","gjsh":"49-61","gjjl":"128|128|128","wlhj":"4","wlshkx":"19%","mfshkx":"25%","minitb":"http://www.dota2.com.cn/images/heroes/magnataur_icon.png"}]}