{"hero":{"id":104,"zwm":"灰烬之灵","ywm":"Ember Spirit","jc":"火熊猫","xttx":"http://www.dota2.com.cn/images/heroes/ember_spirit_full.png","dttx":"http://www.dota2.com.cn/images/heroes/ember_spirit_vert.jpg","gjlx":"近战","yxlx":"敏捷","yxdw":"核心-爆发","zltb":"http://www.dota2.com.cn/images/info1301/tit_img01.gif","zljc":"20","zlsj":"1.8","mjtb":"http://www.dota2.com.cn/images/info1301/tit_img02.gif","mjjc":"22","mjsj":"1.8","lltb":"http://www.dota2.com.cn/images/info1301/tit_img03.gif","lljc":"19","llsj":"2","gjltb":"http://www.dota2.com.cn/images/info1301/tit_img06.gif","csgjl":"30-34","ydsdtb":"http://www.dota2.com.cn/images/info1301/tit_img05.gif","csydsd":"310","hjtb":"http://www.dota2.com.cn/images/info1301/tit_img04.gif","cshj":"1.08","yxbj":"在燃烧要塞中有一口玉石大釜，里面装满了灰烬，这是当年的战争诗人，炘的火葬之地。炘毕生都在卫火盟教导年轻的弟子。后来燃烧之神被炘的师德所打动，下凡来到要塞中，重新点燃了灰烬。余烬之中，炘的样子渐渐成型，四周环绕着火焰。他的面容一如既往的沉静，为了让知识之火燎原，为寻求指引的人提供方向，他已准备就绪。","dj":"1/15/25","smz":"511/1043/1803","mfz":"260/588/1082","gjl":"52-56/71-81/115-119","hj":"1/5/10","syfw":"1800/800","gjfw":"128","ddsd":"N/A","jdtj1":"http://www.dota2.com.cn/images/property/ember_spirit.jpg","jdms1":"由于烈火罩能持续造成伤害，所以可以进行主升，之后升级炎阳索，提升技能伤害，有大加大，最后升级无影拳，增加中后期带线和消耗的能力。","jdtj2":"","jdms2":"","cmzb":"治疗药膏*1|净化药水*2|铁树枝干*2|圆盾*1","qqzb":"速度之靴*1|魔棒*1|影之灵龛*1","hxzb":"奥术鞋*1|魔杖*1|先锋盾*1","hqsz":"代达罗斯之殇*1|恐鳌之心*1|蝴蝶*1|雷神之锤*1|狂战斧*2","ljt":"http://www.dota2.com.cn/images/property/ember_spirit.gif","path":"ember_spirit","zymc":"天辉","zytb":"http://www.dota2.com.cn/images/heropedia/radiant.jpg","yxtp":"http://www.dota2.com.cn/images/others/ember_spirit_big1.jpg","gjlxxj":"1","yxdwxj":"1-2","llsjsmz":"19","llsjsmhf":"0.03","mjsjhj":"1","mjsjgjsd":"1","zlsjmfz":"13","zlsjmfhf":"0.04","sjgjl":"1","pjsh":"54","gjsd":"122/129/165","gjms":"1.39","gjsh":"52-56","gjjl":"128/128/128","wlhj":"1","wlshkx":"6%","mfshkx":"25%","minitb":"http://www.dota2.com.cn/images/heroes/ember_spirit_icon.png"},"skillList":[{"id":453,"zwm":"灰烬之灵","jnmc":"炎阳索","jntb":"http://www.dota2.com.cn/images/heroes/abilities/ember_spirit_searing_chains_hp1.png","jnms":"灰烬之灵释放出火焰绳索来缠绕住附近的敌人，将他们困于原地并每秒造成一定伤害。","mftb":"http://www.dota2.com.cn/style/../images/info1301/ico2.gif","mfxh":"110","lqtb":"http://www.dota2.com.cn/style/../images/info1301/ico2.gif","lqsj":"14/12/10/8","jnxg":"<span class=\"color_white\">技能：</span>无目标|<span class=\"color_white\">持续时间：</span>1/2/2/3|<span class=\"color_white\">伤害类型：</span>魔法|<span class=\"color_white\">作用范围：</span>400|<span class=\"color_white\">无视技能免疫：</span>否|<span class=\"color_white\">每秒伤害：</span>80/60/100/120|<span class=\"color_white\">总伤害：</span>80/120/240/300|<span class=\"color_white\">绳索数量：2","jnsp":"http://dota2.dl.wanmei.com/dota2/video/abilities/ember_spirit_searing_chains.mp4","spms":"","djjd":"1,4,8,9","ewms":"将随机选取炘周围的单位作为目标。<br/>不能作用于魔法免疫或隐身单位。<br/>打断持续施法类技能。"},{"id":454,"zwm":"灰烬之灵","jnmc":"无影拳","jntb":"http://www.dota2.com.cn/images/heroes/abilities/ember_spirit_sleight_of_fist_hp1.png","jnms":"灰烬之灵以燎原之火的速度横冲直撞，攻击目标区域内所有敌人，随后返回所在位置。对英雄造成额外伤害，对小兵造成的伤害较少。","mftb":"http://www.dota2.com.cn/style/../images/info1301/ico2.gif","mfxh":"50","lqtb":"http://www.dota2.com.cn/images/info1301/ico2.gif","lqsj":"30/22/14/6","jnxg":"<span class=\"color_white\">技能：</span>点目标|<span class=\"color_white\">作用范围：</span>250/350/450/550|<span class=\"color_white\">伤害类型：</span>物理|<span class=\"color_white\">对英雄的额外伤害：</span>20/40/60/80|<span class=\"color_white\">无视技能免疫：</span>是|<span class=\"color_white\">攻击间隔：</span>0.2|<span class=\"color_white\">对小兵伤害降低：</span>50%","jnsp":"http://dota2.dl.wanmei.com/dota2/video/abilities/ember_spirit_sleight_of_fist.mp4","spms":"","djjd":"10,12,13,14","ewms":"在施放技能时作用的目标就已决定。<br>对目标的攻击每次间隔0.2秒。<br>炘拥有的攻击特效（如致命一击、重击、分裂、连锁闪电等效果）在技能攻击期间都能生效。<br>释放无影拳时可以使用其他技能和物品。"},{"id":455,"zwm":"灰烬之灵","jnmc":"烈火罩","jntb":"http://www.dota2.com.cn/images/heroes/abilities/ember_spirit_flame_guard_hp1.png","jnms":"灰烬之灵用火焰之环将自己包裹起来，接下来的魔法伤害将被全部吸收。烈火罩对灰烬之灵周围的敌人造成持续伤害。吸收的伤害超过上限后将失去伤害效果。","mftb":"http://www.dota2.com.cn/style/../images/info1301/ico2.gif","mfxh":"80/90/100/110","lqtb":"http://www.dota2.com.cn/style/../images/info1301/ico2.gif","lqsj":"35","jnxg":"<span class=\"color_white\">技能：</span>无目标 |<span class=\"color_white\">持续时间：</span>8/12/16/20|<span class=\"color_white\">伤害类型：</span>魔法|<span class=\"color_white\">作用范围：</span>400|<span class=\"color_white\">无视技能免疫：</span>否|<span class=\"color_white\">魔法伤害吸收：</span>50/200/350/500|<span class=\"color_white\">每秒造成伤害：</span>30/40/50/60","jnsp":"http://dota2.dl.wanmei.com/dota2/video/abilities/ember_spirit_flame_guard.mp4","spms":"","djjd":"2,3,5,7","ewms":"魔法伤害的吸收伤害值计算先于任何伤害减免效果。"},{"id":456,"zwm":"灰烬之灵","jnmc":"激活残焰","jntb":"http://www.dota2.com.cn/images/heroes/abilities/ember_spirit_activate_fire_remnant_hp1.png","jnms":"选择残焰，灰烬之灵将向其冲去。","mftb":"","mfxh":"150","lqtb":"","lqsj":"0","jnxg":"<span class=\"color_white\">技能：</span>点目标|<span class=\"color_white\">伤害类型：</span>魔法","jnsp":"http://dota2.dl.wanmei.com/dota2/video/abilities/ember_spirit_activate_fire_remnant.mp4","spms":"","djjd":"-","ewms":""},{"id":457,"zwm":"灰烬之灵","jnmc":"残焰","jntb":"http://www.dota2.com.cn/images/heroes/abilities/ember_spirit_fire_remnant_hp1.png","jnms":"灰烬之灵每隔35秒创造出一个残焰，最多拥有3个。释放残焰时，目标地点将产生一个残焰像（速度为灰烬之灵移动速度的2.5倍）。灰烬之灵可以使用“激活残焰”技能，向其中一个残焰像冲去。冲刺过程中依次引爆其他残焰像，造成范围伤害，最后到达指定的残焰像。","mftb":"","mfxh":"0","lqtb":"","lqsj":"0","jnxg":"<span class=\"color_white\">技能：</span> 点目标|<span class=\"color_white\">残焰上限：</span>3|<span class=\"color_white\">伤害类型：</span>魔法|<span class=\"color_white\">残焰恢复时间：</span>35|<span class=\"color_white\">无视技能免疫：</span>否|<span class=\"color_white\">伤害：</span>100/150/200|<span class=\"color_white\">作用范围：</span>450|<span class=\"color_white\">残焰持续时间：</span>45","jnsp":"http://dota2.dl.wanmei.com/dota2/video/abilities/ember_spirit_fire_remnant.mp4","spms":"","djjd":"6,11,16","ewms":"升级大招后即拥有3个残焰（上限数量）。<br/>残焰移动至目标地点的速度是本体的2.5倍。"}],"qqzbList":[{"goods":{"id":39,"bigtype":"基础物品","type":"奥术","wpmc":"速度之靴","wppz":"1","wptp":"http://www.dota2.com.cn/images/items/boots_lg.png","jgtb":"http://www.dota2.com.cn/images/info1301/tit_img07.gif","jg":"450","wpjs":"穿双鞋子，跑的更快。","wpzyms":"移动速度提升效果不与其他鞋子叠加。","wpsyff":"","wpxg":"+ <span class=\"color_yellow\">50</span> 移动速度","lqsjtb":"","lqsj":"","mfxhtb":"","mfxh":"","qzwptb":"","wpzyms2":"","item_en":"boots"},"count":1},{"goods":{"id":36,"bigtype":"基础物品","type":"奥术","wpmc":"魔棒","wppz":"1","wptp":"http://www.dota2.com.cn/images/items/magic_stick_lg.png","jgtb":"http://www.dota2.com.cn/images/info1301/tit_img07.gif","jg":"200","wpjs":"一个简易但实用的魔杖，能够补充使用者的能量--巫师学徒和高级术士都喜欢。","wpzyms":"","wpsyff":"主动：充能 - 每当周围有敌人施放技能都会自动充能（最多10点能量）。当使用时，每点能量为你回复生命值和魔法值。","wpxg":"每点能量回复：<span class=\"color_yellow\">15</span>","lqsjtb":"http://www.dota2.com.cn/images/info1301/ico2.gif","lqsj":"13","mfxhtb":"","mfxh":"","qzwptb":"","wpzyms2":"1200码视野范围内敌人使用技能就会获得点数。<br>部分英雄技能和物品技能的施放将不会增加点数。","item_en":"magic_stick"},"count":1},{"goods":{"id":63,"bigtype":"升级物品","type":"辅助","wpmc":"影之灵龛","wppz":"3","wptp":"http://www.dota2.com.cn/images/items/urn_of_shadows_lg.png","jgtb":"http://www.dota2.com.cn/images/info1301/tit_img07.gif","jg":"875","wpjs":"包含有强大的恶魔骨灰。","wpzyms":"","wpsyff":"每当敌方英雄在1400范围内死亡时获得充能。只有最靠近死亡英雄的灵龛能得到充能。<br>主动：灵魂释放-为友方单位在一定时间内恢复生命值，对敌方单位则造成持续伤害。治疗效果在受到英雄或防御塔攻击后会消失。","wpxg":"+ <span class=\"color_yellow\">50%</span> 魔法恢复<br/>+ <span class=\"color_yellow\">6</span> 力量<br/>治疗：<span class=\"color_yellow\">400</span><br/>持续时间：<span class=\"color_yellow\">8</span><br/>伤害：<span class=\"color_yellow\">150</span>","lqsjtb":"http://www.dota2.com.cn/images/info1301/ico2.gif","lqsj":"7","mfxhtb":"","mfxh":"","qzwptb":"","wpzyms2":"","item_en":"urn_of_shadows"},"count":1}],"cmzbList":[{"goods":{"id":3,"bigtype":"基础物品","type":"消耗品","wpmc":"治疗药膏","wppz":"3","wptp":"http://www.dota2.com.cn/images/items/flask_lg.png","jgtb":"http://www.dota2.com.cn/images/info1301/tit_img07.gif","jg":"115","wpjs":"即使最严重的伤口也能快速治愈的魔法药膏。","wpzyms":"","wpsyff":"使用：恢复 - 持续恢复生命值，受到攻击会驱散效果。","wpxg":"持续时间：<span class=\"color_yellow\">10</span><br/>生命回复量：<span class=\"color_yellow\">400</span>","lqsjtb":"","lqsj":"","mfxhtb":"","mfxh":"","qzwptb":"","wpzyms2":"治疗药膏可以共享。","item_en":"flask"},"count":1},{"goods":{"id":1,"bigtype":"基础物品","type":"消耗品","wpmc":"净化药水","wppz":"3","wptp":"http://www.dota2.com.cn/images/items/clarity_lg.png","jgtb":"http://www.dota2.com.cn/images/info1301/tit_img07.gif","jg":"50","wpjs":"能增强冥想能力的清水。","wpzyms":"","wpsyff":"使用：持续恢复魔法值，受攻击会驱散效果。","wpxg":"持续时间：<span class=\"color_yellow\">40</span><br/>魔法回复量：<span class=\"color_yellow\">135</span>","lqsjtb":"","lqsj":"","mfxhtb":"","mfxh":"","qzwptb":"","wpzyms2":"净化药水可以共享。","item_en":"clarity"},"count":2},{"goods":{"id":12,"bigtype":"基础物品","type":"属性","wpmc":"铁树枝干","wppz":"1","wptp":"http://www.dota2.com.cn/images/items/branches_lg.png","jgtb":"http://www.dota2.com.cn/images/info1301/tit_img07.gif","jg":"50","wpjs":"一根看起来很普通的树枝，它如铁般坚硬的品质赋予持有者好运。","wpzyms":"","wpsyff":"","wpxg":"+ <span class=\"color_yellow\">1</span> 所有属性","lqsjtb":"","lqsj":"","mfxhtb":"","mfxh":"","qzwptb":"","wpzyms2":"","item_en":"branches"},"count":2},{"goods":{"id":26,"bigtype":"基础物品","type":"军备","wpmc":"圆盾","wppz":"1","wptp":"http://www.dota2.com.cn/images/items/stout_shield_lg.png","jgtb":"http://www.dota2.com.cn/images/info1301/tit_img07.gif","jg":"250","wpjs":"一个人的酒桶底盖，在另一个人手里就成了圆盾。","wpzyms":"","wpsyff":"被动：伤害格挡-有一定概率格挡伤害，格挡效果取决于你的英雄类型。","wpxg":"近战伤害格挡：<span class=\"color_yellow\">20</span><br/>远程格挡：<span class=\"color_yellow\">10</span><br/>格挡概率：<span class=\"color_yellow\">60%</span>","lqsjtb":"","lqsj":"","mfxhtb":"","mfxh":"","qzwptb":"","wpzyms2":"多种伤害格挡物品的效果互不叠加。","item_en":"stout_shield"},"count":1}],"adapt_type_list":[{"id":82,"zwm":"死亡先知","ywm":"Death Prophet","jc":"DP","xttx":"http://www.dota2.com.cn/images/heroes/death_prophet_full.png","dttx":"http://www.dota2.com.cn/images/heroes/death_prophet_vert.jpg","gjlx":"远程","yxlx":"智力","yxdw":"推进|爆发|耐久","zltb":"http://www.dota2.com.cn/images/info1301/tit_img01.gif","zljc":"20","zlsj":"3","mjtb":"http://www.dota2.com.cn/images/info1301/tit_img02.gif","mjjc":"14","mjsj":"1.4","lltb":"http://www.dota2.com.cn/images/info1301/tit_img03.gif","lljc":"19","llsj":"1.9","gjltb":"http://www.dota2.com.cn/images/info1301/tit_img06.gif","csgjl":"24-36","ydsdtb":"http://www.dota2.com.cn/images/info1301/tit_img05.gif","csydsd":"280","hjtb":"http://www.dota2.com.cn/images/info1301/tit_img04.gif","cshj":"2.96","yxbj":"克萝贝露丝曾是一名死亡先知——她为那些希望透过迷雾看清未来的人预知死后的命运，当然只为其中的有钱人做预言。在多年为他人探寻命运后，她开始寻找自己命运的线索。当死亡拒绝向她透露它的秘密后，她便尝试用自己的生命来换取死亡的真相。但即使是这终极的代价也没有用。死亡一次又一次拒绝了她，将最深的秘密隐藏了起来。嫉妒开始在她心里滋长。其他人能够通过死亡来获得永恒——凭什么她不能？凭什么只有她必须不厌其烦的在生与死之间徘徊？凭什么她无法拥有其他所有生物都必有的一死？即使是这样，她也不会气馁。每次从坟墓中返回人间时，她都带回一点死亡气息。鬼魂像她破碎灵魂的碎片般跟着她；她的血液颜色日益稀薄并且散发出灵气；那些在幽暗之处肆意掠食的生物与她愈发亲密。每一次死亡，她都失去一点生命，似乎已经能够看到她的终结之日了。随着她对死亡的加倍追求，她不再为其他客人做预言，专心于自己的命运，克萝贝露丝更狂热地将自己投向死亡的深渊，决心要完成那一直在回避她的预言：某一天，死亡先知将不再从死亡中归来。","dj":"1|15|25","smz":"511|1096|1894","mfz":"260|806|1456","gjl":"44-56|86-98|136-148","hj":"3|6|10","syfw":"1800/800","gjfw":"600","ddsd":"1000","jdtj1":"http://www.dota2.com.cn/images/property/add/death_prophet.jpg","jdms1":"死亡先知的加点路线不多，前期毫无疑问是主蜂群，副被动，被动可以减少技能cd时间以及耗蓝量，性价比还是非常高的。如果对方强力技能英雄太多，或者是面对一些有逃生技能的英雄，可以优先加一点沉默。","jdtj2":null,"jdms2":null,"cmzb":"树之祭祀*1|治疗药膏*1|净化药水*2|铁树枝干*2|智力斗篷*1","qqzb":"速度之靴*1|魔棒*1|空灵挂件*1","hxzb":"相位鞋*1|魔杖*1|血精石*1","hqsz":"希瓦的守护*1|邪恶镰刀*1|恐鳌之心*1|黑皇杖*1|梅肯斯姆*1|洞察烟斗*1","ljt":"http://www.dota2.com.cn/images/property/death_prophet.gif","path":"death_prophet","zymc":"夜魇","zytb":"http://www.dota2.com.cn/images/heropedia/dire.jpg","yxtp":"http://www.dota2.com.cn/images/others/death_prophet_big1.jpg","gjlxxj":"1","yxdwxj":"2|1|1","llsjsmz":"19","llsjsmhf":"0.03","mjsjhj":"1","mjsjgjsd":"1","zlsjmfz":"13","zlsjmfhf":"0.04","sjgjl":"1","pjsh":"50","gjsd":"114|120|148","gjms":"1.49","gjsh":"44-56","gjjl":"600|600|600","wlhj":"2","wlshkx":"15%","mfshkx":"25%","minitb":"http://www.dota2.com.cn/images/heroes/death_prophet_icon.png"},{"id":51,"zwm":"殁境神蚀者","ywm":"Outworld Devourer","jc":"黑鸟","xttx":"http://www.dota2.com.cn/images/heroes/obsidian_destroyer_full.png","dttx":"http://www.dota2.com.cn/images/heroes/obsidian_destroyer_vert.jpg","gjlx":"远程","yxlx":"智力","yxdw":"核心","zltb":"http://www.dota2.com.cn/images/info1301/tit_img01.gif","zljc":"26","zlsj":"3.3","mjtb":"http://www.dota2.com.cn/images/info1301/tit_img02.gif","mjjc":"24","mjsj":"2","lltb":"http://www.dota2.com.cn/images/info1301/tit_img03.gif","lljc":"19","llsj":"2.3","gjltb":"http://www.dota2.com.cn/images/info1301/tit_img06.gif","csgjl":"20-35","ydsdtb":"http://www.dota2.com.cn/images/info1301/tit_img05.gif","csydsd":"315","hjtb":"http://www.dota2.com.cn/images/info1301/tit_img04.gif","cshj":"5.36","yxbj":"一个高傲且强横的种族中的一员，先兆者，徘徊于虚空裂隙，他是整个世界与创世深渊之间唯一的卫士。在这充斥着星体残片的殁境中，他凝视着天穹，警觉的提防着繁星之外那无底深渊中的任何骚动。在他非凡的智慧中，深藏着对先兆的敏锐洞察力和强烈共鸣，他心中那曲黑暗的协奏曲暗示着：总有一天，在这深渊之中，在那造化之外，会有某种东西醒来，并且注意到我们的世界。由于太专注于监视星体，殁境神蚀者对太阳附近的事件并不关心。然而，随着遗迹发出战争的召唤，随着心中那潜在的危机感不断扩大，殁境神蚀者展开双翼，向着我们的世界飞来。在预言中，先兆者的地位不言而喻：他的出现即是灾厄的征兆。何况，他已然亲临。","dj":"1|15|25","smz":"511|1123|1940","mfz":"338|939|1628","gjl":"46-61|92-107|145-160","hj":"5|9|15","syfw":"1800/800","gjfw":"450","ddsd":"900","jdtj1":"http://www.dota2.com.cn/images/property/add/Outworld_Devourer.jpg","jdms1":"黑鸟是为数不多可以打后期的智力型英雄，这套加点适合打solo位置的黑鸟。星体禁锢是不错的技能，留人，救人，抽取智力都会有着不错的效果，前期最少加到两级，可以主禁锢，也可以主被动。可以更早的升级1级的奥术天球。","jdtj2":null,"jdms2":null,"cmzb":"铁树枝干*3|智力斗篷*1|树之祭祀*1|治疗药膏*1","qqzb":"魔棒*1|速度之靴*1|空灵挂件*1","hxzb":"动力鞋*1|魔杖*1|原力法杖*1|回城卷轴*1","hqsz":"阿哈利姆神杖*1|希瓦的守护*1|闪烁匕首*1|邪恶镰刀*1|纷争面纱*1","ljt":"http://www.dota2.com.cn/images/property/obsidian_destroyer.gif","path":"outworld_devourer","zymc":"夜魇","zytb":"http://www.dota2.com.cn/images/heropedia/dire.jpg","yxtp":"http://www.dota2.com.cn/images/others/obsidian_destroyer_big1.jpg","gjlxxj":"1","yxdwxj":"2","llsjsmz":"19","llsjsmhf":"0.03","mjsjhj":"1","mjsjgjsd":"1","zlsjmfz":"13","zlsjmfhf":"0.04","sjgjl":"1","pjsh":"53","gjsd":"124|132|172","gjms":"1.37","gjsh":"46-61","gjjl":"450|450|450","wlhj":"5","wlshkx":"24%","mfshkx":"25%","minitb":"http://www.dota2.com.cn/images/heroes/obsidian_destroyer_icon.png"},{"id":19,"zwm":"风暴之灵","ywm":"Storm Spirit","jc":"蓝猫","xttx":"http://www.dota2.com.cn/images/heroes/storm_spirit_full.png","dttx":"http://www.dota2.com.cn/images/heroes/storm_spirit_vert.jpg","gjlx":"远程","yxlx":"智力","yxdw":"核心|先手|逃生|控制","zltb":"http://www.dota2.com.cn/images/info1301/tit_img01.gif","zljc":"23","zlsj":"2.6","mjtb":"http://www.dota2.com.cn/images/info1301/tit_img02.gif","mjjc":"22","mjsj":"1.8","lltb":"http://www.dota2.com.cn/images/info1301/tit_img03.gif","lljc":"19","llsj":"1.5","gjltb":"http://www.dota2.com.cn/images/info1301/tit_img06.gif","csgjl":"22-32","ydsdtb":"http://www.dota2.com.cn/images/info1301/tit_img05.gif","csydsd":"285","hjtb":"http://www.dota2.com.cn/images/info1301/tit_img04.gif","cshj":"5.08","yxbj":"风暴之灵，正如其名，是狂风和暴雨的野性凝成人形的自然之力。他狂放，乐天，恣意挥洒！就像个受人喜爱的大叔一样，他给所到之处充满欢乐的能量。但事实上，创造出他的是一起灾难。几个世代前，在悲叹山脉远处的平原上，很多人正因干旱和饥荒而挨饿。一个名叫风暴烈酒的元素使，使用禁忌的咒语召唤了风暴之灵，天真的向他祈求雨水。被称为雷神的暴风雨天神对这个凡人的放肆感到愤怒，打算用狂风和洪水把这片土地化为荒地。风暴烈酒完全不是天神的对手，直到最后他用了一个自杀性的咒语，将他和雷神的命运融在了一起，他用自己的身体作为牢笼捕获了雷神。被困在一起后，风暴烈酒那无限的幽默感与雷神疯狂的能量融合了，创造了乐天的雷神·风暴烈酒，一个以物质形态行于世间的天神。","dj":"1|15|25","smz":"511|910|1575","mfz":"299|772|1370","gjl":"45-55|81-91|127-137","hj":"5|9|14","syfw":"1800/800","gjfw":"480","ddsd":"1100","jdtj1":"http://www.dota2.com.cn/images/property/add/storm_spirit.jpg","jdms1":"风暴之灵的加点比较灵活多变，完全根据使用者习惯和场上局势来选择，一种是主残影，在补刀，gank，线上压制上都有着不错的效果，而且aoe高，爆发强，适用于中路solo带节奏，或者混野区打野的风暴之灵。","jdtj2":null,"jdms2":null,"cmzb":"树之祭祀*1|治疗药膏*1|净化药水*2|智力斗篷*2","qqzb":"魔棒*1|速度之靴*1|空灵挂件*1|空灵挂件*1","hxzb":"魔杖*1|动力鞋*1|魔瓶*1","hqsz":"邪恶镰刀*1|血精石*1|林肯法球*1|黑皇杖*1|达贡之神力*1|希瓦的守护*1","ljt":"http://www.dota2.com.cn/images/property/storm_spirit.gif","path":"storm_spirit","zymc":"天辉","zytb":"http://www.dota2.com.cn/images/heropedia/radiant.jpg","yxtp":"http://www.dota2.com.cn/images/others/storm_spirit_big1.jpg","gjlxxj":"1","yxdwxj":"2|2|2|1","llsjsmz":"19","llsjsmhf":"0.03","mjsjhj":"1","mjsjgjsd":"1","zlsjmfz":"13","zlsjmfhf":"0.04","sjgjl":"1","pjsh":"50","gjsd":"122|129|165","gjms":"1.39","gjsh":"45-55","gjjl":"480|480|480","wlhj":"5","wlshkx":"23%","mfshkx":"25%","minitb":"http://www.dota2.com.cn/images/heroes/storm_spirit_icon.png"}],"videoList":[{"id":96,"spdz":"http://dota2.dl.wanmei.com/dota2/patch/ember_spirit_basic.flv","zwm":"灰烬之灵","splx":"新手教学","createtime":null,"img":"http://www.dota2.com.cn/apps/dota2/images/video/raider/ember_spirit_basic.jpg","bfsc":"2:29","gxsj":"2013-10-30","spbb":"6.79","spdzm":"http://dota2.dl.wanmei.com/dota2/video/ember_spirit_basic.mp4"}],"recommendList":[{"id":187,"gldz":"http://www.dota2.com.cn/raiders/newer/20131203/154433.shtml","tm":"DOTA2新手成神之路灰烬之灵打法攻略","sj":"2013-12-3","zwm":"灰烬之灵","tp":"http://dota2.wanmei.com/resources/jpg/140217/10251392627691196.jpg","js":"在燃烧要塞中有一口玉石大釜，里面装满了灰烬，这是当年的战争诗人，炘的火葬之地。炘毕生都在卫火盟教导年轻的弟子。"}],"adapt_bkz_list":[{"id":40,"zwm":"克林克兹","ywm":"clinkz","jc":"骨弓","xttx":"http://www.dota2.com.cn/images/heroes/clinkz_full.png","dttx":"http://www.dota2.com.cn/images/heroes/clinkz_vert.jpg","gjlx":"远程","yxlx":"敏捷","yxdw":"辅助|爆发|先手|推进","zltb":"http://www.dota2.com.cn/images/info1301/tit_img01.gif","zljc":"16","zlsj":"1.55","mjtb":"http://www.dota2.com.cn/images/info1301/tit_img02.gif","mjjc":"22","mjsj":"3","lltb":"http://www.dota2.com.cn/images/info1301/tit_img03.gif","lljc":"15","llsj":"1.6","gjltb":"http://www.dota2.com.cn/images/info1301/tit_img06.gif","csgjl":"15-21","ydsdtb":"http://www.dota2.com.cn/images/info1301/tit_img05.gif","csydsd":"300","hjtb":"http://www.dota2.com.cn/images/info1301/tit_img04.gif","cshj":"2.08","yxbj":"在流血丘陵的底部，蔓延着一片庞大的森林——霍文林地，在那里，有着数个幽暗的湖泊，汇集着丘陵上渗透下来的死血。萨瑟雷克斯，王之魔法师，用他的仁慈统治着这片土地。他手下最为忠心的，霍文林地的誓约守护者，克林克兹，是一名技艺精湛的弓箭手。在王之魔法师统治的第三百年，来自第六狱的恶魔莫拉格斯出现了，声称要占领这片森林。作为反击，王之魔法师降下了一个牢不可破的咒语：任何打败恶魔的人，都能获得无尽的生命。克林克兹在对咒语一无所知的情况下，毅然加入到了对莫拉格斯的战斗中，保护他的土地免遭恶魔的屠戮。逐渐的，克林克兹将莫拉格斯驱逐到了第六狱的传送门前，在那里与其进行了殊死的决斗。双双重伤的情况下，恶魔竭尽生命之力放出了地狱之火，而克林克兹也射出了自己的最后一箭。在箭矢射中恶魔并将其杀死的同时，地狱之火也在大地上蔓延开来，眼看克林克兹就要被活活烧死。然而，就在弓箭手燃烧的时候，王之魔法师的咒语生效了，让他以这种邪恶的形态活了下来。现在，克林克兹肉体已失，生命被禁锢在死亡的契约之中，只留下灼热的骷髅和无尽的怒气。他永不停止的呼吸中，充斥着地狱的灼热。","dj":"1|15|25","smz":"435|861|1545","mfz":"208|490|952","gjl":"37-43|79-85|129-135","hj":"2|8|15","syfw":"1800/800","gjfw":"630","ddsd":"900","jdtj1":"http://www.dota2.com.cn/images/property/add/clinkz.jpg","jdms1":"骷髅射手是一名敏捷型中后期英雄，骷髅射手的加点没有太多变化，前期主火箭，线上压人加补刀，自带的50点攻击力还是很客观的。前期扫射只点一级就足够了，今早的将疾风步升高，提高自身机动性。杀人，或者团战时，记住提前吃个野怪增加血量和攻击力。","jdtj2":null,"jdms2":null,"cmzb":"治疗药膏*1|树之祭祀*1|敏捷便鞋*1|铁树枝干*3|","qqzb":"速度之靴*1|天鹰之戒*1|魔杖*1|空明杖*1","hxzb":"动力鞋*1|紫怨*1|金箍棒*1|","hqsz":"代达罗斯之殇*1|蝴蝶*1|斯嘉蒂之眼*1|邪恶镰刀*1|黑皇杖*1|","ljt":"http://www.dota2.com.cn/images/property/clinkz.gif","path":"clinkz","zymc":"夜魇","zytb":"http://www.dota2.com.cn/images/heropedia/dire.jpg","yxtp":"http://www.dota2.com.cn/images/others/clinkz_big1.jpg","gjlxxj":"1","yxdwxj":"2|2","llsjsmz":"19","llsjsmhf":"0.03","mjsjhj":"1","mjsjgjsd":"1","zlsjmfz":"13","zlsjmfhf":"0.04","sjgjl":"1","pjsh":"40","gjsd":"122|134|194","gjms":"1.39","gjsh":"37-43","gjjl":"630|630|630","wlhj":"2","wlshkx":"11%","mfshkx":"25%","minitb":"http://www.dota2.com.cn/images/heroes/clinkz_icon.png"},{"id":92,"zwm":"熊战士","ywm":"Ursa","jc":"拍拍熊","xttx":"http://www.dota2.com.cn/images/heroes/ursa_full.png","dttx":"http://www.dota2.com.cn/images/heroes/ursa_vert.jpg","gjlx":"近战","yxlx":"敏捷","yxdw":"核心|打野|耐久","zltb":"http://www.dota2.com.cn/images/info1301/tit_img01.gif","zljc":"16","zlsj":"1.5","mjtb":"http://www.dota2.com.cn/images/info1301/tit_img02.gif","mjjc":"18","mjsj":"2.1","lltb":"http://www.dota2.com.cn/images/info1301/tit_img03.gif","lljc":"23","llsj":"2.7","gjltb":"http://www.dota2.com.cn/images/info1301/tit_img06.gif","csgjl":"27-31","ydsdtb":"http://www.dota2.com.cn/images/info1301/tit_img05.gif","csydsd":"310","hjtb":"http://www.dota2.com.cn/images/info1301/tit_img04.gif","cshj":"5.52","yxbj":"战士乌尔萨是熊怪部落最强大的一员，保护着他的家园和人民。在漫长的冬季，当女性族人在睡觉和照料后代时，男性则外出巡逻，他们不知疲倦、保持警惕，按自古以来的传统守卫着部落。乌尔萨听见一些模糊但在增加的传言说有一股邪恶势力正在扩散，他便跑出了这个野性部族的边界线，希望追踪到这个邪恶势力并在它能危害到他的人民之前，就将其在源头摧毁。自豪的乌尔萨有着光明且强大的灵魂，他是个绝对值得信任的忠实战友和守卫者。","dj":"1|15|25","smz":"587|1305|2198","mfz":"208|481|936","gjl":"45-49|74-78|115-119","hj":"6|10|15","syfw":"1800/800","gjfw":"128","ddsd":"N/A","jdtj1":"http://www.dota2.com.cn/images/property/add/ursa.jpg","jdms1":"熊战士真没有什么非主流加点，前期唯一的加点出入可能就是在学震撼大地的等级上，有人喜欢后面补，有人喜欢前期学。主要还是根据个人习惯，以及阵容搭配，在控制多的情况下，熊战士可以晚点学习震撼大地。","jdtj2":null,"jdms2":null,"cmzb":"树之祭祀*2|治疗药膏*1|铁树枝干*1|圆盾*1","qqzb":"速度之靴*1|魔棒*1|王者之戒*1","hxzb":"相位鞋*1|魔杖*1|弗拉迪米尔的祭品*1|闪烁匕首*1","hqsz":"蝴蝶*1|黯灭*1|强袭胸甲*1|金箍棒*1|代达罗斯之殇*1|恐鳌之心*1","ljt":"http://www.dota2.com.cn/images/property/ursa.gif","path":"ursa","zymc":"天辉","zytb":"http://www.dota2.com.cn/images/heropedia/radiant.jpg","yxtp":"http://www.dota2.com.cn/images/others/ursa_big1.jpg","gjlxxj":"1","yxdwxj":"2|2|1","llsjsmz":"19","llsjsmhf":"0.03","mjsjhj":"1","mjsjgjsd":"1","zlsjmfz":"13","zlsjmfhf":"0.04","sjgjl":"1","pjsh":"47","gjsd":"118|126|168","gjms":"1.44","gjsh":"45-49","gjjl":"128|128|128","wlhj":"5","wlshkx":"24%","mfshkx":"25%","minitb":"http://www.dota2.com.cn/images/heroes/ursa_icon.png"},{"id":6,"zwm":"哈斯卡","ywm":"Huskar","jc":"神灵、神灵武士","xttx":"http://www.dota2.com.cn/images/heroes/huskar_full.png","dttx":"http://www.dota2.com.cn/images/heroes/huskar_vert.jpg","gjlx":"远程","yxlx":"力量","yxdw":"核心|先手|耐久","zltb":"http://www.dota2.com.cn/images/info1301/tit_img01.gif","zljc":"18","zlsj":"1.50","mjtb":"http://www.dota2.com.cn/images/info1301/tit_img02.gif","mjjc":"15","mjsj":"1.40","lltb":"http://www.dota2.com.cn/images/info1301/tit_img03.gif","lljc":"21","llsj":"2.40","gjltb":"http://www.dota2.com.cn/images/info1301/tit_img06.gif","csgjl":"21-30","ydsdtb":"http://www.dota2.com.cn/images/info1301/tit_img05.gif","csydsd":"300","hjtb":"http://www.dota2.com.cn/images/info1301/tit_img04.gif","cshj":"1.1","yxbj":"从虚无之境带给他的剧痛中逃离后，哈斯卡终于睁开了双眼，醒来的第一件事却是发现暗影牧师戴泽正在对他吟唱一个艰深的咒语。哈斯卡的灵魂从永恒虚无中被救了出来，这是违背了德尊教团古老仪式的准则的，然而和其他去过虚无之境的人一样，哈斯卡也发现自己的身体被那里所彻底改变了。他不再怜悯凡人的肉体，他的生命之血成为了强大的力量源泉，每一滴鲜血都给他成倍的狂暴的、灼热的能量。然而，这一新生的天赋却激怒了哈斯卡，因为在拯救他逃离虚无之境时，戴泽拒绝让他进入神灵之地。他的自我牺牲也被拒绝。当教团的的长老们试图寻找一个扩大自己影响的方法时，他们一致认为哈斯卡将成为他们在战争中最可怕的武器。然而，成为教团的武器让哈斯卡更加愤怒，因为他们不仅利用他，还否定了他与生俱来的权利。于是在战争打响之际，他逃离了家乡，去寻找新的盟友，寻找那些值得他牺牲自己，释放强大力量的盟友。","dj":"1|15|25","smz":"549|1187|2023","mfz":"234|507|962","gjl":"42-51|76-85|120-129","hj":"2|7|13","syfw":"1800/800","gjfw":"400","ddsd":"1400","jdtj1":"http://www.dota2.com.cn/images/property/add/huskar.jpg","jdms1":"这种就是比较老一点的神灵的加点，也是比较稳妥的一种。上来有火箭去消耗对方的血，之后有三级能的加攻击让自己成为最强悍的男人。这种加点需要第二个技能补充活血术，这是为了在团战或者小范围团战中能有持续的高输出，这样才是神灵的真谛，真男人是时间持续的久。","jdtj2":null,"jdms2":null,"cmzb":"治疗药膏*1|树之祭祀*1|力量手套*2|铁树枝干*1","qqzb":"速度之靴*1|魔棒*1|影之灵龛*1","hxzb":"动力鞋*1|魔杖*1|莫尔迪基安的臂章*1|支配头盔*1|回城卷轴*1","hqsz":"黑皇杖*1|撒旦之邪力*1|恐鳌之心*1|强袭胸甲*1|阿哈利姆神杖*1|影刃*1|天堂之戟*1|梅肯斯姆*1|白银之锋*1","ljt":"http://www.dota2.com.cn/images/property/huskar.gif","path":"huskar","zymc":"天辉","zytb":"http://www.dota2.com.cn/images/heropedia/radiant.jpg","yxtp":"http://www.dota2.com.cn/images/others/huskar_big1.jpg","gjlxxj":"1","yxdwxj":"1|1|1","llsjsmz":"19","llsjsmhf":"0.03","mjsjhj":"1","mjsjgjsd":"1","zlsjmfz":"13","zlsjmfhf":"0.04","sjgjl":"1","pjsh":"46","gjsd":"121|127|155","gjms":"1.39","gjsh":"42-51","gjjl":"400|400|400","wlhj":"1.1","wlshkx":"6%","mfshkx":"25%","minitb":"http://www.dota2.com.cn/images/heroes/huskar_icon.png"},{"id":47,"zwm":"力丸","ywm":"Riki","jc":"隐刺","xttx":"http://www.dota2.com.cn/images/heroes/riki_full.png","dttx":"http://www.dota2.com.cn/images/heroes/riki_vert.jpg","gjlx":"近战","yxlx":"敏捷","yxdw":"核心|逃生","zltb":"http://www.dota2.com.cn/images/info1301/tit_img01.gif","zljc":"14","zlsj":"1.3","mjtb":"http://www.dota2.com.cn/images/info1301/tit_img02.gif","mjjc":"34","mjsj":"2.9","lltb":"http://www.dota2.com.cn/images/info1301/tit_img03.gif","lljc":"17","llsj":"2","gjltb":"http://www.dota2.com.cn/images/info1301/tit_img06.gif","csgjl":"14-18","ydsdtb":"http://www.dota2.com.cn/images/info1301/tit_img05.gif","csydsd":"300","hjtb":"http://www.dota2.com.cn/images/info1301/tit_img04.gif","cshj":"5.76","yxbj":"力丸是伟大的塔林王朝的二皇子。他有一个将会继承王位的兄长，还有一个受到百般照顾的弟弟，而作为二子的力丸，则似乎生来就是隐形人。他自己很注意培养这一项特殊才能，在一个晚上，国家被叛徒所颠覆，他的家人被屠杀，只有力丸因为隐身技能活了下来。矮小而敏捷的力丸用烟雾做掩护，无比谨慎的逃离了，他也是唯一逃脱的皇族。善于突袭的他杀出了皇家庭院，无声地切开一个又一个敌人的喉咙。不再背负皇室治国之责以后，力丸开始运用他的天赋以谋生，他成为了一名隐形刺客。现在他于无声中将敌人杀死，不断精进自己的技术，期望有一天可以能够手刃那些杀死他家人，夺走他国家的叛徒。","dj":"1|15|25","smz":"473|1005|1765","mfz":"182|419|848","gjl":"48-52|89-93|138-142","hj":"6|11|18","syfw":"1800/800","gjfw":"128","ddsd":"N/A","jdtj1":"http://www.dota2.com.cn/images/property/add/riki.jpg","jdms1":"隐形刺客的加点比较灵活，1级可以点闪烁也可以点雾，雾有沉默效果关键时刻可以用来保命。背刺前期可以只点1级也可以主升，主要依据形势而定。闪烁是优先加满的技能，做为一名刺客，这还是必须拥有的看家本领。至于大招的升级，其实可以在其他技能点满之后再升级2、3级大招。如果处于劣势可以优先考虑，毕竟缩短进入隐身的时间还是很有用的。","jdtj2":"","jdms2":"","cmzb":"树之祭祀*2|治疗药膏*1|敏捷便鞋*1|铁树枝干*3","qqzb":"魔棒*1|速度之靴*1|穷鬼盾*1","hxzb":"动力鞋*1|魔杖*1|净魂之刃*1","hqsz":"蝴蝶*1|弗拉迪米尔的祭品*1|黑皇杖*1|强袭胸甲*1|散夜对剑*1","ljt":"http://www.dota2.com.cn/images/property/riki.gif","path":"riki","zymc":"天辉","zytb":"http://www.dota2.com.cn/images/heropedia/radiant.jpg","yxtp":"http://www.dota2.com.cn/images/others/riki_big1.jpg","gjlxxj":"1","yxdwxj":"2|1","llsjsmz":"19","llsjsmhf":"0.03","mjsjhj":"1","mjsjgjsd":"1","zlsjmfz":"13","zlsjmfhf":"0.04","sjgjl":"1","pjsh":"50","gjsd":"134|146|204","gjms":"1.27","gjsh":"48-52","gjjl":"128|128|128","wlhj":"5","wlshkx":"25%","mfshkx":"25%","minitb":"http://www.dota2.com.cn/images/heroes/riki_icon.png"},{"id":101,"zwm":"主宰","ywm":"Juggernaut","jc":"剑圣","xttx":"http://www.dota2.com.cn/images/heroes/juggernaut_full.png","dttx":"http://www.dota2.com.cn/images/heroes/juggernaut_vert.jpg","gjlx":"近战","yxlx":"敏捷","yxdw":"核心|推进","zltb":"http://www.dota2.com.cn/images/info1301/tit_img01.gif","zljc":"14","zlsj":"1.4","mjtb":"http://www.dota2.com.cn/images/info1301/tit_img02.gif","mjjc":"26","mjsj":"2.4","lltb":"http://www.dota2.com.cn/images/info1301/tit_img03.gif","lljc":"20","llsj":"1.9","gjltb":"http://www.dota2.com.cn/images/info1301/tit_img06.gif","csgjl":"24-28","ydsdtb":"http://www.dota2.com.cn/images/info1301/tit_img05.gif","csydsd":"305","hjtb":"http://www.dota2.com.cn/images/info1301/tit_img04.gif","cshj":"3.8","yxbj":"没有人见过主宰尤涅若面具下的真面目。甚至有人认为他没有脸部。作为公然反抗腐败领主的惩罚，主宰被古老的遮面之岛流放了，这反而救了他的性命。他的岛屿在一个充斥着复仇魔法的夜晚被海浪彻底毁灭了。他成了岛屿上古老主宰传统中礼仪和剑术的唯一传承者。作为这项传统最后的开拓者，尤涅若的自信和勇气来自他坚持不懈的锻炼，他独创的剑术证明他从未停止挑战自我。一如既往的，他的内心和他的表情一样难以理解。对于一位曾两度失去一切的英雄，主宰永远不知疲倦的战斗着，他相信，胜利必将到来。","dj":"1|15|25","smz":"530|1035|1776","mfz":"182|437|879","gjl":"44-48|84-88|132-136","hj":"4|9|16","syfw":"1800/800","gjfw":"128","ddsd":"N/A","jdtj1":"http://www.dota2.com.cn/images/property/add/juggernaut.jpg","jdms1":"主宰是一名敏捷型伪后期英雄，主宰的加点变化不多，剑刃风暴前期超高的AoE伤害相信没有玩家会选择放弃。很多主宰前期可能会选择加黄点，以保证足够的蓝量和血量。建议6级之前至少加一点暴击，无敌斩夹杂的普通攻击会在大招时触发暴击效果。","jdtj2":null,"jdms2":null,"cmzb":"树之祭祀*1|治疗药膏*1|净化药水*1|铁树枝干*1|敏捷便鞋*2","qqzb":"速度之靴*1|穷鬼盾*1|魔棒*1|治疗指环*1","hxzb":"相位鞋*1|魔杖*1|狂战斧*1","hqsz":"散夜对剑*1|蝴蝶*1|黯灭*1|阿哈利姆神杖*1|弗拉迪米尔的祭品*1|黑皇杖*1","ljt":"http://www.dota2.com.cn/images/property/juggernaut.gif","path":"juggernaut","zymc":"天辉","zytb":"http://www.dota2.com.cn/images/heropedia/radiant.jpg","yxtp":"http://www.dota2.com.cn/images/others/juggernaut_big1.jpg","gjlxxj":"1","yxdwxj":"2|1","llsjsmz":"19","llsjsmhf":"0.03","mjsjhj":"1","mjsjgjsd":"1","zlsjmfz":"13","zlsjmfhf":"0.04","sjgjl":"1","pjsh":"46","gjsd":"126|138|195","gjms":"1.33","gjsh":"44-48","gjjl":"128|128|128","wlhj":"3","wlshkx":"18%","mfshkx":"25%","minitb":"http://www.dota2.com.cn/images/heroes/juggernaut_icon.png"},{"id":95,"zwm":"嗜血狂魔","ywm":"Bloodseeker","jc":"BS","xttx":"http://www.dota2.com.cn/images/heroes/bloodseeker_full.png","dttx":"http://www.dota2.com.cn/images/heroes/bloodseeker_vert.jpg","gjlx":"近战","yxlx":"敏捷","yxdw":"核心|打野","zltb":"http://www.dota2.com.cn/images/info1301/tit_img01.gif","zljc":"18","zlsj":"1.7","mjtb":"http://www.dota2.com.cn/images/info1301/tit_img02.gif","mjjc":"24","mjsj":"3","lltb":"http://www.dota2.com.cn/images/info1301/tit_img03.gif","lljc":"23","llsj":"2","gjltb":"http://www.dota2.com.cn/images/info1301/tit_img06.gif","csgjl":"29-35","ydsdtb":"http://www.dota2.com.cn/images/info1301/tit_img05.gif","csydsd":"300","hjtb":"http://www.dota2.com.cn/images/info1301/tit_img04.gif","cshj":"3.36","yxbj":"血魔史德利古尔是通过仪式严格甄选出的猎手，更准确的说，他是剥皮双子忠实的走狗，他从常年云雾缭绕的噬血之峰被派下去搜寻鲜血。剥皮双子需要海量的鲜血来获得满足和安抚，而如果当地的祭祀没能满足他们，他们就会抽干这个高原王国所有人民的鲜血。因此史德利古尔总是外出进行屠戮。他能榨取出血液之中的生命之力，然后这些能量通过他武器和护甲上的附魔标记立刻流向双子。多年以来，他一直是一条得力的走狗，在战斗时他像豺狼一样残暴。据说，在血魔那涌动着对鲜血的渴望的面具之下，能够直视剥皮双子那可怖的嘴脸。","dj":"1|15|25","smz":"587|1119|1879","mfz":"234|543|1024","gjl":"53-59|95-101|145-151","hj":"3|9|16","syfw":"1800/800","gjfw":"128","ddsd":"N/A","jdtj1":"http://www.dota2.com.cn/images/property/add/bloodseeker.jpg","jdms1":"血魔的加点变化不多，主3和主2都有选择。这套加点相对平均，六级时有两级屠戮和嗜血渴望。建议在线上压力不是很大的情况下优先将3技能加满。增加血魔gank的机动性。","jdtj2":"","jdms2":"","cmzb":"树之祭祀*1|圆盾*1|压制之刃*1","qqzb":"穷鬼盾*1|速度之靴*1|魔杖*1|回城卷轴*1","hxzb":"动力鞋*1|怨灵系带*1|散夜对剑*1","hqsz":"辉耀*1|蝴蝶*1|黑皇杖*1|金箍棒*1|强袭胸甲*1|恐鳌之心*1","ljt":"http://www.dota2.com.cn/images/property/bloodseeker.gif","path":"bloodseeker","zymc":"夜魇","zytb":"http://www.dota2.com.cn/images/heropedia/dire.jpg","yxtp":"http://www.dota2.com.cn/images/others/bloodseeker_big1.jpg","gjlxxj":"1","yxdwxj":"1|1","llsjsmz":"19","llsjsmhf":"0.03","mjsjhj":"1","mjsjgjsd":"1","zlsjmfz":"13","zlsjmfhf":"0.04","sjgjl":"1","pjsh":"56","gjsd":"124|136|196","gjms":"1.37","gjsh":"53-59","gjjl":"128|128|128","wlhj":"3","wlshkx":"16%","mfshkx":"25%","minitb":"http://www.dota2.com.cn/images/heroes/bloodseeker_icon.png"},{"id":73,"zwm":"噬魂鬼","ywm":"Lifestealer","jc":"小狗","xttx":"http://www.dota2.com.cn/images/heroes/life_stealer_full.png","dttx":"http://www.dota2.com.cn/images/heroes/life_stealer_vert.jpg","gjlx":"近战","yxlx":"力量","yxdw":"核心|耐久|打野|逃生","zltb":"http://www.dota2.com.cn/images/info1301/tit_img01.gif","zljc":"15","zlsj":"1.75","mjtb":"http://www.dota2.com.cn/images/info1301/tit_img02.gif","mjjc":"18","mjsj":"1.90","lltb":"http://www.dota2.com.cn/images/info1301/tit_img03.gif","lljc":"25","llsj":"2.40","gjltb":"http://www.dota2.com.cn/images/info1301/tit_img06.gif","csgjl":"32-42","ydsdtb":"http://www.dota2.com.cn/images/info1301/tit_img05.gif","csydsd":"315","hjtb":"http://www.dota2.com.cn/images/info1301/tit_img04.gif","cshj":"1.52","yxbj":"在德瓦克地下城中，关押着一个一心想要复仇的巫师，他正在密谋着如何逃跑。和他被关在同一间牢房的，是一个口齿不清的生物，一个名叫奈克斯的贼，它被邪恶议会施加了长命百岁的诅咒，这样才有足够的时间来尽可能多的惩罚它的偷窃和欺骗的行径。年复一年，它的枷锁已然被侵蚀得不成样子，它的思维也不再清醒；奈克斯已经完全忘记了以前的事情，也不再想着逃跑。巫师见状，觉得自己为逃跑大计找到了一个完美的牺牲品，于是对奈克斯施放了感染之咒，将自己的生命之力灌注到奈克斯的躯壳里，然后指使奈克斯制造暴乱，牺牲它的躯体来破坏囚牢，巫师随后就能返回自己的身体，然后神不知鬼不觉的逃跑。然而他的如意算盘并未实现，在进入奈克斯躯体以后，巫师发现他的神志被一个疯狂的旋涡所捕获，那个旋涡的力量强横无匹，抹掉了他所有的意识。由于其意识被一个鲜活生命的闯入刺激，奈克斯突然之间从它那疯狂的梦魇中清醒了过来，并且按着脑海中那个虚无的声音的唯一的指令行动：逃跑。也就是在那个时候，噬魂鬼正式诞生。这个生命体将自己的心智灌注到地下城里面的卫兵身体里，强迫他们打开牢笼，杀死其他卫兵，为噬魂鬼打开了一条畅通无阻的自由大道，而他们的生命也在被吞噬。现在，噬魂鬼仍然带着那串破碎的镣铐，似乎是在告诉世界没有人能够禁锢住他，但同时它心里还认为自己是个囚犯。两个意识共存于一个身体里——一个恶毒狡猾，阳奉阴违的生命。","dj":"1|15|25","smz":"625|1263|2099","mfz":"195|514|1001","gjl":"57-67|91-101|135-145","hj":"2|5|11","syfw":"1800/800","gjfw":"128","ddsd":"N/A","jdtj1":"http://www.dota2.com.cn/images/property/add/lifestealer.jpg","jdms1":"小狗的加点比较灵活，在不同的局势下前期加满任何一种技能都是可以的。建议3级的时候3个技能个点一级，然后再根据场上形势选择主次。","jdtj2":null,"jdms2":null,"cmzb":"树之祭祀*1|治疗药膏*1|圆盾*1|铁树枝干*3","qqzb":"速度之靴*1|魔棒*1","hxzb":"动力鞋*1|魔杖*1|莫尔迪基安的臂章*1|振奋宝石*1","hqsz":"雷神之锤*1|强袭胸甲*1|深渊之刃*1|黯灭*1|闪烁匕首*1|撒旦之邪力*1","ljt":"http://www.dota2.com.cn/images/property/life_stealer.gif","path":"lifestealer","zymc":"夜魇","zytb":"http://www.dota2.com.cn/images/heropedia/dire.jpg","yxtp":"http://www.dota2.com.cn/images/others/life_stealer_big1.jpg","gjlxxj":"1","yxdwxj":"2|2|1|1","llsjsmz":"19","llsjsmhf":"0.03","mjsjhj":"1","mjsjgjsd":"1","zlsjmfz":"13","zlsjmfhf":"0.04","sjgjl":"1","pjsh":"62","gjsd":"118|126|164","gjms":"1.44","gjsh":"57-67","gjjl":"128|128|128","wlhj":"1","wlshkx":"8%","mfshkx":"25%","minitb":"http://www.dota2.com.cn/images/heroes/life_lifestealer_icon.png"},{"id":19,"zwm":"风暴之灵","ywm":"Storm Spirit","jc":"蓝猫","xttx":"http://www.dota2.com.cn/images/heroes/storm_spirit_full.png","dttx":"http://www.dota2.com.cn/images/heroes/storm_spirit_vert.jpg","gjlx":"远程","yxlx":"智力","yxdw":"核心|先手|逃生|控制","zltb":"http://www.dota2.com.cn/images/info1301/tit_img01.gif","zljc":"23","zlsj":"2.6","mjtb":"http://www.dota2.com.cn/images/info1301/tit_img02.gif","mjjc":"22","mjsj":"1.8","lltb":"http://www.dota2.com.cn/images/info1301/tit_img03.gif","lljc":"19","llsj":"1.5","gjltb":"http://www.dota2.com.cn/images/info1301/tit_img06.gif","csgjl":"22-32","ydsdtb":"http://www.dota2.com.cn/images/info1301/tit_img05.gif","csydsd":"285","hjtb":"http://www.dota2.com.cn/images/info1301/tit_img04.gif","cshj":"5.08","yxbj":"风暴之灵，正如其名，是狂风和暴雨的野性凝成人形的自然之力。他狂放，乐天，恣意挥洒！就像个受人喜爱的大叔一样，他给所到之处充满欢乐的能量。但事实上，创造出他的是一起灾难。几个世代前，在悲叹山脉远处的平原上，很多人正因干旱和饥荒而挨饿。一个名叫风暴烈酒的元素使，使用禁忌的咒语召唤了风暴之灵，天真的向他祈求雨水。被称为雷神的暴风雨天神对这个凡人的放肆感到愤怒，打算用狂风和洪水把这片土地化为荒地。风暴烈酒完全不是天神的对手，直到最后他用了一个自杀性的咒语，将他和雷神的命运融在了一起，他用自己的身体作为牢笼捕获了雷神。被困在一起后，风暴烈酒那无限的幽默感与雷神疯狂的能量融合了，创造了乐天的雷神·风暴烈酒，一个以物质形态行于世间的天神。","dj":"1|15|25","smz":"511|910|1575","mfz":"299|772|1370","gjl":"45-55|81-91|127-137","hj":"5|9|14","syfw":"1800/800","gjfw":"480","ddsd":"1100","jdtj1":"http://www.dota2.com.cn/images/property/add/storm_spirit.jpg","jdms1":"风暴之灵的加点比较灵活多变，完全根据使用者习惯和场上局势来选择，一种是主残影，在补刀，gank，线上压制上都有着不错的效果，而且aoe高，爆发强，适用于中路solo带节奏，或者混野区打野的风暴之灵。","jdtj2":null,"jdms2":null,"cmzb":"树之祭祀*1|治疗药膏*1|净化药水*2|智力斗篷*2","qqzb":"魔棒*1|速度之靴*1|空灵挂件*1|空灵挂件*1","hxzb":"魔杖*1|动力鞋*1|魔瓶*1","hqsz":"邪恶镰刀*1|血精石*1|林肯法球*1|黑皇杖*1|达贡之神力*1|希瓦的守护*1","ljt":"http://www.dota2.com.cn/images/property/storm_spirit.gif","path":"storm_spirit","zymc":"天辉","zytb":"http://www.dota2.com.cn/images/heropedia/radiant.jpg","yxtp":"http://www.dota2.com.cn/images/others/storm_spirit_big1.jpg","gjlxxj":"1","yxdwxj":"2|2|2|1","llsjsmz":"19","llsjsmhf":"0.03","mjsjhj":"1","mjsjgjsd":"1","zlsjmfz":"13","zlsjmfhf":"0.04","sjgjl":"1","pjsh":"50","gjsd":"122|129|165","gjms":"1.39","gjsh":"45-55","gjjl":"480|480|480","wlhj":"5","wlshkx":"23%","mfshkx":"25%","minitb":"http://www.dota2.com.cn/images/heroes/storm_spirit_icon.png"}],"honorList":[{"id":117,"zwm":"灰烬之灵","msg":"施法速度最快的英雄（前摇为0）。","createtime":null}],"adapt_zd_list":[{"id":81,"zwm":"斯温","ywm":"Sven","jc":"SV，流浪","xttx":"http://www.dota2.com.cn/images/heroes/sven_full.png","dttx":"http://www.dota2.com.cn/images/heroes/sven_vert.jpg","gjlx":"近战","yxlx":"力量","yxdw":"控制|先手|核心|辅助","zltb":"http://www.dota2.com.cn/images/info1301/tit_img01.gif","zljc":"16","zlsj":"1.30","mjtb":"http://www.dota2.com.cn/images/info1301/tit_img02.gif","mjjc":"21","mjsj":"2.00","lltb":"http://www.dota2.com.cn/images/info1301/tit_img03.gif","lljc":"23","llsj":"2.70","gjltb":"http://www.dota2.com.cn/images/info1301/tit_img06.gif","csgjl":"37-39","ydsdtb":"http://www.dota2.com.cn/images/info1301/tit_img05.gif","csydsd":"295","hjtb":"http://www.dota2.com.cn/images/info1301/tit_img04.gif","cshj":"1.94","yxbj":"斯温是一名守夜骑士的私生子，身怀苍白南海人的血统，在影承废墟长大。他父亲因为违背了守夜人法典而被处决，母亲又因为她的种族而被驱逐，这一切让斯温坚信所谓的社会法则中毫无荣誉可言——荣誉只存在于他心中。在照顾母亲走过弥留之际以后，他以新人的身份参加了守夜骑士团，并对自己的身份绝对保密。十三年来，他一直在他父亲当年的学校里学习，掌握那些仇视他出身的人所撰写的法则。接着，在他本该立誓成为守夜骑士的那天，他手持弃誓之刃，击碎神圣之盔，用守夜圣火烧毁了那所谓的法则。他大步流星的从守夜堡离开，注定了永世孤独，并向圣符起誓，只遵循他自己心中的法则。是的，他仍然是一名骑士，不过是只效忠于自己心中正义的...流浪剑客。","dj":"1|15|25","smz":"587|1305|2198","mfz":"208|445|874","gjl":"60-62|98-100|145-147","hj":"5|9|14","syfw":"1800/800","gjfw":"128","ddsd":"N/A","jdtj1":"http://www.dota2.com.cn/images/property/add/sven.jpg","jdms1":"这是一种比较常见的加点方式，首先流浪剑客的锤子是一个范围眩晕伤害技能，但是这个技能耗蓝比较高，前期加一点黄点是为了能多扔一个锤子。其次加的三技能是为了防止对方减价流而设置的，但是这个技能没有黄点的效果好。所以根据对方的技能来看是否加这个技能，因为这个技能一级就能有很好的作用了。最后就是二技能的取舍，因为流浪剑客不是带线英雄，所以这个英雄不需要早加这个技能，最后补满即可。大招因为是提高100%的攻击力，所以只要能加必须加起来，而且只有第一级才是100%，以后会越来越高呦。","jdtj2":null,"jdms2":null,"cmzb":"净化药水*1|治疗药膏*1|治疗药膏*1|力量手套*1|力量手套*1|铁树枝干*1","qqzb":"魔棒*1|护腕*1|速度之靴*1","hxzb":"魔杖*1|动力鞋*1|黑皇杖*1","hqsz":"闪烁匕首*1|韧鼓*1|恐鳌之心*1|强袭胸甲*1|疯狂面具*1|代达罗斯之殇*1","ljt":"http://www.dota2.com.cn/images/property/sven.gif","path":"sven","zymc":"天辉","zytb":"http://www.dota2.com.cn/images/heropedia/radiant.jpg","yxtp":"http://www.dota2.com.cn/images/others/sven_big1.jpg","gjlxxj":"1","yxdwxj":"2|1|1|1","llsjsmz":"19","llsjsmhf":"0.03","mjsjhj":"1","mjsjgjsd":"1","zlsjmfz":"13","zlsjmfhf":"0.04","sjgjl":"1","pjsh":"55","gjsd":"121|129|169","gjms":"1.4","gjsh":"60-62","gjjl":"128|128|128","wlhj":"4.94","wlshkx":"10%","mfshkx":"25%","minitb":"http://www.dota2.com.cn/images/heroes/sven_icon.png"},{"id":7,"zwm":"撼地者","ywm":"Earthshaker","jc":"小牛，牛，神牛，撼地神牛","xttx":"http://www.dota2.com.cn/images/heroes/earthshaker_full.png","dttx":"http://www.dota2.com.cn/images/heroes/earthshaker_vert.jpg","gjlx":"近战","yxlx":"力量","yxdw":"先手|控制|辅助|对线辅助","zltb":"http://www.dota2.com.cn/images/info1301/tit_img01.gif","zljc":"16","zlsj":"1.80","mjtb":"http://www.dota2.com.cn/images/info1301/tit_img02.gif","mjjc":"12","mjsj":"1.40","lltb":"http://www.dota2.com.cn/images/info1301/tit_img03.gif","lljc":"22","llsj":"2.50","gjltb":"http://www.dota2.com.cn/images/info1301/tit_img06.gif","csgjl":"24-34","ydsdtb":"http://www.dota2.com.cn/images/info1301/tit_img05.gif","csydsd":"310","hjtb":"http://www.dota2.com.cn/images/info1301/tit_img04.gif","cshj":"2.68","yxbj":"和傀儡以及石像鬼类似，撼地者也曾经是大地的一部分，但现在他自由地行走在地面上。不同于那些存在，撼地者自身的意志创造了他，他不需要服从于任何主人。在岩石深处不安宁的沉睡中，他感到了上方世界自由自在的生命的存在。他对此产生了好奇心。在一个地震多发的时期，尼西埃雪山摇动的山顶发生了雪崩，河流的流径改变了，浅浅的山谷变成了深不可测的深渊。大地停止震动后，撼地者从沉淀的灰土中走了出来，像脱下毯子一样抖落无数岩石。他幻化成他想象中的野兽的外形，并自称雷格石蹄。他现在流动着血液、呼吸着空气、也会死亡。但他的精神仍然与大地同在，他的力量在那根永不离身的魔力图腾中。当他回归尘土的那天，大地仍会欢迎这个浪子回家。","dj":"1|15|25","smz":"568|1233|2088","mfz":"208|536|1030","gjl":"46-56|81-91|126-136","hj":"3|5|10","syfw":"1800/800","gjfw":"128","ddsd":"N/A","jdtj1":"http://www.dota2.com.cn/images/property/add/earthshaker.jpg","jdms1":"这种加点方式比较常见，而且是可以随机变化的。先从路人战来说，每个用神牛的人都多想用一技能，按照这样的加点能够很好让你多释放一到两个一技能，同时如果你被对方英雄贴身追击，你还能用一技能配合三级能的被动让对方眩晕很久。当然有人会说我住加一技能的，当然可以，因为三级能需要你贴身才有效果，如果打一些比较正规的对黑局或者CW，主加一技能就需要每一个F一定要打到人，这样才能让自己的伤害最大化。因为在比赛中，神牛会保护后期，所以挂机牛很多，自己的等级不会很高，这就要求每一个技能都要释放的有伤害性，所以主一技能也是可以的。","jdtj2":null,"jdms2":null,"cmzb":"净化药水*3|树之祭祀*1|治疗药膏*1|力量手套*1|铁树枝干*1","qqzb":"魔棒*1|速度之靴*1|护腕*1|能量之球*1","hxzb":"魔杖*1|奥术鞋*1|闪烁匕首*1|回城卷轴*1","hqsz":"阿哈利姆神杖*1|纷争面纱*1|希瓦的守护*1|邪恶镰刀*1|恐鳌之心*1|玲珑心*1","ljt":"http://www.dota2.com.cn/images/property/earthshaker.gif","path":"earthshaker","zymc":"天辉","zytb":"http://www.dota2.com.cn/images/heropedia/radiant.jpg","yxtp":"http://www.dota2.com.cn/images/others/earthshaker_big1.jpg","gjlxxj":"1","yxdwxj":"3|2|1|1","llsjsmz":"19","llsjsmhf":"0.03","mjsjhj":"1","mjsjgjsd":"1","zlsjmfz":"13","zlsjmfhf":"0.04","sjgjl":"1","pjsh":"51","gjsd":"112|118|146","gjms":"1.52","gjsh":"46-56","gjjl":"128|128|128","wlhj":"2.68","wlshkx":"13%","mfshkx":"25%","minitb":"http://www.dota2.com.cn/images/heroes/earthshaker_icon.png"},{"id":58,"zwm":"沙王","ywm":"Sand King","jc":"SK","xttx":"http://www.dota2.com.cn/images/heroes/sand_king_full.png","dttx":"http://www.dota2.com.cn/images/heroes/sand_king_vert.jpg","gjlx":"近战","yxlx":"力量","yxdw":"先手|控制|爆发","zltb":"http://www.dota2.com.cn/images/info1301/tit_img01.gif","zljc":"16","zlsj":"1.80","mjtb":"http://www.dota2.com.cn/images/info1301/tit_img02.gif","mjjc":"19","mjsj":"2.10","lltb":"http://www.dota2.com.cn/images/info1301/tit_img03.gif","lljc":"18","llsj":"2.60","gjltb":"http://www.dota2.com.cn/images/info1301/tit_img06.gif","csgjl":"25-41","ydsdtb":"http://www.dota2.com.cn/images/info1301/tit_img05.gif","csydsd":"300","hjtb":"http://www.dota2.com.cn/images/info1301/tit_img04.gif","cshj":"2.66","yxbj":"闪烁荒原的沙漠是有知觉的活物，它与自我对话，思考着只有这广阔的沙漠能包容的思想。当它必须要寻找一种和那些有限的存在交流的方式时，它解放了一块它的碎片，填入一块由狡猾的卡尔丁灯神创造的魔法甲壳中。这个存在称它自己为克里瑟历斯，意为\"沙之魂\"，不过世人都称他为沙王。沙王那巨大蛛形生物的外形源自闪烁荒地那些渺小但无处不及的居民，这身形真实地展示了他残忍的天性。沙王无法与赐予他生命的无限沙漠分开，他是这片沙漠的守卫者、战士、使节。","dj":"1|15|25","smz":"492|1184|2058","mfz":"208|536|1030","gjl":"43-59|79-95|125-141","hj":"3|7|13","syfw":"1800/800","gjfw":"128","ddsd":"N/A","jdtj1":"http://www.dota2.com.cn/images/property/add/sand_king.jpg","jdms1":"沙王的加点变化不多，主要有两种就是沙尘暴与腐蚀毒的选择。主升穿刺是毫无疑问的，这套加点选择的是沙王辅升级沙尘暴，在线上压力大的情况下，沙王可以利用沙尘暴做到躲技能压制对手。","jdtj2":null,"jdms2":null,"cmzb":"力量手套*2|治疗药膏*2|净化药水*1|铁树枝干*1","qqzb":"魔棒*1|速度之靴*1|护腕*1","hxzb":"魔杖*1|奥术鞋*1|闪烁匕首*1","hqsz":"阿哈利姆神杖*1|纷争面纱*1|刃甲*1|希瓦的守护*1|黑皇杖*1|恐鳌之心*1","ljt":"http://www.dota2.com.cn/images/property/sand_king.gif","path":"sand_king","zymc":"夜魇","zytb":"http://www.dota2.com.cn/images/heropedia/dire.jpg","yxtp":"http://www.dota2.com.cn/images/others/sand_king_big1.jpg","gjlxxj":"1","yxdwxj":"3|2|1","llsjsmz":"19","llsjsmhf":"0.03","mjsjhj":"1","mjsjgjsd":"1","zlsjmfz":"13","zlsjmfhf":"0.04","sjgjl":"1","pjsh":"51","gjsd":"119|127|169","gjms":"1.43","gjsh":"43-59","gjjl":"128|128|128","wlhj":"2","wlshkx":"13%","mfshkx":"25%","minitb":"http://www.dota2.com.cn/images/heroes/sand_king_icon.png"},{"id":60,"zwm":"上古巨神","ywm":"Elder Titan","jc":"大牛","xttx":"http://www.dota2.com.cn/images/heroes/elder_titan_full.png","dttx":"http://www.dota2.com.cn/images/heroes/elder_titan_vert.jpg","gjlx":"近战","yxlx":"力量","yxdw":"先手|耐久","zltb":"http://www.dota2.com.cn/images/info1301/tit_img01.gif","zljc":"23","zlsj":"1.60","mjtb":"http://www.dota2.com.cn/images/info1301/tit_img02.gif","mjjc":"14","mjsj":"1.50","lltb":"http://www.dota2.com.cn/images/info1301/tit_img03.gif","lljc":"24","llsj":"2.30","gjltb":"http://www.dota2.com.cn/images/info1301/tit_img06.gif","csgjl":"23-33","ydsdtb":"http://www.dota2.com.cn/images/info1301/tit_img05.gif","csydsd":"315","hjtb":"http://www.dota2.com.cn/images/info1301/tit_img04.gif","cshj":"2.96","yxbj":"也许有人会问：\"这个世界是如何形成的？\"在所有现存世界中，为什么这个世界的属性如此奇特，如此多样化，其中的生物，文化和传说更是数不胜数呢？\"答案，\"有人低语道，\"就在于巨神们。\"</p><p>这些原初的先祖在宇宙形成伊始就已在世——即使他们并非创世的见证，他们降世时耳中也是回荡着创世的巨响。带着宇宙原初力量的印记，他们最大的愿望是自己创世者的生涯能得到延续。所以他们转而承担了改造事物的任务：捶打、鼓风、加热、塑形，一切全凭意志。事物改造后如果失去了挑战性，他们就会提着工具转向自己，修正自己的思想，锻炼自己的灵魂，提高自身的忍耐力。现实本身就是他们锻造的终极目标。但是，在这样的过程中，他们有时也会犯错。在施展雄图大志时，错误总是不可避免。</p><p>我们所知的上古巨神是伟大的创造者，他曾在创世的熔炉研习。在磨砺技艺时，他打碎了一样东西，无法修复、只能放弃的东西。他陷入了自己破碎的世界，这也是他自己破碎的灵魂。他滞留所在的位面里全是参差不齐的碎片和漫山遍野的裂缝，还有其他从初生宇宙裂缝中散落的失落残片。这就解释了为什么众所周知的世界形似一座小岛，岛上尽是落难之人，失事船只上的幸存者，现在早已为世人所遗忘。世人虽无记忆，但是自责的人除外。他将永世寻找方法去完成修复工作，寻找再次与他残破的灵魂结合的方法，寻找修复世人和世界的方法。这就是我们所知的上古巨神。","dj":"1|15|25","smz":"606|1218|2035","mfz":"299|590|1058","gjl":"47-57|79-89|122-132","hj":"3|6|11","syfw":"1800/800","gjfw":"128","ddsd":"N/A","jdtj1":"http://www.dota2.com.cn/images/property/add/elder_titan.jpg","jdms1":"这是一套非常经济实惠的加点，适用于劣势路单的巨神。前期主先祖之魂提高伤害，同时应点出二级的回音重踏以配合大招的释放。此时，回音重踏的控制时间为3秒，恰好与裂地沟壑生效的延迟时间相等。中期开始提升自然秩序的等级，以便在团战中制造更多的伤害。最后的两级回音重踏通常提升有限，可以根据情况替换为属性加成。","jdtj2":null,"jdms2":null,"cmzb":"力量手套*2|治疗药膏*2|净化药水*1|铁树枝干*1","qqzb":"魔棒*1|速度之靴*1|灵魂之戒*1","hxzb":"魔杖*1|奥术鞋*1|梅肯斯姆*1","hqsz":"邪恶镰刀*1|血精石*1|恐鳌之心*1|强袭胸甲*1|希瓦的守护*1|林肯法球*1","ljt":"http://www.dota2.com.cn/images/property/elder_titan.gif","path":"elder_titan","zymc":"天辉","zytb":"http://www.dota2.com.cn/images/heropedia/radiant.jpg","yxtp":"http://www.dota2.com.cn/images/others/elder_titan_big1.jpg","gjlxxj":"1","yxdwxj":"1|2","llsjsmz":"19","llsjsmhf":"0.03","mjsjhj":"1","mjsjgjsd":"1","zlsjmfz":"13","zlsjmfhf":"0.04","sjgjl":"1","pjsh":"52","gjsd":"114|120|150","gjms":"1.49","gjsh":"47-57","gjjl":"128|128|128","wlhj":"2","wlshkx":"15%","mfshkx":"25%","minitb":"http://www.dota2.com.cn/images/heroes/elder_titan_icon.png"}],"hqszList":[{"goods":{"id":90,"bigtype":"升级物品","type":"武器","wpmc":"代达罗斯之殇","wppz":"4","wptp":"http://www.dota2.com.cn/images/items/greater_crit_lg.png","jgtb":"http://www.dota2.com.cn/images/info1301/tit_img07.gif","jg":"5550","wpjs":"这件武器有着惊人的力量，即使是最强的战士也难以掌控它。","wpzyms":"","wpsyff":"被动：致命一击-普通攻击有一定概率造成致命伤害。","wpxg":"+ <span class=\"color_yellow\">81</span> 攻击力<br/>致命一击概率：<span class=\"color_yellow\">25%</span><br/>致命一击伤害：<span class=\"color_yellow\">240%</span>","lqsjtb":"","lqsj":"","mfxhtb":"","mfxh":"","qzwptb":"","wpzyms2":"","item_en":"greater_crit"},"count":1},{"goods":{"id":104,"bigtype":"升级物品","type":"防具","wpmc":"恐鳌之心","wppz":"4","wptp":"http://www.dota2.com.cn/images/items/heart_lg.png","jgtb":"http://www.dota2.com.cn/images/info1301/tit_img07.gif","jg":"5500","wpjs":"已经绝种的怪物的心脏，能提升携带者的耐久力。","wpzyms":"如果你的英雄最近4秒（远程英雄6秒）内受到敌方英雄或Roshan的攻击，此被动将失效。","wpsyff":"被动：生命恢复 - 每秒恢复正比于你最大生命值的生命。","wpxg":"+ <span class=\"color_yellow\">40</span> 力量<br/>+ <span class=\"color_yellow\">300</span> 生命值<br/>生命回复量：<span class=\"color_yellow\">4%</span>","lqsjtb":"http://www.dota2.com.cn/images/info1301/ico2.gif","lqsj":"6","mfxhtb":"","mfxh":"","qzwptb":null,"wpzyms2":"","item_en":"heart"},"count":1},{"goods":{"id":91,"bigtype":"升级物品","type":"武器","wpmc":"蝴蝶","wppz":"4","wptp":"http://www.dota2.com.cn/images/items/butterfly_lg.png","jgtb":"http://www.dota2.com.cn/images/info1301/tit_img07.gif","jg":"5875","wpjs":"只有最强大最老练的战士才能携带蝴蝶，但它也提供无可比拟的战斗灵活力作为回报。","wpzyms":"","wpsyff":"","wpxg":"+ <span class=\"color_yellow\">30</span> 敏捷<br/>+ <span class=\"color_yellow\">30</span> 攻击力<br/>+ <span class=\"color_yellow\">35%</span> 闪避概率<br/>+ <span class=\"color_yellow\">30</span> 攻击速度","lqsjtb":"","lqsj":"","mfxhtb":"","mfxh":"","qzwptb":null,"wpzyms2":"能与其他闪避效果叠加。","item_en":"butterfly"},"count":1},{"goods":{"id":114,"bigtype":"升级物品","type":"圣物","wpmc":"雷神之锤","wppz":"5","wptp":"http://www.dota2.com.cn/images/items/mjollnir_lg.png","jgtb":"http://www.dota2.com.cn/images/info1301/tit_img07.gif","jg":"5600","wpjs":"索尔的魔法之锤，由矮人名匠布鲁克和伊特里打造。","wpzyms":"雷神之锤是攻击特效，可与其他攻击特效叠加，但连环闪电触发时将覆盖其他攻击特效。","wpsyff":"主动：静电冲击 - 对目标单位施加一个静电护盾，护盾有20%的几率对附近攻击护盾的目标及其周围4个敌方单位释放闪电冲击。<br/>被动：连环闪电 - 攻击有一定概率释放连环闪电，对12个目标造成伤害。","wpxg":"+ <span class=\"color_yellow\">24</span> 攻击力<br/>+ <span class=\"color_yellow\">80</span> 攻击速度<br/>静电冲击持续时间：<span class=\"color_yellow\">15</span><br/>静电冲击触发几率：<span class=\"color_yellow\">20%</span><br/>静电冲击伤害：<span class=\"color_yellow\">200</span><br/>连环闪电触发率：<span class=\"color_yellow\">25%</span><br/>连环闪电伤害：<span class=\"color_yellow\">150</span>","lqsjtb":"http://www.dota2.com.cn/images/info1301/ico2.gif","lqsj":"35","mfxhtb":"http://www.dota2.com.cn/images/info1301/ico1.gif","mfxh":"50","qzwptb":null,"wpzyms2":"静电冲击的触发间隔大于1秒。<br>静电冲击的闪电将会对拥有护盾的英雄周围单位造成魔法伤害，静电冲击只会对900范围以内的目标发出闪电冲击。","item_en":"mjollnir"},"count":1},{"goods":{"id":86,"bigtype":"升级物品","type":"武器","wpmc":"狂战斧","wppz":"4","wptp":"http://www.dota2.com.cn/images/items/bfury_lg.png","jgtb":"http://www.dota2.com.cn/images/info1301/tit_img07.gif","jg":"4350","wpjs":"持有这把强大斧头的人可以一次砍倒一片敌人。","wpzyms":"","wpsyff":"被动：分裂攻击-对目标周围250范围内的敌人造成攻击力一定比例的溅射伤害。远程英雄使用时无效。","wpxg":"+ <span class=\"color_yellow\">65</span> 攻击力<br/>+ <span class=\"color_yellow\">6</span> 生命恢复速率<br/>+ <span class=\"color_yellow\">150%</span> 魔法恢复<br/>溅射伤害：<span class=\"color_yellow\">35%</span>","lqsjtb":"","lqsj":"","mfxhtb":"","mfxh":"","qzwptb":"","wpzyms2":"溅射伤害会根据护甲类型有所减少，但是与护甲数值无关。<br>溅射伤害无视魔法免疫。","item_en":"bfury"},"count":2}],"hxzbList":[{"goods":{"id":67,"bigtype":"升级物品","type":"辅助","wpmc":"奥术鞋","wppz":"3","wptp":"http://www.dota2.com.cn/images/items/arcane_boots_lg.png","jgtb":"http://www.dota2.com.cn/images/info1301/tit_img07.gif","jg":"1450","wpjs":"装备这种鞋子的法师在战斗中极具价值。","wpzyms":"移动速度提升效果不与其他鞋子叠加。","wpsyff":"主动：补充魔法-回复周围友方单位的魔法。","wpxg":"+ <span class=\"color_yellow\">55</span> 移动速度<br/>+ <span class=\"color_yellow\">250</span> 魔法值<br/>魔法回复量：<span class=\"color_yellow\">135</span>","lqsjtb":"http://www.dota2.com.cn/images/info1301/ico2.gif","lqsj":"55","mfxhtb":"http://www.dota2.com.cn/images/info1301/ico1.gif","mfxh":"35","qzwptb":"","wpzyms2":"米波的克隆体不能使用。","item_en":"arcane_boots"},"count":1},{"goods":{"id":50,"bigtype":"升级物品","type":"普通","wpmc":"魔杖","wppz":"2","wptp":"http://www.dota2.com.cn/images/items/magic_wand_lg.png","jgtb":"http://www.dota2.com.cn/images/info1301/tit_img07.gif","jg":"509","wpjs":"一个简易但实用的魔杖，能够补充使用者的能量--巫师学徒和高级术士都喜欢。","wpzyms":"","wpsyff":"主动：充能 - 每当周围有敌人施放技能都会自动充能（最多15点能量）。当使用时，每点能量为你回复生命值和魔法值。","wpxg":"+ <span class=\"color_yellow\">3</span> 所有属性<br/>每点能量回复：<span class=\"color_yellow\">15</span>","lqsjtb":"http://www.dota2.com.cn/images/info1301/ico2.gif","lqsj":"12","mfxhtb":"","mfxh":"","qzwptb":"","wpzyms2":"1200码视野范围内敌人使用技能就会获得点数。 <br>部分英雄技能和物品技能的施放将不会增加点数。","item_en":"magic_wand"},"count":1},{"goods":{"id":96,"bigtype":"升级物品","type":"防具","wpmc":"先锋盾","wppz":"4","wptp":"http://www.dota2.com.cn/images/items/vanguard_lg.png","jgtb":"http://www.dota2.com.cn/images/info1301/tit_img07.gif","jg":"2225","wpjs":"能够让持有者躲过最致命攻击的强力盾牌。","wpzyms":"","wpsyff":"被动：伤害格挡 - 有一定几率格挡伤害，格挡效果取决于你的英雄类型。","wpxg":"+ <span class=\"color_yellow\">250</span> 生命值<br/>+ <span class=\"color_yellow\">6</span> 生命恢复速率<br/>格挡概率： <span class=\"color_yellow\">80%</span><br/>远程格挡： <span class=\"color_yellow\">20</span><br/>近战格挡： <span class=\"color_yellow\">40</span>","lqsjtb":"","lqsj":"","mfxhtb":"","mfxh":"","qzwptb":"","wpzyms2":"多种伤害格挡物品的效果互不叠加。","item_en":"vanguard"},"count":1}],"adapt_kz_list":[{"id":67,"zwm":"米波","ywm":"Meepo","jc":"地卜","xttx":"http://www.dota2.com.cn/images/heroes/meepo_full.png","dttx":"http://www.dota2.com.cn/images/heroes/meepo_vert.jpg","gjlx":"近战","yxlx":"敏捷","yxdw":"核心|控制|先手","zltb":"http://www.dota2.com.cn/images/info1301/tit_img01.gif","zljc":"20","zlsj":"1.6","mjtb":"http://www.dota2.com.cn/images/info1301/tit_img02.gif","mjjc":"23","mjsj":"1.9","lltb":"http://www.dota2.com.cn/images/info1301/tit_img03.gif","lljc":"23","llsj":"1.6","gjltb":"http://www.dota2.com.cn/images/info1301/tit_img06.gif","csgjl":"16-22","ydsdtb":"http://www.dota2.com.cn/images/info1301/tit_img05.gif","csydsd":"305","hjtb":"http://www.dota2.com.cn/images/info1301/tit_img04.gif","cshj":"4.22","yxbj":"对我而言，生活就是你所知和所能发现的一切。当你住在裂影荒墟时，想要找到食物并不是一件容易的事。因此，你需要走捷径，你需要会忽悠，你需要对自己的能力充分了解。有些野兽能够杀掉你，那么你就需要躲开强壮的，捕杀弱小的。在荒墟之上，有过一段往事，一段对某些人意义重大的往事。曾经那里有个宫殿，他们在宫殿里面举行黑暗的仪式，非常邪恶。如果你从仪式中幸存下来，他们还会以击碎水晶的方式将你的灵魂撕裂成碎片。不过他们的艺术成就也很高，比如雕塑之类的。记住这点：如果你在某个时候发现了这些雕塑，一定把他们全拿到市场上去卖掉，然后你接下来的一周都不会饿肚子。如果你走运的话，你可能会发现影墟水晶，那赶紧找人帮你估价，多问问，总有人能帮你找到需要这玩意的疯子买主的。就算别人都不要，你也可以卖给城里的魔导师，他们喜欢这玩意。不过，不管你怎么做，一定要小心这些水晶，这玩意要是在你身上炸开，可是很疼的。","dj":"1|15|25","smz":"587|1013|1697","mfz":"260|551|1019","gjl":"39-45|66-72|105-111","hj":"4|8|13","syfw":"1800/800","gjfw":"128","ddsd":"N/A","jdtj1":"http://www.dota2.com.cn/images/property/add/meepo.jpg","jdms1":"这是目前地卜师最主流的加点路线，前期主忽悠保证高伤害高输出。被动前期点一级就已经够用了，之后优先将网升满，高等级的网对施放距离的加成对于地卜师来说还是非常重要的。大招自然不用多说，有大点大。","jdtj2":"","jdms2":"","cmzb":"树之祭祀*1|力量手套*2|治疗药膏*1|铁树枝干*2","qqzb":"治疗指环*1|魔棒*1|速度之靴*1|王者之戒*1","hxzb":"魔杖*1|动力鞋*1|梅肯斯姆*1","hqsz":"阿哈利姆神杖*1|弗拉迪米尔的祭品*1|邪恶镰刀*1|强袭胸甲*1|恐鳌之心*1|希瓦的守护*1","ljt":"http://www.dota2.com.cn/images/property/meepo.gif","path":"meepo","zymc":"夜魇","zytb":"http://www.dota2.com.cn/images/heropedia/dire.jpg","yxtp":"http://www.dota2.com.cn/images/others/meepo_big1.jpg","gjlxxj":"1","yxdwxj":"1|1|1","llsjsmz":"19","llsjsmhf":"0.03","mjsjhj":"1","mjsjgjsd":"1","zlsjmfz":"13","zlsjmfhf":"0.04","sjgjl":"1","pjsh":"42","gjsd":"123|131|169","gjms":"1.38","gjsh":"39-45","gjjl":"128|128|128","wlhj":"4","wlshkx":"20%","mfshkx":"35%","minitb":"http://www.dota2.com.cn/images/heroes/meepo_icon.png"},{"id":52,"zwm":"娜迦海妖","ywm":"Naga Siren","jc":"小娜迦","xttx":"http://www.dota2.com.cn/images/heroes/naga_siren_full.png","dttx":"http://www.dota2.com.cn/images/heroes/naga_siren_vert.jpg","gjlx":"近战","yxlx":"敏捷","yxdw":"核心|控制|推进|逃生","zltb":"http://www.dota2.com.cn/images/info1301/tit_img01.gif","zljc":"18","zlsj":"1.95","mjtb":"http://www.dota2.com.cn/images/info1301/tit_img02.gif","mjjc":"21","mjsj":"2.75","lltb":"http://www.dota2.com.cn/images/info1301/tit_img03.gif","lljc":"21","llsj":"2.3","gjltb":"http://www.dota2.com.cn/images/info1301/tit_img06.gif","csgjl":"23-25","ydsdtb":"http://www.dota2.com.cn/images/info1301/tit_img05.gif","csydsd":"320","hjtb":"http://www.dota2.com.cn/images/info1301/tit_img04.gif","cshj":"5.94","yxbj":"在鱼人卫士团的誓言中，有一句誓词最广为流传：鱼人不能失败。事实上，这句话既是誓词，又是命令，所有失败的人都已经被放逐。鱼人族内不容败者。司里希丝曾经是她族群内最受尊敬的战士，多年来她一直指挥着一支军队，她最强力的武器就是她那让人畏惧的声音。强大，婉转，难以捉摸，她一直用她这一致命武器守卫着深海住民以及沉没之城中的财富。然而在克雷之役的最后一战中，在面对一帮想给他们的深渊之神献上财宝的狂热深海巨怪时，她的军队节节败退。在他们将敌人猛烈的攻击抵御下以后，开始清理战场，却发现宝藏中的镶嵌着珠宝的圣杯不见了。她的百人队中只有寥寥数人活了下来，然而同胞们的勇敢和牺牲却无关紧要了。重要的是他们的珍宝被拿走了。他们的荣誉被毁掉了。娜迦海妖被驱逐了，她被放逐去寻回失窃的圣杯。不管她能够做出多少倍的补偿，她也注定不会被原谅，除非她带回了失窃的宝藏。她所失去的荣誉，千金难抵。","dj":"1|15|25","smz":"549|1161|1978","mfz":"234|589|1102","gjl":"44-46|83-85|130-132","hj":"6|11|18","syfw":"1800/800","gjfw":"128","ddsd":"N/A","jdtj1":"http://www.dota2.com.cn/images/property/add/naga_siren.jpg","jdms1":"激流自从变成幻象也可以释放之后就成为了娜迦海妖的主加技能，当然特定情况下也有主加网或者分身的。前期幻象承受伤害过多，所以在装备没有累积之前，分身带来的增益效果不大。主激流也利于娜迦前期混线补刀拿人头。娜迦的网是无视BKB的，被网住的单位没法闪烁走，这点至关重要。","jdtj2":"","jdms2":"","cmzb":"树之祭祀*2|治疗药膏*1|敏捷便鞋*1|铁树枝干*3","qqzb":"魔棒*1|速度之靴*1|穷鬼盾*1","hxzb":"奥术鞋*1|魔杖*1|梅肯斯姆*1|","hqsz":"恐鳌之心*1|天堂之戟*1|幻影斧*1|净魂之刃*1|蝴蝶*1|","ljt":"http://www.dota2.com.cn/images/property/naga_siren.gif","path":"naga_siren","zymc":"夜魇","zytb":"http://www.dota2.com.cn/images/heropedia/dire.jpg","yxtp":"http://www.dota2.com.cn/images/others/naga_siren_big1.jpg","gjlxxj":"1","yxdwxj":"2|2|1|1","llsjsmz":"19","llsjsmhf":"0.03","mjsjhj":"1","mjsjgjsd":"1","zlsjmfz":"13","zlsjmfhf":"0.04","sjgjl":"1","pjsh":"45","gjsd":"121|132|187","gjms":"1.4","gjsh":"44-46","gjjl":"128|128|128","wlhj":"5","wlshkx":"26%","mfshkx":"25%","minitb":"http://www.dota2.com.cn/images/heroes/naga_siren_icon.png"},{"id":10,"zwm":"幻影长矛手","ywm":"Phantom Lancer","jc":"猴子、阿兹瑞斯","xttx":"http://www.dota2.com.cn/images/heroes/phantom_lancer_full.png","dttx":"http://www.dota2.com.cn/images/heroes/phantom_lancer_vert.jpg","gjlx":"近战","yxlx":"敏捷","yxdw":"核心|逃生|推进","zltb":"http://www.dota2.com.cn/images/info1301/tit_img01.gif","zljc":"21","zlsj":"2.0","mjtb":"http://www.dota2.com.cn/images/info1301/tit_img02.gif","mjjc":"29","mjsj":"2.6","lltb":"http://www.dota2.com.cn/images/info1301/tit_img03.gif","lljc":"21","llsj":"1.7","gjltb":"http://www.dota2.com.cn/images/info1301/tit_img06.gif","csgjl":"22-44","ydsdtb":"http://www.dota2.com.cn/images/info1301/tit_img05.gif","csydsd":"290","hjtb":"http://www.dota2.com.cn/images/info1301/tit_img04.gif","cshj":"4.06","yxbj":"遥远的极地村庄对于王国中心地带肆虐的战火一无所知。对于那里的村民们来说，用长矛刺鱼、一家人聚餐就是生活的全部。但是战争还是到来了。征兵令传来后，出身卑微的长矛手阿兹瑞斯作为一个身体健全的士兵，加入了军队，宣誓给王国带来和平，这样做也是为了给他的村庄带来和平。他和他的族人在对抗恐怖巫师沃恩的最终进攻中被安排为前锋，这使他们付出了几乎全灭的代价。当前锋队一路战斗到敌人的堡垒下时，长矛手的族人已经只剩阿兹瑞斯一个人了，他作为最后一人，成功地潜入了巫师的城堡。族人的死激怒了阿兹瑞斯，他闯过了巫师设置的每一个死亡陷阱，打败了所有巫师召唤的幻象守卫。很快，这个出身低微的渔夫抵达了沃恩的高塔圣所。两人激战了一整晚，长矛和法杖的对决掀起了狂怒的混沌，最终在一声震耳欲聋的嘶吼中，阿兹瑞斯的长矛刺穿了巫师的身体。但是巫师并没有单纯的死去；他爆裂成无数光影的碎片，以巨大的力量穿透了杀死他的阿兹瑞斯。尘埃落定，战斗激起的烟雾散去后，阿兹瑞斯发现他站在一群他的族人之中。每个人都穿的和他一样，每个人都拿着和他一样的武器，而且他能感觉到每个人都和他在进行同样的思考。意识到王国军在接近，阿兹瑞斯希望这些幻影赶快藏起来，于是他们就一个接一个遁入了虚无。士兵们到达塔顶后发现巫师已经被阿兹瑞斯打倒了。当他们靠近这位战士时，长矛手突然消失了。刚才站在他们面前的长矛手只是一个幻影而已。真正的阿兹瑞斯早已逃离了战场，为他的怒火而羞愧，为他失去的同胞而痛心，他坚定了要用今后的战斗为村人带来和平的决心。","dj":"1|15|25","smz":"549|1001|1704","mfz":"273|637|1157","gjl":"51-73|87-109|133-155","hj":"4|9|16","syfw":"1800/800","gjfw":"128","ddsd":"N/A","jdtj1":"http://www.dota2.com.cn/images/property/add/phantom_lancer.jpg","jdms1":"猴子推荐主加灵魂之矛，其它的比较灵活，可以根据个人打法和战场局势灵活处理。不过至少要有1级的神出鬼没，关键时刻用来逃生，而且隐身升级高了之后耗蓝比较少，还是很划得来的。","jdtj2":null,"jdms2":null,"cmzb":"树之祭祀*1|治疗药膏*1|铁树枝干*3|圆盾*1","qqzb":"魔棒*1|速度之靴*1|天鹰之戒*1","hxzb":"魔杖*1|静谧之鞋*1|净魂之刃*1","hqsz":"恐鳌之心*1|幻影斧*1|蝴蝶*1|深渊之刃*1","ljt":"http://www.dota2.com.cn/images/property/phantom_lancer.gif","path":"phantom_lancer","zymc":"天辉","zytb":"http://www.dota2.com.cn/images/heropedia/radiant.jpg","yxtp":"http://www.dota2.com.cn/images/others/phantom_lancer_big1.jpg","gjlxxj":"1","yxdwxj":"2|2|1","llsjsmz":"19","llsjsmhf":"0.03","mjsjhj":"1","mjsjgjsd":"1","zlsjmfz":"13","zlsjmfhf":"0.04","sjgjl":"1","pjsh":"56","gjsd":"123|140|224","gjms":"1.38","gjsh":"51-73","gjjl":"128|128|128","wlhj":"4","wlshkx":"16%","mfshkx":"25%","minitb":"http://www.dota2.com.cn/images/heroes/phantom_lancer_icon.png"},{"id":30,"zwm":"不朽尸王","ywm":"Undying","jc":"尸王","xttx":"http://www.dota2.com.cn/images/heroes/undying_full.png","dttx":"http://www.dota2.com.cn/images/heroes/undying_vert.jpg","gjlx":"近战","yxlx":"力量","yxdw":"耐久|推进|控制|先手","zltb":"http://www.dota2.com.cn/images/info1301/tit_img01.gif","zljc":"27","zlsj":"2.50","mjtb":"http://www.dota2.com.cn/images/info1301/tit_img02.gif","mjjc":"10","mjsj":"0.80","lltb":"http://www.dota2.com.cn/images/info1301/tit_img03.gif","lljc":"22","llsj":"2.10","gjltb":"http://www.dota2.com.cn/images/info1301/tit_img06.gif","csgjl":"35-43","ydsdtb":"http://www.dota2.com.cn/images/info1301/tit_img05.gif","csydsd":"310","hjtb":"http://www.dota2.com.cn/images/info1301/tit_img04.gif","cshj":"3.4","yxbj":"他残破的心，已经不再记得自己的名，也不记得已经过了多久。还依稀记得的，是盔甲，是战旗，是身边死去的兄弟。他还记得那场战役：一双给他带去痛苦和恐惧的苍白的手，将他从马上扯下。他还记得自己和兄弟们一起被扔进死亡之神那漆黑的深坑，还记得他被虚无吞噬时耳畔的挽歌。在深渊下的黑暗中，他们被时间遗弃，抛弃了思想，抛弃了理智，唯一尚存的，只有饥饿。他们以彼此残留的指甲和牙齿为食，唤醒了身体。这时挽歌传来，一开始很遥远，只是最轻微的感官体验，然后声音逐渐汇集，似乎铺天盖地永无止境，歌声似乎形成了一堵音墙，将他意识中所有想法都清除。随着自己被挽歌吞噬，他也向死亡之神张开了双臂，迎接自己的陨灭。然而死亡之神并没有选择毁掉他，而是让他投入战争，在一片惨然的虚无中，他被赋予了新的使命：让世界遍地哀鸿，让死者吞噬生命。他成为了不朽尸王，死亡之神的先驱，他的躯体永生不灭。在你的往生路上，会奏响他永恒的挽歌。","dj":"1|15|25","smz":"568|1127|1906","mfz":"351|715|1235","gjl":"57-65|86-94|127-135","hj":"3|5|9","syfw":"1800/800","gjfw":"128","ddsd":"N/A","jdtj1":"http://www.dota2.com.cn/images/property/add/undying.jpg","jdms1":"不朽尸王是一名曾经上过CW舞台的英雄，暴力速推进阵容中总是少不了尸王的存在。如今路人打法中比较普遍的是1、2对点，线上压制力较强。当然这里还是建议前期只点2级加血,3级加血抽取15个单位并不太可能。","jdtj2":null,"jdms2":null,"cmzb":"树之祭祀*2|圆盾*1|铁树枝干*3|净化药水*1","qqzb":"速度之靴*1|魔棒*1|影之灵龛*1","hxzb":"奥术鞋*1|魔杖*1|梅肯斯姆*1|侦查守卫*1","hqsz":"辉耀*1|恐鳌之心*1|刃甲*1|天堂之戟*1","ljt":"http://www.dota2.com.cn/images/property/undying.gif","path":"undying","zymc":"夜魇","zytb":"http://www.dota2.com.cn/images/heropedia/dire.jpg","yxtp":"http://www.dota2.com.cn/images/others/undying_big1.jpg","gjlxxj":"1","yxdwxj":"2|1|1|1","llsjsmz":"19","llsjsmhf":"0.03","mjsjhj":"1","mjsjgjsd":"1","zlsjmfz":"13","zlsjmfhf":"0.04","sjgjl":"1","pjsh":"61","gjsd":"110|113|129","gjms":"1.55","gjsh":"57-65","gjjl":"128|128|128","wlhj":"3","wlshkx":"16%","mfshkx":"25%","minitb":"http://www.dota2.com.cn/images/heroes/undying_icon.png"},{"id":8,"zwm":"黑暗贤者","ywm":"Dark Seer","jc":"兔子、黑贤、DS","xttx":"http://www.dota2.com.cn/images/heroes/dark_seer_full.png","dttx":"http://www.dota2.com.cn/images/heroes/dark_seer_vert.jpg","gjlx":"近战","yxlx":"智力","yxdw":"先手|爆发|逃生","zltb":"http://www.dota2.com.cn/images/info1301/tit_img01.gif","zljc":"27","zlsj":"2.7","mjtb":"http://www.dota2.com.cn/images/info1301/tit_img02.gif","mjjc":"12","mjsj":"1.2","lltb":"http://www.dota2.com.cn/images/info1301/tit_img03.gif","lljc":"22","llsj":"2.3","gjltb":"http://www.dota2.com.cn/images/info1301/tit_img06.gif","csgjl":"31-37","ydsdtb":"http://www.dota2.com.cn/images/info1301/tit_img05.gif","csydsd":"300","hjtb":"http://www.dota2.com.cn/images/info1301/tit_img04.gif","cshj":"6.68","yxbj":"迅捷如风，足智多谋，黑暗贤者依什卡菲尔并不需要多么锋利的武器来搏斗，他总是运用强大的心灵之力来征服敌人。他有着颠覆战局使之对己方有利的天才。迎着欢呼和敬意，他从一个叫做幻墙之末的世界走了出来，并不热衷于这个世界的纷争——他是一个来自现实世界之外的勇者。曾经，黑暗贤者是备受人民尊敬的将军，是神王达玛瑞克斯麾下英勇的保卫者，然而他的军队在边境大战的最后几天，被一股更为强大的力量悉数歼灭。面临如此惨败，他绝望的做出了最后一个决定：引诱着敌军进入了幻墙迷宫。在他即将被捕的前一刻，他穿过幻墙，释放出强大的黑暗能量，将幻墙永远的封印起来。当飞扬的尘土归于平静以后，他发现他成功的拯救了自己的人民，而自己却沐浴在另一个世界的阳光下，亦真亦幻，无法回到现实世界。现在，他决心以一名战略家的身份来证明自己的价值，并且立誓要让这个新的世界见识他那伟大的谋略。","dj":"1|15|25","smz":"568|1180|1997","mfz":"351|842|1453","gjl":"58-64|96-102|143-149","hj":"6|8|13","syfw":"1800/800","gjfw":"128","ddsd":"N/A","jdtj1":"http://www.dota2.com.cn/images/property/add/dark_seer.jpg","jdms1":"Dota2中黑暗贤者的出场率很高，他能够配合很多英雄打出精彩比赛，无论团控英雄，还是站桩输出英雄都很喜欢与黑贤配合。这套加点的黑贤可以前期混野，不占线上资源。劣势路单的黑贤也可以很好的混到等级，金钱。前期过于劣势的情况下可以多加一点奔腾用于保命。","jdtj2":null,"jdms2":null,"cmzb":"树之祭祀*1|治疗药膏*1|净化药水*1|圆盾*1|铁树枝干*1","qqzb":"魔棒*1|速度之靴*1|灵魂之戒*1","hxzb":"魔杖*1|奥术鞋*1|梅肯斯姆*1|回城卷轴*1","hqsz":"赤红甲*1|阿哈利姆神杖*1|挑战头巾*1|洞察烟斗*1|闪烁匕首*1|邪恶镰刀*1|希瓦的守护*1|恐鳌之心*1|刷新球*1|卫士胫甲*1","ljt":"http://www.dota2.com.cn/images/property/dragon_knight.gif","path":"dark_seer","zymc":"夜魇","zytb":"http://www.dota2.com.cn/images/heropedia/dire.jpg","yxtp":"http://www.dota2.com.cn/images/others/dark_seer_big1.jpg","gjlxxj":"1","yxdwxj":"1|1|1","llsjsmz":"19","llsjsmhf":"0.03","mjsjhj":"1","mjsjgjsd":"1","zlsjmfz":"13","zlsjmfhf":"0.04","sjgjl":"1","pjsh":"63","gjsd":"112|117|141","gjms":"1.52","gjsh":"60-66","gjjl":"128|128|128","wlhj":"6.68","wlshkx":"25%","mfshkx":"25%","minitb":"http://www.dota2.com.cn/images/heroes/dark_seer_icon.png"},{"id":26,"zwm":"半人马战行者","ywm":"Centaur Warrunner","jc":"人马","xttx":"http://www.dota2.com.cn/images/heroes/centaur_full.png","dttx":"http://www.dota2.com.cn/images/heroes/centaur_vert.jpg","gjlx":"近战","yxlx":"力量","yxdw":"耐久|控制|先手","zltb":"http://www.dota2.com.cn/images/info1301/tit_img01.gif","zljc":"15","zlsj":"1.6","mjtb":"http://www.dota2.com.cn/images/info1301/tit_img02.gif","mjjc":"15","mjsj":"1.6","lltb":"http://www.dota2.com.cn/images/info1301/tit_img03.gif","lljc":"23","llsj":"3.8","gjltb":"http://www.dota2.com.cn/images/info1301/tit_img06.gif","csgjl":"32-34","ydsdtb":"http://www.dota2.com.cn/images/info1301/tit_img05.gif","csydsd":"300","hjtb":"http://www.dota2.com.cn/images/info1301/tit_img04.gif","cshj":"3.1","yxbj":"相传半人马所到之处，尸横遍野。对于名为战行者的半人马，这场面的确相当壮观。外界谣传，这杜鲁德大草原的四足部落里都是头脑简单，性格残暴的生物。他们虽有语言，但无文字；他们的文化没有图画记录，成型音乐，或是正式宗教。半人马认为，战斗是思想的完美阐释，自身实力的最高体现。如果杀戮是半人马部落中的艺术，那么战行者布拉德瓦登就是其中最伟大的艺术家。他获得主宰部落的地位是在古老的欧梅克斯竞技场，半人马部族千年以来聚集于此，行使他们格斗的权利。随着他声名远扬，不少观众都是不远千里前来目睹这名半人马的雄伟风姿。他总是第一个踏入竞技场，最后一个离开，在血肉横飞、刀光剑影中谱写着战斗的巨著。这是鲜血与钢铁织就的诗篇，飘扬在杀戮场上扬起的尘埃中。","dj":"1|15|25","smz":"587|1598|2700","mfz":"195|486|954","gjl":"55-57|108-110|166-168","hj":"3|7|13","syfw":"1800/800","gjfw":"128","ddsd":"N/A","jdtj1":"http://www.dota2.com.cn/images/property/add/centaur_warrunner.jpg","jdms1":"这是最主流的一种人马加点，前期2,1对点现在双刃剑被改成了aoe效果，人马的团战能力和farm效率提升了不止一个档次。大招从刚毅不屈改成了奔袭冲撞，更是直接将人马推上了神坛。如今的人马在小范围gank亦或是团战先手都能够发挥极其出色的作用。","jdtj2":"","jdms2":"","cmzb":"树之祭祀*1|治疗药膏*1|铁树枝干*3|圆盾*1","qqzb":"魔棒*1|速度之靴*1|护腕*1","hxzb":"魔杖*1|静谧之鞋*1|闪烁匕首*1","hqsz":"辉耀*1|恐鳌之心*1|刃甲*1|天堂之戟*1","ljt":"http://www.dota2.com.cn/images/property/centaur_warrunner.gif","path":"centaur_warrunner","zymc":"天辉","zytb":"http://www.dota2.com.cn/images/heropedia/radiant.jpg","yxtp":"http://www.dota2.com.cn/images/others/centaur_big1.jpg","gjlxxj":"1","yxdwxj":"3|2|1","llsjsmz":"19","llsjsmhf":"0.03","mjsjhj":"1","mjsjgjsd":"1","zlsjmfz":"13","zlsjmfhf":"0.04","sjgjl":"1","pjsh":"56","gjsd":"115|123|163","gjms":"1.48","gjsh":"55-57","gjjl":"128|128|128","wlhj":"3","wlshkx":"15%","mfshkx":"25%","minitb":"http://www.dota2.com.cn/images/heroes/centaur_icon.png"},{"id":28,"zwm":"蝙蝠骑士","ywm":"Batrider","jc":"蝙蝠","xttx":"http://www.dota2.com.cn/images/heroes/batrider_full.png","dttx":"http://www.dota2.com.cn/images/heroes/batrider_vert.jpg","gjlx":"远程","yxlx":"智力","yxdw":"先手|控制|爆发|逃生","zltb":"http://www.dota2.com.cn/images/info1301/tit_img01.gif","zljc":"24","zlsj":"2.5","mjtb":"http://www.dota2.com.cn/images/info1301/tit_img02.gif","mjjc":"15","mjsj":"1.5","lltb":"http://www.dota2.com.cn/images/info1301/tit_img03.gif","lljc":"23","llsj":"2.4","gjltb":"http://www.dota2.com.cn/images/info1301/tit_img06.gif","csgjl":"14-18","ydsdtb":"http://www.dota2.com.cn/images/info1301/tit_img05.gif","csydsd":"290","hjtb":"http://www.dota2.com.cn/images/info1301/tit_img04.gif","cshj":"2.1","yxbj":"那些生活在荒狱丛林中的生物根本不知道什么叫和平共处。它们只知道用牙咬，用爪挠，用蛰刺，用蹄踩，即使稍微露怯也能让你立马死去。据说蝙蝠骑士在被外出觅食的食人蝠带走之前，只是一个普通农家的孩子，正在地里帮忙做农活。然而被带走后，他立刻想出了好点子，翻身骑上了抓住他的蝙蝠的后背，转眼间蝙蝠就成了他的工具。当他从那些血腥的尸骸中走出来时，他已经沉醉于战斗给他带来的兴奋和刺激，男孩终于意识到了自己内心深处的渴望。随着他的成长，每个夏天他都会回到家里的农田中，经常外出躲在草丛中，期望能够找回当年的血盆大口和致命的下坠给他带来的面对死亡的兴奋。时间一年年的过去，他的渴望变得愈发强烈。为了快速成长，他参加了每一次的远征，直到他找到了蝙蝠洞穴的路。据说在一个灼热仲夏的前夜，骑手只带了一捆绳索、一瓶壮胆酒以及灼热的决心，为了再次感受到天空，他只身跳入洞穴...","dj":"1|15|25","smz":"587|1225|2061","mfz":"312|767|1352","gjl":"38-42|73-77|118-122","hj":"2|5|10","syfw":"1200/800","gjfw":"375","ddsd":"900","jdtj1":"http://www.dota2.com.cn/images/property/add/batrider.jpg","jdms1":"如今的蝙蝠CW中出场的机会越来越少了，但是在路人局中还是能经常看见的。蝙蝠加点依然是前期主燃油，副火焰，线上无限叠油，累积到一定层数，强杀。唯一值得注意的地方是，现在蝙蝠前期很早的时候要用一级R（烈焰破击）用来打断回城，团战中也可以打乱地方阵型。","jdtj2":"","jdms2":"","cmzb":"树之祭祀*2|圆盾*1|铁树枝干*3","qqzb":"速度之靴*1|魔棒*1|影之灵龛*1","hxzb":"动力鞋*1|闪烁匕首*1|先锋盾*1|魔杖*1|回城卷轴*1","hqsz":"挑战头巾*1|Eul的神圣法杖*1|邪恶镰刀*1|洞察烟斗*1|希瓦的守护*1|原力法杖*1","ljt":"http://www.dota2.com.cn/images/property/beastmaster.gif","path":"batrider","zymc":"夜魇","zytb":"http://www.dota2.com.cn/images/heropedia/dire.jpg","yxtp":"http://www.dota2.com.cn/images/others/batrider_big1.jpg","gjlxxj":"1","yxdwxj":"2|1|1|1","llsjsmz":"19","llsjsmhf":"0.03","mjsjhj":"1","mjsjgjsd":"1","zlsjmfz":"13","zlsjmfhf":"0.04","sjgjl":"1","pjsh":"40","gjsd":"115|121|151","gjms":"1.48","gjsh":"38-42","gjjl":"375|375|375","wlhj":"2","wlshkx":"11%","mfshkx":"25%","minitb":"http://www.dota2.com.cn/images/heroes/batrider_icon.png"},{"id":18,"zwm":"伐木机","ywm":"Timbersaw","jc":"地精撕裂者","xttx":"http://www.dota2.com.cn/images/heroes/shredder_full.png","dttx":"http://www.dota2.com.cn/images/heroes/shredder_vert.jpg","gjlx":"近战","yxlx":"力量","yxdw":"近战|耐久|爆发|逃生","zltb":"http://www.dota2.com.cn/images/info1301/tit_img01.gif","zljc":"21","zlsj":"2.40","mjtb":"http://www.dota2.com.cn/images/info1301/tit_img02.gif","mjjc":"16","mjsj":"1.30","lltb":"http://www.dota2.com.cn/images/info1301/tit_img03.gif","lljc":"25","llsj":"2.10","gjltb":"http://www.dota2.com.cn/images/info1301/tit_img06.gif","csgjl":"26-30","ydsdtb":"http://www.dota2.com.cn/images/info1301/tit_img05.gif","csydsd":"290","hjtb":"http://www.dota2.com.cn/images/info1301/tit_img04.gif","cshj":"0.24","yxbj":"直到现在瑞兹拉克的脑海中仍然还萦绕着那尖叫声。他原来的工作是马不停蹄地转动扳手，扭紧螺丝，搭建模型，切割模具，锻造机器。睡眠离他而去；他终日都在制造机器的工作中度过。就这样，他把自己关在了他叔叔的工坊里。一晃数月过去，工作即将完成，他马上就能得到解放。一天，他抬了抬直掉的眼皮，站起来揉了揉背，看着窗外预兆湾那徐徐的波浪，上面竟飘来了满满的花朵，花朵开始爆裂，变成了花粉云团，直奔肺部而去，碰到的人纷纷倒地。他被呛地一激灵，睡意顿时一扫而空。之后几个小时工坊里尽是抑扬顿挫的磨刀声，他将一套巨大的刀刃磨得锃亮。他的脑海里满是邻居因窒息而死青筋暴起的惨状，被花树包围的房屋。但预兆湾的花潮相比潮水过后城墙外的哀鸿遍野就不值一提了。不过他眼里这套锯齿机器强大而富有安全感，他抱着这一丝希望，这样逐渐模糊的意识里才没有被恐惧全部占据。城市里遍地可见花枝和鲜血。在城市毁灭时，瑞兹拉克逃离了那些能够行走战斗还会杀人的花树。花树毁坏了城门，涌入城市。预兆湾最后召集的守卫也被他们肆意碾压践踏，寥寥无几的难民后面花树还在紧紧地追赶。虽然瑞兹拉克的头脑还是一片混沌，但是他静悄悄地从机器手臂里拽出一根巨大的链条，双手颤抖着检查了每个节点，用战栗的手指按了按链条末端的钢爪。这套锯齿机器已经就绪待命。他颤颤巍巍地用双手将这浑身带着刀刃的机器启动。恐惧，无论是萦绕已久的恐惧还是他接下来要面对的恐惧都在驱使着他，他还怀有让自己头脑冷静的希望。随着机器的震动开始运转，他知道他必须面对这恐惧，他也知道这恐惧他一点也不想要。","dj":"1|15|25","smz":"625|1184|1963","mfz":"273|710|1282","gjl":"51-55|80-84|121-125","hj":"0|3|7","syfw":"1800/800","gjfw":"128","ddsd":"N/A","jdtj1":"http://www.dota2.com.cn/images/property/add/timbersaw.jpg","jdms1":"这是比较主流的伐木机加点，前期主T的性价比要比D高很多。1400码的范围在逃生追杀gank中都能起到非常不错的效果。前期线上无压力可以21对点，力求最大爆发。伐木机很难杀，尤其是高等级，有装备的伐木机。施放技能时尽量贴着树木，神圣伤害的效果还是非常给力的。","jdtj2":null,"jdms2":null,"cmzb":"树之祭祀*1|治疗药膏*1|铁树枝干*3|圆盾*1","qqzb":"速度之靴*1|护腕*1|魔瓶*1","hxzb":"奥术鞋*1|魔杖*1|血精石*1","hqsz":"邪恶镰刀*1|血精石*1|林肯法球*1|黑皇杖*1|达贡之神力*1|希瓦的守护*1","ljt":"http://www.dota2.com.cn/images/property/shredder.gif","path":"timbersaw","zymc":"天辉","zytb":"http://www.dota2.com.cn/images/heropedia/radiant.jpg","yxtp":"http://www.dota2.com.cn/images/others/shredder_big1.jpg","gjlxxj":"1","yxdwxj":"2|1|1","llsjsmz":"19","llsjsmhf":"0.03","mjsjhj":"1","mjsjgjsd":"1","zlsjmfz":"13","zlsjmfhf":"0.04","sjgjl":"1","pjsh":"53","gjsd":"116|121|147","gjms":"1.47","gjsh":"51-55","gjjl":"128|128|128","wlhj":"0","wlshkx":"1%","mfshkx":"25%","minitb":"http://www.dota2.com.cn/images/heroes/shredder_icon.png"}]}