{"hero":{"id":66,"zwm":"魅惑魔女","ywm":"Enchantress","jc":"小鹿","xttx":"http://www.dota2.com.cn/images/heroes/enchantress_full.png","dttx":"http://www.dota2.com.cn/images/heroes/enchantress_vert.jpg","gjlx":"远程","yxlx":"智力","yxdw":"辅助-推进-耐久-打野","zltb":"http://www.dota2.com.cn/images/info1301/tit_img01.gif","zljc":"16","zlsj":"2.8","mjtb":"http://www.dota2.com.cn/images/info1301/tit_img02.gif","mjjc":"19","mjsj":"1.8","lltb":"http://www.dota2.com.cn/images/info1301/tit_img03.gif","lljc":"16","llsj":"1","gjltb":"http://www.dota2.com.cn/images/info1301/tit_img06.gif","csgjl":"31-41","ydsdtb":"http://www.dota2.com.cn/images/info1301/tit_img05.gif","csydsd":"335","hjtb":"http://www.dota2.com.cn/images/info1301/tit_img04.gif","cshj":"1.66","yxbj":"从外表上看，爱由莎就像是一个天真无忧的森林精灵，尽管的确如此，但这也不是对她最为完整的评价。她对自然所遭受的苦难感同身受。她曾跋山涉水，穿越过斑驳的森林，走过四季变换，结识新的朋友，分享新的见闻，为她所到之处带去自然的治愈和欢乐的笑容。因为在那些饱受战乱折磨的地区，森林被大规模的砍伐，用作造船以及制造攻城车；而即使是在和平地区，也有人因为建造房屋而砍伐森林，为添加灶火而毁坏树木。爱由莎从森林中的小精灵处听闻了这些事情，这些小家伙需要森林的荫蔽来繁衍。她耐心的倾听着那些苦于无法倾诉的人诉说着痛苦，坚信自己的鼓励也是一种魅力，一种能够让未来再次充满绿色的魅之魔力。","dj":"1/15/25","smz":"454/720/1290","mfz":"208/718/1342","gjl":"47-57/86-96/134-144","hj":"2/5/11","syfw":"1800/800","gjfw":"550","ddsd":"900","jdtj1":"http://www.dota2.com.cn/images/property/add/enchantress.jpg","jdms1":"这种加法适合中路solo，或者混线流小鹿的打法。1级魅惑保证前期减速效果，主升自然之助和不可侵犯可以让小鹿在对线时占据更多主动。不可侵犯可以视为一个特殊的物理免疫（仅适用于前期），自然之助的存在让那些没有超强爆发的英雄对小鹿再也构不成威胁。大招还是小鹿最主要的输出手段，所以有大招的情况下优先升级大招。","jdtj2":null,"jdms2":null,"cmzb":"树之祭祀*1|力量手套*2|治疗药膏*1|铁树枝干*2","qqzb":"魔棒*1|速度之靴*1","hxzb":"魔杖*1|动力鞋*1|影之灵龛*1|阿哈利姆神杖*1|侦查守卫*1","hqsz":"血精石*1|希瓦的守护*1|邪恶镰刀*1|紫怨*1|恐鳌之心*1|强袭胸甲*1","ljt":"http://www.dota2.com.cn/images/property/enchantress.gif","path":"enchantress","zymc":"天辉","zytb":"http://www.dota2.com.cn/images/heropedia/radiant.jpg","yxtp":"http://www.dota2.com.cn/images/others/enchantress_big1.jpg","gjlxxj":"1","yxdwxj":"2-2-1-1","llsjsmz":"19","llsjsmhf":"0.03","mjsjhj":"1","mjsjgjsd":"1","zlsjmfz":"13","zlsjmfhf":"0.04","sjgjl":"1","pjsh":"52","gjsd":"119/126/162","gjms":"1.43","gjsh":"47-57","gjjl":"550/550/550","wlhj":"1","wlshkx":"9%","mfshkx":"25%","minitb":"http://www.dota2.com.cn/images/heroes/enchantress_icon.png"},"skillList":[{"id":294,"zwm":"魅惑魔女","jnmc":"不可侵犯","jntb":"http://www.dota2.com.cn/images/heroes/abilities/enchantress_untouchable_hp1.png","jnms":"魅惑魔女让她的敌人神魂颠倒，降低他们的攻击速度。持续4秒。","mftb":"http://www.dota2.com.cn/style/../images/info1301/ico1.gif","mfxh":"0","lqtb":"http://www.dota2.com.cn/style/../images/info1301/ico2.gif","lqsj":"0","jnxg":"<span class=\"color_white\">技能：</span>被动|<span class=\"color_white\">攻击速度降低：</span>40/70/100/130|<span class=\"color_white\">无视技能免疫：</span>否|<span class=\"color_white\">减速持续时间：</span>4","jnsp":"http://dota2.dl.wanmei.com/dota2/video/abilities/enchantress_untouchable.mp4","spms":"在攻击爱由莎之后，大多数敌人都会由于攻击了这样一个天然的美人而不知所措。","djjd":"3,8,9,10","ewms":"所有直接以魅惑魔女为攻击或施法单位的敌方单位都会被减速。<br>减速效果在攻击单位产生攻击动作时出现，而不是伤害生效时。"},{"id":295,"zwm":"魅惑魔女","jnmc":"魅惑","jntb":"http://www.dota2.com.cn/images/heroes/abilities/enchantress_enchant_hp1.png","jnms":"魅惑魔女诱惑一个敌人。如果目标是英雄，其移动速度将会被减缓。如果目标是非英雄单位，其将会被魅惑魔女控制。如果是对已被控制的非英雄单位使用，魅惑的持续时间将会被刷新。","mftb":"http://www.dota2.com.cn/style/../images/info1301/ico1.gif","mfxh":"65/65/65/65","lqtb":"http://www.dota2.com.cn/style/../images/info1301/ico2.gif","lqsj":"30/25/20/15","jnxg":"<span class=\"color_white\">技能：</span>单位目标|<span class=\"color_white\">移动速度减缓：</span>20%/30%/40%/50%|<span class=\"color_white\">影响：</span>敌方单位|<span class=\"color_white\">魅惑持续时间: </span>80|<span class=\"color_white\">减速持续时间：</span>5.5/5.5/5.5/5.5","jnsp":"http://dota2.dl.wanmei.com/dota2/video/abilities/enchantress_enchant_sven_running.mp4","spms":"作为森林真正的管理员，无论是卑贱的巨魔还是强大的半人马，爱由莎都会和他们成为朋友。","djjd":"1,12,13,14","ewms":"可以转化幻象。"},{"id":296,"zwm":"魅惑魔女","jnmc":"自然之助","jntb":"http://www.dota2.com.cn/images/heroes/abilities/enchantress_natures_attendants_hp1.png","jnms":"召唤一群小精灵治疗魅惑魔女以及身边的友方单位，持续10秒。","mftb":"http://www.dota2.com.cn/style/../images/info1301/ico1.gif","mfxh":"125/140/155/170","lqtb":"http://www.dota2.com.cn/style/../images/info1301/ico2.gif","lqsj":"45","jnxg":"<span class=\"color_white\">技能：</span>无目标|<span class=\"color_white\">每秒治疗量：</span>10/10/10/10|<span class=\"color_white\">作用范围：</span>275/275/275/275|<span class=\"color_white\">小精灵数量：</span>4/6/8/10","jnsp":"http://dota2.dl.wanmei.com/dota2/video/abilities/enchantress_nature_s_attendants.mp4","spms":"古怪的森林小精灵所有的治疗之力虽然微弱，但可以用数量弥补。","djjd":"2,4,5,7","ewms":"不会选择满血单位进行治疗。<br>治疗效果无视魔法免疫。"},{"id":297,"zwm":"魅惑魔女","jnmc":"推进","jntb":"http://www.dota2.com.cn/images/heroes/abilities/enchantress_impetus_hp1.png","jnms":"激活后每次攻击都有附魔效果，根据与目标的距离造成额外伤害。目标越远，伤害越高。神杖升级: 增加攻击距离。","mftb":"http://www.dota2.com.cn/style/../images/info1301/ico1.gif","mfxh":"55/60/65","lqtb":"http://www.dota2.com.cn/style/../images/info1301/ico2.gif","lqsj":"0","jnxg":"<span class=\"color_white\">技能：</span>自动施放, 单位目标|<span class=\"color_white\">距离伤害加成：</span>15%/20%/25%|<span class=\"color_white\">影响：</span>敌方单位|<span class=\"color_white\">神杖升级攻击距离加成：</span>190/190/190|<span class=\"color_white\">伤害类型：</span>纯粹|<span class=\"color_white\">无视技能免疫：</span>是","jnsp":"http://dota2.dl.wanmei.com/dota2/video/abilities/enchantress_impetus.mp4","spms":"虽然爱由莎更喜欢和平的处事方式，但她还是会用远距离的魔法突击来解决一些问题，她扔出的长矛会从掠过的空气中获得能量。","djjd":"6,11,16","ewms":"造成伤害上限的距离是2500码。<br>计算与目标之间的距离在攻击弹道击中目标时。"}],"qqzbList":[{"goods":{"id":36,"bigtype":"基础物品","type":"奥术","wpmc":"魔棒","wppz":"1","wptp":"http://www.dota2.com.cn/images/items/magic_stick_lg.png","jgtb":"http://www.dota2.com.cn/images/info1301/tit_img07.gif","jg":"200","wpjs":"一个简易但实用的魔杖，能够补充使用者的能量--巫师学徒和高级术士都喜欢。","wpzyms":"","wpsyff":"主动：充能 - 每当周围有敌人施放技能都会自动充能（最多10点能量）。当使用时，每点能量为你回复生命值和魔法值。","wpxg":"每点能量回复：<span class=\"color_yellow\">15</span>","lqsjtb":"http://www.dota2.com.cn/images/info1301/ico2.gif","lqsj":"13","mfxhtb":"","mfxh":"","qzwptb":"","wpzyms2":"1200码视野范围内敌人使用技能就会获得点数。<br>部分英雄技能和物品技能的施放将不会增加点数。","item_en":"magic_stick"},"count":1},{"goods":{"id":39,"bigtype":"基础物品","type":"奥术","wpmc":"速度之靴","wppz":"1","wptp":"http://www.dota2.com.cn/images/items/boots_lg.png","jgtb":"http://www.dota2.com.cn/images/info1301/tit_img07.gif","jg":"450","wpjs":"穿双鞋子，跑的更快。","wpzyms":"移动速度提升效果不与其他鞋子叠加。","wpsyff":"","wpxg":"+ <span class=\"color_yellow\">50</span> 移动速度","lqsjtb":"","lqsj":"","mfxhtb":"","mfxh":"","qzwptb":"","wpzyms2":"","item_en":"boots"},"count":1}],"cmzbList":[{"goods":{"id":2,"bigtype":"基础物品","type":"消耗品","wpmc":"树之祭祀","wppz":"3","wptp":"http://www.dota2.com.cn/images/items/tango_lg.png","jgtb":"http://www.dota2.com.cn/images/info1301/tit_img07.gif","jg":"125","wpjs":"战场上的救命稻草。","wpzyms":"","wpsyff":"使用：吃树-吃掉一棵树来恢复生命值。可以使用4次。","wpxg":"持续时间：<span class=\"color_yellow\">16</span><br/>生命恢复量：<span class=\"color_yellow\">115</span>","lqsjtb":"","lqsj":"","mfxhtb":"","mfxh":"","qzwptb":"","wpzyms2":"","item_en":"tango"},"count":1},{"goods":{"id":13,"bigtype":"基础物品","type":"属性","wpmc":"力量手套","wppz":"1","wptp":"http://www.dota2.com.cn/images/items/gauntlets_lg.png","jgtb":"http://www.dota2.com.cn/images/info1301/tit_img07.gif","jg":"150","wpjs":"带来野兽般力量的钉饰皮革手套。","wpzyms":"","wpsyff":"","wpxg":"+ <span class=\"color_yellow\">3</span> 力量","lqsjtb":"","lqsj":"","mfxhtb":"","mfxh":"","qzwptb":"","wpzyms2":"","item_en":"gauntlets"},"count":2},{"goods":{"id":3,"bigtype":"基础物品","type":"消耗品","wpmc":"治疗药膏","wppz":"3","wptp":"http://www.dota2.com.cn/images/items/flask_lg.png","jgtb":"http://www.dota2.com.cn/images/info1301/tit_img07.gif","jg":"115","wpjs":"即使最严重的伤口也能快速治愈的魔法药膏。","wpzyms":"","wpsyff":"使用：恢复 - 持续恢复生命值，受到攻击会驱散效果。","wpxg":"持续时间：<span class=\"color_yellow\">10</span><br/>生命回复量：<span class=\"color_yellow\">400</span>","lqsjtb":"","lqsj":"","mfxhtb":"","mfxh":"","qzwptb":"","wpzyms2":"治疗药膏可以共享。","item_en":"flask"},"count":1},{"goods":{"id":12,"bigtype":"基础物品","type":"属性","wpmc":"铁树枝干","wppz":"1","wptp":"http://www.dota2.com.cn/images/items/branches_lg.png","jgtb":"http://www.dota2.com.cn/images/info1301/tit_img07.gif","jg":"50","wpjs":"一根看起来很普通的树枝，它如铁般坚硬的品质赋予持有者好运。","wpzyms":"","wpsyff":"","wpxg":"+ <span class=\"color_yellow\">1</span> 所有属性","lqsjtb":"","lqsj":"","mfxhtb":"","mfxh":"","qzwptb":"","wpzyms2":"","item_en":"branches"},"count":2}],"adapt_type_list":[{"id":13,"zwm":"陈","ywm":"Chen","jc":"Chen","xttx":"http://www.dota2.com.cn/images/heroes/chen_full.png","dttx":"http://www.dota2.com.cn/images/heroes/chen_vert.jpg","gjlx":"远程","yxlx":"智力","yxdw":"辅助|打野|推进","zltb":"http://www.dota2.com.cn/images/info1301/tit_img01.gif","zljc":"21","zlsj":"2.8","mjtb":"http://www.dota2.com.cn/images/info1301/tit_img02.gif","mjjc":"15","mjsj":"2.1","lltb":"http://www.dota2.com.cn/images/info1301/tit_img03.gif","lljc":"20","llsj":"1.5","gjltb":"http://www.dota2.com.cn/images/info1301/tit_img06.gif","csgjl":"22-32","ydsdtb":"http://www.dota2.com.cn/images/info1301/tit_img05.gif","csydsd":"300","hjtb":"http://www.dota2.com.cn/images/info1301/tit_img04.gif","cshj":"1.1","yxbj":"生于无信仰的哈扎达尔废墟，陈出生的年代正是那些沙漠中的游荡部落苦苦挣扎求生的时期。通过古老的动物奴役手段，陈的同胞们悉心的看护着沙漠中特有的掘地蜥，这是一种发育不良的掘地龙变种，能够将沙熔为集雨的玻璃管道——尽管两年才下一次雨。长期挣扎在饥荒和干旱的边缘，不停和周围的部落争斗，陈的部落做了一个错误的决定，在宿命注定的那一天，他们袭击了一个不该袭击的车队。在接下来的残酷战斗中，陈的部落完全处于下风。他们的袭击对象——全副武装的教会骑士，很快的清理掉了一大波攻击的掘地蜥。随着部落的神龙死去，族人们也接连被杀死。陈挣扎着，忍着刀伤，爬行着，几近死去。失败以后，他跪着准备接受充满羞辱的处决，引颈待戮。仲裁者被陈的勇气所打动，没有处死他。他给陈提供了一个选择：死亡还是转变信仰。陈开始执着的信仰神灵。他加入了教会，通过一次又一次血腥的改造，他逐渐赢得了自己的地位和武装。而现在，出于对改造他人信仰的狂热，力量达到巅峰的他，和他的动物奴役一起，寻找着那些无信仰之人，给予最终的“赏赐”。","dj":"1|15|25","smz":"530|929|1594","mfz":"273|783|1407","gjl":"43-53|82-92|130-140","hj":"1|5|11","syfw":"1800/800","gjfw":"600","ddsd":"1100","jdtj1":"http://www.dota2.com.cn/images/property/add/chen.jpg","jdms1":"如今的chen已经成为dota2中不ban即选的主流英雄，出色的打野能力，线上支援能力，推进能力，chen似乎越来越适合现在gank转推进的dota节奏，主神圣劝化，想要玩好chen不招宝宝怎么行，赎罪和忠诚考验中期可以选择一个主加，两个技能都不错，队内缺少控制留人技能主加e，缺少输出爆发则可以主加忠诚考验。","jdtj2":"","jdms2":"","cmzb":"树之祭祀*1|治疗药膏*1|净化药水*1|守护指环*1|动物信使*1","qqzb":"速度之靴*1|王者之戒*1|恢复头巾*1","hxzb":"奥术鞋*1|梅肯斯姆*1|侦查守卫*1","hqsz":"阿哈利姆神杖*1|弗拉迪米尔的祭品*1|邪恶镰刀*1|死灵书*1|韧鼓*1|幽魂权杖*1","ljt":"http://www.dota2.com.cn/images/property/chen.gif","path":"chen","zymc":"天辉","zytb":"http://www.dota2.com.cn/images/heropedia/radiant.jpg","yxtp":"http://www.dota2.com.cn/images/others/chen_big1.jpg","gjlxxj":"1","yxdwxj":"3|3|2","llsjsmz":"19","llsjsmhf":"0.03","mjsjhj":"1","mjsjgjsd":"1","zlsjmfz":"13","zlsjmfhf":"0.04","sjgjl":"1","pjsh":"48","gjsd":"115|123|165","gjms":"1.48","gjsh":"43-53","gjjl":"600|600|600","wlhj":"1","wlshkx":"6%","mfshkx":"25%","minitb":"http://www.dota2.com.cn/images/heroes/chen_icon.png"},{"id":77,"zwm":"水晶室女","ywm":"Crystal Maiden","jc":"冰女","xttx":"http://www.dota2.com.cn/images/heroes/crystal_maiden_full.png","dttx":"http://www.dota2.com.cn/images/heroes/crystal_maiden_vert.jpg","gjlx":"远程","yxlx":"智力","yxdw":"辅助|控制|爆发|对线辅助","zltb":"http://www.dota2.com.cn/images/info1301/tit_img01.gif","zljc":"16","zlsj":"2.9","mjtb":"http://www.dota2.com.cn/images/info1301/tit_img02.gif","mjjc":"16","mjsj":"1.6","lltb":"http://www.dota2.com.cn/images/info1301/tit_img03.gif","lljc":"16","llsj":"1.7","gjltb":"http://www.dota2.com.cn/images/info1301/tit_img06.gif","csgjl":"19-25","ydsdtb":"http://www.dota2.com.cn/images/info1301/tit_img05.gif","csydsd":"280","hjtb":"http://www.dota2.com.cn/images/info1301/tit_img04.gif","cshj":"1.24","yxbj":"水晶室女莉莱出生在一个气候温和的地区，与性子火爆的姐姐莉娜一起长大，她很快就发现她天生对冰元素的吸引力给周围所有人制造了麻烦。只要她在附近坐下休息，井水和山泉瞬间就会被冻住；成熟的庄稼被寒霜冻伤，果园变成了冰的迷宫，然后垮塌损毁。当他们无奈的父母把莉娜送到南方后，又把莉莱流放到了寒冷北方的冰川残骸，一个隐居在蓝心冰川顶峰的寒冰巫师收留了她。经过长期的学习后，巫师认为莉莱已经能够独立的修习冰冻魔法了，于是他便降入冰川内开始千年的冬眠。从那以后，莉莱的冰冻法术变的愈发精湛，而现在，她的魔法已无可匹敌。","dj":"1|15|25","smz":"454|906|1609","mfz":"208|736|1343","gjl":"35-41|76-82|125-131","hj":"1|4|9","syfw":"1800/800","gjfw":"600","ddsd":"900","jdtj1":"http://www.dota2.com.cn/images/property/add/crystal_maiden.jpg","jdms1":"上来先加冰霜新星有利于帮助队友拿1血，然后加个冰封禁制，有了控制以防不备之需，然后就是奥术光环，冰女的灵魂技能，无论何种加点方式7级时满光环是优秀的辅助冰女不二选择。冰封禁制、冰霜新星：两个限制技能各有千秋，前者偏控制，后者偏限制。无论版本如何改动还是改变不了冰女打辅助为主的命，具体哪个技能第二优先点满看阵容及场上形势决定。前期两者各升一级是必须的。","jdtj2":null,"jdms2":null,"cmzb":"树之祭祀*1|治疗药膏*1|净化药水*1|力量手套*1|动物信使*1|铁树枝干*1","qqzb":"魔棒*1|速度之靴*1|护腕*1|护腕*1","hxzb":"魔杖*1|静谧之鞋*1|韧鼓*1|侦查守卫*1","hqsz":"Eul的神圣法杖*1|幽魂权杖*1|邪恶镰刀*1|阿哈利姆神杖*1|希瓦的守护*1|影刃*1","ljt":"http://www.dota2.com.cn/images/property/crystal_maiden.gif","path":"crystal_maiden","zymc":"天辉","zytb":"http://www.dota2.com.cn/images/heropedia/radiant.jpg","yxtp":"http://www.dota2.com.cn/images/others/crystal_maiden_big1.jpg","gjlxxj":"1","yxdwxj":"3|2|2|1","llsjsmz":"19","llsjsmhf":"0.03","mjsjhj":"1","mjsjgjsd":"1","zlsjmfz":"13","zlsjmfhf":"0.04","sjgjl":"1","pjsh":"41","gjsd":"116|122|154","gjms":"1.47","gjsh":"38-44","gjjl":"600|600|600","wlhj":"1","wlshkx":"6%","mfshkx":"25%","minitb":"http://www.dota2.com.cn/images/heroes/crystal_maiden_icon.png"},{"id":2,"zwm":"复仇之魂","ywm":"Vengeful Spirit","jc":"VS、仙德尔莎?丝木","xttx":"http://www.dota2.com.cn/images/heroes/vengefulspirit_full.png","dttx":"http://www.dota2.com.cn/images/heroes/vengefulspirit_vert.jpg","gjlx":"远程","yxlx":"敏捷","yxdw":"辅助|控制|对线辅助|先手","zltb":"http://www.dota2.com.cn/images/info1301/tit_img01.gif","zljc":"15","zlsj":"1.75","mjtb":"http://www.dota2.com.cn/images/info1301/tit_img02.gif","mjjc":"27","mjsj":"3.3","lltb":"http://www.dota2.com.cn/images/info1301/tit_img03.gif","lljc":"18","llsj":"2.6","gjltb":"http://www.dota2.com.cn/images/info1301/tit_img06.gif","csgjl":"12月26日","ydsdtb":"http://www.dota2.com.cn/images/info1301/tit_img05.gif","csydsd":"300","hjtb":"http://www.dota2.com.cn/images/info1301/tit_img04.gif","cshj":"3.78","yxbj":"天怒一族这种生物，即使最满足最安心的时候脾气也很暴躁，他们天生就会为了最微不足道的侮辱寻求复仇。然而复仇本来就是复仇之魂的本质所在。曾经作为一个自傲而残暴的天怒之子，仙德尔莎是苍白之巢的第一继承人，直到一个姐妹背叛了她，夺走了她的继承权.被暗杀者的陷阱困住以后，仙德尔莎以双翼为代价，逃出生天。用对于这一族最丢脸的方式：步行，颠簸逃离了。仙德尔莎明白天怒一族再也不会接受失去翅膀的她作为统治者。而且对于处于最高处的苍白之巢，没有能够飞翔的翅膀是无法接近的，她将无法碰到她的姐妹。不甘作为一个无法飞翔的废物苟活，她对于复仇的渴望超越了所有的俗世欲望，堕落的公主向女神丝奎奥克乞求：放弃了她残破的身体，化为了一种靠复仇驱动，能够对物质世界做出巨大破坏的不朽精神能量。她或许永远都不能飞翔了，但她的复仇将永远持续下去。","dj":"1|15|25","smz":"492|1184|2058","mfz":"195|514|1001","gjl":"39-53|85-99|138-152","hj":"4|10|18","syfw":"1800/800","gjfw":"400","ddsd":"1500","jdtj1":"http://www.dota2.com.cn/images/property/add/vengeful_spirit.jpg","jdms1":"这套加点主魔法箭副加恐怖波动，适合全gank位置复仇之魂选择，魔法箭等级增加伤害增加，恐怖波动减甲开视野的效果明显，前期光环提升作用并非很大。","jdtj2":null,"jdms2":null,"cmzb":"树之祭祀*1|治疗药膏*1|净化药水*1|圆环*1|动物信使*1","qqzb":"魔棒*1|速度之靴*1|天鹰之戒*1","hxzb":"魔杖*1|动力鞋*1|勇气勋章*1|侦查守卫*1|回城卷轴*1","hqsz":"阿哈利姆神杖*1|原力法杖*1|闪烁匕首*1|黯灭*1|蝴蝶*1|幻影斧*1|恐鳌之心*1|韧鼓*1|炎阳纹章*1|微光披风*1","ljt":"http://www.dota2.com.cn/images/property/vengefulspirit.gif","path":"vengeful_spirit","zymc":"天辉","zytb":"http://www.dota2.com.cn/images/heropedia/radiant.jpg","yxtp":"http://www.dota2.com.cn/images/others/vengefulspirit_big1.jpg","gjlxxj":"1","yxdwxj":"2|2|1|1","llsjsmz":"19","llsjsmhf":"0.03","mjsjhj":"1","mjsjgjsd":"1","zlsjmfz":"13","zlsjmfhf":"0.04","sjgjl":"1","pjsh":"46","gjsd":"127|166|194","gjms":"1.34","gjsh":"39-53","gjjl":"400|400|400","wlhj":"3","wlshkx":"18%","mfshkx":"25%","minitb":"http://www.dota2.com.cn/images/heroes/vengefulspirit_icon.png"}],"videoList":[{"id":68,"spdz":"http://dota2.dl.wanmei.com/dota2/patch/enchantress_basic.flv","zwm":"魅惑魔女","splx":"新手教学","createtime":null,"img":"http://www.dota2.com.cn/apps/dota2/images/video/raider/enchantress_basic.jpg","bfsc":"2:45","gxsj":"2013-10-30","spbb":"6.79","spdzm":"http://dota2.dl.wanmei.com/dota2/video/enchantress_basic.mp4"}],"recommendList":[{"id":103,"gldz":"http://www.dota2.com.cn/raiders/newer/20131029/152545.shtml","tm":"DOTA2新手成神之路魅惑魔女中单攻略","sj":"2013-10-29","zwm":"魅惑魔女","tp":"http://dota2.wanmei.com/resources/jpg/140212/10251392197267467.jpg","js":"从外表上看，爱由莎就像是一个天真无忧的森林精灵，尽管的确如此，但这也不是对她最为完整的评价。"}],"adapt_bkz_list":[{"id":9,"zwm":"幻影刺客","ywm":"Phantom Assassin","jc":"PA、幻刺、魅影之纱","xttx":"http://www.dota2.com.cn/images/heroes/phantom_assassin_full.png","dttx":"http://www.dota2.com.cn/images/heroes/phantom_assassin_vert.jpg","gjlx":"近战","yxlx":"敏捷","yxdw":"核心|逃生","zltb":"http://www.dota2.com.cn/images/info1301/tit_img01.gif","zljc":"13","zlsj":"1","mjtb":"http://www.dota2.com.cn/images/info1301/tit_img02.gif","mjjc":"23","mjsj":"3.15","lltb":"http://www.dota2.com.cn/images/info1301/tit_img03.gif","lljc":"20","llsj":"1.85","gjltb":"http://www.dota2.com.cn/images/info1301/tit_img06.gif","csgjl":"23-25","ydsdtb":"http://www.dota2.com.cn/images/info1301/tit_img05.gif","csydsd":"310","hjtb":"http://www.dota2.com.cn/images/info1301/tit_img04.gif","cshj":"4.22","yxbj":"通过占卜和预见，魅影之纱一直严格的甄选一些婴儿来抚养成人，成为她们的刺客。这是一个将刺杀视作神圣的自然法则的女刺客同盟。魅影之纱通过冥想和神谕来确定他们的暗杀目标。她们不被任何条款所束缚，也从不因为政治斗争或者金钱利益刺杀。她们的刺杀完全没有时间规律，似乎是随性为之：不管你是手握大权，还是平凡农夫，对她们来说，你的死法都是一样的。即使这些刺杀行为有一个固定的套路，那也是只有组织成员才知道。她们把目标看做必要的牺牲品，而死亡则是荣耀加身。作为幻影刺客，她们的身份从小就只有组织内的人才知道，而任何一个幻影刺客都能填补另一个的空缺；她们甚至连代号都不为人知。也许成员有很多，也许只有几个。那谜样面纱之下的真相无人知晓。只有一个，在四下无人之时，那面纱会时不时的被隐秘低语所拂动，低语中，是她自己的名字：茉崔蒂。","dj":"1|15|25","smz":"530|1022|1754","mfz":"169|351|741","gjl":"46-48|90-92|142-144","hj":"4|10|18","syfw":"1800/800","gjfw":"128","ddsd":"N/A","jdtj1":"http://www.dota2.com.cn/images/property/add/phantom_assassin.jpg","jdms1":"幻影刺客也是Dota几个“无敌后期”中的人选，这套加点是目前比较主流的pa打法套路。前期点一级模糊做为别人gank自己时的报警器。主D可以让幻刺更从容的在线上补刀，毕竟是近战后期，免不了受到对方强力英雄的轮番照顾。中期将闪烁点满，收割，切入都能有着很好的效果。","jdtj2":"","jdms2":"","cmzb":"树之祭祀*1|治疗药膏*1|铁树枝干*3|圆盾*1","qqzb":"魔棒*1|速度之靴*1|天鹰之戒*1","hxzb":"魔杖*1|相位鞋*1|黑皇杖*1","hqsz":"恐鳌之心*1|强袭胸甲*1|蝴蝶*1|深渊之刃*1","ljt":"http://www.dota2.com.cn/images/property/phantom_assassin.gif","path":"phantom_assassin","zymc":"夜魇","zytb":"http://www.dota2.com.cn/images/heropedia/dire.jpg","yxtp":"http://www.dota2.com.cn/images/others/phantom_assassin_big1.jpg","gjlxxj":"1","yxdwxj":"3|1","llsjsmz":"19","llsjsmhf":"0.03","mjsjhj":"1","mjsjgjsd":"1","zlsjmfz":"13","zlsjmfhf":"0.04","sjgjl":"1","pjsh":"47","gjsd":"123|136|199","gjms":"1.38","gjsh":"46-48","gjjl":"128|128|128","wlhj":"4","wlshkx":"20%","mfshkx":"25%","minitb":"http://www.dota2.com.cn/images/heroes/phantom_assassin_icon.png"},{"id":92,"zwm":"熊战士","ywm":"Ursa","jc":"拍拍熊","xttx":"http://www.dota2.com.cn/images/heroes/ursa_full.png","dttx":"http://www.dota2.com.cn/images/heroes/ursa_vert.jpg","gjlx":"近战","yxlx":"敏捷","yxdw":"核心|打野|耐久","zltb":"http://www.dota2.com.cn/images/info1301/tit_img01.gif","zljc":"16","zlsj":"1.5","mjtb":"http://www.dota2.com.cn/images/info1301/tit_img02.gif","mjjc":"18","mjsj":"2.1","lltb":"http://www.dota2.com.cn/images/info1301/tit_img03.gif","lljc":"23","llsj":"2.7","gjltb":"http://www.dota2.com.cn/images/info1301/tit_img06.gif","csgjl":"27-31","ydsdtb":"http://www.dota2.com.cn/images/info1301/tit_img05.gif","csydsd":"310","hjtb":"http://www.dota2.com.cn/images/info1301/tit_img04.gif","cshj":"5.52","yxbj":"战士乌尔萨是熊怪部落最强大的一员，保护着他的家园和人民。在漫长的冬季，当女性族人在睡觉和照料后代时，男性则外出巡逻，他们不知疲倦、保持警惕，按自古以来的传统守卫着部落。乌尔萨听见一些模糊但在增加的传言说有一股邪恶势力正在扩散，他便跑出了这个野性部族的边界线，希望追踪到这个邪恶势力并在它能危害到他的人民之前，就将其在源头摧毁。自豪的乌尔萨有着光明且强大的灵魂，他是个绝对值得信任的忠实战友和守卫者。","dj":"1|15|25","smz":"587|1305|2198","mfz":"208|481|936","gjl":"45-49|74-78|115-119","hj":"6|10|15","syfw":"1800/800","gjfw":"128","ddsd":"N/A","jdtj1":"http://www.dota2.com.cn/images/property/add/ursa.jpg","jdms1":"熊战士真没有什么非主流加点，前期唯一的加点出入可能就是在学震撼大地的等级上，有人喜欢后面补，有人喜欢前期学。主要还是根据个人习惯，以及阵容搭配，在控制多的情况下，熊战士可以晚点学习震撼大地。","jdtj2":null,"jdms2":null,"cmzb":"树之祭祀*2|治疗药膏*1|铁树枝干*1|圆盾*1","qqzb":"速度之靴*1|魔棒*1|王者之戒*1","hxzb":"相位鞋*1|魔杖*1|弗拉迪米尔的祭品*1|闪烁匕首*1","hqsz":"蝴蝶*1|黯灭*1|强袭胸甲*1|金箍棒*1|代达罗斯之殇*1|恐鳌之心*1","ljt":"http://www.dota2.com.cn/images/property/ursa.gif","path":"ursa","zymc":"天辉","zytb":"http://www.dota2.com.cn/images/heropedia/radiant.jpg","yxtp":"http://www.dota2.com.cn/images/others/ursa_big1.jpg","gjlxxj":"1","yxdwxj":"2|2|1","llsjsmz":"19","llsjsmhf":"0.03","mjsjhj":"1","mjsjgjsd":"1","zlsjmfz":"13","zlsjmfhf":"0.04","sjgjl":"1","pjsh":"47","gjsd":"118|126|168","gjms":"1.44","gjsh":"45-49","gjjl":"128|128|128","wlhj":"5","wlshkx":"24%","mfshkx":"25%","minitb":"http://www.dota2.com.cn/images/heroes/ursa_icon.png"},{"id":72,"zwm":"食人魔魔法师","ywm":"Ogre Magi","jc":"蓝胖子","xttx":"http://www.dota2.com.cn/images/heroes/ogre_magi_full.png","dttx":"http://www.dota2.com.cn/images/heroes/ogre_magi_vert.jpg","gjlx":"近战","yxlx":"智力","yxdw":"爆发|控制|耐久","zltb":"http://www.dota2.com.cn/images/info1301/tit_img01.gif","zljc":"17","zlsj":"2.4","mjtb":"http://www.dota2.com.cn/images/info1301/tit_img02.gif","mjjc":"14","mjsj":"1.55","lltb":"http://www.dota2.com.cn/images/info1301/tit_img03.gif","lljc":"23","llsj":"3.2","gjltb":"http://www.dota2.com.cn/images/info1301/tit_img06.gif","csgjl":"41-47","ydsdtb":"http://www.dota2.com.cn/images/info1301/tit_img05.gif","csydsd":"295","hjtb":"http://www.dota2.com.cn/images/info1301/tit_img04.gif","cshj":"7.96","yxbj":"普通食人魔的愚蠢正是一句俗话“蠢的像一袋石头一样”所形容的。在自然状况下，一只食人魔完全没有能力做任何事或下决定。他们不仅邋遢至极，有时一只食人魔还会发现自己吃完一头动物后居然被困在它的皮囊里。食人魔并非社会性生物，经常有人发现他们大岩石或者树桩亲昵的依偎在一起，显然是将这些东西错认成了他们的同类（这也许可以解释食人魔的低繁殖率）。然而，每一世代的食人魔中，都会诞生一只双头的食人魔魔法师，一出生就会立刻被授予传统名字：阿格隆·碎石者，这个名字属于它们种族历史上第一个以及或许是每一世代中唯一有智慧的食人魔。有两个脑袋的食人魔魔法师发现他可以比其他只有一个脑袋的生物更高效的行事。尽管食人魔魔法师无法赢得任何辩论（即使和它自己），但它天生就属于傻人有傻福，这命运中的意外收获让这个无法供养自己的种族在敌人的威胁和恶劣的天气下能繁荣起来。就好像是幸运女神对这个平均智商低下的种族的特别眷顾一样，她赐予了他们食人魔法师。她还能怎样呢？真是可怜的家伙们。","dj":"1|15|25","smz":"587|1438|2426","mfz":"221|658|1230","gjl":"58-64|92-98|136-142","hj":"8|11|16","syfw":"1800/800","gjfw":"128","ddsd":"N/A","jdtj1":"http://www.dota2.com.cn/images/property/add/ogre_magi.jpg","jdms1":"食人魔魔法师的加点没有什么太多的变化余地，前期主火焰爆轰、辅引燃以达到最大爆发。蓝胖主要担任前期Gank、辅助，后期肉盾、控制的角色。","jdtj2":null,"jdms2":null,"cmzb":"动物信使*1|树之祭祀*1|治疗药膏*1|净化药水*1|铁树枝干*3","qqzb":"魔棒*1|速度之靴*1|护腕*1","hxzb":"魔杖*1|梅肯斯姆*1|奥术鞋*1","hqsz":"邪恶镰刀*1|希瓦的守护*1|恐鳌之心*1|刷新球*1|死灵书*1","ljt":"http://www.dota2.com.cn/images/property/ogre_magi.gif","path":"ogre_magi","zymc":"天辉","zytb":"http://www.dota2.com.cn/images/heropedia/radiant.jpg","yxtp":"http://www.dota2.com.cn/images/others/ogre_magi_big1.jpg","gjlxxj":"1","yxdwxj":"2|2|1","llsjsmz":"19","llsjsmhf":"0.03","mjsjhj":"1","mjsjgjsd":"1","zlsjmfz":"13","zlsjmfhf":"0.04","sjgjl":"1","pjsh":"61","gjsd":"114|120|151","gjms":"1.49","gjsh":"58-64","gjjl":"128|128|128","wlhj":"8","wlshkx":"26%","mfshkx":"25%","minitb":"http://www.dota2.com.cn/images/heroes/ogre_magi_icon.png"},{"id":10,"zwm":"幻影长矛手","ywm":"Phantom Lancer","jc":"猴子、阿兹瑞斯","xttx":"http://www.dota2.com.cn/images/heroes/phantom_lancer_full.png","dttx":"http://www.dota2.com.cn/images/heroes/phantom_lancer_vert.jpg","gjlx":"近战","yxlx":"敏捷","yxdw":"核心|逃生|推进","zltb":"http://www.dota2.com.cn/images/info1301/tit_img01.gif","zljc":"21","zlsj":"2.0","mjtb":"http://www.dota2.com.cn/images/info1301/tit_img02.gif","mjjc":"29","mjsj":"2.6","lltb":"http://www.dota2.com.cn/images/info1301/tit_img03.gif","lljc":"21","llsj":"1.7","gjltb":"http://www.dota2.com.cn/images/info1301/tit_img06.gif","csgjl":"22-44","ydsdtb":"http://www.dota2.com.cn/images/info1301/tit_img05.gif","csydsd":"290","hjtb":"http://www.dota2.com.cn/images/info1301/tit_img04.gif","cshj":"4.06","yxbj":"遥远的极地村庄对于王国中心地带肆虐的战火一无所知。对于那里的村民们来说，用长矛刺鱼、一家人聚餐就是生活的全部。但是战争还是到来了。征兵令传来后，出身卑微的长矛手阿兹瑞斯作为一个身体健全的士兵，加入了军队，宣誓给王国带来和平，这样做也是为了给他的村庄带来和平。他和他的族人在对抗恐怖巫师沃恩的最终进攻中被安排为前锋，这使他们付出了几乎全灭的代价。当前锋队一路战斗到敌人的堡垒下时，长矛手的族人已经只剩阿兹瑞斯一个人了，他作为最后一人，成功地潜入了巫师的城堡。族人的死激怒了阿兹瑞斯，他闯过了巫师设置的每一个死亡陷阱，打败了所有巫师召唤的幻象守卫。很快，这个出身低微的渔夫抵达了沃恩的高塔圣所。两人激战了一整晚，长矛和法杖的对决掀起了狂怒的混沌，最终在一声震耳欲聋的嘶吼中，阿兹瑞斯的长矛刺穿了巫师的身体。但是巫师并没有单纯的死去；他爆裂成无数光影的碎片，以巨大的力量穿透了杀死他的阿兹瑞斯。尘埃落定，战斗激起的烟雾散去后，阿兹瑞斯发现他站在一群他的族人之中。每个人都穿的和他一样，每个人都拿着和他一样的武器，而且他能感觉到每个人都和他在进行同样的思考。意识到王国军在接近，阿兹瑞斯希望这些幻影赶快藏起来，于是他们就一个接一个遁入了虚无。士兵们到达塔顶后发现巫师已经被阿兹瑞斯打倒了。当他们靠近这位战士时，长矛手突然消失了。刚才站在他们面前的长矛手只是一个幻影而已。真正的阿兹瑞斯早已逃离了战场，为他的怒火而羞愧，为他失去的同胞而痛心，他坚定了要用今后的战斗为村人带来和平的决心。","dj":"1|15|25","smz":"549|1001|1704","mfz":"273|637|1157","gjl":"51-73|87-109|133-155","hj":"4|9|16","syfw":"1800/800","gjfw":"128","ddsd":"N/A","jdtj1":"http://www.dota2.com.cn/images/property/add/phantom_lancer.jpg","jdms1":"猴子推荐主加灵魂之矛，其它的比较灵活，可以根据个人打法和战场局势灵活处理。不过至少要有1级的神出鬼没，关键时刻用来逃生，而且隐身升级高了之后耗蓝比较少，还是很划得来的。","jdtj2":null,"jdms2":null,"cmzb":"树之祭祀*1|治疗药膏*1|铁树枝干*3|圆盾*1","qqzb":"魔棒*1|速度之靴*1|天鹰之戒*1","hxzb":"魔杖*1|静谧之鞋*1|净魂之刃*1","hqsz":"恐鳌之心*1|幻影斧*1|蝴蝶*1|深渊之刃*1","ljt":"http://www.dota2.com.cn/images/property/phantom_lancer.gif","path":"phantom_lancer","zymc":"天辉","zytb":"http://www.dota2.com.cn/images/heropedia/radiant.jpg","yxtp":"http://www.dota2.com.cn/images/others/phantom_lancer_big1.jpg","gjlxxj":"1","yxdwxj":"2|2|1","llsjsmz":"19","llsjsmhf":"0.03","mjsjhj":"1","mjsjgjsd":"1","zlsjmfz":"13","zlsjmfhf":"0.04","sjgjl":"1","pjsh":"56","gjsd":"123|140|224","gjms":"1.38","gjsh":"51-73","gjjl":"128|128|128","wlhj":"4","wlshkx":"16%","mfshkx":"25%","minitb":"http://www.dota2.com.cn/images/heroes/phantom_lancer_icon.png"},{"id":73,"zwm":"噬魂鬼","ywm":"Lifestealer","jc":"小狗","xttx":"http://www.dota2.com.cn/images/heroes/life_stealer_full.png","dttx":"http://www.dota2.com.cn/images/heroes/life_stealer_vert.jpg","gjlx":"近战","yxlx":"力量","yxdw":"核心|耐久|打野|逃生","zltb":"http://www.dota2.com.cn/images/info1301/tit_img01.gif","zljc":"15","zlsj":"1.75","mjtb":"http://www.dota2.com.cn/images/info1301/tit_img02.gif","mjjc":"18","mjsj":"1.90","lltb":"http://www.dota2.com.cn/images/info1301/tit_img03.gif","lljc":"25","llsj":"2.40","gjltb":"http://www.dota2.com.cn/images/info1301/tit_img06.gif","csgjl":"32-42","ydsdtb":"http://www.dota2.com.cn/images/info1301/tit_img05.gif","csydsd":"315","hjtb":"http://www.dota2.com.cn/images/info1301/tit_img04.gif","cshj":"1.52","yxbj":"在德瓦克地下城中，关押着一个一心想要复仇的巫师，他正在密谋着如何逃跑。和他被关在同一间牢房的，是一个口齿不清的生物，一个名叫奈克斯的贼，它被邪恶议会施加了长命百岁的诅咒，这样才有足够的时间来尽可能多的惩罚它的偷窃和欺骗的行径。年复一年，它的枷锁已然被侵蚀得不成样子，它的思维也不再清醒；奈克斯已经完全忘记了以前的事情，也不再想着逃跑。巫师见状，觉得自己为逃跑大计找到了一个完美的牺牲品，于是对奈克斯施放了感染之咒，将自己的生命之力灌注到奈克斯的躯壳里，然后指使奈克斯制造暴乱，牺牲它的躯体来破坏囚牢，巫师随后就能返回自己的身体，然后神不知鬼不觉的逃跑。然而他的如意算盘并未实现，在进入奈克斯躯体以后，巫师发现他的神志被一个疯狂的旋涡所捕获，那个旋涡的力量强横无匹，抹掉了他所有的意识。由于其意识被一个鲜活生命的闯入刺激，奈克斯突然之间从它那疯狂的梦魇中清醒了过来，并且按着脑海中那个虚无的声音的唯一的指令行动：逃跑。也就是在那个时候，噬魂鬼正式诞生。这个生命体将自己的心智灌注到地下城里面的卫兵身体里，强迫他们打开牢笼，杀死其他卫兵，为噬魂鬼打开了一条畅通无阻的自由大道，而他们的生命也在被吞噬。现在，噬魂鬼仍然带着那串破碎的镣铐，似乎是在告诉世界没有人能够禁锢住他，但同时它心里还认为自己是个囚犯。两个意识共存于一个身体里——一个恶毒狡猾，阳奉阴违的生命。","dj":"1|15|25","smz":"625|1263|2099","mfz":"195|514|1001","gjl":"57-67|91-101|135-145","hj":"2|5|11","syfw":"1800/800","gjfw":"128","ddsd":"N/A","jdtj1":"http://www.dota2.com.cn/images/property/add/lifestealer.jpg","jdms1":"小狗的加点比较灵活，在不同的局势下前期加满任何一种技能都是可以的。建议3级的时候3个技能个点一级，然后再根据场上形势选择主次。","jdtj2":null,"jdms2":null,"cmzb":"树之祭祀*1|治疗药膏*1|圆盾*1|铁树枝干*3","qqzb":"速度之靴*1|魔棒*1","hxzb":"动力鞋*1|魔杖*1|莫尔迪基安的臂章*1|振奋宝石*1","hqsz":"雷神之锤*1|强袭胸甲*1|深渊之刃*1|黯灭*1|闪烁匕首*1|撒旦之邪力*1","ljt":"http://www.dota2.com.cn/images/property/life_stealer.gif","path":"lifestealer","zymc":"夜魇","zytb":"http://www.dota2.com.cn/images/heropedia/dire.jpg","yxtp":"http://www.dota2.com.cn/images/others/life_stealer_big1.jpg","gjlxxj":"1","yxdwxj":"2|2|1|1","llsjsmz":"19","llsjsmhf":"0.03","mjsjhj":"1","mjsjgjsd":"1","zlsjmfz":"13","zlsjmfhf":"0.04","sjgjl":"1","pjsh":"62","gjsd":"118|126|164","gjms":"1.44","gjsh":"57-67","gjjl":"128|128|128","wlhj":"1","wlshkx":"8%","mfshkx":"25%","minitb":"http://www.dota2.com.cn/images/heroes/life_lifestealer_icon.png"},{"id":58,"zwm":"沙王","ywm":"Sand King","jc":"SK","xttx":"http://www.dota2.com.cn/images/heroes/sand_king_full.png","dttx":"http://www.dota2.com.cn/images/heroes/sand_king_vert.jpg","gjlx":"近战","yxlx":"力量","yxdw":"先手|控制|爆发","zltb":"http://www.dota2.com.cn/images/info1301/tit_img01.gif","zljc":"16","zlsj":"1.80","mjtb":"http://www.dota2.com.cn/images/info1301/tit_img02.gif","mjjc":"19","mjsj":"2.10","lltb":"http://www.dota2.com.cn/images/info1301/tit_img03.gif","lljc":"18","llsj":"2.60","gjltb":"http://www.dota2.com.cn/images/info1301/tit_img06.gif","csgjl":"25-41","ydsdtb":"http://www.dota2.com.cn/images/info1301/tit_img05.gif","csydsd":"300","hjtb":"http://www.dota2.com.cn/images/info1301/tit_img04.gif","cshj":"2.66","yxbj":"闪烁荒原的沙漠是有知觉的活物，它与自我对话，思考着只有这广阔的沙漠能包容的思想。当它必须要寻找一种和那些有限的存在交流的方式时，它解放了一块它的碎片，填入一块由狡猾的卡尔丁灯神创造的魔法甲壳中。这个存在称它自己为克里瑟历斯，意为\"沙之魂\"，不过世人都称他为沙王。沙王那巨大蛛形生物的外形源自闪烁荒地那些渺小但无处不及的居民，这身形真实地展示了他残忍的天性。沙王无法与赐予他生命的无限沙漠分开，他是这片沙漠的守卫者、战士、使节。","dj":"1|15|25","smz":"492|1184|2058","mfz":"208|536|1030","gjl":"43-59|79-95|125-141","hj":"3|7|13","syfw":"1800/800","gjfw":"128","ddsd":"N/A","jdtj1":"http://www.dota2.com.cn/images/property/add/sand_king.jpg","jdms1":"沙王的加点变化不多，主要有两种就是沙尘暴与腐蚀毒的选择。主升穿刺是毫无疑问的，这套加点选择的是沙王辅升级沙尘暴，在线上压力大的情况下，沙王可以利用沙尘暴做到躲技能压制对手。","jdtj2":null,"jdms2":null,"cmzb":"力量手套*2|治疗药膏*2|净化药水*1|铁树枝干*1","qqzb":"魔棒*1|速度之靴*1|护腕*1","hxzb":"魔杖*1|奥术鞋*1|闪烁匕首*1","hqsz":"阿哈利姆神杖*1|纷争面纱*1|刃甲*1|希瓦的守护*1|黑皇杖*1|恐鳌之心*1","ljt":"http://www.dota2.com.cn/images/property/sand_king.gif","path":"sand_king","zymc":"夜魇","zytb":"http://www.dota2.com.cn/images/heropedia/dire.jpg","yxtp":"http://www.dota2.com.cn/images/others/sand_king_big1.jpg","gjlxxj":"1","yxdwxj":"3|2|1","llsjsmz":"19","llsjsmhf":"0.03","mjsjhj":"1","mjsjgjsd":"1","zlsjmfz":"13","zlsjmfhf":"0.04","sjgjl":"1","pjsh":"51","gjsd":"119|127|169","gjms":"1.43","gjsh":"43-59","gjjl":"128|128|128","wlhj":"2","wlshkx":"13%","mfshkx":"25%","minitb":"http://www.dota2.com.cn/images/heroes/sand_king_icon.png"},{"id":77,"zwm":"水晶室女","ywm":"Crystal Maiden","jc":"冰女","xttx":"http://www.dota2.com.cn/images/heroes/crystal_maiden_full.png","dttx":"http://www.dota2.com.cn/images/heroes/crystal_maiden_vert.jpg","gjlx":"远程","yxlx":"智力","yxdw":"辅助|控制|爆发|对线辅助","zltb":"http://www.dota2.com.cn/images/info1301/tit_img01.gif","zljc":"16","zlsj":"2.9","mjtb":"http://www.dota2.com.cn/images/info1301/tit_img02.gif","mjjc":"16","mjsj":"1.6","lltb":"http://www.dota2.com.cn/images/info1301/tit_img03.gif","lljc":"16","llsj":"1.7","gjltb":"http://www.dota2.com.cn/images/info1301/tit_img06.gif","csgjl":"19-25","ydsdtb":"http://www.dota2.com.cn/images/info1301/tit_img05.gif","csydsd":"280","hjtb":"http://www.dota2.com.cn/images/info1301/tit_img04.gif","cshj":"1.24","yxbj":"水晶室女莉莱出生在一个气候温和的地区，与性子火爆的姐姐莉娜一起长大，她很快就发现她天生对冰元素的吸引力给周围所有人制造了麻烦。只要她在附近坐下休息，井水和山泉瞬间就会被冻住；成熟的庄稼被寒霜冻伤，果园变成了冰的迷宫，然后垮塌损毁。当他们无奈的父母把莉娜送到南方后，又把莉莱流放到了寒冷北方的冰川残骸，一个隐居在蓝心冰川顶峰的寒冰巫师收留了她。经过长期的学习后，巫师认为莉莱已经能够独立的修习冰冻魔法了，于是他便降入冰川内开始千年的冬眠。从那以后，莉莱的冰冻法术变的愈发精湛，而现在，她的魔法已无可匹敌。","dj":"1|15|25","smz":"454|906|1609","mfz":"208|736|1343","gjl":"35-41|76-82|125-131","hj":"1|4|9","syfw":"1800/800","gjfw":"600","ddsd":"900","jdtj1":"http://www.dota2.com.cn/images/property/add/crystal_maiden.jpg","jdms1":"上来先加冰霜新星有利于帮助队友拿1血，然后加个冰封禁制，有了控制以防不备之需，然后就是奥术光环，冰女的灵魂技能，无论何种加点方式7级时满光环是优秀的辅助冰女不二选择。冰封禁制、冰霜新星：两个限制技能各有千秋，前者偏控制，后者偏限制。无论版本如何改动还是改变不了冰女打辅助为主的命，具体哪个技能第二优先点满看阵容及场上形势决定。前期两者各升一级是必须的。","jdtj2":null,"jdms2":null,"cmzb":"树之祭祀*1|治疗药膏*1|净化药水*1|力量手套*1|动物信使*1|铁树枝干*1","qqzb":"魔棒*1|速度之靴*1|护腕*1|护腕*1","hxzb":"魔杖*1|静谧之鞋*1|韧鼓*1|侦查守卫*1","hqsz":"Eul的神圣法杖*1|幽魂权杖*1|邪恶镰刀*1|阿哈利姆神杖*1|希瓦的守护*1|影刃*1","ljt":"http://www.dota2.com.cn/images/property/crystal_maiden.gif","path":"crystal_maiden","zymc":"天辉","zytb":"http://www.dota2.com.cn/images/heropedia/radiant.jpg","yxtp":"http://www.dota2.com.cn/images/others/crystal_maiden_big1.jpg","gjlxxj":"1","yxdwxj":"3|2|2|1","llsjsmz":"19","llsjsmhf":"0.03","mjsjhj":"1","mjsjgjsd":"1","zlsjmfz":"13","zlsjmfhf":"0.04","sjgjl":"1","pjsh":"41","gjsd":"116|122|154","gjms":"1.47","gjsh":"38-44","gjjl":"600|600|600","wlhj":"1","wlshkx":"6%","mfshkx":"25%","minitb":"http://www.dota2.com.cn/images/heroes/crystal_maiden_icon.png"},{"id":11,"zwm":"潮汐猎人","ywm":"Tidehunter","jc":"潮汐、TH","xttx":"http://www.dota2.com.cn/images/heroes/tidehunter_full.png","dttx":"http://www.dota2.com.cn/images/heroes/tidehunter_vert.jpg","gjlx":"近战","yxlx":"力量","yxdw":"先手|耐久|控制|辅助","zltb":"http://www.dota2.com.cn/images/info1301/tit_img01.gif","zljc":"16","zlsj":"1.70","mjtb":"http://www.dota2.com.cn/images/info1301/tit_img02.gif","mjjc":"15","mjsj":"1.50","lltb":"http://www.dota2.com.cn/images/info1301/tit_img03.gif","lljc":"22","llsj":"3.00","gjltb":"http://www.dota2.com.cn/images/info1301/tit_img06.gif","csgjl":"25-31","ydsdtb":"http://www.dota2.com.cn/images/info1301/tit_img05.gif","csydsd":"305","hjtb":"http://www.dota2.com.cn/images/info1301/tit_img04.gif","cshj":"3.1","yxbj":"人称利维坦的潮汐猎人曾经是沉没之岛的竞技大师，他的行为方式和他的同胞们一样神秘莫测。陆地居民都知道海上航线的重要性，帝国的崛起和衰亡都取决于谁掌控了公海。相比之下，海底航线和南海流民的敌对部族如何通过无数次小规模海底战斗开辟家园的故事，则鲜为人知。在南海人和陆地人那脆弱的协议中，我们可以瞥见这个海底王国的规模，不过他们的政体则显得十分复杂和不透明。利维坦似乎厌倦了这些琐碎的小冲突，便独自离开了，只效忠于他的深海之神-深渊触手麦尔朗恩。现在他在浅滩上独自游弋，寻找路上遇到的人类或者南海人，他对他的宿敌-海军上将昆卡有着一种独特的厌恶，然而他们为何成为敌人，已经和当年的激烈海战一起被遗忘了。","dj":"1|15|25","smz":"568|1366|2316","mfz":"208|517|998","gjl":"47-53|89-95|139-145","hj":"3|6|11","syfw":"1800/800","gjfw":"128","ddsd":"N/A","jdtj1":"http://www.dota2.com.cn/images/property/add/tidehunter.jpg","jdms1":"这是目前比较主流的潮汐加点，由于锚击变成了范围aoe，越来越多的人喜欢前期更早的将锚击点满。海妖外壳前期只点一级就够了。","jdtj2":null,"jdms2":null,"cmzb":"树之祭祀*1|治疗药膏*1|净化药水*1|力量手套*2|铁树枝干*1","qqzb":"魔棒*1|速度之靴*1|护腕*1","hxzb":"魔杖*1|奥术鞋*1|闪烁匕首*1","hqsz":"恐鳌之心*1|辉耀*1|希瓦的守护*1|强袭胸甲*1|洞察烟斗*1|刷新球*1|","ljt":"http://www.dota2.com.cn/images/property/tidehunter.gif","path":"tidehunter","zymc":"夜魇","zytb":"http://www.dota2.com.cn/images/heropedia/dire.jpg","yxtp":"http://www.dota2.com.cn/images/others/tidehunter_big1.jpg","gjlxxj":"1","yxdwxj":"3|3|2|1","llsjsmz":"19","llsjsmhf":"0.03","mjsjhj":"1","mjsjgjsd":"1","zlsjmfz":"13","zlsjmfhf":"0.04","sjgjl":"1","pjsh":"50","gjsd":"115|121|151","gjms":"1.48","gjsh":"47-53","gjjl":"128|128|128","wlhj":"3","wlshkx":"15%","mfshkx":"25%","minitb":"http://www.dota2.com.cn/images/heroes/tidehunter_icon.png"}],"honorList":[{"id":20,"zwm":"魅惑魔女","msg":"力量成长倒数第一（1.0）。","createtime":null}],"adapt_zd_list":[{"id":96,"zwm":"亚巴顿","ywm":"Abaddon","jc":"死骑","xttx":"http://www.dota2.com.cn/images/heroes/abaddon_full.png","dttx":"http://www.dota2.com.cn/images/heroes/abaddon_vert.jpg","gjlx":"近战","yxlx":"力量","yxdw":"近战","zltb":"http://www.dota2.com.cn/images/info1301/tit_img01.gif","zljc":"21","zlsj":"2.00","mjtb":"http://www.dota2.com.cn/images/info1301/tit_img02.gif","mjjc":"17","mjsj":"1.50","lltb":"http://www.dota2.com.cn/images/info1301/tit_img03.gif","lljc":"23","llsj":"2.70","gjltb":"http://www.dota2.com.cn/images/info1301/tit_img06.gif","csgjl":"32-42","ydsdtb":"http://www.dota2.com.cn/images/info1301/tit_img05.gif","csydsd":"310","hjtb":"http://www.dota2.com.cn/images/info1301/tit_img04.gif","cshj":"1.38","yxbj":"魔霭圣池，一个处于原初群石的裂缝，从中带有先兆力量的蒸汽不断溢出，作为家族力量的源泉，已经惠及数个世代。在居住于洞穴中的魔霭家族，每个新生儿都会在暗黑迷雾中接受沐浴，经过这样的洗礼，他们与大陆的神秘力量获得了内在的联系。随着他们长大，内心坚信自己的使命是誓死保护世袭的传统和领域的风俗——实际上他们守护的不过就是圣池本身。而迷雾的作用原理尚不明朗。</p><p>当初生的亚巴顿沐浴在圣池中时，众人都表示事情并不对劲。孩子的双眼里闪耀出洞察之光，在场所有人都大吃一惊，神父们纷纷交头接耳。而他之后的成长道路与所有魔霭族裔的传人并无差别——为战争接受训练，在危机时刻需要他挺身而出，率领家族的军队守卫先祖的大陆。但是亚巴顿总是特立独行。其他人挥着武器训练时，他喜欢在迷雾前沉思。他饱吸从圣池中涌出的蒸汽，开始学习将自己的灵魂与家族深处流出的力量相融合；他变成了被暗黑迷雾笼罩的怪物。</p><p>魔霭家族怨气冲天——不论老小都谴责他对自己的责任视而不见。但是亚巴顿驾临战场时，不满全都烟消云散，他们目睹了迷雾的强大力量让他恣意挥洒着生杀大权，族内任何领主都是望尘莫及。","dj":"1|15|25","smz":"587|1305|2198","mfz":"273|637|1157","gjl":"55-65|93-103|140-150","hj":"1|4|9","syfw":"1800/800","gjfw":"128","ddsd":"N/A","jdtj1":"http://www.dota2.com.cn/images/property/add/abaddon.jpg","jdms1":"魔霭圣池，一个处于原初群石的裂缝，从中带有先兆力量的蒸汽不断溢出，作为家族力量的源泉，已经惠及数个世代。在居住于洞穴中的魔霭家族，每个新生儿都会在暗黑迷雾中接受沐浴，经过这样的洗礼，他们与大陆的神秘力量获得了内在的联系。随着他们长大，内心坚信自己的使命是誓死保护世袭的传统和领域的风俗——实际上他们守护的不过就是圣池本身。而迷雾的作用原理尚不明朗。当初生的亚巴顿沐浴在圣池中时，众人都表示事情并不对劲。孩子的双眼里闪耀出洞察之光，在场所有人都大吃一惊，神父们纷纷交头接耳。而他之后的成长道路与所有魔霭族裔的传人并无差别——为战争接受训练，在危机时刻需要他挺身而出，率领家族的军队守卫先祖的大陆。但是亚巴顿总是特立独行。其他人挥着武器训练时，他喜欢在迷雾前沉思。他饱吸从圣池中涌出的蒸汽，开始学习将自己的灵魂与家族深处流出的力量相融合；他变成了被暗黑迷雾笼罩的怪物。魔霭家族怨气冲天——不论老小都谴责他对自己的责任视而不见。但是亚巴顿驾临战场时，不满全都烟消云散，他们目睹了迷雾的强大力量让他恣意挥洒着生杀大权，族内任何领主都是望尘莫及。","jdtj2":null,"jdms2":null,"cmzb":"树之祭祀*1|治疗药膏*2|力量手套*1|动物信使*1","qqzb":"穷鬼盾*1|相位鞋*1|魔杖*1|回城卷轴*2","hxzb":"相位鞋*1|散夜对剑*1|黑皇杖*1","hqsz":"辉耀*1|蝴蝶*1|黑皇杖*1|金箍棒*1|强袭胸甲*1|恐鳌之心*2","ljt":"http://www.dota2.com.cn/images/property/abaddon.gif","path":"abaddon","zymc":"夜魇","zytb":"http://www.dota2.com.cn/images/heropedia/dire.jpg","yxtp":"http://www.dota2.com.cn/images/others/abaddon_big1.jpg","gjlxxj":"1","yxdwxj":"1|1|1","llsjsmz":"19","llsjsmhf":"0.03","mjsjhj":"1","mjsjgjsd":"1","zlsjmfz":"13","zlsjmfhf":"0.04","sjgjl":"1","pjsh":"60","gjsd":"117|123|153","gjms":"1.45","gjsh":"55-56","gjjl":"128|128|128","wlhj":"1","wlshkx":"7%","mfshkx":"25%","minitb":"http://www.dota2.com.cn/images/heroes/abaddon_icon.png"},{"id":5,"zwm":"光之守卫","ywm":"Keeper of the Light","jc":"光法、伊扎洛","xttx":"http://www.dota2.com.cn/images/heroes/keeper_of_the_light_full.png","dttx":"http://www.dota2.com.cn/images/heroes/keeper_of_the_light_vert.jpg","gjlx":"远程","yxlx":"智力","yxdw":"爆发|辅助|对线辅助","zltb":"http://www.dota2.com.cn/images/info1301/tit_img01.gif","zljc":"22","zlsj":"2.8","mjtb":"http://www.dota2.com.cn/images/info1301/tit_img02.gif","mjjc":"15","mjsj":"1.6","lltb":"http://www.dota2.com.cn/images/info1301/tit_img03.gif","lljc":"14","llsj":"1.8","gjltb":"http://www.dota2.com.cn/images/info1301/tit_img06.gif","csgjl":"18-32","ydsdtb":"http://www.dota2.com.cn/images/info1301/tit_img05.gif","csydsd":"315","hjtb":"http://www.dota2.com.cn/images/info1301/tit_img04.gif","cshj":"1.1","yxbj":"他座下是一骑白马，他是无尽千阳之辉，他就是光之守卫。早在许久以前，伊扎洛就挣脱了将他束缚在浩浩原初谐律之内的其他远古力量，从而由原始位面逃离，在宇宙的黎明，本是无形力量的他萌生了知觉。如今他高举承载着光之力量的辉光之杖，同时奔走在所有的位面，将追寻着他的混沌抛在身后。乍一看去，他似乎是一个在马上都坐不稳的衰朽老头，然而掩藏在这副外表下的却是他高贵的真身。只有在面对混沌或黑暗军团的挑战时，他的全部力量才会显现出来。原初之光从体内迸射而出的一刻，他也将再次化身为璀璨的力量之芒。","dj":"1|15|25","smz":"454|895|1617","mfz":"286|796|1420","gjl":"40-54|79-93|127-141","hj":"1|4|9","syfw":"1800/800","gjfw":"600","ddsd":"900","jdtj1":"http://www.dota2.com.cn/images/property/add/keeper_of_the_light.jpg","jdms1":"光之守卫在Dota2中也是有着一定出场率的英雄。无论是推进流还是防推进，光法都是一把好手。这套加点的进攻性更佳，1、2对点使光法在线上有很强的压制能力。本打法适用于路人局，在一些高端局中可以优先将法力流失升级起来，克制一些缺蓝的力量英雄有着不错的效果。","jdtj2":null,"jdms2":null,"cmzb":"树之祭祀*1|治疗药膏*1|力量手套*1|铁树枝干*1|动物信使*1","qqzb":"速度之靴*1|魔棒*1|护腕*1","hxzb":"静谧之鞋*1|魔杖*1|梅肯斯姆*1|侦查守卫*1|回城卷轴*1","hqsz":"阿哈利姆神杖*1|远行鞋*1|希瓦的守护*1|阿托斯之棍*1|邪恶镰刀*1|洞察烟斗*1|EUL的神圣法杖*1|原力法杖*1|死灵书*1|纷争面纱*1","ljt":"http://www.dota2.com.cn/images/property/keeper_of_the_light.gif","path":"keeper_of_the_light","zymc":"天辉","zytb":"http://www.dota2.com.cn/images/heropedia/radiant.jpg","yxtp":"http://www.dota2.com.cn/images/others/keeper_of_the_light_big1.jpg","gjlxxj":"1","yxdwxj":"2|2|2","llsjsmz":"19","llsjsmhf":"0.03","mjsjhj":"1","mjsjgjsd":"1","zlsjmfz":"13","zlsjmfhf":"0.04","sjgjl":"1","pjsh":"47","gjsd":"115|121|153","gjms":"1.48","gjsh":"40-54","gjjl":"600|600|600","wlhj":"1","wlshkx":"6%","mfshkx":"25%","minitb":"http://www.dota2.com.cn/images/heroes/keeper_of_the_light_icon.png"},{"id":12,"zwm":"沉默术士","ywm":"Silencer","jc":"沉默、诺崇","xttx":"http://www.dota2.com.cn/images/heroes/silencer_full.png","dttx":"http://www.dota2.com.cn/images/heroes/silencer_vert.jpg","gjlx":"远程","yxlx":"智力","yxdw":"辅助|核心|先手","zltb":"http://www.dota2.com.cn/images/info1301/tit_img01.gif","zljc":"27","zlsj":"2.5","mjtb":"http://www.dota2.com.cn/images/info1301/tit_img02.gif","mjjc":"16","mjsj":"2.1","lltb":"http://www.dota2.com.cn/images/info1301/tit_img03.gif","lljc":"17","llsj":"2.2","gjltb":"http://www.dota2.com.cn/images/info1301/tit_img06.gif","csgjl":"16-30","ydsdtb":"http://www.dota2.com.cn/images/info1301/tit_img05.gif","csydsd":"295","hjtb":"http://www.dota2.com.cn/images/info1301/tit_img04.gif","cshj":"1.24","yxbj":"作为一支精心呵护的传承血脉中第七代也是最后一代的成员，诺崇从小就被一个叫做风蚀之寒的古老组织抚养，为的是让他成为世界上技艺空前的大魔法师。他就是预言中那个天选者，两百年来，先人在配偶和繁衍时谨慎无比，积累了数代的优秀血统，就是要培养出一个能够为组织带来无上荣誉的战斗法师，同时，毁灭他们的死敌：教会骑士团。组织在哈扎达尔废墟旁的山上的一个隐秘营地中抚养着一群和诺崇一样年轻的法师，导师们一直在等着诺崇展现自己独特的天赋。然而，就当其他学徒都开始施展并提升自己的火系、冰系、变形系魔法的时候，诺崇仍然是沉默的坐在那里，其貌不扬，连变形术都不会。随着最终考核日的临近，他身上仍然一点魔力都没有。导师们厌恶地斥责了他，其他人则大声的嘲笑着。“你根本不是法师。”组织的领袖大声的宣布。然而，诺崇并没有灰溜溜的走掉。他进入了比赛场，俯视着那些嘲笑他的年轻法师们，随后，他让这些人以及他们的导师们明白了一个重要的道理：魔法之极，唯寂方至。诺崇将那些所谓的天才法师们一个接一个的沉默，让他们不得不和他近身搏斗，直到最后，赛场中站着的只有他一个人，正如预言所说，他是风蚀之寒的首席法师。随后，他走出群山，走进大陆，现在的他有一个全新的名字：沉默术士，一切魔法，遭遇了他，都将归于寂静。","dj":"1|15|25","smz":"473|1058|1856","mfz":"351|806|1391","gjl":"43-57|78-92|123-137","hj":"1|5|11","syfw":"1800/800","gjfw":"600","ddsd":"1000","jdtj1":"http://www.dota2.com.cn/images/property/add/silencer.jpg","jdms1":"主静默诅咒的沉默在之前版本中一直是主流加点方式，线上强大的压制力，对于技能cd长，蓝量少的英雄来说简直犹如噩梦。最后遗言在团战中也能发挥出重要作用，应注意用来干扰敌方关键英雄的技能combo。同时也能弥补较晚升级智慧之刃造成的输出缺口。","jdtj2":null,"jdms2":null,"cmzb":"树之祭祀*1|治疗药膏*1|净化药水*1|圆环*1|智力斗篷*1","qqzb":"速度之靴*1|魔棒*1|空灵挂件*1|回城卷轴*1","hxzb":"动力鞋*1|原力法杖*1|魔杖*1|梅肯斯姆*1|回城卷轴*1","hqsz":"邪恶镰刀*1|阿托斯之棍*1|希瓦的守护*1|Eul的神圣法杖*1|紫怨*1|黑皇杖*1","ljt":"http://www.dota2.com.cn/images/property/silencer.gif","path":"silencer","zymc":"天辉","zytb":"http://www.dota2.com.cn/images/heropedia/radiant.jpg","yxtp":"http://www.dota2.com.cn/images/others/silencer_big1.jpg","gjlxxj":"1","yxdwxj":"1|1|1","llsjsmz":"19","llsjsmhf":"0.03","mjsjhj":"1","mjsjgjsd":"1","zlsjmfz":"13","zlsjmfhf":"0.04","sjgjl":"1","pjsh":"50","gjsd":"116|124|166","gjms":"1.47","gjsh":"43-57","gjjl":"600|600|600","wlhj":"1","wlshkx":"6%","mfshkx":"25%","minitb":"http://www.dota2.com.cn/images/heroes/silencer_icon.png"},{"id":30,"zwm":"不朽尸王","ywm":"Undying","jc":"尸王","xttx":"http://www.dota2.com.cn/images/heroes/undying_full.png","dttx":"http://www.dota2.com.cn/images/heroes/undying_vert.jpg","gjlx":"近战","yxlx":"力量","yxdw":"耐久|推进|控制|先手","zltb":"http://www.dota2.com.cn/images/info1301/tit_img01.gif","zljc":"27","zlsj":"2.50","mjtb":"http://www.dota2.com.cn/images/info1301/tit_img02.gif","mjjc":"10","mjsj":"0.80","lltb":"http://www.dota2.com.cn/images/info1301/tit_img03.gif","lljc":"22","llsj":"2.10","gjltb":"http://www.dota2.com.cn/images/info1301/tit_img06.gif","csgjl":"35-43","ydsdtb":"http://www.dota2.com.cn/images/info1301/tit_img05.gif","csydsd":"310","hjtb":"http://www.dota2.com.cn/images/info1301/tit_img04.gif","cshj":"3.4","yxbj":"他残破的心，已经不再记得自己的名，也不记得已经过了多久。还依稀记得的，是盔甲，是战旗，是身边死去的兄弟。他还记得那场战役：一双给他带去痛苦和恐惧的苍白的手，将他从马上扯下。他还记得自己和兄弟们一起被扔进死亡之神那漆黑的深坑，还记得他被虚无吞噬时耳畔的挽歌。在深渊下的黑暗中，他们被时间遗弃，抛弃了思想，抛弃了理智，唯一尚存的，只有饥饿。他们以彼此残留的指甲和牙齿为食，唤醒了身体。这时挽歌传来，一开始很遥远，只是最轻微的感官体验，然后声音逐渐汇集，似乎铺天盖地永无止境，歌声似乎形成了一堵音墙，将他意识中所有想法都清除。随着自己被挽歌吞噬，他也向死亡之神张开了双臂，迎接自己的陨灭。然而死亡之神并没有选择毁掉他，而是让他投入战争，在一片惨然的虚无中，他被赋予了新的使命：让世界遍地哀鸿，让死者吞噬生命。他成为了不朽尸王，死亡之神的先驱，他的躯体永生不灭。在你的往生路上，会奏响他永恒的挽歌。","dj":"1|15|25","smz":"568|1127|1906","mfz":"351|715|1235","gjl":"57-65|86-94|127-135","hj":"3|5|9","syfw":"1800/800","gjfw":"128","ddsd":"N/A","jdtj1":"http://www.dota2.com.cn/images/property/add/undying.jpg","jdms1":"不朽尸王是一名曾经上过CW舞台的英雄，暴力速推进阵容中总是少不了尸王的存在。如今路人打法中比较普遍的是1、2对点，线上压制力较强。当然这里还是建议前期只点2级加血,3级加血抽取15个单位并不太可能。","jdtj2":null,"jdms2":null,"cmzb":"树之祭祀*2|圆盾*1|铁树枝干*3|净化药水*1","qqzb":"速度之靴*1|魔棒*1|影之灵龛*1","hxzb":"奥术鞋*1|魔杖*1|梅肯斯姆*1|侦查守卫*1","hqsz":"辉耀*1|恐鳌之心*1|刃甲*1|天堂之戟*1","ljt":"http://www.dota2.com.cn/images/property/undying.gif","path":"undying","zymc":"夜魇","zytb":"http://www.dota2.com.cn/images/heropedia/dire.jpg","yxtp":"http://www.dota2.com.cn/images/others/undying_big1.jpg","gjlxxj":"1","yxdwxj":"2|1|1|1","llsjsmz":"19","llsjsmhf":"0.03","mjsjhj":"1","mjsjgjsd":"1","zlsjmfz":"13","zlsjmfhf":"0.04","sjgjl":"1","pjsh":"61","gjsd":"110|113|129","gjms":"1.55","gjsh":"57-65","gjjl":"128|128|128","wlhj":"3","wlshkx":"16%","mfshkx":"25%","minitb":"http://www.dota2.com.cn/images/heroes/undying_icon.png"}],"hqszList":[{"goods":{"id":101,"bigtype":"升级物品","type":"防具","wpmc":"血精石","wppz":"4","wptp":"http://www.dota2.com.cn/images/items/bloodstone_lg.png","jgtb":"http://www.dota2.com.cn/images/info1301/tit_img07.gif","jg":"4900","wpjs":"血精石鲜红的色彩在战场上绝对不会被看错，拥有者似乎有无限的生命力和精力。","wpzyms":"被动：血之契约 - 具有8点初始能量。1675范围内有敌方英雄死亡时获得1点能量。每点能量给予1点/秒的魔法回复，死亡时减少3秒重生时间。当持有者死亡时，回复周围1675范围内的友军单位500+30×能量点数的生命值，并失去1/3的能量。","wpsyff":"主动：绝地自尽 - 立刻原地自杀。","wpxg":"+ <span class=\"color_yellow\">500</span> 生命值<br/>+ <span class=\"color_yellow\">400</span> 魔法值<br/>+ <span class=\"color_yellow\">9</span> 生命恢复速率<br/>+ <span class=\"color_yellow\">200%</span> 魔法恢复","lqsjtb":"http://www.dota2.com.cn/images/info1301/ico2.gif","lqsj":"300","mfxhtb":"","mfxh":"","qzwptb":null,"wpzyms2":"如果英雄身上有多个血精石，只有第一个会获得点数。","item_en":"bloodstone"},"count":1},{"goods":{"id":99,"bigtype":"升级物品","type":"防具","wpmc":"希瓦的守护","wppz":"4","wptp":"http://www.dota2.com.cn/images/items/shivas_guard_lg.png","jgtb":"http://www.dota2.com.cn/images/info1301/tit_img07.gif","jg":"4700","wpjs":"据说曾经属于某位女神，至今仍保持大部分神力。","wpzyms":"多个霜冷光坏的效果无法叠加。","wpsyff":"主动：极寒冲击 - 发出一道寒冷的波动，对敌人造成200伤害并减速-40%持续4.0秒。<br>被动：霜冷光环 - 降低敌人攻击速度。","wpxg":"+ <span class=\"color_yellow\">30</span> 智力<br/>+ <span class=\"color_yellow\">15</span> 护甲<br/>光环攻速降低：<span class=\"color_yellow\">40</span>","lqsjtb":"http://www.dota2.com.cn/images/info1301/ico2.gif","lqsj":"30","mfxhtb":"http://www.dota2.com.cn/images/info1301/ico1.gif","mfxh":"100","qzwptb":"","wpzyms2":"极寒冲击的扩张速度为350，最大半径为900。 <br>极寒冲击将以施放者为中心。","item_en":"shivas_guard"},"count":1},{"goods":{"id":81,"bigtype":"升级物品","type":"法器","wpmc":"邪恶镰刀","wppz":"3","wptp":"http://www.dota2.com.cn/images/items/sheepstick_lg.png","jgtb":"http://www.dota2.com.cn/images/info1301/tit_img07.gif","jg":"5675","wpjs":"Vyse教徒最为宝贵的圣物，法师们最为垂涎的武器。","wpzyms":"","wpsyff":"主动：妖术-将一个单位变成无害的小动物，持续3.5秒。消灭幻象。","wpxg":"+ <span class=\"color_yellow\">10</span> 力量<br/>+ <span class=\"color_yellow\">10</span> 敏捷<br/>+ <span class=\"color_yellow\">35</span> 智力<br/>+ <span class=\"color_yellow\">150%</span> 魔法恢复","lqsjtb":"http://www.dota2.com.cn/images/info1301/ico2.gif","lqsj":"30","mfxhtb":"http://www.dota2.com.cn/images/info1301/ico1.gif","mfxh":"100","qzwptb":null,"wpzyms2":"立刻杀死幻象。<br>目标的基础移动速度为100，但是如果目标有满速状态则移速不受影响。<br>妖术将使伤害格挡和闪避无效。","item_en":"sheepstick"},"count":1},{"goods":{"id":79,"bigtype":"升级物品","type":"法器","wpmc":"紫怨","wppz":"3","wptp":"http://www.dota2.com.cn/images/items/orchid_lg.png","jgtb":"http://www.dota2.com.cn/images/info1301/tit_img07.gif","jg":"5025","wpjs":"一颗诞自火焰恶魔精华的榴石。","wpzyms":"","wpsyff":"主动：灵魂燃烧-沉默目标单位5.0秒，并使他受到的伤害提高30.0%。","wpxg":"+ <span class=\"color_yellow\">25</span> 智力<br/>+ <span class=\"color_yellow\">30</span> 攻击速度<br/>+ <span class=\"color_yellow\">30</span> 攻击力<br/>+ <span class=\"color_yellow\">150%</span> 魔法恢复","lqsjtb":"http://www.dota2.com.cn/images/info1301/ico2.gif","lqsj":"18","mfxhtb":"http://www.dota2.com.cn/images/info1301/ico1.gif","mfxh":"100","qzwptb":"","wpzyms2":"伤害加深效果在持续时间结束时以魔法伤害结算。","item_en":"orchid"},"count":1},{"goods":{"id":104,"bigtype":"升级物品","type":"防具","wpmc":"恐鳌之心","wppz":"4","wptp":"http://www.dota2.com.cn/images/items/heart_lg.png","jgtb":"http://www.dota2.com.cn/images/info1301/tit_img07.gif","jg":"5500","wpjs":"已经绝种的怪物的心脏，能提升携带者的耐久力。","wpzyms":"如果你的英雄最近4秒（远程英雄6秒）内受到敌方英雄或Roshan的攻击，此被动将失效。","wpsyff":"被动：生命恢复 - 每秒恢复正比于你最大生命值的生命。","wpxg":"+ <span class=\"color_yellow\">40</span> 力量<br/>+ <span class=\"color_yellow\">300</span> 生命值<br/>生命回复量：<span class=\"color_yellow\">4%</span>","lqsjtb":"http://www.dota2.com.cn/images/info1301/ico2.gif","lqsj":"6","mfxhtb":"","mfxh":"","qzwptb":null,"wpzyms2":"","item_en":"heart"},"count":1},{"goods":{"id":103,"bigtype":"升级物品","type":"防具","wpmc":"强袭胸甲","wppz":"4","wptp":"http://www.dota2.com.cn/images/items/assault_lg.png","jgtb":"http://www.dota2.com.cn/images/info1301/tit_img07.gif","jg":"5250","wpjs":"在幽冥地带的深渊锻造，这件地狱盔甲提高整支军队的护甲和攻击速度。","wpzyms":"多个强袭光环的效果不会叠加。","wpsyff":"被动：强袭光环 - 提升附近友军单位的攻击速度和护甲，削弱附近敌军的护甲。","wpxg":"+ <span class=\"color_yellow\">35</span> 攻击速度<br/>+ <span class=\"color_yellow\">10</span> 护甲<br/>光环提升攻击速度：<span class=\"color_yellow\">20</span><br/>光环提升护甲：<span class=\"color_yellow\">5</span><br/>护甲削弱：<span class=\"color_yellow\">5</span>","lqsjtb":"","lqsj":"","mfxhtb":"","mfxh":"","qzwptb":"","wpzyms2":"强袭护甲光环可以和其他类型护甲光环（王者之戒、天鹰之戒、弗拉迪米尔的祭品）叠加。","item_en":"assault"},"count":1}],"hxzbList":[{"goods":{"id":50,"bigtype":"升级物品","type":"普通","wpmc":"魔杖","wppz":"2","wptp":"http://www.dota2.com.cn/images/items/magic_wand_lg.png","jgtb":"http://www.dota2.com.cn/images/info1301/tit_img07.gif","jg":"509","wpjs":"一个简易但实用的魔杖，能够补充使用者的能量--巫师学徒和高级术士都喜欢。","wpzyms":"","wpsyff":"主动：充能 - 每当周围有敌人施放技能都会自动充能（最多15点能量）。当使用时，每点能量为你回复生命值和魔法值。","wpxg":"+ <span class=\"color_yellow\">3</span> 所有属性<br/>每点能量回复：<span class=\"color_yellow\">15</span>","lqsjtb":"http://www.dota2.com.cn/images/info1301/ico2.gif","lqsj":"12","mfxhtb":"","mfxh":"","qzwptb":"","wpzyms2":"1200码视野范围内敌人使用技能就会获得点数。 <br>部分英雄技能和物品技能的施放将不会增加点数。","item_en":"magic_wand"},"count":1},{"goods":{"id":55,"bigtype":"升级物品","type":"普通","wpmc":"动力鞋","wppz":"2","wptp":"http://www.dota2.com.cn/images/items/power_treads_lg.png","jgtb":"http://www.dota2.com.cn/images/info1301/tit_img07.gif","jg":"1400","wpjs":"一双厚实的皮靴，能根据穿着者的需求切换属性。","wpzyms":"移动速度加成效果不与其他鞋类物品叠加。","wpsyff":"主动：属性切换-将附加属性在力量，敏捷以及智力三者间切换。","wpxg":"+ <span class=\"color_yellow\">50</span> 移动速度<br/>+ <span class=\"color_yellow\">8</span> 所选属性<br/>+ <span class=\"color_yellow\">25</span> 攻击速度","lqsjtb":"","lqsj":"","mfxhtb":"","mfxh":"","qzwptb":null,"wpzyms2":"","item_en":"power_treads"},"count":1},{"goods":{"id":63,"bigtype":"升级物品","type":"辅助","wpmc":"影之灵龛","wppz":"3","wptp":"http://www.dota2.com.cn/images/items/urn_of_shadows_lg.png","jgtb":"http://www.dota2.com.cn/images/info1301/tit_img07.gif","jg":"875","wpjs":"包含有强大的恶魔骨灰。","wpzyms":"","wpsyff":"每当敌方英雄在1400范围内死亡时获得充能。只有最靠近死亡英雄的灵龛能得到充能。<br>主动：灵魂释放-为友方单位在一定时间内恢复生命值，对敌方单位则造成持续伤害。治疗效果在受到英雄或防御塔攻击后会消失。","wpxg":"+ <span class=\"color_yellow\">50%</span> 魔法恢复<br/>+ <span class=\"color_yellow\">6</span> 力量<br/>治疗：<span class=\"color_yellow\">400</span><br/>持续时间：<span class=\"color_yellow\">8</span><br/>伤害：<span class=\"color_yellow\">150</span>","lqsjtb":"http://www.dota2.com.cn/images/info1301/ico2.gif","lqsj":"7","mfxhtb":"","mfxh":"","qzwptb":"","wpzyms2":"","item_en":"urn_of_shadows"},"count":1},{"goods":{"id":78,"bigtype":"升级物品","type":"法器","wpmc":"阿哈利姆神杖","wppz":"3","wptp":"http://www.dota2.com.cn/images/items/ultimate_scepter_lg.png","jgtb":"http://www.dota2.com.cn/images/info1301/tit_img07.gif","jg":"4200","wpjs":"拥有半神之力的法师的权杖。","wpzyms":"","wpsyff":"被动：终极技能升级 - 能提升某些英雄终极技能。","wpxg":"+ <span class=\"color_yellow\">10</span> 所有属性<br/>+ <span class=\"color_yellow\">200</span> 生命值<br/>+ <span class=\"color_yellow\">150</span> 魔法值","lqsjtb":"","lqsj":"","mfxhtb":"","mfxh":"","qzwptb":"","wpzyms2":"","item_en":"ultimate_scepter"},"count":1},{"goods":{"id":9,"bigtype":"基础物品","type":"消耗品","wpmc":"侦查守卫","wppz":"3","wptp":"http://www.dota2.com.cn/images/items/ward_observer_lg.png","jgtb":"http://www.dota2.com.cn/images/info1301/tit_img07.gif","jg":"150","wpjs":"","wpzyms":"持续7分钟。","wpsyff":"使用：放置侦查守卫来获得附近区域的视野。","wpxg":"","lqsjtb":"http://www.dota2.com.cn/images/info1301/ico2.gif","lqsj":"1","mfxhtb":"","mfxh":"","qzwptb":"","wpzyms2":"","item_en":"ward_observer"},"count":1}],"adapt_kz_list":[{"id":15,"zwm":"德鲁伊","ywm":"Lone Druid","jc":"LD、熊德、DLY、小德","xttx":"http://www.dota2.com.cn/images/heroes/lone_druid_full.png","dttx":"http://www.dota2.com.cn/images/heroes/lone_druid_vert.jpg","gjlx":"远程","yxlx":"敏捷","yxdw":"核心|耐久|推进|打野","zltb":"http://www.dota2.com.cn/images/info1301/tit_img01.gif","zljc":"13","zlsj":"1.4","mjtb":"http://www.dota2.com.cn/images/info1301/tit_img02.gif","mjjc":"24","mjsj":"2.7","lltb":"http://www.dota2.com.cn/images/info1301/tit_img03.gif","lljc":"17","llsj":"2.1","gjltb":"http://www.dota2.com.cn/images/info1301/tit_img06.gif","csgjl":"22-26","ydsdtb":"http://www.dota2.com.cn/images/info1301/tit_img05.gif","csydsd":"325","hjtb":"http://www.dota2.com.cn/images/info1301/tit_img04.gif","cshj":"3.36","yxbj":"早在有史可考的年代之前，德鲁伊巨熊部落就已经形成了。他们天生就是智者，专注于探索和理解自然秩序。自然之力注意到了他们，并找到了他们中最有学识的一位，睿智的老悉拉，巨熊部落的先知和仲裁者，脱颖而出。它走到悉拉面前，将生命之种交给了他，并且告诉他：“当世界变得昏暗，当文明不再繁荣，当荒漠延伸到世界的尽头，那就种下这粒种子。”获得了自然之力的信任以后，悉拉感到自己的活力又回来了，岁月的痕迹也消失无踪，他原本渊博的学识更加广袤。同时，他发现自己能够将自己的意愿变成现实，甚至，在专注的情况下，能够改变自己的物质形态。然而，关于生命之种的谣言却给他的部落和人民带来了灾难，恐怖的战争席卷了整个部落，将其毁于一旦。家园被毁，悉拉带着自己的责任，逃到了荒野。随着时间的流逝，巨熊部落以及生命之种的故事已经在岁月长河中被人遗忘。几万年来，悉拉一直在等待，等待神谕，等待永世争斗的结束，等待他流浪宿命的终结，等待他神圣使命的实现，同时准备着消灭那些敢于阻挠他的事物。","dj":"1|15|25","smz":"473|1032|1811","mfz":"169|424|866","gjl":"46-50|84-88|131-135","hj":"3|9|15","syfw":"1800/1000","gjfw":"550","ddsd":"900","jdtj1":"http://www.dota2.com.cn/images/property/add/lone_druid.jpg","jdms1":"德鲁伊是一名敏捷型英雄，强大push推进能力，后期无与伦比的输出能力，德鲁伊一度被授予Dota第一后期的头衔。这是大多数德鲁伊的主流加点。熊灵是德鲁伊最好的伙伴，熟练对熊灵的使用是用好德鲁伊的关键。","jdtj2":"","jdms2":"","cmzb":"铁树枝干*3|树之祭祀*1|守护指环*1","qqzb":"魔棒*1|速度之靴*1","hxzb":"魔杖*1|静谧之鞋*1","hqsz":"狂战斧*1|幻影斧*1|深渊之刃*1|蝴蝶*1|恐鳌之心*1|弗拉迪米尔的祭品*1|","ljt":"http://www.dota2.com.cn/images/property/lone_druid.gif","path":"lone_druid","zymc":"天辉","zytb":"http://www.dota2.com.cn/images/heropedia/radiant.jpg","yxtp":"http://www.dota2.com.cn/images/others/lone_druid_big1.jpg","gjlxxj":"1","yxdwxj":"2|2|2|1","llsjsmz":"19","llsjsmhf":"0.03","mjsjhj":"1","mjsjgjsd":"1","zlsjmfz":"13","zlsjmfhf":"0.04","sjgjl":"1","pjsh":"48","gjsd":"124|135|189","gjms":"1.37","gjsh":"46-50","gjjl":"550|550|550","wlhj":"3","wlshkx":"16%","mfshkx":"25%","minitb":"http://www.dota2.com.cn/images/heroes/lone_druid_icon.png"},{"id":87,"zwm":"瘟疫法师","ywm":"Necrophos","jc":"NEC，死灵法","xttx":"http://www.dota2.com.cn/images/heroes/necrolyte_full.png","dttx":"http://www.dota2.com.cn/images/heroes/necrolyte_vert.jpg","gjlx":"远程","yxlx":"智力","yxdw":"辅助|耐久|核心","zltb":"http://www.dota2.com.cn/images/info1301/tit_img01.gif","zljc":"22","zlsj":"2.5","mjtb":"http://www.dota2.com.cn/images/info1301/tit_img02.gif","mjjc":"15","mjsj":"1.7","lltb":"http://www.dota2.com.cn/images/info1301/tit_img03.gif","lljc":"16","llsj":"2","gjltb":"http://www.dota2.com.cn/images/info1301/tit_img06.gif","csgjl":"22-26","ydsdtb":"http://www.dota2.com.cn/images/info1301/tit_img05.gif","csydsd":"290","hjtb":"http://www.dota2.com.cn/images/info1301/tit_img04.gif","cshj":"2.1","yxbj":"在瘟疫肆虐时期，一个内心黑暗的无名僧侣，罗坦德吉利被提拔为红衣主教，而原因则是他的上级们的过早死亡。当教团的其他人都外出救援病人时，这个新上任的红衣主教却把他自己关在鲁姆斯克大教堂中，忙着进行他那攫取濒死贵族的财产的计划，他答应他们只要签字转让领土，灵魂便会获得奖赏。瘟疫减退到小部分顽固地区后，他的所作所为被教团注意到了，教团认定他犯下了异端之罪并判他到瘟疫病房工作，那里的咒语会让他患上一种长期的慢性疾病。教团认为，不管他的免疫力再强，也必死无疑。罗坦德吉利染上了瘟疫，然而他不仅没有病死，还发现这种瘟疫在提供他力量，他变成了真正的瘟疫法师，瘟疫的教皇。正式宣称自己为瘟疫法师后，他开始环游世界，在所到之处散布瘟疫，随着一个个村庄消失在他引起的瘟疫中，他恐怖的力量不断在成长。","dj":"1|15|25","smz":"454|986|1746","mfz":"286|741|1326","gjl":"44-48|79-83|124-128","hj":"2|5|11","syfw":"1800/800","gjfw":"550","ddsd":"900","jdtj1":"http://www.dota2.com.cn/images/property/add/necrolyte.jpg","jdms1":"瘟疫法师的加点没有太多变化，前期主加死亡脉冲是毫无疑问的，施虐之心和竭心光环的选择则根据场上阵容形势而选择，瘟疫法师的大招经过多次修改，在Dota2中瘟疫法师的大招依然有着眩晕效果，关键时刻大招也可以作为留人技能。","jdtj2":"","jdms2":"","cmzb":"铁树枝干*3|智力斗篷*1|治疗药膏*1|树之祭祀*2","qqzb":"魔棒*1|速度之靴*1|恢复头巾*1","hxzb":"魔杖*1|动力鞋*1|梅肯斯姆*1|精气之球*1","hqsz":"血精石*1|邪恶镰刀*1|希瓦的守护*1|阿哈利姆神杖*1|洞察烟斗*1|恐鳌之心*1","ljt":"http://www.dota2.com.cn/images/property/necrolyte.gif","path":"necrophos","zymc":"夜魇","zytb":"http://www.dota2.com.cn/images/heropedia/dire.jpg","yxtp":"http://www.dota2.com.cn/images/others/necrolyte_big1.jpg","gjlxxj":"1","yxdwxj":"1|1|1","llsjsmz":"19","llsjsmhf":"0.03","mjsjhj":"1","mjsjgjsd":"1","zlsjmfz":"13","zlsjmfhf":"0.04","sjgjl":"1","pjsh":"46","gjsd":"115|122|156","gjms":"1.48","gjsh":"44-48","gjjl":"550|550|550","wlhj":"2","wlshkx":"11%","mfshkx":"25%","minitb":"http://www.dota2.com.cn/images/heroes/necrolyte_icon.png"},{"id":106,"zwm":"凤凰","ywm":"Phoenix","jc":"凤凰","xttx":"http://www.dota2.com.cn/images/heroes/phoenix_full.png","dttx":"http://www.dota2.com.cn/images/heroes/phoenix_vert.jpg","gjlx":"远程","yxlx":"力量","yxdw":"先手|控制|爆发","zltb":"http://www.dota2.com.cn/images/info1301/tit_img01.gif","zljc":"18","zlsj":"1.80","mjtb":"http://www.dota2.com.cn/images/info1301/tit_img02.gif","mjjc":"12","mjsj":"1.30","lltb":"http://www.dota2.com.cn/images/info1301/tit_img03.gif","lljc":"17","llsj":"2.90","gjltb":"http://www.dota2.com.cn/images/info1301/tit_img06.gif","csgjl":"26-36","ydsdtb":"http://www.dota2.com.cn/images/info1301/tit_img05.gif","csydsd":"285","hjtb":"http://www.dota2.com.cn/images/info1301/tit_img04.gif","cshj":"-0.32","yxbj":"永世的黑暗中，光之守护者的第一个太阳之光轻微闪过，这一束有自我意识的光线注定要在虚空里发光发热。亿万年里，这一束炫目的光芒逐渐聚集了无穷的能量，爆发成了一颗超新星。在这烈火之中，如同其起源一样的光线向四下散射，穿越黑暗的海洋，到达各个星座。很快，这些光芒也将成为超新星，以同样的形式向外传递着光和热。这种奇迹一般的生命与重生将一直持续到创世神鬼斧神工的苍穹之上被完全点亮。在这无尽的轮回中，被凡人们称作凤凰的星星坍塌成型，和其先前的光芒一样，凤凰也一头扎入无尽宇宙，在其邻近的星系中散布光能。经过长久的轮回，逐渐有了意识，开始了解万物，机缘巧合下听闻有一处地方，由于宇宙的横生变故进行着经年累月的战斗。因此众星的新生儿化成了生物形态，渴望在最黑暗的地方闪耀他的光和热。","dj":"1|15|25","smz":"473|1244|2175","mfz":"234|562|1056","gjl":"43-53|84-94|133-143","hj":"0|2|7","syfw":"1800/800","gjfw":"500","ddsd":"1100","jdtj1":"","jdms1":"","jdtj2":null,"jdms2":null,"cmzb":"治疗药膏*1|树之祭祀*1|铁树枝干*1|圆盾*1","qqzb":"速度之靴*1|护腕*1|天鹰之戒*1|食人魔之斧*1","hxzb":"动力鞋*1|韧鼓*1|幻影斧*1","hqsz":"代达罗斯之殇*1|恐鳌之心*1|蝴蝶*1|辉耀*1|黑皇杖*1|斯嘉蒂之眼*1","ljt":"","path":"phoenix","zymc":"天辉","zytb":"http://www.dota2.com.cn/images/heropedia/radiant.jpg","yxtp":"http://www.dota2.com.cn/images/others/phoenix_big1.jpg","gjlxxj":"1","yxdwxj":"3|2|3","llsjsmz":"19","llsjsmhf":"0.03","mjsjhj":"1","mjsjgjsd":"1","zlsjmfz":"13","zlsjmfhf":"0.04","sjgjl":"1","pjsh":"48","gjsd":"112|130|143","gjms":"1.52","gjsh":"43-53","gjjl":"500|500|500","wlhj":"0","wlshkx":"-1%","mfshkx":"25%","minitb":"http://www.dota2.com.cn/images/heroes/phoenix_icon.png"},{"id":46,"zwm":"狼人","ywm":"Lycan","jc":"Lyc","xttx":"http://www.dota2.com.cn/images/heroes/lycan_full.png","dttx":"http://www.dota2.com.cn/images/heroes/lycan_vert.jpg","gjlx":"近战","yxlx":"力量","yxdw":"核心|打野|推进|耐久","zltb":"http://www.dota2.com.cn/images/info1301/tit_img01.gif","zljc":"17","zlsj":"1.55","mjtb":"http://www.dota2.com.cn/images/info1301/tit_img02.gif","mjjc":"16","mjsj":"1.90","lltb":"http://www.dota2.com.cn/images/info1301/tit_img03.gif","lljc":"22","llsj":"3.0","gjltb":"http://www.dota2.com.cn/images/info1301/tit_img06.gif","csgjl":"36-41","ydsdtb":"http://www.dota2.com.cn/images/info1301/tit_img05.gif","csydsd":"305","hjtb":"http://www.dota2.com.cn/images/info1301/tit_img04.gif","cshj":"3.24","yxbj":"贝恩霍勒出生在高贵的安布里家族——古老的斯洛姆王国中最伟大的贵族。在凋零之秋以前，国王的欲望愈发的奇怪，朝廷也逐渐被法师和江湖术士占领，而安布里家族则第一个起来反对王权的贪得无厌。他们不再对国王效忠，不再对国家纳贡，而是派出了一支六千人的军队去进攻王城，结果，在史称\"变节者之殇\"的大屠杀中，这些人被尽数除掉。接下来发生的就完全印证了古语中常说的：打蛇打七寸，擒贼先擒王：叛变将国王激怒了，他将安布里家族的家主和其幼子贝恩霍勒抓住，然后将所有安布里家族的人杀得一干二净。在皇家法庭的审判中，国王命令他的法师将安布里领主的幼子施法变成狼，然后咬断他父亲的喉咙。\"动手！\"国王下令，\"这样他也能尝尝被人背叛的滋味！\"强大的魔法被施放到了贝恩霍勒身上，这个孩子当时就变成了狼。然而，尽管躯体转变，他的心智尚存，他将看守撕成了碎片。为了将这只猛兽赶走，国王付出了一队骑士的生命。安布里领主在加锁中大笑着，甚至当国王将剑刺入其身体后仍狂笑不止。现在，安布里家族唯一的子嗣，贝恩霍勒，以狼人的形态游荡着，半狼半人，追寻着，他所失去的公义。","dj":"1|15|25","smz":"568|1366|2316","mfz":"221|503|965","gjl":"58-63|100-105|150-155","hj":"3|7|12","syfw":"1800/800","gjfw":"128","ddsd":"N/A","jdtj1":"http://www.dota2.com.cn/images/property/add/lycanthrope.jpg","jdms1":"这是比较主流的一套狼人加点，在没有改版之前100个狼人中有99个会选择如此加点，前期混野区，无论经验还是金钱都不会比线上来的差，狼人线上能力不强，前期在没有装备和大招的情况下，狼人很难再团战中起到作用，反而移动速度超快的召唤狼会成为将有们的噩梦。","jdtj2":null,"jdms2":null,"cmzb":"治疗药膏*1|树之祭祀*1|压制之刃*1|守护指环*1","qqzb":"速度之靴*1|弗拉迪米尔的祭品*1","hxzb":"动力鞋*1|黑皇杖*1|勇气勋章*1","hqsz":"强袭胸甲*1|黯灭*1|死灵书*1|天堂之戟*1|恐鳌之心*1|深渊之刃*1","ljt":"http://www.dota2.com.cn/images/property/lycan.gif","path":"lycan","zymc":"夜魇","zytb":"http://www.dota2.com.cn/images/heropedia/dire.jpg","yxtp":"http://www.dota2.com.cn/images/others/lycan_big1.jpg","gjlxxj":"1","yxdwxj":"2|2|2|1","llsjsmz":"19","llsjsmhf":"0.03","mjsjhj":"1","mjsjgjsd":"1","zlsjmfz":"13","zlsjmfhf":"0.04","sjgjl":"1","pjsh":"60","gjsd":"116|124|162","gjms":"1.47","gjsh":"58-63","gjjl":"128|128|128","wlhj":"3","wlshkx":"16%","mfshkx":"25%","minitb":"http://www.dota2.com.cn/images/heroes/lycan_icon.png"},{"id":98,"zwm":"幽鬼","ywm":"Spectre","jc":"Spe","xttx":"http://www.dota2.com.cn/images/heroes/spectre_full.png","dttx":"http://www.dota2.com.cn/images/heroes/spectre_vert.jpg","gjlx":"近战","yxlx":"敏捷","yxdw":"核心|耐久","zltb":"http://www.dota2.com.cn/images/info1301/tit_img01.gif","zljc":"16","zlsj":"1.9","mjtb":"http://www.dota2.com.cn/images/info1301/tit_img02.gif","mjjc":"23","mjsj":"2.2","lltb":"http://www.dota2.com.cn/images/info1301/tit_img03.gif","lljc":"19","llsj":"2","gjltb":"http://www.dota2.com.cn/images/info1301/tit_img06.gif","csgjl":"23-27","ydsdtb":"http://www.dota2.com.cn/images/info1301/tit_img05.gif","csydsd":"295","hjtb":"http://www.dota2.com.cn/images/info1301/tit_img04.gif","cshj":"3.22","yxbj":"和所有强大的能量都喜欢欺凌弱小一样，被称为墨丘利的幽鬼也是一个拥有着强横能量的存在，同样的，她对现实世界中的冲突和纷争无比着迷。然而她平时的幽鬼形态超越了常人的感知范围，因此每当她以实体形态出现时，她不得不损失一部分自我能量——尽管她也不愿意。在战斗中，她的自我意识逐渐散落并重新聚合，她也开始有了意识。她意识到了自己是幽鬼墨丘利——其他所有的鬼影都只是她自我的阴影。出于重新凝聚的打算，她开始专注，她的心智也在不断的成熟。只有等到她取得胜利或者彻底失败时，她那超物质的形态才会得以重聚。","dj":"1|15|25","smz":"511|1043|1803","mfz":"208|554|1061","gjl":"46-50|77-81|119-123","hj":"3|8|13","syfw":"1800/800","gjfw":"128","ddsd":"N/A","jdtj1":"http://www.dota2.com.cn/images/property/add/spectre.jpg","jdms1":"幽鬼，曾经Dota中的无敌大后期之一，被看作是为数不多的可以后期1V5的英雄。幽鬼是大后期，所以前期线上受到的压力一般不会小，主加幽鬼之刃让幽鬼拥有更强的自保的能力。中后期补满荒芜可以让幽鬼拥有更强的作战能力。有大加大，大招也是幽鬼可以瞬间切入战场的利器。","jdtj2":"","jdms2":"","cmzb":"压制之刃*1|树之祭祀*1|治疗药膏*1|铁树枝干*3","qqzb":"魔棒*1|速度之靴*1|治疗指环*1","hxzb":"魔杖*1|动力鞋*1|先锋盾*1|净魂之刃*1","hqsz":"辉耀*1|幻影斧*1|代达罗斯之殇*1|蝴蝶*1|恐鳌之心*1|散夜对剑*1","ljt":"http://www.dota2.com.cn/images/property/spectre.gif","path":"spectre","zymc":"夜魇","zytb":"http://www.dota2.com.cn/images/heropedia/dire.jpg","yxtp":"http://www.dota2.com.cn/images/others/spectre_big1.jpg","gjlxxj":"1","yxdwxj":"3|1","llsjsmz":"19","llsjsmhf":"0.03","mjsjhj":"1","mjsjgjsd":"1","zlsjmfz":"13","zlsjmfhf":"0.04","sjgjl":"1","pjsh":"48","gjsd":"123|132|176","gjms":"1.38","gjsh":"46-50","gjjl":"128|128|128","wlhj":"3","wlshkx":"16%","mfshkx":"25%","minitb":"http://www.dota2.com.cn/images/heroes/spectre_icon.png"},{"id":51,"zwm":"殁境神蚀者","ywm":"Outworld Devourer","jc":"黑鸟","xttx":"http://www.dota2.com.cn/images/heroes/obsidian_destroyer_full.png","dttx":"http://www.dota2.com.cn/images/heroes/obsidian_destroyer_vert.jpg","gjlx":"远程","yxlx":"智力","yxdw":"核心","zltb":"http://www.dota2.com.cn/images/info1301/tit_img01.gif","zljc":"26","zlsj":"3.3","mjtb":"http://www.dota2.com.cn/images/info1301/tit_img02.gif","mjjc":"24","mjsj":"2","lltb":"http://www.dota2.com.cn/images/info1301/tit_img03.gif","lljc":"19","llsj":"2.3","gjltb":"http://www.dota2.com.cn/images/info1301/tit_img06.gif","csgjl":"20-35","ydsdtb":"http://www.dota2.com.cn/images/info1301/tit_img05.gif","csydsd":"315","hjtb":"http://www.dota2.com.cn/images/info1301/tit_img04.gif","cshj":"5.36","yxbj":"一个高傲且强横的种族中的一员，先兆者，徘徊于虚空裂隙，他是整个世界与创世深渊之间唯一的卫士。在这充斥着星体残片的殁境中，他凝视着天穹，警觉的提防着繁星之外那无底深渊中的任何骚动。在他非凡的智慧中，深藏着对先兆的敏锐洞察力和强烈共鸣，他心中那曲黑暗的协奏曲暗示着：总有一天，在这深渊之中，在那造化之外，会有某种东西醒来，并且注意到我们的世界。由于太专注于监视星体，殁境神蚀者对太阳附近的事件并不关心。然而，随着遗迹发出战争的召唤，随着心中那潜在的危机感不断扩大，殁境神蚀者展开双翼，向着我们的世界飞来。在预言中，先兆者的地位不言而喻：他的出现即是灾厄的征兆。何况，他已然亲临。","dj":"1|15|25","smz":"511|1123|1940","mfz":"338|939|1628","gjl":"46-61|92-107|145-160","hj":"5|9|15","syfw":"1800/800","gjfw":"450","ddsd":"900","jdtj1":"http://www.dota2.com.cn/images/property/add/Outworld_Devourer.jpg","jdms1":"黑鸟是为数不多可以打后期的智力型英雄，这套加点适合打solo位置的黑鸟。星体禁锢是不错的技能，留人，救人，抽取智力都会有着不错的效果，前期最少加到两级，可以主禁锢，也可以主被动。可以更早的升级1级的奥术天球。","jdtj2":null,"jdms2":null,"cmzb":"铁树枝干*3|智力斗篷*1|树之祭祀*1|治疗药膏*1","qqzb":"魔棒*1|速度之靴*1|空灵挂件*1","hxzb":"动力鞋*1|魔杖*1|原力法杖*1|回城卷轴*1","hqsz":"阿哈利姆神杖*1|希瓦的守护*1|闪烁匕首*1|邪恶镰刀*1|纷争面纱*1","ljt":"http://www.dota2.com.cn/images/property/obsidian_destroyer.gif","path":"outworld_devourer","zymc":"夜魇","zytb":"http://www.dota2.com.cn/images/heropedia/dire.jpg","yxtp":"http://www.dota2.com.cn/images/others/obsidian_destroyer_big1.jpg","gjlxxj":"1","yxdwxj":"2","llsjsmz":"19","llsjsmhf":"0.03","mjsjhj":"1","mjsjgjsd":"1","zlsjmfz":"13","zlsjmfhf":"0.04","sjgjl":"1","pjsh":"53","gjsd":"124|132|172","gjms":"1.37","gjsh":"46-61","gjjl":"450|450|450","wlhj":"5","wlshkx":"24%","mfshkx":"25%","minitb":"http://www.dota2.com.cn/images/heroes/obsidian_destroyer_icon.png"},{"id":56,"zwm":"祈求者","ywm":"Invoker","jc":"卡尔、加若、Invoker","xttx":"http://www.dota2.com.cn/images/heroes/invoker_full.png","dttx":"http://www.dota2.com.cn/images/heroes/invoker_vert.jpg","gjlx":"远程","yxlx":"智力","yxdw":"核心|爆发|先手|逃生","zltb":"http://www.dota2.com.cn/images/info1301/tit_img01.gif","zljc":"22","zlsj":"4","mjtb":"http://www.dota2.com.cn/images/info1301/tit_img02.gif","mjjc":"20","mjsj":"1.9","lltb":"http://www.dota2.com.cn/images/info1301/tit_img03.gif","lljc":"19","llsj":"1.7","gjltb":"http://www.dota2.com.cn/images/info1301/tit_img06.gif","csgjl":"13-19","ydsdtb":"http://www.dota2.com.cn/images/info1301/tit_img05.gif","csydsd":"280","hjtb":"http://www.dota2.com.cn/images/info1301/tit_img04.gif","cshj":"1.8","yxbj":"在创立之初，魔法本质上是一门记忆的艺术，有些人认为这才是其最强力的形式。它无需任何科技，也无需魔杖或者其他施法媒介，只需要你有一颗魔法师的心。所有的那些祭祀里面的象形符号也仅仅是帮助记忆的手段，初衷是为了让施法者能够回想起施放法术时那大量的细节以及步骤。在那个年代，最伟大的法师就是记忆天赋最高的人，然而魔法祈唤实在是太过艰深，因此所有的法师不得不有所专攻。即使是最刻苦的法师，将一辈子奉献给魔法，最多也只能掌握三到四个法术。普通的法师能掌握两个就心满意足了，而对于那些乡下的法师来说，只掌握一个法术也再正常不过——即使这样，在极少的真正需要使用魔法的场合，他还得借助魔典才能战胜自己的健忘。然而，在那些早期的施法者中，有一个例外，一个智力超群，记忆力惊人的天才，以祈求者的名字为人们所知。在年少时，祈求者就已经掌握了不下十种法术。是的，不是四五个，也不是七个，而是十个，而且他还能毫不费力的施放这些法术。他学到过更多的法术，但是因为觉得没用，试过一次以后就彻底从脑中遗忘，这样才能为其他更为有用的法术留出空间。这些法术就是包括永生之术——能让施法者永生的法术，那些在世界之初吟唱了这个法术的人现在还活得好好的（除非他们被物质毁灭了）。而大多数这样的准不朽者都低调的生活在我们中间，害怕他们的秘密泄露：然而祈求者不是一个喜欢隐藏自己的天赋的人。他来自远古，比任何人都要博学，而他的心智还有余力让他去思考他无穷的自我价值...以及更多的法术——他在世界毁灭之时的漫长暮色中用来自娱自乐的法术。","dj":"1|15|25","smz":"511|963|1666","mfz":"286|1014|1794","gjl":"35-41|91-97|151-197","hj":"2|6|11","syfw":"1800/800","gjfw":"600","ddsd":"900","jdtj1":"http://www.dota2.com.cn/images/property/add/invoker.jpg","jdms1":"卡尔的加点方式非常多，不同的玩法有不同的加点方法，冰雷，雷火，冰火以及全系卡尔都有。这套加点是极限的冰雷卡，控制能力非常强大，唯一欠缺的是爆发力，在团队爆发足缺控制的情况下可以选择此套加点。如果生存条件不是十分恶劣，可以在冰加到3级时开始主雷副火。","jdtj2":null,"jdms2":null,"cmzb":"树之祭祀*1|治疗药膏*1|圆环*1|力量手套*1|铁树枝干*1","qqzb":"速度之靴*1|魔棒*1|护腕*1","hxzb":"相位鞋*1|韧鼓*1|魔杖*1|原力法杖*1","hqsz":"邪恶镰刀*1|闪烁匕首*1|阿哈利姆神杖*1|Eul的神圣法杖*1|黑皇杖*1|斯嘉蒂之眼*1","ljt":"http://www.dota2.com.cn/images/property/invoker.gif","path":"invoker","zymc":"夜魇","zytb":"http://www.dota2.com.cn/images/heropedia/dire.jpg","yxtp":"http://www.dota2.com.cn/images/others/invoker_big1.jpg","gjlxxj":"1","yxdwxj":"1|1|1|1","llsjsmz":"19","llsjsmhf":"0.03","mjsjhj":"1","mjsjgjsd":"1","zlsjmfz":"13","zlsjmfhf":"0.04","sjgjl":"1","pjsh":"38","gjsd":"120|147|180","gjms":"1.42","gjsh":"35-41","gjjl":"600|600|600","wlhj":"1","wlshkx":"9%","mfshkx":"25%","minitb":"http://www.dota2.com.cn/images/heroes/invoker_icon.png"},{"id":107,"zwm":"恐怖利刃","ywm":"Terrorblade","jc":"TB、魂守","xttx":"http://www.dota2.com.cn/images/heroes/terrorblade_full.png","dttx":"http://www.dota2.com.cn/images/heroes/terrorblade_vert.jpg","gjlx":"近战","yxlx":"敏捷","yxdw":"核心","zltb":"http://www.dota2.com.cn/images/info1301/tit_img01.gif","zljc":"19","zlsj":"1.75","mjtb":"http://www.dota2.com.cn/images/info1301/tit_img02.gif","mjjc":"22","mjsj":"3.2","lltb":"http://www.dota2.com.cn/images/info1301/tit_img03.gif","lljc":"15","llsj":"1.9","gjltb":"http://www.dota2.com.cn/images/info1301/tit_img06.gif","csgjl":"26-32","ydsdtb":"http://www.dota2.com.cn/images/info1301/tit_img05.gif","csydsd":"315","hjtb":"http://www.dota2.com.cn/images/info1301/tit_img04.gif","cshj":"7.08","yxbj":"恐怖利刃是恶魔中的掠夺者——这个无法无天的魔头就连恶魔都惧怕三分。他曾因对恶魔领主动了贼念，无视了所有规范他行为的基本法则，触犯了七度地狱的所有法规。他被好好上了一课：原来还有比地狱更可怕的地方。接下来是短暂又残酷的审问，最终他被打入了荒邪之狱，这是一个隐藏的位面，恶魔们将它们的同类囚禁在这里。荒邪之狱并不是普通的监狱，这是现实的暗黑镜像，恶魔经过判决都到这里来直视他们自身灵魂中的扭曲倒影。然而恐怖利刃不但没有受苦，反而将自身最邪恶的倒影转化成了操控自如的力量，并将他的恐怖全数释放。","dj":"1|15|25","smz":"435|940|1681","mfz":"247|566|1053","gjl":"48-54|93-99|145-151","hj":"7|13|21","syfw":"1800/800","gjfw":"128","ddsd":"900","jdtj1":"","jdms1":"","jdtj2":"","jdms2":"","cmzb":"治疗药膏*1|树之祭祀*1|铁树枝干*1|圆盾*1","qqzb":"速度之靴*1|护腕*1|天鹰之戒*1|食人魔之斧*1","hxzb":"动力鞋*1|韧鼓*1|幻影斧*1","hqsz":"代达罗斯之殇*1|恐鳌之心*1|蝴蝶*1|辉耀*1|黑皇杖*1|斯嘉蒂之眼*1","ljt":"","path":"terrorblade","zymc":"夜魇","zytb":"http://www.dota2.com.cn/images/heropedia/dire.jpg","yxtp":"http://www.dota2.com.cn/images/others/terrorblade_big1.jpg","gjlxxj":"5","yxdwxj":"3","llsjsmz":"19","llsjsmhf":"0.03","mjsjhj":"1","mjsjgjsd":"1","zlsjmfz":"13","zlsjmfhf":"0.04","sjgjl":"1","pjsh":"51","gjsd":"135|183|212","gjms":"1.23","gjsh":"48-53","gjjl":"128|128|128","wlhj":"7","wlshkx":"29%","mfshkx":"25%","minitb":"http://www.dota2.com.cn/images/heroes/terrorblade_icon.png"}]}