{"hero":{"id":21,"zwm":"矮人直升机","ywm":"Gyrocopter","jc":"飞机","xttx":"http://www.dota2.com.cn/images/heroes/gyrocopter_full.png","dttx":"http://www.dota2.com.cn/images/heroes/gyrocopter_vert.jpg","gjlx":"远程","yxlx":"敏捷","yxdw":"控制-先手-爆发","zltb":"http://www.dota2.com.cn/images/info1301/tit_img01.gif","zljc":"19","zlsj":"2.1","mjtb":"http://www.dota2.com.cn/images/info1301/tit_img02.gif","mjjc":"24","mjsj":"2.8","lltb":"http://www.dota2.com.cn/images/info1301/tit_img03.gif","lljc":"18","llsj":"1.8","gjltb":"http://www.dota2.com.cn/images/info1301/tit_img06.gif","csgjl":"17-27","ydsdtb":"http://www.dota2.com.cn/images/info1301/tit_img05.gif","csydsd":"315","hjtb":"http://www.dota2.com.cn/images/info1301/tit_img04.gif","cshj":"4.36","yxbj":"在毕生为战争、起义、暴动和革命服务后，军中名人奥雷尔终于感到厌倦了。退役时除了一些琐碎物品和一笔可观的退休金，这位前工程师还带走了一样很有意思的东西：一件被遗忘了很久的，未完成的旋翼飞机设计图，这将是世界上第一架有人驾驶的，不依靠魔力的飞行装置。退休后他身无旁物，只带着时间和资金来到灰烬群岛，在这片隐蔽的热带岛屿中着手制造他的飞行装置。随着时间一年年过去，原型机失败作的残骸越堆越多，他甚至开始怀疑依靠机械飞行是否真的可能。在退休后第十年的第一天，一个阳光明媚、南风微拂的午后。奥雷尔坐在他最后的试验机中，充满愤怒和此次也将失败的预料。拉动点火绳后，在引擎的咕哝声中他护起脑袋，等着和以往一样不可避免的爆炸。然而这次大大出乎他的意料，他开始升空了，经过一阵慌乱的调整和稳定操作。不到一个小时，他就乘着微风，与海鸥结伴同行，飞行的体验让奥雷尔惊讶得近乎窒息。黄昏临近，他设置了返回工作间的路线，但就在这时，他的旋翼机被一发飞来的炮弹击穿了尾翼。从坠毁的残骸中解脱后，他游向眼前最近的岛屿，咒骂着射出那发炮弹的船只要为此付出代价。几天后，奥雷尔回到了工作间，开始制造他的新飞行器，一种能装载许多危险的火箭和导弹的新型旋翼机。","dj":"1/15/25","smz":"492/971/1693","mfz":"299/681/1214","gjl":"41-51/80-90/128-138","hj":"4/10/17","syfw":"1800/800","gjfw":"365","ddsd":"3000","jdtj1":"http://www.dota2.com.cn/images/property/add/gyrocopter.jpg","jdms1":"矮人直升机是一名敏捷型gank英雄，单体爆发非常高的矮人直升机往往被很多玩家轻视。这套加点前期以导弹为主，火箭弹幕为辅。导弹前期的高伤害，配合上火箭弹幕的伤害前期能去的不错的效果。而高射火炮技能在配合上自己有一定装备优势后使用性价比会更高。","jdtj2":null,"jdms2":null,"cmzb":"敏捷便鞋*2|树之祭祀*1|治疗药膏*1|净化药水*1|铁树枝干*1","qqzb":"魔棒*1|速度之靴*1|天鹰之戒*1","hxzb":"魔杖*1|相位鞋*1|先锋盾*1","hqsz":"","ljt":"http://www.dota2.com.cn/images/property/gyrocopter.gif","path":"gyrocopter","zymc":"天辉","zytb":"http://www.dota2.com.cn/images/heropedia/radiant.jpg","yxtp":"http://www.dota2.com.cn/images/others/gyrocopter_big1.jpg","gjlxxj":"1","yxdwxj":"1-1-1","llsjsmz":"19","llsjsmhf":"0.03","mjsjhj":"1","mjsjgjsd":"1","zlsjmfz":"13","zlsjmfhf":"0.04","sjgjl":"1","pjsh":"46","gjsd":"124/135/191","gjms":"1.37","gjsh":"41-51","gjjl":"365/365/365","wlhj":"4","wlshkx":"20%","mfshkx":"25%","minitb":"http://www.dota2.com.cn/images/heroes/gyrocopter_icon.png"},"skillList":[{"id":89,"zwm":"矮人直升机","jnmc":"火箭弹幕","jntb":"http://www.dota2.com.cn/images/heroes/abilities/gyrocopter_rocket_barrage_hp1.png","jnms":"向矮人直升机周围一定范围内的敌方单位齐射导弹。持续3秒。","mftb":"http://www.dota2.com.cn/style/../images/info1301/ico1.gif","mfxh":"90/90/90/90","lqtb":"http://www.dota2.com.cn/style/../images/info1301/ico2.gif","lqsj":"7/6.50/6/5.50","jnxg":"<span class=\"color_white\">技能：</span>无目标|<span class=\"color_white\">攻击力：</span>7/12/17/22|<span class=\"color_white\">伤害类型：</span>魔法|<span class=\"color_white\">作用范围：</span>400|<span class=\"color_white\">无视技能免疫：</span>否|<span class=\"color_white\">每秒发射导弹数：</span>10 ","jnsp":"http://dota2.dl.wanmei.com/dota2/video/abilities/gyrocopter_rocket_barrage.mp4","spms":"奥雷尔的新飞行器有更大的火箭载弹量，增强了速射能力。","djjd":"2,4,8,9","ewms":"火箭弹幕不能伤害矮人直升机视野之外的单位。"},{"id":90,"zwm":"矮人直升机","jnmc":"追踪导弹","jntb":"http://www.dota2.com.cn/images/heroes/abilities/gyrocopter_homing_missile_hp1.png","jnms":"发射一枚会自动搜索目标单位的追踪导弹。导弹发射后持续增加飞行速度，击中目标时造成伤害及眩晕。飞行距离越远，造成的伤害越大。敌方单位可在导弹接近前将其击落。","mftb":"http://www.dota2.com.cn/style/../images/info1301/ico1.gif","mfxh":"120/130/140/150","lqtb":"http://www.dota2.com.cn/style/../images/info1301/ico2.gif","lqsj":"20/17/14/11","jnxg":"<span class=\"color_white\">技能：</span>单位目标|<span class=\"color_white\">攻击力：</span>125/250/375/500|<span class=\"color_white\">影响：</span>敌方单位|<span class=\"color_white\">摧毁所需次数：</span>3/3/4/5|<span class=\"color_white\">伤害类型：</span>魔法|<span class=\"color_white\">摧毁所需防御塔攻击次数：</span>6/6/8/10|<span class=\"color_white\">无视技能免疫：</span>否|<span class=\"color_white\">眩晕时间：</span>2.2/2.4/2.6/2.8|<span class=\"color_white\">最低伤害：</span>50","jnsp":"http://dota2.dl.wanmei.com/dota2/video/abilities/gyrocopter_homing_missile.mp4","spms":"奥雷尔的飞行器上所能装载的最大的导弹，为实现最佳效果，The Bomb™经过了空气动力学和爆炸物的精心计算。","djjd":"1,3,5,7","ewms":"防御塔对导弹造成半额伤害。<br>准星效果仅对队友可见。<br>导弹的飞行距离达到1500码后就伤害就达到了上限。<br>导弹会跟随并击中隐身单位。"},{"id":91,"zwm":"矮人直升机","jnmc":"高射火炮","jntb":"http://www.dota2.com.cn/images/heroes/abilities/gyrocopter_flak_cannon_hp1.png","jnms":"矮人直升机的攻击会击中目标周围一定范围内的所有敌人，持续一定次数的攻击。只有主要目标会受到致命一击等攻击特效。持续15秒或攻击次数用完。","mftb":"http://www.dota2.com.cn/style/../images/info1301/ico1.gif","mfxh":"50/50/50/50","lqtb":"http://www.dota2.com.cn/style/../images/info1301/ico2.gif","lqsj":"30","jnxg":"<span class=\"color_white\">技能：</span>无目标|<span class=\"color_white\">作用范围：</span>1000|<span class=\"color_white\">伤害类型：</span>物理|<span class=\"color_white\">最多攻击次数：</span>3/4/5/6|<span class=\"color_white\">无视技能免疫：</span>是","jnsp":"http://dota2.dl.wanmei.com/dota2/video/abilities/gyrocopter_flak_cannon.mp4","spms":"这架新近改造的旋翼机装备了足够的弹药，可以攻击360度全范围内的敌人。","djjd":"10,12,13,14","ewms":"对主目标的攻击射程没有改变。"},{"id":92,"zwm":"矮人直升机","jnmc":"召唤飞弹","jntb":"http://www.dota2.com.cn/images/heroes/abilities/gyrocopter_call_down_hp1.png","jnms":"召唤导弹从空中打击目标区域的敌军。两发导弹先后到达，第一发造成大量伤害和小幅减速，减速持续2秒；第二发造成少量伤害和大幅减速，减速持续4秒。 可用神杖升级。","mftb":"http://www.dota2.com.cn/style/../images/info1301/ico1.gif","mfxh":"125/125/125","lqtb":"http://www.dota2.com.cn/style/../images/info1301/ico2.gif","lqsj":"55/50/45","jnxg":"<span class=\"color_white\">技能：</span>点目标|<span class=\"color_white\">第一发导弹伤害：</span>250/300/350|<span class=\"color_white\">伤害类型：</span>魔法|<span class=\"color_white\">第二发导弹伤害：</span>100/150/200|<span class=\"color_white\">无视技能免疫：</span>否|<span class=\"color_white\">第一发导弹减速：</span>30%|<span class=\"color_white\">第二发导弹减速：</span>60% |<span class=\"color_white\">作用范围：</span>600|<span class=\"color_green\">神杖升级第二枚导弹伤害：</span>175/225/275","jnsp":"http://dota2.dl.wanmei.com/dota2/video/abilities/gyrocopter_call_down.mp4","spms":"‘开始轰炸！’","djjd":"6,11,16","ewms":"视觉指示范围仅对队友可见。<br>减速效果无视效果免疫。"}],"qqzbList":[{"goods":{"id":36,"bigtype":"基础物品","type":"奥术","wpmc":"魔棒","wppz":"1","wptp":"http://www.dota2.com.cn/images/items/magic_stick_lg.png","jgtb":"http://www.dota2.com.cn/images/info1301/tit_img07.gif","jg":"200","wpjs":"一个简易但实用的魔杖，能够补充使用者的能量--巫师学徒和高级术士都喜欢。","wpzyms":"","wpsyff":"主动：充能 - 每当周围有敌人施放技能都会自动充能（最多10点能量）。当使用时，每点能量为你回复生命值和魔法值。","wpxg":"每点能量回复：<span class=\"color_yellow\">15</span>","lqsjtb":"http://www.dota2.com.cn/images/info1301/ico2.gif","lqsj":"13","mfxhtb":"","mfxh":"","qzwptb":"","wpzyms2":"1200码视野范围内敌人使用技能就会获得点数。<br>部分英雄技能和物品技能的施放将不会增加点数。","item_en":"magic_stick"},"count":1},{"goods":{"id":39,"bigtype":"基础物品","type":"奥术","wpmc":"速度之靴","wppz":"1","wptp":"http://www.dota2.com.cn/images/items/boots_lg.png","jgtb":"http://www.dota2.com.cn/images/info1301/tit_img07.gif","jg":"450","wpjs":"穿双鞋子，跑的更快。","wpzyms":"移动速度提升效果不与其他鞋子叠加。","wpsyff":"","wpxg":"+ <span class=\"color_yellow\">50</span> 移动速度","lqsjtb":"","lqsj":"","mfxhtb":"","mfxh":"","qzwptb":"","wpzyms2":"","item_en":"boots"},"count":1},{"goods":{"id":64,"bigtype":"升级物品","type":"辅助","wpmc":"天鹰之戒","wppz":"3","wptp":"http://www.dota2.com.cn/images/items/ring_of_aquila_lg.png","jgtb":"http://www.dota2.com.cn/images/info1301/tit_img07.gif","jg":"985","wpjs":"陨落督军阿奎拉的戒指依然在战场上支援着军队。","wpzyms":"多个天鹰光环的效果不叠加。","wpsyff":"被动：天鹰光环-给予900内友军额外的魔法恢复速率和护甲。<br>主动：切换光环的影响单位（普通/仅限英雄）。","wpxg":"+ <span class=\"color_yellow\">9</span> 攻击力<br/>+ <span class=\"color_yellow\">3</span> 所有属性<br/>+ <span class=\"color_yellow\">6</span> 敏捷<br/>+ <span class=\"color_yellow\">1</span> 护甲<br/>光环恢复魔法：<span class=\"color_yellow\">0.65</span><br/>光环提升护甲：<span class=\"color_yellow\">2</span>","lqsjtb":"","lqsj":"","mfxhtb":"","mfxh":"","qzwptb":"","wpzyms2":"王者之戒，天鹰之戒和弗拉迪米尔的祭品拥有的护甲光环互不叠加。","item_en":"ring_of_aquila"},"count":1}],"cmzbList":[{"goods":{"id":14,"bigtype":"基础物品","type":"属性","wpmc":"敏捷便鞋","wppz":"1","wptp":"http://www.dota2.com.cn/images/items/slippers_lg.png","jgtb":"http://www.dota2.com.cn/images/info1301/tit_img07.gif","jg":"150","wpjs":"蜘蛛皮做成的轻便靴子，能让你感觉到刺痛。","wpzyms":"","wpsyff":"","wpxg":"+ <span class=\"color_yellow\">3</span> 敏捷","lqsjtb":"","lqsj":"","mfxhtb":"","mfxh":"","qzwptb":"","wpzyms2":"","item_en":"slippers"},"count":2},{"goods":{"id":2,"bigtype":"基础物品","type":"消耗品","wpmc":"树之祭祀","wppz":"3","wptp":"http://www.dota2.com.cn/images/items/tango_lg.png","jgtb":"http://www.dota2.com.cn/images/info1301/tit_img07.gif","jg":"125","wpjs":"战场上的救命稻草。","wpzyms":"","wpsyff":"使用：吃树-吃掉一棵树来恢复生命值。可以使用4次。","wpxg":"持续时间：<span class=\"color_yellow\">16</span><br/>生命恢复量：<span class=\"color_yellow\">115</span>","lqsjtb":"","lqsj":"","mfxhtb":"","mfxh":"","qzwptb":"","wpzyms2":"","item_en":"tango"},"count":1},{"goods":{"id":3,"bigtype":"基础物品","type":"消耗品","wpmc":"治疗药膏","wppz":"3","wptp":"http://www.dota2.com.cn/images/items/flask_lg.png","jgtb":"http://www.dota2.com.cn/images/info1301/tit_img07.gif","jg":"115","wpjs":"即使最严重的伤口也能快速治愈的魔法药膏。","wpzyms":"","wpsyff":"使用：恢复 - 持续恢复生命值，受到攻击会驱散效果。","wpxg":"持续时间：<span class=\"color_yellow\">10</span><br/>生命回复量：<span class=\"color_yellow\">400</span>","lqsjtb":"","lqsj":"","mfxhtb":"","mfxh":"","qzwptb":"","wpzyms2":"治疗药膏可以共享。","item_en":"flask"},"count":1},{"goods":{"id":1,"bigtype":"基础物品","type":"消耗品","wpmc":"净化药水","wppz":"3","wptp":"http://www.dota2.com.cn/images/items/clarity_lg.png","jgtb":"http://www.dota2.com.cn/images/info1301/tit_img07.gif","jg":"50","wpjs":"能增强冥想能力的清水。","wpzyms":"","wpsyff":"使用：持续恢复魔法值，受攻击会驱散效果。","wpxg":"持续时间：<span class=\"color_yellow\">40</span><br/>魔法回复量：<span class=\"color_yellow\">135</span>","lqsjtb":"","lqsj":"","mfxhtb":"","mfxh":"","qzwptb":"","wpzyms2":"净化药水可以共享。","item_en":"clarity"},"count":1},{"goods":{"id":12,"bigtype":"基础物品","type":"属性","wpmc":"铁树枝干","wppz":"1","wptp":"http://www.dota2.com.cn/images/items/branches_lg.png","jgtb":"http://www.dota2.com.cn/images/info1301/tit_img07.gif","jg":"50","wpjs":"一根看起来很普通的树枝，它如铁般坚硬的品质赋予持有者好运。","wpzyms":"","wpsyff":"","wpxg":"+ <span class=\"color_yellow\">1</span> 所有属性","lqsjtb":"","lqsj":"","mfxhtb":"","mfxh":"","qzwptb":"","wpzyms2":"","item_en":"branches"},"count":1}],"adapt_type_list":[{"id":64,"zwm":"美杜莎","ywm":"Medusa","jc":"1姐","xttx":"http://www.dota2.com.cn/images/heroes/medusa_full.png","dttx":"http://www.dota2.com.cn/images/heroes/medusa_vert.jpg","gjlx":"远程","yxlx":"敏捷","yxdw":"核心","zltb":"http://www.dota2.com.cn/images/info1301/tit_img01.gif","zljc":"19","zlsj":"1.85","mjtb":"http://www.dota2.com.cn/images/info1301/tit_img02.gif","mjjc":"20","mjsj":"2.5","lltb":"http://www.dota2.com.cn/images/info1301/tit_img03.gif","lljc":"14","llsj":"1.65","gjltb":"http://www.dota2.com.cn/images/info1301/tit_img06.gif","csgjl":"24-30","ydsdtb":"http://www.dota2.com.cn/images/info1301/tit_img05.gif","csydsd":"290","hjtb":"http://www.dota2.com.cn/images/info1301/tit_img04.gif","cshj":"1.8","yxbj":"无上的力量即为绝伦的美貌。美杜莎的心中一直靠着这样的想法得以慰藉——她在蛇发女妖三姐妹中年纪最小，也是海洋女神的女儿中最为可人的尤物——因为只有她跟姐妹们不一样，她是凡人。这反而救了她的命，那一天，一群蒙面之徒侵入了蛇发女妖居住的领域，将她两个不朽之身的姐姐从家里拖走，对她们的美貌还是泪水都无动于衷。其中一个入侵者也抓住了美杜莎，但是厌恶地看了一眼后就推向了一旁：\"这女的散发着凡胎的臭味。我们可不要。\"美杜莎受尽了凌辱，满腔愤懑地逃向了母亲所在的神庙，在女神面前哭诉自己的遭遇。\"您拒绝赐予我永生—因此我乞求您，赐予我力量！有了力量我就可以去拯救姐姐们，为受到的不公复仇！\"经过长时间的考虑，女神接受了她女儿的请求，美杜莎无与伦比的娇美相貌变成了象征着可怕力量的脸孔。但是她一刻也没有对自己的抉择后悔。她明白，睥睨万物才是值得拥有的美貌—这才是能够改变世界的力量。","dj":"1|15|25","smz":"416|855|1548","mfz":"247|584|1084","gjl":"44-50|79-85|124-130","hj":"2|7|13","syfw":"1800/800","gjfw":"600","ddsd":"1200","jdtj1":"http://www.dota2.com.cn/images/property/add/medusa.jpg","jdms1":"这是一种刷钱流打法的美杜莎加点，前期对秘术异蛇这个技能理解深刻的玩家可以很好的在线上补刀和压制。不过在有人保护的情况下前期不建议使用秘术异蛇，对控线不利。前期美杜莎没有多少输出能力，所以分裂箭可以暂时不学。","jdtj2":"","jdms2":"","cmzb":"敏捷便鞋*2|树之祭祀*1|治疗药膏*1|净化药水*1|铁树枝干*1","qqzb":"魔棒*1|速度之靴*1|天鹰之戒*1","hxzb":"魔杖*1|相位鞋*1|林肯法球*1|","hqsz":"幻影斧*1|蝴蝶*1|邪恶镰刀*1|撒旦之邪力*1|斯嘉蒂之眼*1","ljt":"http://www.dota2.com.cn/images/property/medusa.gif","path":"medusa","zymc":"夜魇","zytb":"http://www.dota2.com.cn/images/heropedia/dire.jpg","yxtp":"http://www.dota2.com.cn/images/others/medusa_big1.jpg","gjlxxj":"1","yxdwxj":"3","llsjsmz":"19","llsjsmhf":"0.03","mjsjhj":"1","mjsjgjsd":"1","zlsjmfz":"13","zlsjmfhf":"0.04","sjgjl":"1","pjsh":"47","gjsd":"120|130|180","gjms":"1.42","gjsh":"44-50","gjjl":"600|600|600","wlhj":"1","wlshkx":"9%","mfshkx":"25%","minitb":"http://www.dota2.com.cn/images/heroes/medusa_icon.png"},{"id":62,"zwm":"露娜","ywm":"Luna","jc":"月骑","xttx":"http://www.dota2.com.cn/images/heroes/luna_full.png","dttx":"http://www.dota2.com.cn/images/heroes/luna_vert.jpg","gjlx":"远程","yxlx":"敏捷","yxdw":"核心|爆发","zltb":"http://www.dota2.com.cn/images/info1301/tit_img01.gif","zljc":"16","zlsj":"1.85","mjtb":"http://www.dota2.com.cn/images/info1301/tit_img02.gif","mjjc":"22","mjsj":"2.8","lltb":"http://www.dota2.com.cn/images/info1301/tit_img03.gif","lljc":"15","llsj":"2.2","gjltb":"http://www.dota2.com.cn/images/info1301/tit_img06.gif","csgjl":"26-32","ydsdtb":"http://www.dota2.com.cn/images/info1301/tit_img05.gif","csydsd":"330","hjtb":"http://www.dota2.com.cn/images/info1301/tit_img04.gif","cshj":"3.52","yxbj":"她曾经是被称为平原之灾的残酷领导者，率领着众多爪牙和野兽，敢于在任何地方肆虐。但不知为何沦落为现在这副样子。远离故土，饥饿至半疯状态流浪了好几个月，她的军队早已成为了尸体，甚至某些更糟的东西。当她站在一片古老森林的边缘时，那古老的树枝之间有一双灼热的眼睛正在暗中监视她。在这落幕的黄昏中，某种美丽但致命的野兽正在寻找一顿美餐。它悄无声息的转身离开了。愤怒占据了她的大脑。她紧紧抓住手中生锈的匕首，冲向那只野兽，只为寻回一丝曾经的荣誉。但这只猎物却无法被抓住。她三次将它逼进岩石和树木的死角，但每次她要扑上去抓住它时，都只能看见一丝褐色残影冲进森林的深处。不过由于满月的月光十分明亮，这头野兽的足迹很容易追踪。当一路追到一座高山开阔的山顶上时，这头体型巨大的野兽就那么坐在那里，专注地等待着她。当她挥起匕首刺过去时，野兽后退了一下，然后咆哮着冲向她。在坚持了这么久之后，在这片陌生的土地上，她似乎感到了自己的死期终于到来了。她平静的站在那里，准备接受结局。但在这一瞬间，野兽夺下了她手中的匕首，然后消失进了树林中。此时万物归于平静，几个戴头巾的身影靠近了她。她们用虔诚的语气告诉她，月之女神赛莉蒙妮选择了她，并指引了她，也测试了她。在不知不觉中，她已经通过了银夜森林的守卫者-暗月骑士的神圣仪式。现在她有两个选择：加入暗月骑士，宣誓侍奉赛莉蒙妮，或者离开此处并永远不再回来。为了给自己赎罪，她抛弃了血腥的过去，毫不犹豫地接受了新身份：月之骑士-露娜·暗月，成为了银夜森林永远忠诚且冷峻的守卫。","dj":"1|15|25","smz":"435|1020|1818","mfz":"208|545|1045","gjl":"44-50|83-89|131-137","hj":"4|9|16","syfw":"1800/800","gjfw":"330","ddsd":"900","jdtj1":"http://www.dota2.com.cn/images/property/add/luna.jpg","jdms1":"月之骑士露娜是一名敏捷型后期英雄，技能的加点没有太多变化。前期主月光是毫无疑问的，因为大招是以当前技能等级的月光打击敌人，所以前期月光必满。一般考虑到控线和补刀的需求，前期可以不升级月刃。特殊情况下可以优先升级，例如碰到恶心的近战英雄可以早点加月刃起到压制作用。","jdtj2":null,"jdms2":null,"cmzb":"树之祭祀*2|治疗药膏*1|敏捷便鞋*1|铁树枝干*3","qqzb":"静谧之鞋*1|魔棒*1|护腕*1","hxzb":"韧鼓*1|魔杖*1|黑皇杖*1","hqsz":"幻影斧*1|蝴蝶*1|强袭胸甲*1|撒旦之邪力*1|代达罗斯之殇*1","ljt":"http://www.dota2.com.cn/images/property/lina.gif","path":"luna","zymc":"天辉","zytb":"http://www.dota2.com.cn/images/heropedia/radiant.jpg","yxtp":"http://www.dota2.com.cn/images/others/luna_big1.jpg","gjlxxj":"1","yxdwxj":"2|2","llsjsmz":"19","llsjsmhf":"0.03","mjsjhj":"1","mjsjgjsd":"1","zlsjmfz":"13","zlsjmfhf":"0.04","sjgjl":"1","pjsh":"51","gjsd":"122|134|178","gjms":"1.39","gjsh":"44-50","gjjl":"330|330|330","wlhj":"4","wlshkx":"15%","mfshkx":"25%","minitb":"http://www.dota2.com.cn/images/heroes/luna_icon.png"}],"videoList":[{"id":79,"spdz":"http://dota2.dl.wanmei.com/dota2/patch/gyrocopter_basic.flv","zwm":"矮人直升机","splx":"新手教学","createtime":null,"img":"http://www.dota2.com.cn/apps/dota2/images/video/raider/gyrocopter_basic.jpg","bfsc":"2:56","gxsj":"2013-10-30","spbb":"6.79","spdzm":"http://dota2.dl.wanmei.com/dota2/video/gyrocopter_basic.mp4"}],"recommendList":[{"id":35,"gldz":"http://www.dota2.com.cn/raiders/step/20131101/152807.shtml","tm":"小飞机有大爆发DOTA2矮人直升机攻略","sj":"2013-11-1","zwm":"矮人直升机","tp":"http://dota2.wanmei.com/resources/jpg/140210/10251391997501164.jpg","js":"优先于追踪导弹点黄点，因为追踪导弹这个技能实在是太不靠谱了。"}],"adapt_bkz_list":[{"id":100,"zwm":"宙斯","ywm":"Zeus","jc":"神王","xttx":"http://www.dota2.com.cn/images/heroes/zuus_full.png","dttx":"http://www.dota2.com.cn/images/heroes/zuus_vert.jpg","gjlx":"远程","yxlx":"智力","yxdw":"爆发|辅助","zltb":"http://www.dota2.com.cn/images/info1301/tit_img01.gif","zljc":"22","zlsj":"2.6","mjtb":"http://www.dota2.com.cn/images/info1301/tit_img02.gif","mjjc":"17","mjsj":"1.4","lltb":"http://www.dota2.com.cn/images/info1301/tit_img03.gif","lljc":"17","llsj":"1.4","gjltb":"http://www.dota2.com.cn/images/info1301/tit_img06.gif","csgjl":"22-34","ydsdtb":"http://www.dota2.com.cn/images/info1301/tit_img05.gif","csydsd":"295","hjtb":"http://www.dota2.com.cn/images/info1301/tit_img04.gif","cshj":"1.38","yxbj":"天界之王，众神之父，宙斯在对待英雄一向视如己出。然而在无数次与凡人女性幽会时当场被抓后，宙斯的妻子给他下了最后通牒：“既然你这么喜欢凡人，就去当凡人吧。如果你能证明的忠诚，就回来做我永生的丈夫。否则的话，就去和你的创造物死在一起吧。”宙斯无奈的发现她的逻辑（和她的魔法）无懈可击，只好照她说的去做。从那以后宙斯洗心革面，在凡人面前不再多情，将爱留给他永生的女神。但为了证明他配得上他那永恒的爱人，他还必须在战场上继续追寻胜利。","dj":"1|15|25","smz":"511|1123|1940","mfz":"260|751|1362","gjl":"41-49|79-87|126-134","hj":"2|4|8","syfw":"1800/800","gjfw":"350","ddsd":"1100","jdtj1":"http://www.dota2.com.cn/images/property/add/zeus.jpg","jdms1":"天界之王，众神之父，宙斯在对待英雄一向视如己出。然而在无数次与凡人女性幽会时当场被抓后，宙斯的妻子给他下了最后通牒：“既然你这么喜欢凡人，就去当凡人吧。如果你能证明的忠诚，就回来做我永生的丈夫。否则的话，就去和你的创造物死在一起吧。”宙斯无奈的发现她的逻辑（和她的魔法）无懈可击，只好照她说的去做。从那以后宙斯洗心革面，在凡人面前不再多情，将爱留给他永生的女神。但为了证明他配得上他那永恒的爱人，他还必须在战场上继续追寻胜利。","jdtj2":"","jdms2":"","cmzb":"树之祭祀*1|净化药水*2|治疗药膏*1|铁树枝干*2","qqzb":"魔瓶*1|速度之靴*1","hxzb":"奥术鞋*1|纷争面纱*1","hqsz":"阿哈利姆神杖*1|刷新球*1|邪恶镰刀*1|血精石*1|Eul的神圣法杖*1","ljt":"http://www.dota2.com.cn/images/property/zuus.gif","path":"zeus","zymc":"天辉","zytb":"http://www.dota2.com.cn/images/heropedia/radiant.jpg","yxtp":"http://www.dota2.com.cn/images/others/zuus_big1.jpg","gjlxxj":"1","yxdwxj":"","llsjsmz":"19","llsjsmhf":"0.03","mjsjhj":"1","mjsjgjsd":"1","zlsjmfz":"15","zlsjmfhf":"0.04","sjgjl":"1","pjsh":"45","gjsd":"111|116|140","gjms":"1.53","gjsh":"41-49","gjjl":"350|350|350","wlhj":"1","wlshkx":"8%","mfshkx":"25%","minitb":"http://www.dota2.com.cn/images/heroes/zuus_icon.png"},{"id":101,"zwm":"主宰","ywm":"Juggernaut","jc":"剑圣","xttx":"http://www.dota2.com.cn/images/heroes/juggernaut_full.png","dttx":"http://www.dota2.com.cn/images/heroes/juggernaut_vert.jpg","gjlx":"近战","yxlx":"敏捷","yxdw":"核心|推进","zltb":"http://www.dota2.com.cn/images/info1301/tit_img01.gif","zljc":"14","zlsj":"1.4","mjtb":"http://www.dota2.com.cn/images/info1301/tit_img02.gif","mjjc":"26","mjsj":"2.4","lltb":"http://www.dota2.com.cn/images/info1301/tit_img03.gif","lljc":"20","llsj":"1.9","gjltb":"http://www.dota2.com.cn/images/info1301/tit_img06.gif","csgjl":"24-28","ydsdtb":"http://www.dota2.com.cn/images/info1301/tit_img05.gif","csydsd":"305","hjtb":"http://www.dota2.com.cn/images/info1301/tit_img04.gif","cshj":"3.8","yxbj":"没有人见过主宰尤涅若面具下的真面目。甚至有人认为他没有脸部。作为公然反抗腐败领主的惩罚，主宰被古老的遮面之岛流放了，这反而救了他的性命。他的岛屿在一个充斥着复仇魔法的夜晚被海浪彻底毁灭了。他成了岛屿上古老主宰传统中礼仪和剑术的唯一传承者。作为这项传统最后的开拓者，尤涅若的自信和勇气来自他坚持不懈的锻炼，他独创的剑术证明他从未停止挑战自我。一如既往的，他的内心和他的表情一样难以理解。对于一位曾两度失去一切的英雄，主宰永远不知疲倦的战斗着，他相信，胜利必将到来。","dj":"1|15|25","smz":"530|1035|1776","mfz":"182|437|879","gjl":"44-48|84-88|132-136","hj":"4|9|16","syfw":"1800/800","gjfw":"128","ddsd":"N/A","jdtj1":"http://www.dota2.com.cn/images/property/add/juggernaut.jpg","jdms1":"主宰是一名敏捷型伪后期英雄，主宰的加点变化不多，剑刃风暴前期超高的AoE伤害相信没有玩家会选择放弃。很多主宰前期可能会选择加黄点，以保证足够的蓝量和血量。建议6级之前至少加一点暴击，无敌斩夹杂的普通攻击会在大招时触发暴击效果。","jdtj2":null,"jdms2":null,"cmzb":"树之祭祀*1|治疗药膏*1|净化药水*1|铁树枝干*1|敏捷便鞋*2","qqzb":"速度之靴*1|穷鬼盾*1|魔棒*1|治疗指环*1","hxzb":"相位鞋*1|魔杖*1|狂战斧*1","hqsz":"散夜对剑*1|蝴蝶*1|黯灭*1|阿哈利姆神杖*1|弗拉迪米尔的祭品*1|黑皇杖*1","ljt":"http://www.dota2.com.cn/images/property/juggernaut.gif","path":"juggernaut","zymc":"天辉","zytb":"http://www.dota2.com.cn/images/heropedia/radiant.jpg","yxtp":"http://www.dota2.com.cn/images/others/juggernaut_big1.jpg","gjlxxj":"1","yxdwxj":"2|1","llsjsmz":"19","llsjsmhf":"0.03","mjsjhj":"1","mjsjgjsd":"1","zlsjmfz":"13","zlsjmfhf":"0.04","sjgjl":"1","pjsh":"46","gjsd":"126|138|195","gjms":"1.33","gjsh":"44-48","gjjl":"128|128|128","wlhj":"3","wlshkx":"18%","mfshkx":"25%","minitb":"http://www.dota2.com.cn/images/heroes/juggernaut_icon.png"},{"id":6,"zwm":"哈斯卡","ywm":"Huskar","jc":"神灵、神灵武士","xttx":"http://www.dota2.com.cn/images/heroes/huskar_full.png","dttx":"http://www.dota2.com.cn/images/heroes/huskar_vert.jpg","gjlx":"远程","yxlx":"力量","yxdw":"核心|先手|耐久","zltb":"http://www.dota2.com.cn/images/info1301/tit_img01.gif","zljc":"18","zlsj":"1.50","mjtb":"http://www.dota2.com.cn/images/info1301/tit_img02.gif","mjjc":"15","mjsj":"1.40","lltb":"http://www.dota2.com.cn/images/info1301/tit_img03.gif","lljc":"21","llsj":"2.40","gjltb":"http://www.dota2.com.cn/images/info1301/tit_img06.gif","csgjl":"21-30","ydsdtb":"http://www.dota2.com.cn/images/info1301/tit_img05.gif","csydsd":"300","hjtb":"http://www.dota2.com.cn/images/info1301/tit_img04.gif","cshj":"1.1","yxbj":"从虚无之境带给他的剧痛中逃离后，哈斯卡终于睁开了双眼，醒来的第一件事却是发现暗影牧师戴泽正在对他吟唱一个艰深的咒语。哈斯卡的灵魂从永恒虚无中被救了出来，这是违背了德尊教团古老仪式的准则的，然而和其他去过虚无之境的人一样，哈斯卡也发现自己的身体被那里所彻底改变了。他不再怜悯凡人的肉体，他的生命之血成为了强大的力量源泉，每一滴鲜血都给他成倍的狂暴的、灼热的能量。然而，这一新生的天赋却激怒了哈斯卡，因为在拯救他逃离虚无之境时，戴泽拒绝让他进入神灵之地。他的自我牺牲也被拒绝。当教团的的长老们试图寻找一个扩大自己影响的方法时，他们一致认为哈斯卡将成为他们在战争中最可怕的武器。然而，成为教团的武器让哈斯卡更加愤怒，因为他们不仅利用他，还否定了他与生俱来的权利。于是在战争打响之际，他逃离了家乡，去寻找新的盟友，寻找那些值得他牺牲自己，释放强大力量的盟友。","dj":"1|15|25","smz":"549|1187|2023","mfz":"234|507|962","gjl":"42-51|76-85|120-129","hj":"2|7|13","syfw":"1800/800","gjfw":"400","ddsd":"1400","jdtj1":"http://www.dota2.com.cn/images/property/add/huskar.jpg","jdms1":"这种就是比较老一点的神灵的加点，也是比较稳妥的一种。上来有火箭去消耗对方的血，之后有三级能的加攻击让自己成为最强悍的男人。这种加点需要第二个技能补充活血术，这是为了在团战或者小范围团战中能有持续的高输出，这样才是神灵的真谛，真男人是时间持续的久。","jdtj2":null,"jdms2":null,"cmzb":"治疗药膏*1|树之祭祀*1|力量手套*2|铁树枝干*1","qqzb":"速度之靴*1|魔棒*1|影之灵龛*1","hxzb":"动力鞋*1|魔杖*1|莫尔迪基安的臂章*1|支配头盔*1|回城卷轴*1","hqsz":"黑皇杖*1|撒旦之邪力*1|恐鳌之心*1|强袭胸甲*1|阿哈利姆神杖*1|影刃*1|天堂之戟*1|梅肯斯姆*1|白银之锋*1","ljt":"http://www.dota2.com.cn/images/property/huskar.gif","path":"huskar","zymc":"天辉","zytb":"http://www.dota2.com.cn/images/heropedia/radiant.jpg","yxtp":"http://www.dota2.com.cn/images/others/huskar_big1.jpg","gjlxxj":"1","yxdwxj":"1|1|1","llsjsmz":"19","llsjsmhf":"0.03","mjsjhj":"1","mjsjgjsd":"1","zlsjmfz":"13","zlsjmfhf":"0.04","sjgjl":"1","pjsh":"46","gjsd":"121|127|155","gjms":"1.39","gjsh":"42-51","gjjl":"400|400|400","wlhj":"1.1","wlshkx":"6%","mfshkx":"25%","minitb":"http://www.dota2.com.cn/images/heroes/huskar_icon.png"},{"id":93,"zwm":"修补匠","ywm":"Tinker","jc":"TK","xttx":"http://www.dota2.com.cn/images/heroes/tinker_full.png","dttx":"http://www.dota2.com.cn/images/heroes/tinker_vert.jpg","gjlx":"远程","yxlx":"智力","yxdw":"爆发|推进","zltb":"http://www.dota2.com.cn/images/info1301/tit_img01.gif","zljc":"27","zlsj":"2.2","mjtb":"http://www.dota2.com.cn/images/info1301/tit_img02.gif","mjjc":"13","mjsj":"1.2","lltb":"http://www.dota2.com.cn/images/info1301/tit_img03.gif","lljc":"17","llsj":"2","gjltb":"http://www.dota2.com.cn/images/info1301/tit_img06.gif","csgjl":"22-28","ydsdtb":"http://www.dota2.com.cn/images/info1301/tit_img05.gif","csydsd":"305","hjtb":"http://www.dota2.com.cn/images/info1301/tit_img04.gif","cshj":"3.82","yxbj":"修补匠鲍什的矮小种族以他们独有的智慧、狡猾以及敌视魔法而闻名。出于自傲，他们完全凭借自己的智慧生存，只通过理性的科学方法来合理利用自然的力量。然而，即使是对魔法如此严令禁止，也给他们带来了很多麻烦，这一点鲍什深有体会。作为曾经的自然法则首席研究员，修补匠鲍什在传说中薄雾缭绕的紫罗兰高原建立了一座地下实验室，在那里领导了大量对自然运作规律的研究。出于对魔法师们给世界带来的伤害的鄙夷，鲍什和他的修补匠助手带着高傲，打开了一扇传送门，门的另一端是一个超越了凡人认知能力的国度，于是他们自食恶果。黑色的薄雾从紫罗兰高原的洞穴内升起，将高原覆盖在不断散发出恐怖声音的永恒黑暗中。机智的鲍什带着他的机关装置逃了出来，成了紫罗兰高原事故中唯一生还的修补匠。","dj":"1|15|25","smz":"473|1005|1765","mfz":"351|751|1297","gjl":"49-55|80-86|122-128","hj":"4|6|11","syfw":"1800/800","gjfw":"500","ddsd":"900","jdtj1":"http://www.dota2.com.cn/images/property/add/tinker.jpg","jdms1":"修补匠是一个中期爆发极高的英雄，这样的加点保证了修补匠拥有最大输出。至于2、3级大招的选择则应根据自身的需求、装备的提升进行调节。修补匠值得注意的是五级加点，五级选择激光可以做到最大单体输出，选择导弹则可以同时攻击两名英雄，技能选择最好还是依据场上形势来判断。最后，应当保证8至9级时的修补匠拥有1级的再装填。","jdtj2":"","jdms2":"","cmzb":"树之祭祀*3|治疗药膏*1|智力斗篷*1|铁树枝干*2","qqzb":"魔棒*1|速度之靴*1|护腕*1|魔瓶*1","hxzb":"魔杖*1|远行鞋*1|灵魂之戒*1","hqsz":"邪恶镰刀*1|希瓦的守护*1|Eul的神圣法杖*1|原力法杖*1|闪烁匕首*1|达贡之神力*1","ljt":"http://www.dota2.com.cn/images/property/tinker.gif","path":"tinker","zymc":"天辉","zytb":"http://www.dota2.com.cn/images/heropedia/radiant.jpg","yxtp":"http://www.dota2.com.cn/images/others/tinker_big1.jpg","gjlxxj":"1","yxdwxj":"3|1","llsjsmz":"19","llsjsmhf":"0.03","mjsjhj":"1","mjsjgjsd":"1","zlsjmfz":"13","zlsjmfhf":"0.04","sjgjl":"1","pjsh":"52","gjsd":"113|118|142","gjms":"1.5","gjsh":"49-55","gjjl":"500|500|500","wlhj":"3","wlshkx":"18%","mfshkx":"25%","minitb":"http://www.dota2.com.cn/images/heroes/tinker_icon.png"},{"id":96,"zwm":"亚巴顿","ywm":"Abaddon","jc":"死骑","xttx":"http://www.dota2.com.cn/images/heroes/abaddon_full.png","dttx":"http://www.dota2.com.cn/images/heroes/abaddon_vert.jpg","gjlx":"近战","yxlx":"力量","yxdw":"近战","zltb":"http://www.dota2.com.cn/images/info1301/tit_img01.gif","zljc":"21","zlsj":"2.00","mjtb":"http://www.dota2.com.cn/images/info1301/tit_img02.gif","mjjc":"17","mjsj":"1.50","lltb":"http://www.dota2.com.cn/images/info1301/tit_img03.gif","lljc":"23","llsj":"2.70","gjltb":"http://www.dota2.com.cn/images/info1301/tit_img06.gif","csgjl":"32-42","ydsdtb":"http://www.dota2.com.cn/images/info1301/tit_img05.gif","csydsd":"310","hjtb":"http://www.dota2.com.cn/images/info1301/tit_img04.gif","cshj":"1.38","yxbj":"魔霭圣池，一个处于原初群石的裂缝，从中带有先兆力量的蒸汽不断溢出，作为家族力量的源泉，已经惠及数个世代。在居住于洞穴中的魔霭家族，每个新生儿都会在暗黑迷雾中接受沐浴，经过这样的洗礼，他们与大陆的神秘力量获得了内在的联系。随着他们长大，内心坚信自己的使命是誓死保护世袭的传统和领域的风俗——实际上他们守护的不过就是圣池本身。而迷雾的作用原理尚不明朗。</p><p>当初生的亚巴顿沐浴在圣池中时，众人都表示事情并不对劲。孩子的双眼里闪耀出洞察之光，在场所有人都大吃一惊，神父们纷纷交头接耳。而他之后的成长道路与所有魔霭族裔的传人并无差别——为战争接受训练，在危机时刻需要他挺身而出，率领家族的军队守卫先祖的大陆。但是亚巴顿总是特立独行。其他人挥着武器训练时，他喜欢在迷雾前沉思。他饱吸从圣池中涌出的蒸汽，开始学习将自己的灵魂与家族深处流出的力量相融合；他变成了被暗黑迷雾笼罩的怪物。</p><p>魔霭家族怨气冲天——不论老小都谴责他对自己的责任视而不见。但是亚巴顿驾临战场时，不满全都烟消云散，他们目睹了迷雾的强大力量让他恣意挥洒着生杀大权，族内任何领主都是望尘莫及。","dj":"1|15|25","smz":"587|1305|2198","mfz":"273|637|1157","gjl":"55-65|93-103|140-150","hj":"1|4|9","syfw":"1800/800","gjfw":"128","ddsd":"N/A","jdtj1":"http://www.dota2.com.cn/images/property/add/abaddon.jpg","jdms1":"魔霭圣池，一个处于原初群石的裂缝，从中带有先兆力量的蒸汽不断溢出，作为家族力量的源泉，已经惠及数个世代。在居住于洞穴中的魔霭家族，每个新生儿都会在暗黑迷雾中接受沐浴，经过这样的洗礼，他们与大陆的神秘力量获得了内在的联系。随着他们长大，内心坚信自己的使命是誓死保护世袭的传统和领域的风俗——实际上他们守护的不过就是圣池本身。而迷雾的作用原理尚不明朗。当初生的亚巴顿沐浴在圣池中时，众人都表示事情并不对劲。孩子的双眼里闪耀出洞察之光，在场所有人都大吃一惊，神父们纷纷交头接耳。而他之后的成长道路与所有魔霭族裔的传人并无差别——为战争接受训练，在危机时刻需要他挺身而出，率领家族的军队守卫先祖的大陆。但是亚巴顿总是特立独行。其他人挥着武器训练时，他喜欢在迷雾前沉思。他饱吸从圣池中涌出的蒸汽，开始学习将自己的灵魂与家族深处流出的力量相融合；他变成了被暗黑迷雾笼罩的怪物。魔霭家族怨气冲天——不论老小都谴责他对自己的责任视而不见。但是亚巴顿驾临战场时，不满全都烟消云散，他们目睹了迷雾的强大力量让他恣意挥洒着生杀大权，族内任何领主都是望尘莫及。","jdtj2":null,"jdms2":null,"cmzb":"树之祭祀*1|治疗药膏*2|力量手套*1|动物信使*1","qqzb":"穷鬼盾*1|相位鞋*1|魔杖*1|回城卷轴*2","hxzb":"相位鞋*1|散夜对剑*1|黑皇杖*1","hqsz":"辉耀*1|蝴蝶*1|黑皇杖*1|金箍棒*1|强袭胸甲*1|恐鳌之心*2","ljt":"http://www.dota2.com.cn/images/property/abaddon.gif","path":"abaddon","zymc":"夜魇","zytb":"http://www.dota2.com.cn/images/heropedia/dire.jpg","yxtp":"http://www.dota2.com.cn/images/others/abaddon_big1.jpg","gjlxxj":"1","yxdwxj":"1|1|1","llsjsmz":"19","llsjsmhf":"0.03","mjsjhj":"1","mjsjgjsd":"1","zlsjmfz":"13","zlsjmfhf":"0.04","sjgjl":"1","pjsh":"60","gjsd":"117|123|153","gjms":"1.45","gjsh":"55-56","gjjl":"128|128|128","wlhj":"1","wlshkx":"7%","mfshkx":"25%","minitb":"http://www.dota2.com.cn/images/heroes/abaddon_icon.png"},{"id":98,"zwm":"幽鬼","ywm":"Spectre","jc":"Spe","xttx":"http://www.dota2.com.cn/images/heroes/spectre_full.png","dttx":"http://www.dota2.com.cn/images/heroes/spectre_vert.jpg","gjlx":"近战","yxlx":"敏捷","yxdw":"核心|耐久","zltb":"http://www.dota2.com.cn/images/info1301/tit_img01.gif","zljc":"16","zlsj":"1.9","mjtb":"http://www.dota2.com.cn/images/info1301/tit_img02.gif","mjjc":"23","mjsj":"2.2","lltb":"http://www.dota2.com.cn/images/info1301/tit_img03.gif","lljc":"19","llsj":"2","gjltb":"http://www.dota2.com.cn/images/info1301/tit_img06.gif","csgjl":"23-27","ydsdtb":"http://www.dota2.com.cn/images/info1301/tit_img05.gif","csydsd":"295","hjtb":"http://www.dota2.com.cn/images/info1301/tit_img04.gif","cshj":"3.22","yxbj":"和所有强大的能量都喜欢欺凌弱小一样，被称为墨丘利的幽鬼也是一个拥有着强横能量的存在，同样的，她对现实世界中的冲突和纷争无比着迷。然而她平时的幽鬼形态超越了常人的感知范围，因此每当她以实体形态出现时，她不得不损失一部分自我能量——尽管她也不愿意。在战斗中，她的自我意识逐渐散落并重新聚合，她也开始有了意识。她意识到了自己是幽鬼墨丘利——其他所有的鬼影都只是她自我的阴影。出于重新凝聚的打算，她开始专注，她的心智也在不断的成熟。只有等到她取得胜利或者彻底失败时，她那超物质的形态才会得以重聚。","dj":"1|15|25","smz":"511|1043|1803","mfz":"208|554|1061","gjl":"46-50|77-81|119-123","hj":"3|8|13","syfw":"1800/800","gjfw":"128","ddsd":"N/A","jdtj1":"http://www.dota2.com.cn/images/property/add/spectre.jpg","jdms1":"幽鬼，曾经Dota中的无敌大后期之一，被看作是为数不多的可以后期1V5的英雄。幽鬼是大后期，所以前期线上受到的压力一般不会小，主加幽鬼之刃让幽鬼拥有更强的自保的能力。中后期补满荒芜可以让幽鬼拥有更强的作战能力。有大加大，大招也是幽鬼可以瞬间切入战场的利器。","jdtj2":"","jdms2":"","cmzb":"压制之刃*1|树之祭祀*1|治疗药膏*1|铁树枝干*3","qqzb":"魔棒*1|速度之靴*1|治疗指环*1","hxzb":"魔杖*1|动力鞋*1|先锋盾*1|净魂之刃*1","hqsz":"辉耀*1|幻影斧*1|代达罗斯之殇*1|蝴蝶*1|恐鳌之心*1|散夜对剑*1","ljt":"http://www.dota2.com.cn/images/property/spectre.gif","path":"spectre","zymc":"夜魇","zytb":"http://www.dota2.com.cn/images/heropedia/dire.jpg","yxtp":"http://www.dota2.com.cn/images/others/spectre_big1.jpg","gjlxxj":"1","yxdwxj":"3|1","llsjsmz":"19","llsjsmhf":"0.03","mjsjhj":"1","mjsjgjsd":"1","zlsjmfz":"13","zlsjmfhf":"0.04","sjgjl":"1","pjsh":"48","gjsd":"123|132|176","gjms":"1.38","gjsh":"46-50","gjjl":"128|128|128","wlhj":"3","wlshkx":"16%","mfshkx":"25%","minitb":"http://www.dota2.com.cn/images/heroes/spectre_icon.png"},{"id":36,"zwm":"狙击手","ywm":"Sniper","jc":"火枪，传说哥","xttx":"http://www.dota2.com.cn/images/heroes/sniper_full.png","dttx":"http://www.dota2.com.cn/images/heroes/sniper_vert.jpg","gjlx":"远程","yxlx":"敏捷","yxdw":"核心","zltb":"http://www.dota2.com.cn/images/info1301/tit_img01.gif","zljc":"15","zlsj":"2.6","mjtb":"http://www.dota2.com.cn/images/info1301/tit_img02.gif","mjjc":"21","mjsj":"2.5","lltb":"http://www.dota2.com.cn/images/info1301/tit_img03.gif","lljc":"16","llsj":"1.7","gjltb":"http://www.dota2.com.cn/images/info1301/tit_img06.gif","csgjl":"15-21","ydsdtb":"http://www.dota2.com.cn/images/info1301/tit_img05.gif","csydsd":"290","hjtb":"http://www.dota2.com.cn/images/info1301/tit_img04.gif","cshj":"1.94","yxbj":"卡德尔·鹰眼出生在诺伦山脉的山谷中，这里的住民从太古以来就靠猎杀居住在村庄上方悬崖上的一种奇怪生物为生，他们从远距离杀死这种叫峭壁潜行兽的生物，然后收集他们掉下来的尸体。鹰眼是这些怪异住民中其中最棒的射手之一，对他来说，枪械是他身体的一部分，射击就和触摸一样自然。在征召之日，他即将在村庄中获得完全的地位时，他经历了古老的考验：从谷底一击射下一头悬崖上的潜行兽。打空则是耻辱。在全体村民的注视下，鹰眼射击了。一头潜行兽掉下来了；人群欢呼了。但当尸体被收起时，整个村子都沉默了，长老发现子弹穿过了潜行兽中间的眼睛后，紧紧的卡在了它的下颚骨中。这个凶兆正是黑暗预言的开端所描述的，按预言中所说，射出这发子弹的枪手将成为伟大的人，但也将被流放。狙击手鹰眼因此离开了他的人民，被他自己的技术所诅咒，在剩下的预言实现前不得回来，他必须成为战场上的传说。","dj":"1|15|25","smz":"454|906|1609","mfz":"195|668|1266","gjl":"36-42|77-83|126-132","hj":"2|8|14","syfw":"1800/1000","gjfw":"550","ddsd":"3000","jdtj1":"http://www.dota2.com.cn/images/property/add/sniper.jpg","jdms1":"狙击手的加点主要有两种，主加散弹和不加散弹，这套加点是主加散弹和射程，散弹的范围伤害很高，并有减速效果还能对塔造成伤害，性价比还是很不错的。","jdtj2":null,"jdms2":null,"cmzb":"树之祭祀*1|净化药水*1|敏捷便鞋*2|铁树枝干*2","qqzb":"速度之靴*1|怨灵系带*1","hxzb":"魔杖*1|动力鞋*1|影刃*1","hqsz":"幻影斧*1|黯灭*1|蝴蝶*1|雷神之锤*1|斯嘉蒂之眼*1|撒旦之邪力*1","ljt":"http://www.dota2.com.cn/images/property/sniper.gif","path":"sniper","zymc":"天辉","zytb":"http://www.dota2.com.cn/images/heropedia/radiant.jpg","yxtp":"http://www.dota2.com.cn/images/others/sniper_big1.jpg","gjlxxj":"1","yxdwxj":"2","llsjsmz":"19","llsjsmhf":"0.03","mjsjhj":"1","mjsjgjsd":"1","zlsjmfz":"13","zlsjmfhf":"0.04","sjgjl":"1","pjsh":"39","gjsd":"121|133|191","gjms":"1.4","gjsh":"36-42","gjjl":"550|550|550","wlhj":"1","wlshkx":"10%","mfshkx":"25%","minitb":"http://www.dota2.com.cn/images/heroes/sniper_icon.png"},{"id":54,"zwm":"帕吉","ywm":"Pudge","jc":"屠夫，胖子","xttx":"http://www.dota2.com.cn/images/heroes/pudge_full.png","dttx":"http://www.dota2.com.cn/images/heroes/pudge_vert.jpg","gjlx":"近战","yxlx":"力量","yxdw":"耐久|控制","zltb":"http://www.dota2.com.cn/images/info1301/tit_img01.gif","zljc":"14","zlsj":"1.50","mjtb":"http://www.dota2.com.cn/images/info1301/tit_img02.gif","mjjc":"14","mjsj":"1.50","lltb":"http://www.dota2.com.cn/images/info1301/tit_img03.gif","lljc":"25","llsj":"3.20","gjltb":"http://www.dota2.com.cn/images/info1301/tit_img06.gif","csgjl":"27-33","ydsdtb":"http://www.dota2.com.cn/images/info1301/tit_img05.gif","csydsd":"285","hjtb":"http://www.dota2.com.cn/images/info1301/tit_img04.gif","cshj":"0.96","yxbj":"在与囚尸岭南部遥遥相望的戮尽之地，一个肥胖的身影在夜晚不知疲倦地工作着——肢解、开膛、堆积死人的四肢和内脏，一切都是为了在黎明前把战场打扫干净。在这个被诅咒的区域，尸体不会腐烂或者分解，虽然不会复活，但无论你把坟墓挖的多深，它们都会返回地面。屠夫帕吉的身边总是围绕着一群食腐鸟类，他为它们切好大小能够塞进鸟嘴的肉块，时间久了，他的技术也越来越成熟。嗖嗖嗖...嗖嗖嗖...唰...肉块就从骨头上掉下来，肌腱和韧带像湿纸一样被剥离。帕吉的兴趣在一开始只是屠宰，但时间一长，他对食尸也产生了兴趣。刚开始时只是这里吃一小块肉，那里小嗫一口血...但很快他就开始了自己的饕餮盛举，即使是躯干上最硬的部位他也津津有味的品尝。就算是那些在面对掠夺者时都毫无惧色的人们，看到屠夫，也是异常恐惧。","dj":"1|15|25","smz":"625|1476|2464","mfz":"182|455|910","gjl":"52-58|97-103|149-155","hj":"1|4|9","syfw":"1800/800","gjfw":"128","ddsd":"N/A","jdtj1":"http://www.dota2.com.cn/images/property/add/pudge.jpg","jdms1":"屠夫的加点没有太多的变化，优先将钩子升满，然后辅腐烂。前期建议做到输出最大化，而不着急升级堆积腐肉，毕竟前期杀人的力量后期会还给屠夫。出门建议一级升级腐烂，这样配合队友，或者可以拿下一血。","jdtj2":null,"jdms2":null,"cmzb":"力量手套*2|治疗药膏*2|净化药水*1|铁树枝干*1","qqzb":"魔棒*1|速度之靴*1|护腕*1|魔瓶*1","hxzb":"魔杖*1|相位鞋*1|挑战头巾*1","hqsz":"洞察烟斗*1|恐鳌之心*1|阿哈利姆神杖*1|希瓦的守护*1|原力法杖*1|韧鼓*1","ljt":"http://www.dota2.com.cn/images/property/pudge.gif","path":"pudge","zymc":"夜魇","zytb":"http://www.dota2.com.cn/images/heropedia/dire.jpg","yxtp":"http://www.dota2.com.cn/images/others/pudge_big1.jpg","gjlxxj":"1","yxdwxj":"3|1","llsjsmz":"19","llsjsmhf":"0.03","mjsjhj":"1","mjsjgjsd":"1","zlsjmfz":"13","zlsjmfhf":"0.04","sjgjl":"1","pjsh":"55","gjsd":"114|120|150","gjms":"1.49","gjsh":"52-58","gjjl":"128|128|128","wlhj":"0","wlshkx":"5%","mfshkx":"25%","minitb":"http://www.dota2.com.cn/images/heroes/pudge_icon.png"}],"honorList":[{"id":90,"zwm":"矮人直升机","msg":"与狙击手并列弹道速度最快的英雄（3000）。","createtime":null}],"adapt_zd_list":[{"id":65,"zwm":"谜团","ywm":"Enigma","jc":"Enig","xttx":"http://www.dota2.com.cn/images/heroes/enigma_full.png","dttx":"http://www.dota2.com.cn/images/heroes/enigma_vert.jpg","gjlx":"远程","yxlx":"智力","yxdw":"控制|先手|打野|推进","zltb":"http://www.dota2.com.cn/images/info1301/tit_img01.gif","zljc":"20","zlsj":"3.4","mjtb":"http://www.dota2.com.cn/images/info1301/tit_img02.gif","mjjc":"14","mjsj":"1","lltb":"http://www.dota2.com.cn/images/info1301/tit_img03.gif","lljc":"17","llsj":"2.1","gjltb":"http://www.dota2.com.cn/images/info1301/tit_img06.gif","csgjl":"22-28","ydsdtb":"http://www.dota2.com.cn/images/info1301/tit_img05.gif","csydsd":"300","hjtb":"http://www.dota2.com.cn/images/info1301/tit_img04.gif","cshj":"3.96","yxbj":"谜团的背景正如同其名字一样，无人知晓。只有一些流传下来的故事和传说，但大多数都不可信。事实上，关于谜团的各种故事，都只是寥寥的描述，神秘无比：他是宇宙之力，世界的吞噬者。他是虚空中的存在，有时会以物质形态出现，其它时候则以非物质形态存在。他是同时存在于多个位面的生物。在有的传说中，他曾经是一个试图解开宇宙之谜的伟大炼金术士，但最后却因为自己的傲慢而受到诅咒。在其它传说中，他来自远古，是一种不可思议的重力生命体，是来自原始黑暗的扭曲声音，在宇宙中的第一丝光线诞生前就存在的深渊化身。还有更古老的传说，说他是第一颗崩塌的恒星，产生的黑洞变成了有知觉的复杂存在，他的动机无从得知，他的力量无法阻挡，他的存在就是毁灭之力本身。","dj":"1|15|25","smz":"473|1032|1811","mfz":"260|879|1581","gjl":"42-48|90-96|144-150","hj":"4|5|10","syfw":"1800/800","gjfw":"500","ddsd":"900","jdtj1":"http://www.dota2.com.cn/images/property/add/enigma.jpg","jdms1":"由于谜团的转化出的3个精神体每攻击了6次后就分裂自己一次。所以只要操作得当，很快便会分裂出1群小谜团来，2级的精神体打野效率就非常惊人了。所以便有了这种前期主加转化放弃抓人而速出跳刀的打法，而且这样的谜团线上能力也非常强大，无论推进还是拆塔都是非常快。","jdtj2":"","jdms2":"","cmzb":"守护指环*1|净化药水*3|树之祭祀*1|动物信使*1","qqzb":"魔棒*1|速度之靴*1|王者之戒*1|灵魂之戒*1","hxzb":"魔杖*1|动力鞋*1|闪烁匕首*1|护腕*1","hqsz":"梅肯斯姆*1|邪恶镰刀*1|希瓦的守护*1|辉耀*1|黑皇杖*1","ljt":"http://www.dota2.com.cn/images/property/enigma.gif","path":"enigma","zymc":"夜魇","zytb":"http://www.dota2.com.cn/images/heropedia/dire.jpg","yxtp":"http://www.dota2.com.cn/images/others/enigma_big1.jpg","gjlxxj":"1","yxdwxj":"2|2|2|2","llsjsmz":"19","llsjsmhf":"0.03","mjsjhj":"1","mjsjgjsd":"1","zlsjmfz":"13","zlsjmfhf":"0.04","sjgjl":"1","pjsh":"45","gjsd":"114|118|138","gjms":"1.49","gjsh":"42-48","gjjl":"500|500|500","wlhj":"3","wlshkx":"19%","mfshkx":"25%","minitb":"http://www.dota2.com.cn/images/heroes/enigma_icon.png"},{"id":11,"zwm":"潮汐猎人","ywm":"Tidehunter","jc":"潮汐、TH","xttx":"http://www.dota2.com.cn/images/heroes/tidehunter_full.png","dttx":"http://www.dota2.com.cn/images/heroes/tidehunter_vert.jpg","gjlx":"近战","yxlx":"力量","yxdw":"先手|耐久|控制|辅助","zltb":"http://www.dota2.com.cn/images/info1301/tit_img01.gif","zljc":"16","zlsj":"1.70","mjtb":"http://www.dota2.com.cn/images/info1301/tit_img02.gif","mjjc":"15","mjsj":"1.50","lltb":"http://www.dota2.com.cn/images/info1301/tit_img03.gif","lljc":"22","llsj":"3.00","gjltb":"http://www.dota2.com.cn/images/info1301/tit_img06.gif","csgjl":"25-31","ydsdtb":"http://www.dota2.com.cn/images/info1301/tit_img05.gif","csydsd":"305","hjtb":"http://www.dota2.com.cn/images/info1301/tit_img04.gif","cshj":"3.1","yxbj":"人称利维坦的潮汐猎人曾经是沉没之岛的竞技大师，他的行为方式和他的同胞们一样神秘莫测。陆地居民都知道海上航线的重要性，帝国的崛起和衰亡都取决于谁掌控了公海。相比之下，海底航线和南海流民的敌对部族如何通过无数次小规模海底战斗开辟家园的故事，则鲜为人知。在南海人和陆地人那脆弱的协议中，我们可以瞥见这个海底王国的规模，不过他们的政体则显得十分复杂和不透明。利维坦似乎厌倦了这些琐碎的小冲突，便独自离开了，只效忠于他的深海之神-深渊触手麦尔朗恩。现在他在浅滩上独自游弋，寻找路上遇到的人类或者南海人，他对他的宿敌-海军上将昆卡有着一种独特的厌恶，然而他们为何成为敌人，已经和当年的激烈海战一起被遗忘了。","dj":"1|15|25","smz":"568|1366|2316","mfz":"208|517|998","gjl":"47-53|89-95|139-145","hj":"3|6|11","syfw":"1800/800","gjfw":"128","ddsd":"N/A","jdtj1":"http://www.dota2.com.cn/images/property/add/tidehunter.jpg","jdms1":"这是目前比较主流的潮汐加点，由于锚击变成了范围aoe，越来越多的人喜欢前期更早的将锚击点满。海妖外壳前期只点一级就够了。","jdtj2":null,"jdms2":null,"cmzb":"树之祭祀*1|治疗药膏*1|净化药水*1|力量手套*2|铁树枝干*1","qqzb":"魔棒*1|速度之靴*1|护腕*1","hxzb":"魔杖*1|奥术鞋*1|闪烁匕首*1","hqsz":"恐鳌之心*1|辉耀*1|希瓦的守护*1|强袭胸甲*1|洞察烟斗*1|刷新球*1|","ljt":"http://www.dota2.com.cn/images/property/tidehunter.gif","path":"tidehunter","zymc":"夜魇","zytb":"http://www.dota2.com.cn/images/heropedia/dire.jpg","yxtp":"http://www.dota2.com.cn/images/others/tidehunter_big1.jpg","gjlxxj":"1","yxdwxj":"3|3|2|1","llsjsmz":"19","llsjsmhf":"0.03","mjsjhj":"1","mjsjgjsd":"1","zlsjmfz":"13","zlsjmfhf":"0.04","sjgjl":"1","pjsh":"50","gjsd":"115|121|151","gjms":"1.48","gjsh":"47-53","gjjl":"128|128|128","wlhj":"3","wlshkx":"15%","mfshkx":"25%","minitb":"http://www.dota2.com.cn/images/heroes/tidehunter_icon.png"},{"id":63,"zwm":"马格纳斯","ywm":"Magnus","jc":"猛犸","xttx":"http://www.dota2.com.cn/images/heroes/magnataur_full.png","dttx":"http://www.dota2.com.cn/images/heroes/magnataur_vert.jpg","gjlx":"近战","yxlx":"力量","yxdw":"先手|控制|爆发|核心","zltb":"http://www.dota2.com.cn/images/info1301/tit_img01.gif","zljc":"17","zlsj":"1.65","mjtb":"http://www.dota2.com.cn/images/info1301/tit_img02.gif","mjjc":"15","mjsj":"2.50","lltb":"http://www.dota2.com.cn/images/info1301/tit_img03.gif","lljc":"21","llsj":"2.75","gjltb":"http://www.dota2.com.cn/images/info1301/tit_img06.gif","csgjl":"28-40","ydsdtb":"http://www.dota2.com.cn/images/info1301/tit_img05.gif","csydsd":"315","hjtb":"http://www.dota2.com.cn/images/info1301/tit_img04.gif","cshj":"4.1","yxbj":"杰尔拉克山的铸造大师们只对一件事达成了共识：半人犀牛的角比任何合金都要珍贵。而这些角中，形状最大、最为锋利的角属于被称作马格纳斯的野兽。在半个世代以来，马格纳斯的运动就是用角冲撞那些前来猎取他同胞的猎人。每次他回到洞穴，蹄上和角上都是血迹斑斑，直到族里的女族长要求他和他的族人在山脉阴影之外的北边寻找避难的居所，但是马格纳斯对此嗤之以鼻，他从未在守卫族人时倒下。他决定，半人犀牛将留在这个地方，因为他们从不相信侥幸...抑或是改变自己的主意。但是在杰尔拉克山毫无预兆地喷发时，他一半的族人都消失在烈火和烟尘中，马格纳斯终究还是改变了想法。幸存的族人开始向北边进发，结果遇到了由上百名装备着铁甲和弓箭的猎人组成的封锁线。马格纳斯不希望族人有伤亡，他率领着最为勇猛的兄弟姐妹向敌人发起冲锋，战斗中透着的那股狠劲儿只有他身后冒着熊熊烈火的火山才能相提并论。与此同时族里的老弱妇孺纷纷消失在战场的沙尘中。对于之后发生的故事铸造大师们众说纷纭。有人说他统一了他的族人，而其他人则声称他受了致命伤，倒在了女族长的身旁憾然离世。这些说法都不正确。他的确发誓要使族人重聚...但是要在找到使杰尔拉克山喷发的罪魁祸首，看着他们在自己的角上死去之后，因为半人犀牛从不相信侥幸或偶然。","dj":"1|15|25","smz":"549|1281|2183","mfz":"221|521|996","gjl":"49-61|88-100|135-147","hj":"4|9|15","syfw":"1800/800","gjfw":"128","ddsd":"N/A","jdtj1":"http://www.dota2.com.cn/images/property/add/magnus.jpg","jdms1":"这是目前猛犸最主流的加点路线，前期高等级的巨角冲撞可以代替跳刀，强大的切入和逃生能力不容小视。这种加点的猛犸主动性很强，一套技能的AOE伤害也非常可观。","jdtj2":null,"jdms2":null,"cmzb":"力量手套*2|治疗药膏*2|净化药水*1|铁树枝干*1","qqzb":"魔棒*1|速度之靴*1|魔瓶*1","hxzb":"魔杖*1|奥术鞋*1|闪烁匕首*1","hqsz":"恐鳌之心*1|狂战斧*1|希瓦的守护*1|强袭胸甲*1|刷新球*1|疯狂面具*1","ljt":"http://www.dota2.com.cn/images/property/magnataur.gif","path":"magnus","zymc":"夜魇","zytb":"http://www.dota2.com.cn/images/heropedia/dire.jpg","yxtp":"http://www.dota2.com.cn/images/others/magnataur_big1.jpg","gjlxxj":"1","yxdwxj":"3|1|1|1","llsjsmz":"19","llsjsmhf":"0.03","mjsjhj":"1","mjsjgjsd":"1","zlsjmfz":"13","zlsjmfhf":"0.04","sjgjl":"1","pjsh":"55","gjsd":"115|125|175","gjms":"1.48","gjsh":"49-61","gjjl":"128|128|128","wlhj":"4","wlshkx":"19%","mfshkx":"25%","minitb":"http://www.dota2.com.cn/images/heroes/magnataur_icon.png"},{"id":1,"zwm":"斧王","ywm":"Axe","jc":"蒙哥可汗、Mogul Khan、Axe","xttx":"http://www.dota2.com.cn/images/heroes/axe_full.png","dttx":"http://www.dota2.com.cn/images/heroes/axe_vert.jpg","gjlx":"近战","yxlx":"力量","yxdw":"耐久|先手|控制|打野","zltb":"http://www.dota2.com.cn/images/info1301/tit_img01.gif","zljc":"18","zlsj":"1.60","mjtb":"http://www.dota2.com.cn/images/info1301/tit_img02.gif","mjjc":"20","mjsj":"2.20","lltb":"http://www.dota2.com.cn/images/info1301/tit_img03.gif","lljc":"25","llsj":"2.50","gjltb":"http://www.dota2.com.cn/images/info1301/tit_img06.gif","csgjl":"24-28","ydsdtb":"http://www.dota2.com.cn/images/info1301/tit_img05.gif","csydsd":"290","hjtb":"http://www.dota2.com.cn/images/info1301/tit_img04.gif","cshj":"1.8","yxbj":"作为红雾军团的一名步兵，蒙哥可汗的目标是成为红雾军团的将军。在一场又一场的战斗中，他用血腥的战果证明了自己的价值。他毫不犹豫杀死上级的行为帮助了他的晋升。在七年的千湖之境战役中，他用光荣的杀戮给自己带来了荣誉，他的声望比从前更耀眼了，但他身边的战友也在一个个的减少。在最终战胜的夜晚，蒙哥可汗宣布他为红雾军团的新将军，并冠以自身“斧王”的头衔。但他的军队却只有他一人，虽然许多人是战死的，但更多人则是死在斧王的刃下。不用说，现在大多数战士都在回避他作为领导者。但这对斧王来说不算什么，因为他的军队只需要他一个人就够了。","dj":"1|15|25","smz":"625|1290|2145","mfz":"234|525|993","gjl":"49-53|84-88|129-133","hj":"2|6|12","syfw":"1800/800","gjfw":"128","ddsd":"N/A","jdtj1":"http://www.dota2.com.cn/images/property/add/axe.jpg","jdms1":"斧王如今主流的加点一共有两种，主反击螺旋或者主战斗饥渴（也就是点灯）。这种加点比较复古，主反击螺旋，可以混野也可以打线上，近战和斧王对线实在不是一件轻松的事。","jdtj2":null,"jdms2":null,"cmzb":"树之祭祀*1|圆盾*1|守护指环*1|铁树枝干*1","qqzb":"静谧之鞋*1|魔棒*1","hxzb":"闪烁匕首*1|先锋盾*1|魔杖*1|回城卷轴*1","hqsz":"刃甲*1|恐鳌之心*1|洞察烟斗*1|希瓦的守护*1|阿哈利姆神杖*1|远行鞋*1|强袭胸甲*1|天堂之戟*1|赤红甲*1|清莲宝珠*1","ljt":"http://www.dota2.com.cn/images/property/axe.gif","path":"axe","zymc":"夜魇","zytb":"http://www.dota2.com.cn/images/heropedia/dire.jpg","yxtp":"http://www.dota2.com.cn/images/others/axe_big1.jpg","gjlxxj":"5","yxdwxj":"3|2|1|1","llsjsmz":"19","llsjsmhf":"0.03","mjsjhj":"1","mjsjgjsd":"1","zlsjmfz":"13","zlsjmfhf":"0.04","sjgjl":"1","pjsh":"51","gjsd":"120|151|193","gjms":"1.42","gjsh":"49-53","gjjl":"128|128|128","wlhj":"1","wlshkx":"9%","mfshkx":"25%","minitb":"http://www.dota2.com.cn/images/heroes/axe_icon.png"},{"id":8,"zwm":"黑暗贤者","ywm":"Dark Seer","jc":"兔子、黑贤、DS","xttx":"http://www.dota2.com.cn/images/heroes/dark_seer_full.png","dttx":"http://www.dota2.com.cn/images/heroes/dark_seer_vert.jpg","gjlx":"近战","yxlx":"智力","yxdw":"先手|爆发|逃生","zltb":"http://www.dota2.com.cn/images/info1301/tit_img01.gif","zljc":"27","zlsj":"2.7","mjtb":"http://www.dota2.com.cn/images/info1301/tit_img02.gif","mjjc":"12","mjsj":"1.2","lltb":"http://www.dota2.com.cn/images/info1301/tit_img03.gif","lljc":"22","llsj":"2.3","gjltb":"http://www.dota2.com.cn/images/info1301/tit_img06.gif","csgjl":"31-37","ydsdtb":"http://www.dota2.com.cn/images/info1301/tit_img05.gif","csydsd":"300","hjtb":"http://www.dota2.com.cn/images/info1301/tit_img04.gif","cshj":"6.68","yxbj":"迅捷如风，足智多谋，黑暗贤者依什卡菲尔并不需要多么锋利的武器来搏斗，他总是运用强大的心灵之力来征服敌人。他有着颠覆战局使之对己方有利的天才。迎着欢呼和敬意，他从一个叫做幻墙之末的世界走了出来，并不热衷于这个世界的纷争——他是一个来自现实世界之外的勇者。曾经，黑暗贤者是备受人民尊敬的将军，是神王达玛瑞克斯麾下英勇的保卫者，然而他的军队在边境大战的最后几天，被一股更为强大的力量悉数歼灭。面临如此惨败，他绝望的做出了最后一个决定：引诱着敌军进入了幻墙迷宫。在他即将被捕的前一刻，他穿过幻墙，释放出强大的黑暗能量，将幻墙永远的封印起来。当飞扬的尘土归于平静以后，他发现他成功的拯救了自己的人民，而自己却沐浴在另一个世界的阳光下，亦真亦幻，无法回到现实世界。现在，他决心以一名战略家的身份来证明自己的价值，并且立誓要让这个新的世界见识他那伟大的谋略。","dj":"1|15|25","smz":"568|1180|1997","mfz":"351|842|1453","gjl":"58-64|96-102|143-149","hj":"6|8|13","syfw":"1800/800","gjfw":"128","ddsd":"N/A","jdtj1":"http://www.dota2.com.cn/images/property/add/dark_seer.jpg","jdms1":"Dota2中黑暗贤者的出场率很高，他能够配合很多英雄打出精彩比赛，无论团控英雄，还是站桩输出英雄都很喜欢与黑贤配合。这套加点的黑贤可以前期混野，不占线上资源。劣势路单的黑贤也可以很好的混到等级，金钱。前期过于劣势的情况下可以多加一点奔腾用于保命。","jdtj2":null,"jdms2":null,"cmzb":"树之祭祀*1|治疗药膏*1|净化药水*1|圆盾*1|铁树枝干*1","qqzb":"魔棒*1|速度之靴*1|灵魂之戒*1","hxzb":"魔杖*1|奥术鞋*1|梅肯斯姆*1|回城卷轴*1","hqsz":"赤红甲*1|阿哈利姆神杖*1|挑战头巾*1|洞察烟斗*1|闪烁匕首*1|邪恶镰刀*1|希瓦的守护*1|恐鳌之心*1|刷新球*1|卫士胫甲*1","ljt":"http://www.dota2.com.cn/images/property/dragon_knight.gif","path":"dark_seer","zymc":"夜魇","zytb":"http://www.dota2.com.cn/images/heropedia/dire.jpg","yxtp":"http://www.dota2.com.cn/images/others/dark_seer_big1.jpg","gjlxxj":"1","yxdwxj":"1|1|1","llsjsmz":"19","llsjsmhf":"0.03","mjsjhj":"1","mjsjgjsd":"1","zlsjmfz":"13","zlsjmfhf":"0.04","sjgjl":"1","pjsh":"63","gjsd":"112|117|141","gjms":"1.52","gjsh":"60-66","gjjl":"128|128|128","wlhj":"6.68","wlshkx":"25%","mfshkx":"25%","minitb":"http://www.dota2.com.cn/images/heroes/dark_seer_icon.png"}],"hqszList":null,"hxzbList":[{"goods":{"id":50,"bigtype":"升级物品","type":"普通","wpmc":"魔杖","wppz":"2","wptp":"http://www.dota2.com.cn/images/items/magic_wand_lg.png","jgtb":"http://www.dota2.com.cn/images/info1301/tit_img07.gif","jg":"509","wpjs":"一个简易但实用的魔杖，能够补充使用者的能量--巫师学徒和高级术士都喜欢。","wpzyms":"","wpsyff":"主动：充能 - 每当周围有敌人施放技能都会自动充能（最多15点能量）。当使用时，每点能量为你回复生命值和魔法值。","wpxg":"+ <span class=\"color_yellow\">3</span> 所有属性<br/>每点能量回复：<span class=\"color_yellow\">15</span>","lqsjtb":"http://www.dota2.com.cn/images/info1301/ico2.gif","lqsj":"12","mfxhtb":"","mfxh":"","qzwptb":"","wpzyms2":"1200码视野范围内敌人使用技能就会获得点数。 <br>部分英雄技能和物品技能的施放将不会增加点数。","item_en":"magic_wand"},"count":1},{"goods":{"id":54,"bigtype":"升级物品","type":"普通","wpmc":"相位鞋","wppz":"2","wptp":"http://www.dota2.com.cn/images/items/phase_boots_lg.png","jgtb":"http://www.dota2.com.cn/images/info1301/tit_img07.gif","jg":"1350","wpjs":"穿着它的人可以穿越虚空。","wpzyms":"多个鞋类物品提供的数值移动速度加成不叠加。","wpsyff":"主动：相位移动-提升移动速度并使你可以穿越单位。使用其他物品或技能将取消相位移动效果。","wpxg":"相位移动持续时间：<span class=\"color_yellow\">2.5</span><br/>相位移动加速：<span class=\"color_yellow\">24%/20%</span><br/>+ <span class=\"color_yellow\">50</span> 移动速度<br/>+ <span class=\"color_yellow\">24</span> 攻击力","lqsjtb":"http://www.dota2.com.cn/images/info1301/ico2.gif","lqsj":"8","mfxhtb":"","mfxh":"","qzwptb":null,"wpzyms2":"","item_en":"phase_boots"},"count":1},{"goods":{"id":96,"bigtype":"升级物品","type":"防具","wpmc":"先锋盾","wppz":"4","wptp":"http://www.dota2.com.cn/images/items/vanguard_lg.png","jgtb":"http://www.dota2.com.cn/images/info1301/tit_img07.gif","jg":"2225","wpjs":"能够让持有者躲过最致命攻击的强力盾牌。","wpzyms":"","wpsyff":"被动：伤害格挡 - 有一定几率格挡伤害，格挡效果取决于你的英雄类型。","wpxg":"+ <span class=\"color_yellow\">250</span> 生命值<br/>+ <span class=\"color_yellow\">6</span> 生命恢复速率<br/>格挡概率： <span class=\"color_yellow\">80%</span><br/>远程格挡： <span class=\"color_yellow\">20</span><br/>近战格挡： <span class=\"color_yellow\">40</span>","lqsjtb":"","lqsj":"","mfxhtb":"","mfxh":"","qzwptb":"","wpzyms2":"多种伤害格挡物品的效果互不叠加。","item_en":"vanguard"},"count":1}],"adapt_kz_list":[{"id":30,"zwm":"不朽尸王","ywm":"Undying","jc":"尸王","xttx":"http://www.dota2.com.cn/images/heroes/undying_full.png","dttx":"http://www.dota2.com.cn/images/heroes/undying_vert.jpg","gjlx":"近战","yxlx":"力量","yxdw":"耐久|推进|控制|先手","zltb":"http://www.dota2.com.cn/images/info1301/tit_img01.gif","zljc":"27","zlsj":"2.50","mjtb":"http://www.dota2.com.cn/images/info1301/tit_img02.gif","mjjc":"10","mjsj":"0.80","lltb":"http://www.dota2.com.cn/images/info1301/tit_img03.gif","lljc":"22","llsj":"2.10","gjltb":"http://www.dota2.com.cn/images/info1301/tit_img06.gif","csgjl":"35-43","ydsdtb":"http://www.dota2.com.cn/images/info1301/tit_img05.gif","csydsd":"310","hjtb":"http://www.dota2.com.cn/images/info1301/tit_img04.gif","cshj":"3.4","yxbj":"他残破的心，已经不再记得自己的名，也不记得已经过了多久。还依稀记得的，是盔甲，是战旗，是身边死去的兄弟。他还记得那场战役：一双给他带去痛苦和恐惧的苍白的手，将他从马上扯下。他还记得自己和兄弟们一起被扔进死亡之神那漆黑的深坑，还记得他被虚无吞噬时耳畔的挽歌。在深渊下的黑暗中，他们被时间遗弃，抛弃了思想，抛弃了理智，唯一尚存的，只有饥饿。他们以彼此残留的指甲和牙齿为食，唤醒了身体。这时挽歌传来，一开始很遥远，只是最轻微的感官体验，然后声音逐渐汇集，似乎铺天盖地永无止境，歌声似乎形成了一堵音墙，将他意识中所有想法都清除。随着自己被挽歌吞噬，他也向死亡之神张开了双臂，迎接自己的陨灭。然而死亡之神并没有选择毁掉他，而是让他投入战争，在一片惨然的虚无中，他被赋予了新的使命：让世界遍地哀鸿，让死者吞噬生命。他成为了不朽尸王，死亡之神的先驱，他的躯体永生不灭。在你的往生路上，会奏响他永恒的挽歌。","dj":"1|15|25","smz":"568|1127|1906","mfz":"351|715|1235","gjl":"57-65|86-94|127-135","hj":"3|5|9","syfw":"1800/800","gjfw":"128","ddsd":"N/A","jdtj1":"http://www.dota2.com.cn/images/property/add/undying.jpg","jdms1":"不朽尸王是一名曾经上过CW舞台的英雄，暴力速推进阵容中总是少不了尸王的存在。如今路人打法中比较普遍的是1、2对点，线上压制力较强。当然这里还是建议前期只点2级加血,3级加血抽取15个单位并不太可能。","jdtj2":null,"jdms2":null,"cmzb":"树之祭祀*2|圆盾*1|铁树枝干*3|净化药水*1","qqzb":"速度之靴*1|魔棒*1|影之灵龛*1","hxzb":"奥术鞋*1|魔杖*1|梅肯斯姆*1|侦查守卫*1","hqsz":"辉耀*1|恐鳌之心*1|刃甲*1|天堂之戟*1","ljt":"http://www.dota2.com.cn/images/property/undying.gif","path":"undying","zymc":"夜魇","zytb":"http://www.dota2.com.cn/images/heropedia/dire.jpg","yxtp":"http://www.dota2.com.cn/images/others/undying_big1.jpg","gjlxxj":"1","yxdwxj":"2|1|1|1","llsjsmz":"19","llsjsmhf":"0.03","mjsjhj":"1","mjsjgjsd":"1","zlsjmfz":"13","zlsjmfhf":"0.04","sjgjl":"1","pjsh":"61","gjsd":"110|113|129","gjms":"1.55","gjsh":"57-65","gjjl":"128|128|128","wlhj":"3","wlshkx":"16%","mfshkx":"25%","minitb":"http://www.dota2.com.cn/images/heroes/undying_icon.png"},{"id":52,"zwm":"娜迦海妖","ywm":"Naga Siren","jc":"小娜迦","xttx":"http://www.dota2.com.cn/images/heroes/naga_siren_full.png","dttx":"http://www.dota2.com.cn/images/heroes/naga_siren_vert.jpg","gjlx":"近战","yxlx":"敏捷","yxdw":"核心|控制|推进|逃生","zltb":"http://www.dota2.com.cn/images/info1301/tit_img01.gif","zljc":"18","zlsj":"1.95","mjtb":"http://www.dota2.com.cn/images/info1301/tit_img02.gif","mjjc":"21","mjsj":"2.75","lltb":"http://www.dota2.com.cn/images/info1301/tit_img03.gif","lljc":"21","llsj":"2.3","gjltb":"http://www.dota2.com.cn/images/info1301/tit_img06.gif","csgjl":"23-25","ydsdtb":"http://www.dota2.com.cn/images/info1301/tit_img05.gif","csydsd":"320","hjtb":"http://www.dota2.com.cn/images/info1301/tit_img04.gif","cshj":"5.94","yxbj":"在鱼人卫士团的誓言中，有一句誓词最广为流传：鱼人不能失败。事实上，这句话既是誓词，又是命令，所有失败的人都已经被放逐。鱼人族内不容败者。司里希丝曾经是她族群内最受尊敬的战士，多年来她一直指挥着一支军队，她最强力的武器就是她那让人畏惧的声音。强大，婉转，难以捉摸，她一直用她这一致命武器守卫着深海住民以及沉没之城中的财富。然而在克雷之役的最后一战中，在面对一帮想给他们的深渊之神献上财宝的狂热深海巨怪时，她的军队节节败退。在他们将敌人猛烈的攻击抵御下以后，开始清理战场，却发现宝藏中的镶嵌着珠宝的圣杯不见了。她的百人队中只有寥寥数人活了下来，然而同胞们的勇敢和牺牲却无关紧要了。重要的是他们的珍宝被拿走了。他们的荣誉被毁掉了。娜迦海妖被驱逐了，她被放逐去寻回失窃的圣杯。不管她能够做出多少倍的补偿，她也注定不会被原谅，除非她带回了失窃的宝藏。她所失去的荣誉，千金难抵。","dj":"1|15|25","smz":"549|1161|1978","mfz":"234|589|1102","gjl":"44-46|83-85|130-132","hj":"6|11|18","syfw":"1800/800","gjfw":"128","ddsd":"N/A","jdtj1":"http://www.dota2.com.cn/images/property/add/naga_siren.jpg","jdms1":"激流自从变成幻象也可以释放之后就成为了娜迦海妖的主加技能，当然特定情况下也有主加网或者分身的。前期幻象承受伤害过多，所以在装备没有累积之前，分身带来的增益效果不大。主激流也利于娜迦前期混线补刀拿人头。娜迦的网是无视BKB的，被网住的单位没法闪烁走，这点至关重要。","jdtj2":"","jdms2":"","cmzb":"树之祭祀*2|治疗药膏*1|敏捷便鞋*1|铁树枝干*3","qqzb":"魔棒*1|速度之靴*1|穷鬼盾*1","hxzb":"奥术鞋*1|魔杖*1|梅肯斯姆*1|","hqsz":"恐鳌之心*1|天堂之戟*1|幻影斧*1|净魂之刃*1|蝴蝶*1|","ljt":"http://www.dota2.com.cn/images/property/naga_siren.gif","path":"naga_siren","zymc":"夜魇","zytb":"http://www.dota2.com.cn/images/heropedia/dire.jpg","yxtp":"http://www.dota2.com.cn/images/others/naga_siren_big1.jpg","gjlxxj":"1","yxdwxj":"2|2|1|1","llsjsmz":"19","llsjsmhf":"0.03","mjsjhj":"1","mjsjgjsd":"1","zlsjmfz":"13","zlsjmfhf":"0.04","sjgjl":"1","pjsh":"45","gjsd":"121|132|187","gjms":"1.4","gjsh":"44-46","gjjl":"128|128|128","wlhj":"5","wlshkx":"26%","mfshkx":"25%","minitb":"http://www.dota2.com.cn/images/heroes/naga_siren_icon.png"},{"id":14,"zwm":"戴泽","ywm":"Dazzle","jc":"暗牧","xttx":"http://www.dota2.com.cn/images/heroes/dazzle_full.png","dttx":"http://www.dota2.com.cn/images/heroes/dazzle_vert.jpg","gjlx":"远程","yxlx":"智力","yxdw":"辅助|对线辅助","zltb":"http://www.dota2.com.cn/images/info1301/tit_img01.gif","zljc":"27","zlsj":"3.4","mjtb":"http://www.dota2.com.cn/images/info1301/tit_img02.gif","mjjc":"21","mjsj":"1.7","lltb":"http://www.dota2.com.cn/images/info1301/tit_img03.gif","lljc":"16","llsj":"1.85","gjltb":"http://www.dota2.com.cn/images/info1301/tit_img06.gif","csgjl":"14-32","ydsdtb":"http://www.dota2.com.cn/images/info1301/tit_img05.gif","csydsd":"305","hjtb":"http://www.dota2.com.cn/images/info1301/tit_img04.gif","cshj":"1.94","yxbj":"每一个德尊教团的年轻侍僧在成为暗影牧师前都必须完成一系列的仪式。而仪式的最后一步，则是穿越无比危险的虚无之境，一个只有少数人能活着回来的未知领域。有些人虽然回来了，但却发疯了。还有些回来的人获得了奇怪的能力。但可以肯定的是，所有去了那里的人都被改变了。出于对神圣启示的执着追求，戴泽成为了他部族中最年轻的神圣仪式的追求者。起初，教团拒绝了他，因为他太年轻了。然而戴泽不是那么容易放弃的。教团长老在这位顽固的年轻侍僧身上感到了一些特别的东西，便宽许他进入了教团。最终仪式时，戴泽将神圣药剂一饮而尽后在篝火旁坐下，而他的族人则在一旁跳着祭祀之舞。在虚无之境的虚灵位面中，光明与黑暗的属性被反转了。导致戴泽原本灿烂夺目的治疗之光演变成了包藏凶险的邪恶力量，在那夺目的光辉中隐藏的则是黑暗的行径。不出长老所料：戴泽回来了，成为了一名不世出的暗影牧师，他获得了既可以用来治疗也可以进行破坏的能力。现在，他用他的力量消灭敌人，治愈同伴。","dj":"1|15|25","smz":"454|946|1678","mfz":"351|970|1672","gjl":"41-59|89-107|143-161","hj":"2|5|10","syfw":"1800/800","gjfw":"550","ddsd":"1200","jdtj1":"http://www.dota2.com.cn/images/property/add/dazzle.jpg","jdms1":"这是一种偏向于gank流的打法，并且对线期间至少不逆风的暗影牧师适合使用这种加点方法。如果对线期间比较弱势，比较容易死，则薄葬在前两级必须被点出来。这里薄葬在4级才加，在对线本身不弱势的情况下3级时点出2级剧毒之处提供稳定先手晕，是一种比较凶狠的暗牧打法。到六不加大的原因在于gank打法更注重局部对抗，暗牧的暗影波无论是伤害还是治疗都很强，在前期低位不逊于效果并不明显的一级大招。而剧毒之触不点满的原因是3级与4级的控制效果完全相同，所以3级触就开始转加其它更宝贵的技能。如果你认为gank中比较需要4级剧毒之触的伤害，那么也可以较早地把4级触点出来而不是放到最后。","jdtj2":null,"jdms2":null,"cmzb":"铁树枝干*3|净化药水*2|树之祭祀*1|动物信使*1|","qqzb":"魔棒*1|速度之靴*1|影之灵龛*1|灵魂之戒*1","hxzb":"魔杖*1|奥术鞋*1|侦查守卫*1|梅肯斯姆*1","hqsz":"邪恶镰刀*1|希瓦的守护*1|阿哈利姆神杖*1|洞察烟斗*1|Eul的神圣法杖*1|勇气勋章*1","ljt":"http://www.dota2.com.cn/images/property/dazzle.gif","path":"dazzle","zymc":"夜魇","zytb":"http://www.dota2.com.cn/images/heropedia/dire.jpg","yxtp":"http://www.dota2.com.cn/images/others/dazzle_big1.jpg","gjlxxj":"1","yxdwxj":"3|3","llsjsmz":"19","llsjsmhf":"0.03","mjsjhj":"1","mjsjgjsd":"1","zlsjmfz":"13","zlsjmfhf":"0.04","sjgjl":"1","pjsh":"50","gjsd":"121|128|162","gjms":"1.4","gjsh":"41-59","gjjl":"550|550|550","wlhj":"1","wlshkx":"10%","mfshkx":"25%","minitb":"http://www.dota2.com.cn/images/heroes/dazzle_icon.png"},{"id":79,"zwm":"斯拉达","ywm":"Slardar","jc":"大鱼人","xttx":"http://www.dota2.com.cn/images/heroes/slardar_full.png","dttx":"http://www.dota2.com.cn/images/heroes/slardar_vert.jpg","gjlx":"近战","yxlx":"力量","yxdw":"核心|耐久|控制|先手","zltb":"http://www.dota2.com.cn/images/info1301/tit_img01.gif","zljc":"15","zlsj":"1.50","mjtb":"http://www.dota2.com.cn/images/info1301/tit_img02.gif","mjjc":"17","mjsj":"2.40","lltb":"http://www.dota2.com.cn/images/info1301/tit_img03.gif","lljc":"21","llsj":"2.80","gjltb":"http://www.dota2.com.cn/images/info1301/tit_img06.gif","csgjl":"30-38","ydsdtb":"http://www.dota2.com.cn/images/info1301/tit_img05.gif","csydsd":"300","hjtb":"http://www.dota2.com.cn/images/info1301/tit_img04.gif","cshj":"5.38","yxbj":"斯拉达是个鱼人，一位深海住民，他守卫着沉没的城市和其中埋藏的古老宝藏。在海底深渊那黑暗的海沟中，鱼人守卫带着作为诱饵的光源穿梭在藏有宝物的密室中。陆地上贪婪的巫师们派下去的潜水盗贼被他看似友善的光亮吸引，然后一去不返。他对海洋绝对忠诚，沉默寡言的性格有效的隐藏了海洋最秘密场所的位置。有时他会上浮到浅海侦查，不顾光亮造成的痛苦，确保没人在对深海进行谋划。有时他会无情的追杀那些极少数设法从沉没宝库偷取了一件宝物的家伙。由于斯拉达的一生都生活在深海中，承受着海洋巨大的水压，因此鱼人守卫的力量无比强大。","dj":"1|15|25","smz":"549|1294|2206","mfz":"195|468|923","gjl":"51-59|90-98|138-148","hj":"5|10|16","syfw":"1800/800","gjfw":"128","ddsd":"N/A","jdtj1":"http://www.dota2.com.cn/images/property/add/slardar.jpg","jdms1":"鱼人守卫，曾经有一段时间风靡CW舞台，很多战队都爱使用它。有控制，够肉，打得了输出。鱼人的加点也变化不多，被动虽然imba但是鱼人蛋疼的攻击速度，前期点被动的性价比着实不高。冲锋学满反而大大增加了鱼人守卫的机动性。","jdtj2":null,"jdms2":null,"cmzb":"圆盾*1|治疗药膏*1|树之祭祀*1|净化药水*1|铁树枝干*2","qqzb":"魔棒*1|速度之靴*1|治疗指环*1","hxzb":"魔杖*1|动力鞋*1|先锋盾*1","hqsz":"黑皇杖*1|闪烁匕首*1|恐鳌之心*1|黯灭*1|强袭胸甲*1|撒旦之邪力*1","ljt":"http://www.dota2.com.cn/images/property/slardar.gif","path":"slardar","zymc":"夜魇","zytb":"http://www.dota2.com.cn/images/heropedia/dire.jpg","yxtp":"http://www.dota2.com.cn/images/others/slardar_big1.jpg","gjlxxj":"1","yxdwxj":"2|2|2|1","llsjsmz":"19","llsjsmhf":"0.03","mjsjhj":"1","mjsjgjsd":"1","zlsjmfz":"13","zlsjmfhf":"0.04","sjgjl":"1","pjsh":"55","gjsd":"117|127|175","gjms":"1.45","gjsh":"51-59","gjjl":"128|128|128","wlhj":"5","wlshkx":"24%","mfshkx":"25%","minitb":"http://www.dota2.com.cn/images/heroes/slardar_icon.png"},{"id":86,"zwm":"维萨吉","ywm":"Visage","jc":"灰鸟，死灵飞龙","xttx":"http://www.dota2.com.cn/images/heroes/visage_full.png","dttx":"http://www.dota2.com.cn/images/heroes/visage_vert.jpg","gjlx":"远程","yxlx":"智力","yxdw":"爆发|耐久|控制","zltb":"http://www.dota2.com.cn/images/info1301/tit_img01.gif","zljc":"24","zlsj":"2.5","mjtb":"http://www.dota2.com.cn/images/info1301/tit_img02.gif","mjjc":"11","mjsj":"1.3","lltb":"http://www.dota2.com.cn/images/info1301/tit_img03.gif","lljc":"22","llsj":"2.4","gjltb":"http://www.dota2.com.cn/images/info1301/tit_img06.gif","csgjl":"24-34","ydsdtb":"http://www.dota2.com.cn/images/info1301/tit_img05.gif","csydsd":"295","hjtb":"http://www.dota2.com.cn/images/info1301/tit_img04.gif","cshj":"-0.46","yxbj":"面目狰狞的石像鬼庞大的身影蹲坐在狭窄迷宫的入口，永恒地凝视着通往往生之境的路径。无论走兽还是飞鸟，人类还是怪物，一切服从生老病死并选择进入冥府的生物终有一天会经过它们的面前。对于一个离开肉体的灵魂而言，一旦做出了穿过死亡幕帘的决定就再无回头之路。不过总有一些不安分的灵魂凭着智力或机巧，借着偶然的契机得以从天国或是地狱逃离。这时候，令人胆寒的石像鬼维萨吉，承载死灵飞龙不朽灵魂的形体，就会被派遣出去寻回他们。维萨吉精明强干又冷酷无情，不受死亡或是疲倦的支配。它无休无止、毫不留情地追踪它的猎物，一心只想摧毁一切逃亡灵魂的藏身之处。谁敢嘲笑冥界的法则，谁就永远不得安宁。虽然亡者的确可以被复活，但他们迟早会被维萨吉找到，并且遣送回他们本来该在的地方。","dj":"1|15|25","smz":"568|1206|2042","mfz":"312|767|1352","gjl":"48-58|83-93|128-138","hj":"-0|2|7","syfw":"1800/800","gjfw":"600","ddsd":"900","jdtj1":"http://www.dota2.com.cn/images/property/add/visage.jpg","jdms1":"如今的死灵飞龙维萨吉已经很少出现在CW舞台中了，这是一个天生为三人路而生的英雄，前期灵魂超度堪称神技。新版本总更是加强了黄泉颤抖技能，在路人战中，玩得溜的死灵飞龙依然能有着亮眼的操作。如果前期压力较大，可以考虑多提升被动的等级，增加死灵飞龙的抗击打能力。","jdtj2":"","jdms2":"","cmzb":"树之祭祀*1|治疗药膏*1|净化药水*2|守护指环*1|铁树枝干*2","qqzb":"速度之靴*1|魔棒*1|王者之戒*1","hxzb":"动力鞋*1|魔杖*1|梅肯斯姆*1|勇气勋章*1","hqsz":"阿哈利姆神杖*1|邪恶镰刀*1|希瓦的守护*1|强袭胸甲*1|阿托斯之棍*1|恐鳌之心*1","ljt":"http://www.dota2.com.cn/images/property/visage.gif","path":"visage","zymc":"夜魇","zytb":"http://www.dota2.com.cn/images/heropedia/dire.jpg","yxtp":"http://www.dota2.com.cn/images/others/visage_big1.jpg","gjlxxj":"1","yxdwxj":"2|2|1","llsjsmz":"19","llsjsmhf":"0.03","mjsjhj":"1","mjsjgjsd":"1","zlsjmfz":"13","zlsjmfhf":"0.04","sjgjl":"1","pjsh":"53","gjsd":"111|116|142","gjms":"1.53","gjsh":"48-58","gjjl":"600|600|600","wlhj":"0","wlshkx":"-2%","mfshkx":"10%","minitb":"http://www.dota2.com.cn/images/heroes/visage_icon.png"},{"id":71,"zwm":"圣堂刺客","ywm":"Templar Assassin","jc":"TA，圣堂","xttx":"http://www.dota2.com.cn/images/heroes/templar_assassin_full.png","dttx":"http://www.dota2.com.cn/images/heroes/templar_assassin_vert.jpg","gjlx":"远程","yxlx":"敏捷","yxdw":"核心|逃生","zltb":"http://www.dota2.com.cn/images/info1301/tit_img01.gif","zljc":"20","zlsj":"2","mjtb":"http://www.dota2.com.cn/images/info1301/tit_img02.gif","mjjc":"23","mjsj":"2.7","lltb":"http://www.dota2.com.cn/images/info1301/tit_img03.gif","lljc":"18","llsj":"2.1","gjltb":"http://www.dota2.com.cn/images/info1301/tit_img06.gif","csgjl":"30-36","ydsdtb":"http://www.dota2.com.cn/images/info1301/tit_img05.gif","csydsd":"305","hjtb":"http://www.dota2.com.cn/images/info1301/tit_img04.gif","cshj":"4.22","yxbj":"拉娜娅，圣堂刺客，一直行走在对万物的探求之路上。她有一颗渴求知识的心，早年就非常专注于研究自然法则——对魔法和炼金术有关的书非常入迷，试图重现她在紫罗兰档案馆找到的吉光片羽中记载的实验，并且背下了档案保管者对实验的观察记录。由于她天性安静且诡秘，再加上获得这些东西的高难度，拉娜娅的隐秘行动技巧得到了进一步的强化。假如她稍微不低调一点，她就可能成为盗贼公会里面人人敬仰的盗贼大师了。不过她的研究一步步的将她带进了更为诡异的死角。就在她将自己的隐秘天赋完全奉献给探索宇宙秘密的时候，却无意中打开了另外一扇门：隐之圣堂的入口。入口另一边的智慧生命早已在等着她了，他们告诉了拉娜娅许多他们发现的秘密，然而当他们告诉拉娜娅她可以为圣堂服务时，这些秘密都算不得什么了。她立誓守护这些秘密，然而更重要的是，为圣堂服务能够满足她那对知识无尽的渴求。在她杀死的敌人的眼中，她逐渐看到了一直在追寻的秘密。","dj":"1|15|25","smz":"492|1051|1830","mfz":"260|624|1144","gjl":"53-59|91-97|138-144","hj":"4|10|16","syfw":"1800/800","gjfw":"140","ddsd":"900","jdtj1":"http://www.dota2.com.cn/images/property/add/templar_assassin.jpg","jdms1":"Dota2圣堂刺客在TI2上的亮眼表现一定相信一定不会让大家忘记。这是Dota2圣堂刺客最为主流的加点，前期主折光，无论补刀，线上压制还是报名逃生都乃神技，隐匿前期只学一级用来关键时刻保命，如果对自己的补刀不太自信可以将灵能之刃等级加高，建议加到2级之后再捕满隐匿。","jdtj2":"","jdms2":"","cmzb":"树之祭祀*1|敏捷便鞋*2|治疗药膏*1|铁树枝干*2","qqzb":"魔棒*1|速度之靴*1|魔瓶*1","hxzb":"魔杖*1|闪烁匕首*1|相位鞋*1","hqsz":"幻影斧*1|黑皇杖*1|金箍棒*1|影刃*1|蝴蝶*1|影刃*1","ljt":"http://www.dota2.com.cn/images/property/templar_assassin.gif","path":"templar_assassin","zymc":"天辉","zytb":"http://www.dota2.com.cn/images/heropedia/radiant.jpg","yxtp":"http://www.dota2.com.cn/images/others/templar_assassin_big1.jpg","gjlxxj":"1","yxdwxj":"2|1","llsjsmz":"19","llsjsmhf":"0.03","mjsjhj":"1","mjsjgjsd":"1","zlsjmfz":"13","zlsjmfhf":"0.04","sjgjl":"1","pjsh":"56","gjsd":"123|134|188","gjms":"1.38","gjsh":"53-59","gjjl":"140|140|140","wlhj":"4","wlshkx":"20%","mfshkx":"25%","minitb":"http://www.dota2.com.cn/images/heroes/templar_assassin_icon.png"},{"id":31,"zwm":"混沌骑士","ywm":"Chaos Knight","jc":"混沌","xttx":"http://www.dota2.com.cn/images/heroes/chaos_knight_full.png","dttx":"http://www.dota2.com.cn/images/heroes/chaos_knight_vert.jpg","gjlx":"近战","yxlx":"力量","yxdw":"核心|控制|耐久|推进","zltb":"http://www.dota2.com.cn/images/info1301/tit_img01.gif","zljc":"16","zlsj":"1.20","mjtb":"http://www.dota2.com.cn/images/info1301/tit_img02.gif","mjjc":"14","mjsj":"2.10","lltb":"http://www.dota2.com.cn/images/info1301/tit_img03.gif","lljc":"20","llsj":"2.90","gjltb":"http://www.dota2.com.cn/images/info1301/tit_img06.gif","csgjl":"29-59","ydsdtb":"http://www.dota2.com.cn/images/info1301/tit_img05.gif","csydsd":"325","hjtb":"http://www.dota2.com.cn/images/info1301/tit_img04.gif","cshj":"3.96","yxbj":"作为一名被上千个世界中无数战斗洗礼过的战斗大师，混沌骑士来自一个遥远的上层位面，在那里，宇宙的基本法则都能被直接感知到。在所有的法则中，混沌是最古老且最不知疲倦的——永无休止的搜寻着被他称为“光”的存在。很久以前,“光”违抗初始之契约离开了起源的世界，在其他世界开始了他的旅途。现在混沌骑士在一个个位面之间穿梭，无论到哪里，他永远都在搜寻然后抹杀“光”的存在 ，将其无数次的抹杀，然后进入下一个位面继续他的搜索。带着自己的铁甲战马“天劫”，带着疯狂的暴怒冲进战场，从宇宙的混乱中吸取力量。他就是混沌在物理位面的化身，并在有需要的时候他会召唤其他位面的自己，这群黑暗骑兵的齐冲如同自然之力一般无法阻挡。只有当一个世界中所有“光”的存在都被彻底消灭，他的搜寻才会结束。混沌骑士的铁蹄所到之处，死亡随之同行。","dj":"1|15|25","smz":"530|1301|2232","mfz":"208|426|842","gjl":"49-79|90-120|139-169","hj":"4|8|14","syfw":"1800/800","gjfw":"128","ddsd":"N/A","jdtj1":"http://www.dota2.com.cn/images/property/add/chaos_knight.jpg","jdms1":"这是混沌骑士最主流的加点，混沌是一名较为缺魔的英雄，所以前期除了特定的情况下，一般不会升级大招。前期一定的RP对于混沌骑士也非常重要。新改动中为混乱之箭添加了一个速度为1000的施法弹道速度，混乱之箭也不再是不可躲避的技能了。","jdtj2":null,"jdms2":null,"cmzb":"树之祭祀*1|治疗药膏*1|力量手套*1|铁树枝干*3","qqzb":"速度之靴*1|魔棒*1|护腕*1","hxzb":"动力鞋*1|魔杖*1|莫尔迪基安的臂章*1|韧鼓*1","hqsz":"辉耀*1|恐鳌之心*1|黑皇杖*1|天堂之戟*1","ljt":"http://www.dota2.com.cn/images/property/chaos_knight.gif","path":"chaos_knight","zymc":"夜魇","zytb":"http://www.dota2.com.cn/images/heropedia/dire.jpg","yxtp":"http://www.dota2.com.cn/images/others/chaos_knight_big1.jpg","gjlxxj":"1","yxdwxj":"2|2|1|1","llsjsmz":"19","llsjsmhf":"0.03","mjsjhj":"1","mjsjgjsd":"1","zlsjmfz":"13","zlsjmfhf":"0.04","sjgjl":"1","pjsh":"64","gjsd":"114|122|164","gjms":"1.49","gjsh":"49-79","gjjl":"128|128|128","wlhj":"3","wlshkx":"19%","mfshkx":"25%","minitb":"http://www.dota2.com.cn/images/heroes/chaos_knight_icon.png"},{"id":1,"zwm":"斧王","ywm":"Axe","jc":"蒙哥可汗、Mogul Khan、Axe","xttx":"http://www.dota2.com.cn/images/heroes/axe_full.png","dttx":"http://www.dota2.com.cn/images/heroes/axe_vert.jpg","gjlx":"近战","yxlx":"力量","yxdw":"耐久|先手|控制|打野","zltb":"http://www.dota2.com.cn/images/info1301/tit_img01.gif","zljc":"18","zlsj":"1.60","mjtb":"http://www.dota2.com.cn/images/info1301/tit_img02.gif","mjjc":"20","mjsj":"2.20","lltb":"http://www.dota2.com.cn/images/info1301/tit_img03.gif","lljc":"25","llsj":"2.50","gjltb":"http://www.dota2.com.cn/images/info1301/tit_img06.gif","csgjl":"24-28","ydsdtb":"http://www.dota2.com.cn/images/info1301/tit_img05.gif","csydsd":"290","hjtb":"http://www.dota2.com.cn/images/info1301/tit_img04.gif","cshj":"1.8","yxbj":"作为红雾军团的一名步兵，蒙哥可汗的目标是成为红雾军团的将军。在一场又一场的战斗中，他用血腥的战果证明了自己的价值。他毫不犹豫杀死上级的行为帮助了他的晋升。在七年的千湖之境战役中，他用光荣的杀戮给自己带来了荣誉，他的声望比从前更耀眼了，但他身边的战友也在一个个的减少。在最终战胜的夜晚，蒙哥可汗宣布他为红雾军团的新将军，并冠以自身“斧王”的头衔。但他的军队却只有他一人，虽然许多人是战死的，但更多人则是死在斧王的刃下。不用说，现在大多数战士都在回避他作为领导者。但这对斧王来说不算什么，因为他的军队只需要他一个人就够了。","dj":"1|15|25","smz":"625|1290|2145","mfz":"234|525|993","gjl":"49-53|84-88|129-133","hj":"2|6|12","syfw":"1800/800","gjfw":"128","ddsd":"N/A","jdtj1":"http://www.dota2.com.cn/images/property/add/axe.jpg","jdms1":"斧王如今主流的加点一共有两种，主反击螺旋或者主战斗饥渴（也就是点灯）。这种加点比较复古，主反击螺旋，可以混野也可以打线上，近战和斧王对线实在不是一件轻松的事。","jdtj2":null,"jdms2":null,"cmzb":"树之祭祀*1|圆盾*1|守护指环*1|铁树枝干*1","qqzb":"静谧之鞋*1|魔棒*1","hxzb":"闪烁匕首*1|先锋盾*1|魔杖*1|回城卷轴*1","hqsz":"刃甲*1|恐鳌之心*1|洞察烟斗*1|希瓦的守护*1|阿哈利姆神杖*1|远行鞋*1|强袭胸甲*1|天堂之戟*1|赤红甲*1|清莲宝珠*1","ljt":"http://www.dota2.com.cn/images/property/axe.gif","path":"axe","zymc":"夜魇","zytb":"http://www.dota2.com.cn/images/heropedia/dire.jpg","yxtp":"http://www.dota2.com.cn/images/others/axe_big1.jpg","gjlxxj":"5","yxdwxj":"3|2|1|1","llsjsmz":"19","llsjsmhf":"0.03","mjsjhj":"1","mjsjgjsd":"1","zlsjmfz":"13","zlsjmfhf":"0.04","sjgjl":"1","pjsh":"51","gjsd":"120|151|193","gjms":"1.42","gjsh":"49-53","gjjl":"128|128|128","wlhj":"1","wlshkx":"9%","mfshkx":"25%","minitb":"http://www.dota2.com.cn/images/heroes/axe_icon.png"}]}