{"hero":{"id":29,"zwm":"变体精灵","ywm":"Morphling","jc":"水人","xttx":"http://www.dota2.com.cn/images/heroes/morphling_full.png","dttx":"http://www.dota2.com.cn/images/heroes/morphling_vert.jpg","gjlx":"远程","yxlx":"敏捷","yxdw":"核心-逃生-先手-爆发","zltb":"http://www.dota2.com.cn/images/info1301/tit_img01.gif","zljc":"17","zlsj":"1.5","mjtb":"http://www.dota2.com.cn/images/info1301/tit_img02.gif","mjjc":"24","mjsj":"3.4","lltb":"http://www.dota2.com.cn/images/info1301/tit_img03.gif","lljc":"19","llsj":"2","gjltb":"http://www.dota2.com.cn/images/info1301/tit_img06.gif","csgjl":"13-22","ydsdtb":"http://www.dota2.com.cn/images/info1301/tit_img05.gif","csydsd":"285","hjtb":"http://www.dota2.com.cn/images/info1301/tit_img04.gif","cshj":"1.36","yxbj":"在那黑暗的年代里，有一颗彗星一直绕着天体运动着。被太阳束缚，又被地心引力拉扯，这颗巨大的冰球在世界之间的黑暗缝隙中穿行着，其自身也被这段黑暗的旅途改变着。在乌洛伊战争的前夜，它刺破天穹，轰然坠地，并散发出了一丝奇异的光芒，点亮了黑夜——战争的双方都认为这是一个征兆。这个冰球在沸腾的燥热中融化了，在战争中双方踏入分界河的时候，它融合了双方的力量。旋即冰封解除，变体精灵在战争中横空出世，拥有海洋潮汐之力的元素，反复无常，变化多端。他加入了战斗，在一瞬间就复制了一方的将军的形态，然后杀死了他——这个冒失鬼居然想试图穿过分界河。随着那些士兵们一个个死去，变体精灵也将自己的形态一次又一次的转换，吸收着这些奇怪生物的形态——一会是步兵，一会是弓箭手，一会又是骑兵，直到最后一个士兵也死去，变体精灵终于将所有的形态复制完毕。战争算是结束了，而变体精灵的时代，则刚刚开始。","dj":"1/15/25","smz":"511/1043/1803","mfz":"221/494/949","gjl":"37-46/85-94/139-148","hj":"1/8/16","syfw":"1800/800","gjfw":"350","ddsd":"1300","jdtj1":"http://www.dota2.com.cn/images/property/add/morphling.jpg","jdms1":"变体精灵的加点变化比较大，大多数玩家都会根据实际需要取舍技能点。目前以主波浪副转属性的打法最流行，区别在于有人只升一级转属性，有人副升专属性，有人前期点完一级转属性后会补黄点，有人会点一级专属性后把变体攻击点起来。不过个人推荐是变体攻击晚点加，最多加一级打断TP。","jdtj2":null,"jdms2":null,"cmzb":"敏捷便鞋*2|树之祭祀*1|治疗药膏*1|净化药水*1|铁树枝干*1","qqzb":"速度之靴*1|魔棒*1|怨灵系带*1","hxzb":"动力鞋*1|坚韧球*1|魔杖*1|天鹰之戒*1","hqsz":"幻影斧*1|林肯法球*1|虚灵之刃*1|蝴蝶*1|斯嘉蒂之眼*1|撒旦之邪力*1","ljt":"http://www.dota2.com.cn/images/property/morphling.gif","path":"morphling","zymc":"天辉","zytb":"http://www.dota2.com.cn/images/heropedia/radiant.jpg","yxtp":"http://www.dota2.com.cn/images/others/morphling_big1.jpg","gjlxxj":"1","yxdwxj":"3-3-1-1","llsjsmz":"19","llsjsmhf":"0.03","mjsjhj":"1","mjsjgjsd":"1","zlsjmfz":"13","zlsjmfhf":"0.04","sjgjl":"1","pjsh":"41","gjsd":"130/142/202","gjms":"1.29","gjsh":"37-46","gjjl":"350/350/350","wlhj":"1","wlshkx":"7%","mfshkx":"25%","minitb":"http://www.dota2.com.cn/images/heroes/morphling_icon.png"},"skillList":[{"id":125,"zwm":"变体精灵","jnmc":"波浪形态","jntb":"http://www.dota2.com.cn/images/heroes/abilities/morphling_waveform_hp1.png","jnms":"变体精灵化为波浪向前涌进，对路径上的敌人造成伤害。变体精灵在波浪形态中是无敌的。","mftb":"http://www.dota2.com.cn/style/../images/info1301/ico1.gif","mfxh":"140/155/160/165","lqtb":"http://www.dota2.com.cn/style/../images/info1301/ico2.gif","lqsj":"11","jnxg":"<span class=\"color_white\">技能：</span>点目标|<span class=\"color_white\">攻击力：</span>100/175/250/325|<span class=\"color_white\">伤害类型：</span>魔法|<span class=\"color_white\">无视技能免疫：</span>否","jnsp":"http://dota2.dl.wanmei.com/dota2/video/abilities/morphling_waveform_creeps.mp4","spms":"轻松卷走敌人的滔滔洪水。","djjd":"1,3,5,7","ewms":""},{"id":126,"zwm":"变体精灵","jnmc":"变体攻击","jntb":"http://www.dota2.com.cn/images/heroes/abilities/morphling_adaptive_strike_hp1.png","jnms":"用猛烈的水波打击一个敌方单位，对其造成眩晕和伤害，伤害由基础伤害和基于变体精灵的敏捷计算的额外伤害这两部分组成。若变体精灵的敏捷比力量高50%，将造成最大伤害和最短眩晕。若力量远比敏捷高50%，则造成最长眩晕和最小伤害。","mftb":"http://www.dota2.com.cn/style/../images/info1301/ico1.gif","mfxh":"100/100/100/100","lqtb":"http://www.dota2.com.cn/style/../images/info1301/ico2.gif","lqsj":"10","jnxg":"<span class=\"color_white\">技能：</span>单位目标|<span class=\"color_white\">基础伤害：</span>50/60/70/80|<span class=\"color_white\">影响：</span>敌方单位|<span class=\"color_white\">最小敏捷值伤害倍率：</span>0.25/0.25/0.25/0.25|<span class=\"color_white\">伤害类型：</span>魔法|<span class=\"color_white\">最大敏捷值伤害倍率：</span>0.5/1/1.5/2|<span class=\"color_white\">无视技能免疫：</span>否|<span class=\"color_white\">最短眩晕：</span>0.25/0.25/0.25/0.25|<span class=\"color_white\">最长眩晕：</span>1.25/2.25/3.25/4.25|<span class=\"color_white\">施法距离：</span>600/700/800/900","jnsp":"http://dota2.dl.wanmei.com/dota2/video/abilities/morphling_adaptive_strike_agility.mp4","spms":"变体精灵唤出自身的元素，构成波浪碾碎对手。","djjd":"10,12,13,14","ewms":"能将目标击退100 - 300码。<br>弹道的移动速度为1150。"},{"id":127,"zwm":"变体精灵","jnmc":"变形（敏捷获取）","jntb":"http://www.dota2.com.cn/images/heroes/abilities/morphling_morph_agi_hp1.png","jnms":"变体精灵改变它的形态，将一些力量转化成敏捷。该过程可逆。升级此技能将提高转化速率。被动获得敏捷加成。","mftb":"http://www.dota2.com.cn/style/../images/info1301/ico1.gif","mfxh":"30/30/30/30","lqtb":"http://www.dota2.com.cn/style/../images/info1301/ico2.gif","lqsj":"0","jnxg":"<span class=\"color_white\">技能：</span>无目标, 切换|<span class=\"color_white\">每秒魔法消耗：</span>30/30/30/30|<span class=\"color_white\">每次转换点数：</span>2/2/2/2 |<span class=\"color_white\">转换速率：</span>1/0.5/0.33/0.2 |<span class=\"color_white\">敏捷加成：</span>3/4/5/6","jnsp":"http://dota2.dl.wanmei.com/dota2/video/abilities/morphling__morph_agility_gain__new.mp4","spms":"转变为水形态的变体精灵特征很难被辨别。","djjd":"2,4,8,9","ewms":"在变体精灵受到眩晕作用时依然能够开启或关闭属性转换，但是被沉默期间无法开启或关闭。<br>属性转换不能转化物品提供的属性加成。"},{"id":128,"zwm":"变体精灵","jnmc":"变形（力量获取）","jntb":"http://www.dota2.com.cn/images/heroes/abilities/morphling_morph_str_hp1.png","jnms":"变体精灵改变它的形态，将一些敏捷转化成力量。该过程可逆。升级此技能将提高转化速率。被动获得力量加成。","mftb":"http://www.dota2.com.cn/style/../images/info1301/ico2.gif","mfxh":"30 / 30 / 30 / 30 ","lqtb":"http://www.dota2.com.cn/style/../images/info1301/ico2.gif","lqsj":"0","jnxg":"<span class=\"color_white\">技能：</span>无目标, 切换 |<span class=\"color_white\">每秒魔法消耗：</span>30/30/30/30 |<span class=\"color_white\">每次转换点数：</span>2/2/2/2 |<span class=\"color_white\">转换速率：</span>1/0.5/0.33/0.2|<span class=\"color_white\">力量加成：</span>3/4/5/6","jnsp":"http://dota2.dl.wanmei.com/dota2/video/abilities/morphling__morph_strength_gain__new.mp4","spms":"转变为水形态的变体精灵特征很难被辨别。","djjd":"-","ewms":"在变体精灵受到眩晕效果时属性转换依然有效，但是受到沉默作用就无法转换。<br>属性转换不能转化物品提供的属性加成。"},{"id":129,"zwm":"变体精灵","jnmc":"复制","jntb":"http://www.dota2.com.cn/images/heroes/abilities/morphling_replicate_hp1.png","jnms":"变体精灵复制一个英雄，敌我皆可，但只造成被复制者50%的伤害。变体精灵随时可以在一瞬间与复制品交换位置。","mftb":"http://www.dota2.com.cn/style/../images/info1301/ico1.gif","mfxh":"25/25/25","lqtb":"http://www.dota2.com.cn/style/../images/info1301/ico2.gif","lqsj":"80","jnxg":"<span class=\"color_white\">技能：</span>单位目标 |<span class=\"color_white\">持续时间：</span>30/45/60  |<span class=\"color_white\">无视技能免疫：</span>|<span class=\"color_green\">是 </span>|<span class=\"color_white\">复制体继承攻击力：</span>50%/50%/50%  |<span class=\"color_white\">复制体承受伤害：</span>100%/100%/100% |<span class=\"color_white\">施法距离：</span>700/1100/1500 ","jnsp":"http://dota2.dl.wanmei.com/dota2/video/abilities/morphling_replicate.mp4","spms":"盯着变体精灵看而因此幻化出的一个映像，会变成这个观看者的模样。","djjd":"6,11,16","ewms":"变体精灵自身及其控制的单位不能作为复制的目标。"},{"id":130,"zwm":"变体精灵","jnmc":"替换复制品","jntb":"http://www.dota2.com.cn/images/heroes/abilities/morphling_morph_replicate_hp1.png","jnms":"变体精灵替换它的复制品，瞬间移动到它的位置。","mftb":"http://www.dota2.com.cn/style/../images/info1301/ico1.gif","mfxh":"150/150/150","lqtb":"http://www.dota2.com.cn/style/../images/info1301/ico2.gif","lqsj":"0","jnxg":"<span class=\"color_white\">技能：</span>无目标","jnsp":"http://dota2.dl.wanmei.com/dota2/video/abilities/morphling_morph_replicate.mp4","spms":"","djjd":"-","ewms":""},{"id":506,"zwm":"变体精灵","jnmc":"混源","jntb":"http://www.dota2.com.cn/images/heroes/abilities/morphling_hybrid_hp1.png","jnms":"变体精灵变成了友方目标英雄的混源复制体，可以施放该英雄除了终极技能以外的所有技能。混源体消失，或者持续时间结束后变体精灵会在混源体最后的位置上重新出现。 变体精灵拥有复制的复制体时将无法使用该技能。","mftb":"http://www.dota2.com.cn/style/../images/info1301/ico2.gif","mfxh":"200","lqtb":"http://www.dota2.com.cn/style/../images/info1301/ico2.gif","lqsj":"140","jnxg":"<span class=\"color_white\">技能：</span>单位目标|<span class=\"color_white\">持续时间：</span>20","jnsp":"","spms":"","djjd":"","ewms":""}],"qqzbList":[{"goods":{"id":39,"bigtype":"基础物品","type":"奥术","wpmc":"速度之靴","wppz":"1","wptp":"http://www.dota2.com.cn/images/items/boots_lg.png","jgtb":"http://www.dota2.com.cn/images/info1301/tit_img07.gif","jg":"450","wpjs":"穿双鞋子，跑的更快。","wpzyms":"移动速度提升效果不与其他鞋子叠加。","wpsyff":"","wpxg":"+ <span class=\"color_yellow\">50</span> 移动速度","lqsjtb":"","lqsj":"","mfxhtb":"","mfxh":"","qzwptb":"","wpzyms2":"","item_en":"boots"},"count":1},{"goods":{"id":36,"bigtype":"基础物品","type":"奥术","wpmc":"魔棒","wppz":"1","wptp":"http://www.dota2.com.cn/images/items/magic_stick_lg.png","jgtb":"http://www.dota2.com.cn/images/info1301/tit_img07.gif","jg":"200","wpjs":"一个简易但实用的魔杖，能够补充使用者的能量--巫师学徒和高级术士都喜欢。","wpzyms":"","wpsyff":"主动：充能 - 每当周围有敌人施放技能都会自动充能（最多10点能量）。当使用时，每点能量为你回复生命值和魔法值。","wpxg":"每点能量回复：<span class=\"color_yellow\">15</span>","lqsjtb":"http://www.dota2.com.cn/images/info1301/ico2.gif","lqsj":"13","mfxhtb":"","mfxh":"","qzwptb":"","wpzyms2":"1200码视野范围内敌人使用技能就会获得点数。<br>部分英雄技能和物品技能的施放将不会增加点数。","item_en":"magic_stick"},"count":1},{"goods":{"id":48,"bigtype":"升级物品","type":"普通","wpmc":"怨灵系带","wppz":"2","wptp":"http://www.dota2.com.cn/images/items/wraith_band_lg.png","jgtb":"http://www.dota2.com.cn/images/info1301/tit_img07.gif","jg":"485","wpjs":"总是回响着微弱耳语的圆环。","wpzyms":"","wpsyff":"","wpxg":"+ <span class=\"color_yellow\">3</span> 力量<br/>+ <span class=\"color_yellow\">6</span> 敏捷<br/>+ <span class=\"color_yellow\">3</span> 智力<br/>+ <span class=\"color_yellow\">3</span> 攻击力","lqsjtb":"","lqsj":"","mfxhtb":"","mfxh":"","qzwptb":"","wpzyms2":"","item_en":"wraith_band"},"count":1}],"cmzbList":[{"goods":{"id":14,"bigtype":"基础物品","type":"属性","wpmc":"敏捷便鞋","wppz":"1","wptp":"http://www.dota2.com.cn/images/items/slippers_lg.png","jgtb":"http://www.dota2.com.cn/images/info1301/tit_img07.gif","jg":"150","wpjs":"蜘蛛皮做成的轻便靴子，能让你感觉到刺痛。","wpzyms":"","wpsyff":"","wpxg":"+ <span class=\"color_yellow\">3</span> 敏捷","lqsjtb":"","lqsj":"","mfxhtb":"","mfxh":"","qzwptb":"","wpzyms2":"","item_en":"slippers"},"count":2},{"goods":{"id":2,"bigtype":"基础物品","type":"消耗品","wpmc":"树之祭祀","wppz":"3","wptp":"http://www.dota2.com.cn/images/items/tango_lg.png","jgtb":"http://www.dota2.com.cn/images/info1301/tit_img07.gif","jg":"125","wpjs":"战场上的救命稻草。","wpzyms":"","wpsyff":"使用：吃树-吃掉一棵树来恢复生命值。可以使用4次。","wpxg":"持续时间：<span class=\"color_yellow\">16</span><br/>生命恢复量：<span class=\"color_yellow\">115</span>","lqsjtb":"","lqsj":"","mfxhtb":"","mfxh":"","qzwptb":"","wpzyms2":"","item_en":"tango"},"count":1},{"goods":{"id":3,"bigtype":"基础物品","type":"消耗品","wpmc":"治疗药膏","wppz":"3","wptp":"http://www.dota2.com.cn/images/items/flask_lg.png","jgtb":"http://www.dota2.com.cn/images/info1301/tit_img07.gif","jg":"115","wpjs":"即使最严重的伤口也能快速治愈的魔法药膏。","wpzyms":"","wpsyff":"使用：恢复 - 持续恢复生命值，受到攻击会驱散效果。","wpxg":"持续时间：<span class=\"color_yellow\">10</span><br/>生命回复量：<span class=\"color_yellow\">400</span>","lqsjtb":"","lqsj":"","mfxhtb":"","mfxh":"","qzwptb":"","wpzyms2":"治疗药膏可以共享。","item_en":"flask"},"count":1},{"goods":{"id":1,"bigtype":"基础物品","type":"消耗品","wpmc":"净化药水","wppz":"3","wptp":"http://www.dota2.com.cn/images/items/clarity_lg.png","jgtb":"http://www.dota2.com.cn/images/info1301/tit_img07.gif","jg":"50","wpjs":"能增强冥想能力的清水。","wpzyms":"","wpsyff":"使用：持续恢复魔法值，受攻击会驱散效果。","wpxg":"持续时间：<span class=\"color_yellow\">40</span><br/>魔法回复量：<span class=\"color_yellow\">135</span>","lqsjtb":"","lqsj":"","mfxhtb":"","mfxh":"","qzwptb":"","wpzyms2":"净化药水可以共享。","item_en":"clarity"},"count":1},{"goods":{"id":12,"bigtype":"基础物品","type":"属性","wpmc":"铁树枝干","wppz":"1","wptp":"http://www.dota2.com.cn/images/items/branches_lg.png","jgtb":"http://www.dota2.com.cn/images/info1301/tit_img07.gif","jg":"50","wpjs":"一根看起来很普通的树枝，它如铁般坚硬的品质赋予持有者好运。","wpzyms":"","wpsyff":"","wpxg":"+ <span class=\"color_yellow\">1</span> 所有属性","lqsjtb":"","lqsj":"","mfxhtb":"","mfxh":"","qzwptb":"","wpzyms2":"","item_en":"branches"},"count":1}],"adapt_type_list":[{"id":36,"zwm":"狙击手","ywm":"Sniper","jc":"火枪，传说哥","xttx":"http://www.dota2.com.cn/images/heroes/sniper_full.png","dttx":"http://www.dota2.com.cn/images/heroes/sniper_vert.jpg","gjlx":"远程","yxlx":"敏捷","yxdw":"核心","zltb":"http://www.dota2.com.cn/images/info1301/tit_img01.gif","zljc":"15","zlsj":"2.6","mjtb":"http://www.dota2.com.cn/images/info1301/tit_img02.gif","mjjc":"21","mjsj":"2.5","lltb":"http://www.dota2.com.cn/images/info1301/tit_img03.gif","lljc":"16","llsj":"1.7","gjltb":"http://www.dota2.com.cn/images/info1301/tit_img06.gif","csgjl":"15-21","ydsdtb":"http://www.dota2.com.cn/images/info1301/tit_img05.gif","csydsd":"290","hjtb":"http://www.dota2.com.cn/images/info1301/tit_img04.gif","cshj":"1.94","yxbj":"卡德尔·鹰眼出生在诺伦山脉的山谷中，这里的住民从太古以来就靠猎杀居住在村庄上方悬崖上的一种奇怪生物为生，他们从远距离杀死这种叫峭壁潜行兽的生物，然后收集他们掉下来的尸体。鹰眼是这些怪异住民中其中最棒的射手之一，对他来说，枪械是他身体的一部分，射击就和触摸一样自然。在征召之日，他即将在村庄中获得完全的地位时，他经历了古老的考验：从谷底一击射下一头悬崖上的潜行兽。打空则是耻辱。在全体村民的注视下，鹰眼射击了。一头潜行兽掉下来了；人群欢呼了。但当尸体被收起时，整个村子都沉默了，长老发现子弹穿过了潜行兽中间的眼睛后，紧紧的卡在了它的下颚骨中。这个凶兆正是黑暗预言的开端所描述的，按预言中所说，射出这发子弹的枪手将成为伟大的人，但也将被流放。狙击手鹰眼因此离开了他的人民，被他自己的技术所诅咒，在剩下的预言实现前不得回来，他必须成为战场上的传说。","dj":"1|15|25","smz":"454|906|1609","mfz":"195|668|1266","gjl":"36-42|77-83|126-132","hj":"2|8|14","syfw":"1800/1000","gjfw":"550","ddsd":"3000","jdtj1":"http://www.dota2.com.cn/images/property/add/sniper.jpg","jdms1":"狙击手的加点主要有两种，主加散弹和不加散弹，这套加点是主加散弹和射程，散弹的范围伤害很高，并有减速效果还能对塔造成伤害，性价比还是很不错的。","jdtj2":null,"jdms2":null,"cmzb":"树之祭祀*1|净化药水*1|敏捷便鞋*2|铁树枝干*2","qqzb":"速度之靴*1|怨灵系带*1","hxzb":"魔杖*1|动力鞋*1|影刃*1","hqsz":"幻影斧*1|黯灭*1|蝴蝶*1|雷神之锤*1|斯嘉蒂之眼*1|撒旦之邪力*1","ljt":"http://www.dota2.com.cn/images/property/sniper.gif","path":"sniper","zymc":"天辉","zytb":"http://www.dota2.com.cn/images/heropedia/radiant.jpg","yxtp":"http://www.dota2.com.cn/images/others/sniper_big1.jpg","gjlxxj":"1","yxdwxj":"2","llsjsmz":"19","llsjsmhf":"0.03","mjsjhj":"1","mjsjgjsd":"1","zlsjmfz":"13","zlsjmfhf":"0.04","sjgjl":"1","pjsh":"39","gjsd":"121|133|191","gjms":"1.4","gjsh":"36-42","gjjl":"550|550|550","wlhj":"1","wlshkx":"10%","mfshkx":"25%","minitb":"http://www.dota2.com.cn/images/heroes/sniper_icon.png"},{"id":10,"zwm":"幻影长矛手","ywm":"Phantom Lancer","jc":"猴子、阿兹瑞斯","xttx":"http://www.dota2.com.cn/images/heroes/phantom_lancer_full.png","dttx":"http://www.dota2.com.cn/images/heroes/phantom_lancer_vert.jpg","gjlx":"近战","yxlx":"敏捷","yxdw":"核心|逃生|推进","zltb":"http://www.dota2.com.cn/images/info1301/tit_img01.gif","zljc":"21","zlsj":"2.0","mjtb":"http://www.dota2.com.cn/images/info1301/tit_img02.gif","mjjc":"29","mjsj":"2.6","lltb":"http://www.dota2.com.cn/images/info1301/tit_img03.gif","lljc":"21","llsj":"1.7","gjltb":"http://www.dota2.com.cn/images/info1301/tit_img06.gif","csgjl":"22-44","ydsdtb":"http://www.dota2.com.cn/images/info1301/tit_img05.gif","csydsd":"290","hjtb":"http://www.dota2.com.cn/images/info1301/tit_img04.gif","cshj":"4.06","yxbj":"遥远的极地村庄对于王国中心地带肆虐的战火一无所知。对于那里的村民们来说，用长矛刺鱼、一家人聚餐就是生活的全部。但是战争还是到来了。征兵令传来后，出身卑微的长矛手阿兹瑞斯作为一个身体健全的士兵，加入了军队，宣誓给王国带来和平，这样做也是为了给他的村庄带来和平。他和他的族人在对抗恐怖巫师沃恩的最终进攻中被安排为前锋，这使他们付出了几乎全灭的代价。当前锋队一路战斗到敌人的堡垒下时，长矛手的族人已经只剩阿兹瑞斯一个人了，他作为最后一人，成功地潜入了巫师的城堡。族人的死激怒了阿兹瑞斯，他闯过了巫师设置的每一个死亡陷阱，打败了所有巫师召唤的幻象守卫。很快，这个出身低微的渔夫抵达了沃恩的高塔圣所。两人激战了一整晚，长矛和法杖的对决掀起了狂怒的混沌，最终在一声震耳欲聋的嘶吼中，阿兹瑞斯的长矛刺穿了巫师的身体。但是巫师并没有单纯的死去；他爆裂成无数光影的碎片，以巨大的力量穿透了杀死他的阿兹瑞斯。尘埃落定，战斗激起的烟雾散去后，阿兹瑞斯发现他站在一群他的族人之中。每个人都穿的和他一样，每个人都拿着和他一样的武器，而且他能感觉到每个人都和他在进行同样的思考。意识到王国军在接近，阿兹瑞斯希望这些幻影赶快藏起来，于是他们就一个接一个遁入了虚无。士兵们到达塔顶后发现巫师已经被阿兹瑞斯打倒了。当他们靠近这位战士时，长矛手突然消失了。刚才站在他们面前的长矛手只是一个幻影而已。真正的阿兹瑞斯早已逃离了战场，为他的怒火而羞愧，为他失去的同胞而痛心，他坚定了要用今后的战斗为村人带来和平的决心。","dj":"1|15|25","smz":"549|1001|1704","mfz":"273|637|1157","gjl":"51-73|87-109|133-155","hj":"4|9|16","syfw":"1800/800","gjfw":"128","ddsd":"N/A","jdtj1":"http://www.dota2.com.cn/images/property/add/phantom_lancer.jpg","jdms1":"猴子推荐主加灵魂之矛，其它的比较灵活，可以根据个人打法和战场局势灵活处理。不过至少要有1级的神出鬼没，关键时刻用来逃生，而且隐身升级高了之后耗蓝比较少，还是很划得来的。","jdtj2":null,"jdms2":null,"cmzb":"树之祭祀*1|治疗药膏*1|铁树枝干*3|圆盾*1","qqzb":"魔棒*1|速度之靴*1|天鹰之戒*1","hxzb":"魔杖*1|静谧之鞋*1|净魂之刃*1","hqsz":"恐鳌之心*1|幻影斧*1|蝴蝶*1|深渊之刃*1","ljt":"http://www.dota2.com.cn/images/property/phantom_lancer.gif","path":"phantom_lancer","zymc":"天辉","zytb":"http://www.dota2.com.cn/images/heropedia/radiant.jpg","yxtp":"http://www.dota2.com.cn/images/others/phantom_lancer_big1.jpg","gjlxxj":"1","yxdwxj":"2|2|1","llsjsmz":"19","llsjsmhf":"0.03","mjsjhj":"1","mjsjgjsd":"1","zlsjmfz":"13","zlsjmfhf":"0.04","sjgjl":"1","pjsh":"56","gjsd":"123|140|224","gjms":"1.38","gjsh":"51-73","gjjl":"128|128|128","wlhj":"4","wlshkx":"16%","mfshkx":"25%","minitb":"http://www.dota2.com.cn/images/heroes/phantom_lancer_icon.png"},{"id":16,"zwm":"敌法师","ywm":"Anti Mage","jc":"AM、敌法","xttx":"http://www.dota2.com.cn/images/heroes/antimage_full.png","dttx":"http://www.dota2.com.cn/images/heroes/antimage_vert.jpg","gjlx":"近战","yxlx":"敏捷","yxdw":"核心|逃生","zltb":"http://www.dota2.com.cn/images/info1301/tit_img01.gif","zljc":"15","zlsj":"1.8","mjtb":"http://www.dota2.com.cn/images/info1301/tit_img02.gif","mjjc":"22","mjsj":"2.8","lltb":"http://www.dota2.com.cn/images/info1301/tit_img03.gif","lljc":"22","llsj":"1.2","gjltb":"http://www.dota2.com.cn/images/info1301/tit_img06.gif","csgjl":"27-31","ydsdtb":"http://www.dota2.com.cn/images/info1301/tit_img05.gif","csydsd":"315","hjtb":"http://www.dota2.com.cn/images/info1301/tit_img04.gif","cshj":"2.08","yxbj":"当山下的王国被潮水般的侵略者们横扫的时候，星隐寺的僧侣们只是在山上默默的注视着那崎岖的山谷。苦行且务实的他们在偏远高山的寺院里，独自沉浸在远离尘嚣的冥想中，不受任何魔法元素或者神灵的干扰。然而，死亡之神的军队来了，带着摧毁所有信仰，并让当地人转而信奉死亡之神的虚无主义。带着他们千年的战乱和血雨腥风，死亡军团将他们打败的敌人的灵魂和尸骨撕裂，用这种恐怖来摧毁星隐寺的信仰。面对此等攻击，寺院只坚持了不到两个星期，甚至还有一些刚从冥想中醒来的僧侣认为，这些入侵者不过是恶魔用来干扰他们冥想的幻象，于是他们死在了自己的冥想垫上。只有一个人幸免于难，他是来星隐寺寻求智慧，却尚未得到寺院认可的侍僧。他惊恐的看着自己曾经侍奉过的僧侣们被杀，然后又被复活成为死亡之神的祭司。带着星隐寺残存的珍贵教义卷轴，他艰难的到达了一个相对安全的地方，他发誓，不仅要消灭死亡之神的魔法师，更要将“魔法”这个词从世上抹去。","dj":"1|15|25","smz":"530|849|1457","mfz":"195|523|1017","gjl":"49-53|88-92|136-140","hj":"2|8|14","syfw":"1800/800","gjfw":"128","ddsd":"N/A","jdtj1":"http://www.dota2.com.cn/images/property/add/anti_mage.jpg","jdms1":"敌法师是一名敏捷型后期英雄，敌法师的加点向来受人津津乐道，几乎每个职业选手选择对敌法师的加点都不相同，三个技能在特殊的局势下都可以选择优先加满，这一套加点是优先加满闪烁，这样的敌法师机动性很强，关键时刻收割或者逃生保命都有不错的效果。法球和被动的选择依据场上形势来选择。以前敌法师前期是不加大招的，但是如今随着cw比赛节奏越来越快，一些比赛中的敌法师也是第一时间将大招升起来。","jdtj2":null,"jdms2":null,"cmzb":"树之祭祀*1|治疗药膏*1|铁树枝干*3|圆盾*1","qqzb":"速度之靴*1|魔棒*1|治疗指环*1","hxzb":"动力鞋*1|魔杖*1|先锋盾*1|夜叉*1|回城卷轴*1","hqsz":"强袭胸甲*1|远行鞋*1|深渊之刃*1|蝴蝶*1|恐鳌之心*1|弗拉迪米尔的祭品*1","ljt":"http://www.dota2.com.cn/images/property/antimage.gif","path":"anti_mage","zymc":"天辉","zytb":"http://www.dota2.com.cn/images/heropedia/radiant.jpg","yxtp":"http://www.dota2.com.cn/images/others/antimage_big1.jpg","gjlxxj":"1","yxdwxj":"2|3","llsjsmz":"19","llsjsmhf":"0.03","mjsjhj":"1","mjsjgjsd":"1","zlsjmfz":"13","zlsjmfhf":"0.04","sjgjl":"1","pjsh":"51","gjsd":"139|150|206","gjms":"1.19","gjsh":"49-53","gjjl":"128|128|128","wlhj":"2","wlshkx":"11%","mfshkx":"25%","minitb":"http://www.dota2.com.cn/images/heroes/antimage_icon.png"},{"id":98,"zwm":"幽鬼","ywm":"Spectre","jc":"Spe","xttx":"http://www.dota2.com.cn/images/heroes/spectre_full.png","dttx":"http://www.dota2.com.cn/images/heroes/spectre_vert.jpg","gjlx":"近战","yxlx":"敏捷","yxdw":"核心|耐久","zltb":"http://www.dota2.com.cn/images/info1301/tit_img01.gif","zljc":"16","zlsj":"1.9","mjtb":"http://www.dota2.com.cn/images/info1301/tit_img02.gif","mjjc":"23","mjsj":"2.2","lltb":"http://www.dota2.com.cn/images/info1301/tit_img03.gif","lljc":"19","llsj":"2","gjltb":"http://www.dota2.com.cn/images/info1301/tit_img06.gif","csgjl":"23-27","ydsdtb":"http://www.dota2.com.cn/images/info1301/tit_img05.gif","csydsd":"295","hjtb":"http://www.dota2.com.cn/images/info1301/tit_img04.gif","cshj":"3.22","yxbj":"和所有强大的能量都喜欢欺凌弱小一样，被称为墨丘利的幽鬼也是一个拥有着强横能量的存在，同样的，她对现实世界中的冲突和纷争无比着迷。然而她平时的幽鬼形态超越了常人的感知范围，因此每当她以实体形态出现时，她不得不损失一部分自我能量——尽管她也不愿意。在战斗中，她的自我意识逐渐散落并重新聚合，她也开始有了意识。她意识到了自己是幽鬼墨丘利——其他所有的鬼影都只是她自我的阴影。出于重新凝聚的打算，她开始专注，她的心智也在不断的成熟。只有等到她取得胜利或者彻底失败时，她那超物质的形态才会得以重聚。","dj":"1|15|25","smz":"511|1043|1803","mfz":"208|554|1061","gjl":"46-50|77-81|119-123","hj":"3|8|13","syfw":"1800/800","gjfw":"128","ddsd":"N/A","jdtj1":"http://www.dota2.com.cn/images/property/add/spectre.jpg","jdms1":"幽鬼，曾经Dota中的无敌大后期之一，被看作是为数不多的可以后期1V5的英雄。幽鬼是大后期，所以前期线上受到的压力一般不会小，主加幽鬼之刃让幽鬼拥有更强的自保的能力。中后期补满荒芜可以让幽鬼拥有更强的作战能力。有大加大，大招也是幽鬼可以瞬间切入战场的利器。","jdtj2":"","jdms2":"","cmzb":"压制之刃*1|树之祭祀*1|治疗药膏*1|铁树枝干*3","qqzb":"魔棒*1|速度之靴*1|治疗指环*1","hxzb":"魔杖*1|动力鞋*1|先锋盾*1|净魂之刃*1","hqsz":"辉耀*1|幻影斧*1|代达罗斯之殇*1|蝴蝶*1|恐鳌之心*1|散夜对剑*1","ljt":"http://www.dota2.com.cn/images/property/spectre.gif","path":"spectre","zymc":"夜魇","zytb":"http://www.dota2.com.cn/images/heropedia/dire.jpg","yxtp":"http://www.dota2.com.cn/images/others/spectre_big1.jpg","gjlxxj":"1","yxdwxj":"3|1","llsjsmz":"19","llsjsmhf":"0.03","mjsjhj":"1","mjsjgjsd":"1","zlsjmfz":"13","zlsjmfhf":"0.04","sjgjl":"1","pjsh":"48","gjsd":"123|132|176","gjms":"1.38","gjsh":"46-50","gjjl":"128|128|128","wlhj":"3","wlshkx":"16%","mfshkx":"25%","minitb":"http://www.dota2.com.cn/images/heroes/spectre_icon.png"}],"videoList":[{"id":64,"spdz":"http://dota2.dl.wanmei.com/dota2/patch/morphling_basic.flv","zwm":"变体精灵","splx":"新手教学","createtime":null,"img":"http://www.dota2.com.cn/apps/dota2/images/video/raider/morphling_basic.jpg","bfsc":"2:13","gxsj":"2013-10-30","spbb":"6.79","spdzm":"http://dota2.dl.wanmei.com/dota2/video/morphling_basic.mp4"}],"recommendList":[{"id":50,"gldz":"http://www.dota2.com.cn/raiders/newer/20131101/152793.shtml","tm":"dota2变体精灵大型攻略谁才是当今第一C","sj":"2013-11-1","zwm":"变体精灵","tp":"http://dota2.wanmei.com/resources/jpg/140212/10251392172893636.jpg","js":"变体精灵已经成了当今DOTA2当之无愧的最稳C，集合生存带线输出于一身的超级后期。"},{"id":49,"gldz":"http://www.dota2.com.cn/raiders/step/20131028/152349.shtml","tm":"变体精灵大型水友攻略海洋潮汐元素之力","sj":"2013-10-28","zwm":"变体精灵","tp":"http://dota2.wanmei.com/resources/jpg/140212/10251392172820072.jpg","js":"Mor在当今路人局中并不强势，如果没有好的体系配合，很难打出这个英雄本身的优势。"}],"adapt_bkz_list":[{"id":23,"zwm":"暗夜魔王","ywm":"Night Stalker","jc":"夜魔","xttx":"http://www.dota2.com.cn/images/heroes/night_stalker_full.png","dttx":"http://www.dota2.com.cn/images/heroes/night_stalker_vert.jpg","gjlx":"近战","yxlx":"力量","yxdw":"耐久|先手","zltb":"http://www.dota2.com.cn/images/info1301/tit_img01.gif","zljc":"16","zlsj":"1.60","mjtb":"http://www.dota2.com.cn/images/info1301/tit_img02.gif","mjjc":"18","mjsj":"2.25","lltb":"http://www.dota2.com.cn/images/info1301/tit_img03.gif","lljc":"23","llsj":"2.80","gjltb":"http://www.dota2.com.cn/images/info1301/tit_img06.gif","csgjl":"38-42","ydsdtb":"http://www.dota2.com.cn/images/info1301/tit_img05.gif","csydsd":"295","hjtb":"http://www.dota2.com.cn/images/info1301/tit_img04.gif","cshj":"5.52","yxbj":"暗夜魔王巴拉那的过去无人知晓，流传的只有一些道听途说的野史轶闻。在每一个种族，每一个文明中，都流传着一段古老的传说：在被称为永夜的那段时间，黑夜笼罩，大地被一群黑暗生物——暗夜魔王那样的黑暗生物所统治的传说。据说，在日出之日的黎明，所有的夜行生物都灭亡了。所有的，除了他。他是邪恶的化身，他对自己的凶残十分满意，他是所有黑暗恐惧的源头，他是夜魔，他是吓唬小孩子故事里面永恒的幽灵。而他自己最满意的角色并不是那些传说中虚构的种种。他的确喜欢猎杀那些粗心大意的，毫无防备的，胆敢不顾他们朋友劝告而去阳光无法照耀到的路上行走的冒失鬼。暗夜魔王的存在，就是为了告诉世界，你们的噩梦...都是真的。","dj":"1|15|25","smz":"587|1332|2244","mfz":"208|499|967","gjl":"61-65|100-104|148-152","hj":"6|10|16","syfw":"1200/1800","gjfw":"128","ddsd":"N/A","jdtj1":"http://www.dota2.com.cn/images/property/add/night_stalker.jpg","jdms1":"夜魔的加点一般没有非主流的加法，偶尔会依据场上形势的不同而选择加满沉默的时间。有很多玩家喜欢前期不升级伤残恐惧，这里建议前期加1级，无论对于gank，还是小范围团战都有不错的效果。当然夜晚是暗夜魔王发挥自己能力的时刻，如果此时还一味的打钱farm实在是有点对不起队友。","jdtj2":null,"jdms2":null,"cmzb":"力量手套*2|铁树枝干*1|净化药水*1|治疗药膏*1|树之祭祀*1","qqzb":"魔棒*1|速度之靴*1|影之灵龛*1","hxzb":"魔杖*1|相位鞋*1|先锋盾*1","hqsz":"恐鳌之心*1|强袭胸甲*1|黑皇杖*1|阿哈利姆神杖*1|莫尔迪基安的臂章*1|天堂之戟*1","ljt":"http://www.dota2.com.cn/images/property/night_stalker.gif","path":"night_stalker","zymc":"夜魇","zytb":"http://www.dota2.com.cn/images/heropedia/dire.jpg","yxtp":"http://www.dota2.com.cn/images/others/night_stalker_big1.jpg","gjlxxj":"1","yxdwxj":"2|1","llsjsmz":"19","llsjsmhf":"0.03","mjsjhj":"1","mjsjgjsd":"1","zlsjmfz":"13","zlsjmfhf":"0.04","sjgjl":"1","pjsh":"59","gjsd":"118|127|172","gjms":"1.44","gjsh":"57-61","gjjl":"128|128|128","wlhj":"5","wlshkx":"24%","mfshkx":"25%","minitb":"http://www.dota2.com.cn/images/heroes/night_stalker_icon.png"},{"id":92,"zwm":"熊战士","ywm":"Ursa","jc":"拍拍熊","xttx":"http://www.dota2.com.cn/images/heroes/ursa_full.png","dttx":"http://www.dota2.com.cn/images/heroes/ursa_vert.jpg","gjlx":"近战","yxlx":"敏捷","yxdw":"核心|打野|耐久","zltb":"http://www.dota2.com.cn/images/info1301/tit_img01.gif","zljc":"16","zlsj":"1.5","mjtb":"http://www.dota2.com.cn/images/info1301/tit_img02.gif","mjjc":"18","mjsj":"2.1","lltb":"http://www.dota2.com.cn/images/info1301/tit_img03.gif","lljc":"23","llsj":"2.7","gjltb":"http://www.dota2.com.cn/images/info1301/tit_img06.gif","csgjl":"27-31","ydsdtb":"http://www.dota2.com.cn/images/info1301/tit_img05.gif","csydsd":"310","hjtb":"http://www.dota2.com.cn/images/info1301/tit_img04.gif","cshj":"5.52","yxbj":"战士乌尔萨是熊怪部落最强大的一员，保护着他的家园和人民。在漫长的冬季，当女性族人在睡觉和照料后代时，男性则外出巡逻，他们不知疲倦、保持警惕，按自古以来的传统守卫着部落。乌尔萨听见一些模糊但在增加的传言说有一股邪恶势力正在扩散，他便跑出了这个野性部族的边界线，希望追踪到这个邪恶势力并在它能危害到他的人民之前，就将其在源头摧毁。自豪的乌尔萨有着光明且强大的灵魂，他是个绝对值得信任的忠实战友和守卫者。","dj":"1|15|25","smz":"587|1305|2198","mfz":"208|481|936","gjl":"45-49|74-78|115-119","hj":"6|10|15","syfw":"1800/800","gjfw":"128","ddsd":"N/A","jdtj1":"http://www.dota2.com.cn/images/property/add/ursa.jpg","jdms1":"熊战士真没有什么非主流加点，前期唯一的加点出入可能就是在学震撼大地的等级上，有人喜欢后面补，有人喜欢前期学。主要还是根据个人习惯，以及阵容搭配，在控制多的情况下，熊战士可以晚点学习震撼大地。","jdtj2":null,"jdms2":null,"cmzb":"树之祭祀*2|治疗药膏*1|铁树枝干*1|圆盾*1","qqzb":"速度之靴*1|魔棒*1|王者之戒*1","hxzb":"相位鞋*1|魔杖*1|弗拉迪米尔的祭品*1|闪烁匕首*1","hqsz":"蝴蝶*1|黯灭*1|强袭胸甲*1|金箍棒*1|代达罗斯之殇*1|恐鳌之心*1","ljt":"http://www.dota2.com.cn/images/property/ursa.gif","path":"ursa","zymc":"天辉","zytb":"http://www.dota2.com.cn/images/heropedia/radiant.jpg","yxtp":"http://www.dota2.com.cn/images/others/ursa_big1.jpg","gjlxxj":"1","yxdwxj":"2|2|1","llsjsmz":"19","llsjsmhf":"0.03","mjsjhj":"1","mjsjgjsd":"1","zlsjmfz":"13","zlsjmfhf":"0.04","sjgjl":"1","pjsh":"47","gjsd":"118|126|168","gjms":"1.44","gjsh":"45-49","gjjl":"128|128|128","wlhj":"5","wlshkx":"24%","mfshkx":"25%","minitb":"http://www.dota2.com.cn/images/heroes/ursa_icon.png"},{"id":100,"zwm":"宙斯","ywm":"Zeus","jc":"神王","xttx":"http://www.dota2.com.cn/images/heroes/zuus_full.png","dttx":"http://www.dota2.com.cn/images/heroes/zuus_vert.jpg","gjlx":"远程","yxlx":"智力","yxdw":"爆发|辅助","zltb":"http://www.dota2.com.cn/images/info1301/tit_img01.gif","zljc":"22","zlsj":"2.6","mjtb":"http://www.dota2.com.cn/images/info1301/tit_img02.gif","mjjc":"17","mjsj":"1.4","lltb":"http://www.dota2.com.cn/images/info1301/tit_img03.gif","lljc":"17","llsj":"1.4","gjltb":"http://www.dota2.com.cn/images/info1301/tit_img06.gif","csgjl":"22-34","ydsdtb":"http://www.dota2.com.cn/images/info1301/tit_img05.gif","csydsd":"295","hjtb":"http://www.dota2.com.cn/images/info1301/tit_img04.gif","cshj":"1.38","yxbj":"天界之王，众神之父，宙斯在对待英雄一向视如己出。然而在无数次与凡人女性幽会时当场被抓后，宙斯的妻子给他下了最后通牒：“既然你这么喜欢凡人，就去当凡人吧。如果你能证明的忠诚，就回来做我永生的丈夫。否则的话，就去和你的创造物死在一起吧。”宙斯无奈的发现她的逻辑（和她的魔法）无懈可击，只好照她说的去做。从那以后宙斯洗心革面，在凡人面前不再多情，将爱留给他永生的女神。但为了证明他配得上他那永恒的爱人，他还必须在战场上继续追寻胜利。","dj":"1|15|25","smz":"511|1123|1940","mfz":"260|751|1362","gjl":"41-49|79-87|126-134","hj":"2|4|8","syfw":"1800/800","gjfw":"350","ddsd":"1100","jdtj1":"http://www.dota2.com.cn/images/property/add/zeus.jpg","jdms1":"天界之王，众神之父，宙斯在对待英雄一向视如己出。然而在无数次与凡人女性幽会时当场被抓后，宙斯的妻子给他下了最后通牒：“既然你这么喜欢凡人，就去当凡人吧。如果你能证明的忠诚，就回来做我永生的丈夫。否则的话，就去和你的创造物死在一起吧。”宙斯无奈的发现她的逻辑（和她的魔法）无懈可击，只好照她说的去做。从那以后宙斯洗心革面，在凡人面前不再多情，将爱留给他永生的女神。但为了证明他配得上他那永恒的爱人，他还必须在战场上继续追寻胜利。","jdtj2":"","jdms2":"","cmzb":"树之祭祀*1|净化药水*2|治疗药膏*1|铁树枝干*2","qqzb":"魔瓶*1|速度之靴*1","hxzb":"奥术鞋*1|纷争面纱*1","hqsz":"阿哈利姆神杖*1|刷新球*1|邪恶镰刀*1|血精石*1|Eul的神圣法杖*1","ljt":"http://www.dota2.com.cn/images/property/zuus.gif","path":"zeus","zymc":"天辉","zytb":"http://www.dota2.com.cn/images/heropedia/radiant.jpg","yxtp":"http://www.dota2.com.cn/images/others/zuus_big1.jpg","gjlxxj":"1","yxdwxj":"","llsjsmz":"19","llsjsmhf":"0.03","mjsjhj":"1","mjsjgjsd":"1","zlsjmfz":"15","zlsjmfhf":"0.04","sjgjl":"1","pjsh":"45","gjsd":"111|116|140","gjms":"1.53","gjsh":"41-49","gjjl":"350|350|350","wlhj":"1","wlshkx":"8%","mfshkx":"25%","minitb":"http://www.dota2.com.cn/images/heroes/zuus_icon.png"},{"id":16,"zwm":"敌法师","ywm":"Anti Mage","jc":"AM、敌法","xttx":"http://www.dota2.com.cn/images/heroes/antimage_full.png","dttx":"http://www.dota2.com.cn/images/heroes/antimage_vert.jpg","gjlx":"近战","yxlx":"敏捷","yxdw":"核心|逃生","zltb":"http://www.dota2.com.cn/images/info1301/tit_img01.gif","zljc":"15","zlsj":"1.8","mjtb":"http://www.dota2.com.cn/images/info1301/tit_img02.gif","mjjc":"22","mjsj":"2.8","lltb":"http://www.dota2.com.cn/images/info1301/tit_img03.gif","lljc":"22","llsj":"1.2","gjltb":"http://www.dota2.com.cn/images/info1301/tit_img06.gif","csgjl":"27-31","ydsdtb":"http://www.dota2.com.cn/images/info1301/tit_img05.gif","csydsd":"315","hjtb":"http://www.dota2.com.cn/images/info1301/tit_img04.gif","cshj":"2.08","yxbj":"当山下的王国被潮水般的侵略者们横扫的时候，星隐寺的僧侣们只是在山上默默的注视着那崎岖的山谷。苦行且务实的他们在偏远高山的寺院里，独自沉浸在远离尘嚣的冥想中，不受任何魔法元素或者神灵的干扰。然而，死亡之神的军队来了，带着摧毁所有信仰，并让当地人转而信奉死亡之神的虚无主义。带着他们千年的战乱和血雨腥风，死亡军团将他们打败的敌人的灵魂和尸骨撕裂，用这种恐怖来摧毁星隐寺的信仰。面对此等攻击，寺院只坚持了不到两个星期，甚至还有一些刚从冥想中醒来的僧侣认为，这些入侵者不过是恶魔用来干扰他们冥想的幻象，于是他们死在了自己的冥想垫上。只有一个人幸免于难，他是来星隐寺寻求智慧，却尚未得到寺院认可的侍僧。他惊恐的看着自己曾经侍奉过的僧侣们被杀，然后又被复活成为死亡之神的祭司。带着星隐寺残存的珍贵教义卷轴，他艰难的到达了一个相对安全的地方，他发誓，不仅要消灭死亡之神的魔法师，更要将“魔法”这个词从世上抹去。","dj":"1|15|25","smz":"530|849|1457","mfz":"195|523|1017","gjl":"49-53|88-92|136-140","hj":"2|8|14","syfw":"1800/800","gjfw":"128","ddsd":"N/A","jdtj1":"http://www.dota2.com.cn/images/property/add/anti_mage.jpg","jdms1":"敌法师是一名敏捷型后期英雄，敌法师的加点向来受人津津乐道，几乎每个职业选手选择对敌法师的加点都不相同，三个技能在特殊的局势下都可以选择优先加满，这一套加点是优先加满闪烁，这样的敌法师机动性很强，关键时刻收割或者逃生保命都有不错的效果。法球和被动的选择依据场上形势来选择。以前敌法师前期是不加大招的，但是如今随着cw比赛节奏越来越快，一些比赛中的敌法师也是第一时间将大招升起来。","jdtj2":null,"jdms2":null,"cmzb":"树之祭祀*1|治疗药膏*1|铁树枝干*3|圆盾*1","qqzb":"速度之靴*1|魔棒*1|治疗指环*1","hxzb":"动力鞋*1|魔杖*1|先锋盾*1|夜叉*1|回城卷轴*1","hqsz":"强袭胸甲*1|远行鞋*1|深渊之刃*1|蝴蝶*1|恐鳌之心*1|弗拉迪米尔的祭品*1","ljt":"http://www.dota2.com.cn/images/property/antimage.gif","path":"anti_mage","zymc":"天辉","zytb":"http://www.dota2.com.cn/images/heropedia/radiant.jpg","yxtp":"http://www.dota2.com.cn/images/others/antimage_big1.jpg","gjlxxj":"1","yxdwxj":"2|3","llsjsmz":"19","llsjsmhf":"0.03","mjsjhj":"1","mjsjgjsd":"1","zlsjmfz":"13","zlsjmfhf":"0.04","sjgjl":"1","pjsh":"51","gjsd":"139|150|206","gjms":"1.19","gjsh":"49-53","gjjl":"128|128|128","wlhj":"2","wlshkx":"11%","mfshkx":"25%","minitb":"http://www.dota2.com.cn/images/heroes/antimage_icon.png"},{"id":53,"zwm":"帕格纳","ywm":"Pugna","jc":"骨法","xttx":"http://www.dota2.com.cn/images/heroes/pugna_full.png","dttx":"http://www.dota2.com.cn/images/heroes/pugna_vert.jpg","gjlx":"远程","yxlx":"智力","yxdw":"爆发|推进|辅助","zltb":"http://www.dota2.com.cn/images/info1301/tit_img01.gif","zljc":"26","zlsj":"4","mjtb":"http://www.dota2.com.cn/images/info1301/tit_img02.gif","mjjc":"16","mjsj":"1","lltb":"http://www.dota2.com.cn/images/info1301/tit_img03.gif","lljc":"17","llsj":"1.2","gjltb":"http://www.dota2.com.cn/images/info1301/tit_img06.gif","csgjl":"19-27","ydsdtb":"http://www.dota2.com.cn/images/info1301/tit_img05.gif","csydsd":"330","hjtb":"http://www.dota2.com.cn/images/info1301/tit_img04.gif","cshj":"1.24","yxbj":"在帕格纳的出生之境，三途川的发源地附近耸立着一座专门研究湮灭术的喇嘛寺，这座寺庙直接从河中汲取冥界的能量。寺庙的上师几年之前将自己湮灭撒手归西，留下一个无人管理的学院。在上师归西的同时，寺庙摄政者们就开始举行一个占卜仪式，来确定他们师傅的转世投胎，最终，所有标记都指向了紧挨他们的邻居。数个村庄坐落在寺庙的影子下，小巷与广场充满了孩童们的笑骂声。帕格纳，一个仅仅13个月大的幼儿，成为了当地的候选者之一，并且在提名日，他与另外两名有前途的幼儿被寺庙选中。喇嘛们给了他们一大杂用过的、属于前任上师的珍贵宝物。一个男孩伸手抓出一根原本属于喇嘛的斑岩手杖……然后把它插到他鼻孔里。一个调皮的女孩拉出一个原本也属于喇嘛的护符，然后立刻吞掉了。帕格纳冷静地注视着另外两人，愉快地笑了一下，接着用一团翠绿的火焰把他们烧成了灰。然后他从灰烬中夺回了手杖和护符，说到：“这些是我的！”摄政者们立刻将喜气洋洋的帕格纳架在肩上，给他套上了上师的法衣，在他心情变化前急忙把他抬上了宝座。五年内，这座庙宇本身成为了另一堆灰烬，让帕格纳愉悦不止。","dj":"1|15|25","smz":"473|792|1400","mfz":"338|1066|1846","gjl":"45-53|101-109|161-169","hj":"1|3|7","syfw":"1800/800","gjfw":"600","ddsd":"900","jdtj1":"http://www.dota2.com.cn/images/property/add/pugna.jpg","jdms1":"湮灭法师的加点路线主要有两种主幽冥爆轰副衰老或者副幽冥守卫，这一套是主衰老的加点，这套加点爆发高，用来打gank，打小范围团战的效果不错。","jdtj2":null,"jdms2":null,"cmzb":"力量手套*1|铁树枝干*2|净化药水*2|树之祭祀*1|治疗药膏*1","qqzb":"魔棒*1|速度之靴*1|护腕*1|王者之戒*1","hxzb":"魔杖*1|相位鞋*1|梅肯斯姆*1","hqsz":"阿哈利姆神杖*1|邪恶镰刀*1|希瓦的守护*1|达贡之神力*1|黑皇杖*1|韧鼓*1","ljt":"http://www.dota2.com.cn/images/property/pugna.gif","path":"pugna","zymc":"夜魇","zytb":"http://www.dota2.com.cn/images/heropedia/dire.jpg","yxtp":"http://www.dota2.com.cn/images/others/pugna_big1.jpg","gjlxxj":"1","yxdwxj":"2|1|1","llsjsmz":"19","llsjsmhf":"0.03","mjsjhj":"1","mjsjgjsd":"1","zlsjmfz":"13","zlsjmfhf":"0.04","sjgjl":"1","pjsh":"49","gjsd":"116|120|140","gjms":"1.47","gjsh":"45-53","gjjl":"600|600|600","wlhj":"1","wlshkx":"6%","mfshkx":"25%","minitb":"http://www.dota2.com.cn/images/heroes/pugna_icon.png"},{"id":84,"zwm":"天怒法师","ywm":"Skywrath Mage","jc":"龙鹰","xttx":"http://www.dota2.com.cn/images/heroes/skywrath_mage_full.png","dttx":"http://www.dota2.com.cn/images/heroes/skywrath_mage_vert.jpg","gjlx":"远程","yxlx":"智力","yxdw":"远程|爆发|辅助","zltb":"http://www.dota2.com.cn/images/info1301/tit_img01.gif","zljc":"27","zlsj":"3.6","mjtb":"http://www.dota2.com.cn/images/info1301/tit_img02.gif","mjjc":"13","mjsj":"0.8","lltb":"http://www.dota2.com.cn/images/info1301/tit_img03.gif","lljc":"19","llsj":"1.5","gjltb":"http://www.dota2.com.cn/images/info1301/tit_img06.gif","csgjl":"12月22日","ydsdtb":"http://www.dota2.com.cn/images/info1301/tit_img05.gif","csydsd":"315","hjtb":"http://www.dota2.com.cn/images/info1301/tit_img04.gif","cshj":"0.52","yxbj":"作为苍白之巢王庭的高阶法师，扎贡纳斯的生活非常困苦。他天生就宣誓保护荆棘王座之主，但是对现在的天怒女皇痛恨得咬牙切齿。身为出身高贵的年轻人，他与荆棘王座的第一继承人，天怒皇族的长公主曾是亲密无间的伙伴。他对她浓烈的爱意至死不渝，不过出于自身的身份，他全身心投入到奥术的学习中，努力去掌握天怒一族的法术。</p><p>由于对奥术的着迷，他没有发现王庭有人密谋背叛仙德尔莎，错失阻止阴谋的机会。在王庭的暴力政变瞬息而过，等他在如山的魔法书前抬起头来，发现他挚爱的老友已经无处寻觅。荆棘王座现在由仙德尔莎心肠歹毒的妹妹霸占，而扎贡纳斯无能为力。天怒法师拥有的魔力只会在他保护天怒皇族时才能掌控，所以奋起反抗荆棘王座只会让他一无是处。他坚守自己的岗位，相信总有一天他的真爱将回到应有的王位上。同时，仙德尔莎残破的肉体经由女神丝奎奥克的魔力成为复仇能量的化身，她也知晓天怒法师的暗恋。</p><p>在他梦想着让深爱的女皇重登苍白之巢时，他更渴望让仙德尔莎重拾健全的肉体形态。天性品行高尚，宅心仁厚的他侍奉王庭时阳奉阴违的举动让自己苦恼不已；但是最要命的是，想象着复仇之魂内心因为立场的对立而对他无比憎恨，他痛彻心扉。","dj":"1|15|25","smz":"511|910|1575","mfz":"351|1006|1734","gjl":"39-49|89-99|145-155","hj":"1|2|6","syfw":"1800/800","gjfw":"600","ddsd":"1000","jdtj1":"http://www.dota2.com.cn/images/property/add/Skywrath_Mage.jpg","jdms1":"这是一套比较常见的加点，通过主秘法箭来提升天怒法师的稳定输出，保持压制力。由于震荡光弹的升级加成有限（仅提升伤害），这里选择前期1级的策略。上古封印可以副加的技能，利用升级延长的沉默时间和增加的魔法伤害加成来提高击杀的成功率。最后，大招神秘之耀是天怒法师重要的爆发技能，显然应该优先保证等级。","jdtj2":null,"jdms2":null,"cmzb":"铁树枝干*3|智力斗篷*1|树之祭祀*1|治疗药膏*1","qqzb":"速度之靴*1|魔棒*1|空灵挂件*1","hxzb":"魔杖*1|奥术鞋*1|精气之球*1","hqsz":"阿哈利姆神杖*1|原力法杖*1|希瓦的守护*1|闪烁匕首*1|邪恶镰刀*1|纷争面纱*1","ljt":"http://www.dota2.com.cn/images/property/skywrath_mage.gif","path":"skywrath_mage","zymc":"天辉","zytb":"http://www.dota2.com.cn/images/heropedia/radiant.jpg","yxtp":"http://www.dota2.com.cn/images/others/skywrath_mage_big1.jpg","gjlxxj":"1","yxdwxj":"3|1","llsjsmz":"19","llsjsmhf":"0.03","mjsjhj":"1","mjsjgjsd":"1","zlsjmfz":"13","zlsjmfhf":"0.04","sjgjl":"1","pjsh":"44","gjsd":"118|121|137","gjms":"1.44","gjsh":"39-49","gjjl":"600|600|600","wlhj":"0","wlshkx":"3%","mfshkx":"25%","minitb":"http://www.dota2.com.cn/images/heroes/skywrath_mage_icon.png"},{"id":82,"zwm":"死亡先知","ywm":"Death Prophet","jc":"DP","xttx":"http://www.dota2.com.cn/images/heroes/death_prophet_full.png","dttx":"http://www.dota2.com.cn/images/heroes/death_prophet_vert.jpg","gjlx":"远程","yxlx":"智力","yxdw":"推进|爆发|耐久","zltb":"http://www.dota2.com.cn/images/info1301/tit_img01.gif","zljc":"20","zlsj":"3","mjtb":"http://www.dota2.com.cn/images/info1301/tit_img02.gif","mjjc":"14","mjsj":"1.4","lltb":"http://www.dota2.com.cn/images/info1301/tit_img03.gif","lljc":"19","llsj":"1.9","gjltb":"http://www.dota2.com.cn/images/info1301/tit_img06.gif","csgjl":"24-36","ydsdtb":"http://www.dota2.com.cn/images/info1301/tit_img05.gif","csydsd":"280","hjtb":"http://www.dota2.com.cn/images/info1301/tit_img04.gif","cshj":"2.96","yxbj":"克萝贝露丝曾是一名死亡先知——她为那些希望透过迷雾看清未来的人预知死后的命运，当然只为其中的有钱人做预言。在多年为他人探寻命运后，她开始寻找自己命运的线索。当死亡拒绝向她透露它的秘密后，她便尝试用自己的生命来换取死亡的真相。但即使是这终极的代价也没有用。死亡一次又一次拒绝了她，将最深的秘密隐藏了起来。嫉妒开始在她心里滋长。其他人能够通过死亡来获得永恒——凭什么她不能？凭什么只有她必须不厌其烦的在生与死之间徘徊？凭什么她无法拥有其他所有生物都必有的一死？即使是这样，她也不会气馁。每次从坟墓中返回人间时，她都带回一点死亡气息。鬼魂像她破碎灵魂的碎片般跟着她；她的血液颜色日益稀薄并且散发出灵气；那些在幽暗之处肆意掠食的生物与她愈发亲密。每一次死亡，她都失去一点生命，似乎已经能够看到她的终结之日了。随着她对死亡的加倍追求，她不再为其他客人做预言，专心于自己的命运，克萝贝露丝更狂热地将自己投向死亡的深渊，决心要完成那一直在回避她的预言：某一天，死亡先知将不再从死亡中归来。","dj":"1|15|25","smz":"511|1096|1894","mfz":"260|806|1456","gjl":"44-56|86-98|136-148","hj":"3|6|10","syfw":"1800/800","gjfw":"600","ddsd":"1000","jdtj1":"http://www.dota2.com.cn/images/property/add/death_prophet.jpg","jdms1":"死亡先知的加点路线不多，前期毫无疑问是主蜂群，副被动，被动可以减少技能cd时间以及耗蓝量，性价比还是非常高的。如果对方强力技能英雄太多，或者是面对一些有逃生技能的英雄，可以优先加一点沉默。","jdtj2":null,"jdms2":null,"cmzb":"树之祭祀*1|治疗药膏*1|净化药水*2|铁树枝干*2|智力斗篷*1","qqzb":"速度之靴*1|魔棒*1|空灵挂件*1","hxzb":"相位鞋*1|魔杖*1|血精石*1","hqsz":"希瓦的守护*1|邪恶镰刀*1|恐鳌之心*1|黑皇杖*1|梅肯斯姆*1|洞察烟斗*1","ljt":"http://www.dota2.com.cn/images/property/death_prophet.gif","path":"death_prophet","zymc":"夜魇","zytb":"http://www.dota2.com.cn/images/heropedia/dire.jpg","yxtp":"http://www.dota2.com.cn/images/others/death_prophet_big1.jpg","gjlxxj":"1","yxdwxj":"2|1|1","llsjsmz":"19","llsjsmhf":"0.03","mjsjhj":"1","mjsjgjsd":"1","zlsjmfz":"13","zlsjmfhf":"0.04","sjgjl":"1","pjsh":"50","gjsd":"114|120|148","gjms":"1.49","gjsh":"44-56","gjjl":"600|600|600","wlhj":"2","wlshkx":"15%","mfshkx":"25%","minitb":"http://www.dota2.com.cn/images/heroes/death_prophet_icon.png"},{"id":47,"zwm":"力丸","ywm":"Riki","jc":"隐刺","xttx":"http://www.dota2.com.cn/images/heroes/riki_full.png","dttx":"http://www.dota2.com.cn/images/heroes/riki_vert.jpg","gjlx":"近战","yxlx":"敏捷","yxdw":"核心|逃生","zltb":"http://www.dota2.com.cn/images/info1301/tit_img01.gif","zljc":"14","zlsj":"1.3","mjtb":"http://www.dota2.com.cn/images/info1301/tit_img02.gif","mjjc":"34","mjsj":"2.9","lltb":"http://www.dota2.com.cn/images/info1301/tit_img03.gif","lljc":"17","llsj":"2","gjltb":"http://www.dota2.com.cn/images/info1301/tit_img06.gif","csgjl":"14-18","ydsdtb":"http://www.dota2.com.cn/images/info1301/tit_img05.gif","csydsd":"300","hjtb":"http://www.dota2.com.cn/images/info1301/tit_img04.gif","cshj":"5.76","yxbj":"力丸是伟大的塔林王朝的二皇子。他有一个将会继承王位的兄长，还有一个受到百般照顾的弟弟，而作为二子的力丸，则似乎生来就是隐形人。他自己很注意培养这一项特殊才能，在一个晚上，国家被叛徒所颠覆，他的家人被屠杀，只有力丸因为隐身技能活了下来。矮小而敏捷的力丸用烟雾做掩护，无比谨慎的逃离了，他也是唯一逃脱的皇族。善于突袭的他杀出了皇家庭院，无声地切开一个又一个敌人的喉咙。不再背负皇室治国之责以后，力丸开始运用他的天赋以谋生，他成为了一名隐形刺客。现在他于无声中将敌人杀死，不断精进自己的技术，期望有一天可以能够手刃那些杀死他家人，夺走他国家的叛徒。","dj":"1|15|25","smz":"473|1005|1765","mfz":"182|419|848","gjl":"48-52|89-93|138-142","hj":"6|11|18","syfw":"1800/800","gjfw":"128","ddsd":"N/A","jdtj1":"http://www.dota2.com.cn/images/property/add/riki.jpg","jdms1":"隐形刺客的加点比较灵活，1级可以点闪烁也可以点雾，雾有沉默效果关键时刻可以用来保命。背刺前期可以只点1级也可以主升，主要依据形势而定。闪烁是优先加满的技能，做为一名刺客，这还是必须拥有的看家本领。至于大招的升级，其实可以在其他技能点满之后再升级2、3级大招。如果处于劣势可以优先考虑，毕竟缩短进入隐身的时间还是很有用的。","jdtj2":"","jdms2":"","cmzb":"树之祭祀*2|治疗药膏*1|敏捷便鞋*1|铁树枝干*3","qqzb":"魔棒*1|速度之靴*1|穷鬼盾*1","hxzb":"动力鞋*1|魔杖*1|净魂之刃*1","hqsz":"蝴蝶*1|弗拉迪米尔的祭品*1|黑皇杖*1|强袭胸甲*1|散夜对剑*1","ljt":"http://www.dota2.com.cn/images/property/riki.gif","path":"riki","zymc":"天辉","zytb":"http://www.dota2.com.cn/images/heropedia/radiant.jpg","yxtp":"http://www.dota2.com.cn/images/others/riki_big1.jpg","gjlxxj":"1","yxdwxj":"2|1","llsjsmz":"19","llsjsmhf":"0.03","mjsjhj":"1","mjsjgjsd":"1","zlsjmfz":"13","zlsjmfhf":"0.04","sjgjl":"1","pjsh":"50","gjsd":"134|146|204","gjms":"1.27","gjsh":"48-52","gjjl":"128|128|128","wlhj":"5","wlshkx":"25%","mfshkx":"25%","minitb":"http://www.dota2.com.cn/images/heroes/riki_icon.png"}],"honorList":[{"id":32,"zwm":"变体精灵","msg":"理论上能拥有最高敏捷的英雄。（属性转换）","createtime":null}],"adapt_zd_list":[{"id":75,"zwm":"术士","ywm":"Warlock","jc":"Warlock","xttx":"http://www.dota2.com.cn/images/heroes/warlock_full.png","dttx":"http://www.dota2.com.cn/images/heroes/warlock_vert.jpg","gjlx":"远程","yxlx":"智力","yxdw":"先手|辅助|对线辅助|控制","zltb":"http://www.dota2.com.cn/images/info1301/tit_img01.gif","zljc":"24","zlsj":"2.7","mjtb":"http://www.dota2.com.cn/images/info1301/tit_img02.gif","mjjc":"10","mjsj":"1","lltb":"http://www.dota2.com.cn/images/info1301/tit_img03.gif","lljc":"18","llsj":"2.5","gjltb":"http://www.dota2.com.cn/images/info1301/tit_img06.gif","csgjl":"22-32","ydsdtb":"http://www.dota2.com.cn/images/info1301/tit_img05.gif","csydsd":"295","hjtb":"http://www.dota2.com.cn/images/info1301/tit_img04.gif","cshj":"2.4","yxbj":"作为秘湮学院禁断圣所的首席馆长和馆藏物主管，戴蒙·拉尼克不知疲倦地追求着那些罕见的失落的禁忌卷轴。无论被诅咒的寺庙有多禁忌，无论隐藏洞穴的路途有多危险，只要有谣传说那里藏着传说学识的原典，他就会不顾自己的安危进入这些危险的场所。然而，他经常在调查中惹怒各种守护者，这使他感到有必要掌握魔法。他将追寻古物时的执念用在了逼迫自己学习魔法上，最终他比大多数学徒都要快地完成了整个学业，在最短时间内成为了学院最强大的术士。后来他用恐惧之木雕刻了一根法杖，并在其中注入了一个他从异界之狱俘获的灵魂。因为期待着有一天能够复原所有的失落魔法书，他开始撰写自己的黑暗魔典。毫无疑问，这对他的黑暗魔法来说，意义非凡。","dj":"1|15|25","smz":"492|1157|2012","mfz":"312|803|1414","gjl":"46-56|84-94|131-141","hj":"2|4|9","syfw":"1800/800","gjfw":"600","ddsd":"1200","jdtj1":"http://www.dota2.com.cn/images/property/add/warlock.jpg","jdms1":"著名的黄点流打法，这种加点术士线上保人能力强，并且皮糙肉厚，打辅助的术士加点路线，中期开始补剧变，在对面近战多，控制少的时候能起到不错的效果。","jdtj2":"","jdms2":"","cmzb":"动物信使*1|守护指环*1|净化药水*1|铁树枝干*1|治疗药膏*1","qqzb":"魔棒*1|速度之靴*1|护腕*1|王者之戒*1","hxzb":"魔杖*1|奥术鞋*1|梅肯斯姆*1|侦查守卫*1","hqsz":"邪恶镰刀*1|希瓦的守护*1|阿哈利姆神杖*1|刷新球*1|死灵书*1|韧鼓*1","ljt":"http://www.dota2.com.cn/images/property/warlock.gif","path":"warlock","zymc":"夜魇","zytb":"http://www.dota2.com.cn/images/heropedia/dire.jpg","yxtp":"http://www.dota2.com.cn/images/others/warlock_big1.jpg","gjlxxj":"1","yxdwxj":"2|2|2|1","llsjsmz":"19","llsjsmhf":"0.03","mjsjhj":"1","mjsjgjsd":"1","zlsjmfz":"13","zlsjmfhf":"0.04","sjgjl":"1","pjsh":"51","gjsd":"110|114|134","gjms":"1.55","gjsh":"46-56","gjjl":"600|600|600","wlhj":"2","wlshkx":"12%","mfshkx":"25%","minitb":"http://www.dota2.com.cn/images/heroes/warlock_icon.png"},{"id":5,"zwm":"光之守卫","ywm":"Keeper of the Light","jc":"光法、伊扎洛","xttx":"http://www.dota2.com.cn/images/heroes/keeper_of_the_light_full.png","dttx":"http://www.dota2.com.cn/images/heroes/keeper_of_the_light_vert.jpg","gjlx":"远程","yxlx":"智力","yxdw":"爆发|辅助|对线辅助","zltb":"http://www.dota2.com.cn/images/info1301/tit_img01.gif","zljc":"22","zlsj":"2.8","mjtb":"http://www.dota2.com.cn/images/info1301/tit_img02.gif","mjjc":"15","mjsj":"1.6","lltb":"http://www.dota2.com.cn/images/info1301/tit_img03.gif","lljc":"14","llsj":"1.8","gjltb":"http://www.dota2.com.cn/images/info1301/tit_img06.gif","csgjl":"18-32","ydsdtb":"http://www.dota2.com.cn/images/info1301/tit_img05.gif","csydsd":"315","hjtb":"http://www.dota2.com.cn/images/info1301/tit_img04.gif","cshj":"1.1","yxbj":"他座下是一骑白马，他是无尽千阳之辉，他就是光之守卫。早在许久以前，伊扎洛就挣脱了将他束缚在浩浩原初谐律之内的其他远古力量，从而由原始位面逃离，在宇宙的黎明，本是无形力量的他萌生了知觉。如今他高举承载着光之力量的辉光之杖，同时奔走在所有的位面，将追寻着他的混沌抛在身后。乍一看去，他似乎是一个在马上都坐不稳的衰朽老头，然而掩藏在这副外表下的却是他高贵的真身。只有在面对混沌或黑暗军团的挑战时，他的全部力量才会显现出来。原初之光从体内迸射而出的一刻，他也将再次化身为璀璨的力量之芒。","dj":"1|15|25","smz":"454|895|1617","mfz":"286|796|1420","gjl":"40-54|79-93|127-141","hj":"1|4|9","syfw":"1800/800","gjfw":"600","ddsd":"900","jdtj1":"http://www.dota2.com.cn/images/property/add/keeper_of_the_light.jpg","jdms1":"光之守卫在Dota2中也是有着一定出场率的英雄。无论是推进流还是防推进，光法都是一把好手。这套加点的进攻性更佳，1、2对点使光法在线上有很强的压制能力。本打法适用于路人局，在一些高端局中可以优先将法力流失升级起来，克制一些缺蓝的力量英雄有着不错的效果。","jdtj2":null,"jdms2":null,"cmzb":"树之祭祀*1|治疗药膏*1|力量手套*1|铁树枝干*1|动物信使*1","qqzb":"速度之靴*1|魔棒*1|护腕*1","hxzb":"静谧之鞋*1|魔杖*1|梅肯斯姆*1|侦查守卫*1|回城卷轴*1","hqsz":"阿哈利姆神杖*1|远行鞋*1|希瓦的守护*1|阿托斯之棍*1|邪恶镰刀*1|洞察烟斗*1|EUL的神圣法杖*1|原力法杖*1|死灵书*1|纷争面纱*1","ljt":"http://www.dota2.com.cn/images/property/keeper_of_the_light.gif","path":"keeper_of_the_light","zymc":"天辉","zytb":"http://www.dota2.com.cn/images/heropedia/radiant.jpg","yxtp":"http://www.dota2.com.cn/images/others/keeper_of_the_light_big1.jpg","gjlxxj":"1","yxdwxj":"2|2|2","llsjsmz":"19","llsjsmhf":"0.03","mjsjhj":"1","mjsjgjsd":"1","zlsjmfz":"13","zlsjmfhf":"0.04","sjgjl":"1","pjsh":"47","gjsd":"115|121|153","gjms":"1.48","gjsh":"40-54","gjjl":"600|600|600","wlhj":"1","wlshkx":"6%","mfshkx":"25%","minitb":"http://www.dota2.com.cn/images/heroes/keeper_of_the_light_icon.png"}],"hqszList":[{"goods":{"id":100,"bigtype":"升级物品","type":"防具","wpmc":"幻影斧","wppz":"4","wptp":"http://www.dota2.com.cn/images/items/manta_lg.png","jgtb":"http://www.dota2.com.cn/images/info1301/tit_img07.gif","jg":"4950","wpjs":"用反光材料制成的斧头，能够混淆敌军。","wpzyms":"近战英雄的幻象造成33%伤害，受到250%额外伤害。远程英雄的幻象造成28%伤害，受到300%额外伤害。<br/>多件物品提供的基于百分比的移动速度加成不叠加。","wpsyff":"主动：镜像-制造2个你的幻象，持续20秒。","wpxg":"+ <span class=\"color_yellow\">10</span> 力量<br/>+ <span class=\"color_yellow\">26</span> 敏捷<br/>+ <span class=\"color_yellow\">10</span> 智力<br/>+ <span class=\"color_yellow\">15</span> 攻击速度<br/>+ <span class=\"color_yellow\">10%</span> 移动速度","lqsjtb":"http://www.dota2.com.cn/images/info1301/ico2.gif","lqsj":"45/30","mfxhtb":"http://www.dota2.com.cn/images/info1301/ico1.gif","mfxh":"125","qzwptb":null,"wpzyms2":"有0.1秒的施法时间，期间处于无敌状态。<br>可以使用幻影斧移除多种负面效果。","item_en":"manta"},"count":1},{"goods":{"id":102,"bigtype":"升级物品","type":"防具","wpmc":"林肯法球","wppz":"4","wptp":"http://www.dota2.com.cn/images/items/sphere_lg.png","jgtb":"http://www.dota2.com.cn/images/info1301/tit_img07.gif","jg":"5175","wpjs":"这个有魔力的球体曾经保护了一位历史上最有名的英雄。","wpzyms":"","wpsyff":"法术抵抗-每17秒被动抵挡一次大部分指向性法术。可以对友方单位使用，将抵挡状态暂时转移。","wpxg":"+ <span class=\"color_yellow\">15</span> 所有属性<br/>+ <span class=\"color_yellow\">6</span> 生命恢复速率<br/>+ <span class=\"color_yellow\">150%</span> 魔法恢复<br/>+ <span class=\"color_yellow\">10</span> 攻击力","lqsjtb":"http://www.dota2.com.cn/images/info1301/ico2.gif","lqsj":"17","mfxhtb":"","mfxh":"","qzwptb":"","wpzyms2":"","item_en":"sphere"},"count":1},{"goods":{"id":87,"bigtype":"升级物品","type":"武器","wpmc":"虚灵之刃","wppz":"4","wptp":"http://www.dota2.com.cn/images/items/ethereal_blade_lg.png","jgtb":"http://www.dota2.com.cn/images/info1301/tit_img07.gif","jg":"4900","wpjs":"一把忽隐忽现的阴森刀刃，可以在物理和魔法两个位面造成伤害。","wpzyms":"","wpsyff":"主动：虚化冲击-同时将你和你的目标转变为虚无状态。目标单位被减速，无法攻击或被攻击，并额外受到2.0x[你的主属性]+75点伤害。","wpxg":"+ <span class=\"color_yellow\">40</span> 敏捷<br/>+ <span class=\"color_yellow\">10</span> 力量<br/>+ <span class=\"color_yellow\">10</span> 智力<br/>对敌持续时间：<span class=\"color_yellow\">3</span><br/>队友/自身持续时间：<span class=\"color_yellow\">4</span>","lqsjtb":"http://www.dota2.com.cn/images/info1301/ico2.gif","lqsj":"20","mfxhtb":"http://www.dota2.com.cn/images/info1301/ico1.gif","mfxh":"150","qzwptb":null,"wpzyms2":"与幽魂权杖共享冷却时间。<br>虚无状态下的单位将额外收到40%的魔法伤害。<br>自身或友方单位身上的效果额外增加一秒。","item_en":"ethereal_blade"},"count":1},{"goods":{"id":91,"bigtype":"升级物品","type":"武器","wpmc":"蝴蝶","wppz":"4","wptp":"http://www.dota2.com.cn/images/items/butterfly_lg.png","jgtb":"http://www.dota2.com.cn/images/info1301/tit_img07.gif","jg":"5875","wpjs":"只有最强大最老练的战士才能携带蝴蝶，但它也提供无可比拟的战斗灵活力作为回报。","wpzyms":"","wpsyff":"","wpxg":"+ <span class=\"color_yellow\">30</span> 敏捷<br/>+ <span class=\"color_yellow\">30</span> 攻击力<br/>+ <span class=\"color_yellow\">35%</span> 闪避概率<br/>+ <span class=\"color_yellow\">30</span> 攻击速度","lqsjtb":"","lqsj":"","mfxhtb":"","mfxh":"","qzwptb":null,"wpzyms2":"能与其他闪避效果叠加。","item_en":"butterfly"},"count":1},{"goods":{"id":115,"bigtype":"升级物品","type":"圣物","wpmc":"斯嘉蒂之眼","wppz":"5","wptp":"http://www.dota2.com.cn/images/items/skadi_lg.png","jgtb":"http://www.dota2.com.cn/images/info1301/tit_img07.gif","jg":"5675","wpjs":"极度罕见的古物，由苍空之龙看管。","wpzyms":"斯嘉蒂之眼是攻击特效，不与其它攻击特效叠加。远程英雄装备时，斯嘉蒂之眼可以和吸血的攻击特效叠加。","wpsyff":"被动:霜冻攻击-攻击附带使敌人移动速度和攻击速度降低的霜冻效果。","wpxg":"+ <span class=\"color_yellow\">25</span> 所有属性<br/>+ <span class=\"color_yellow\">250</span> 生命值<br/>+ <span class=\"color_yellow\">250</span> 魔法值<br/>移动速度减缓：<span class=\"color_yellow\">35%</span><br/>攻击速度降低：<span class=\"color_yellow\">35%</span>","lqsjtb":"","lqsj":"","mfxhtb":"","mfxh":"","qzwptb":"","wpzyms2":"近战单位的霜冻攻击效果持续5秒，远程单位的持续3秒。","item_en":"skadi"},"count":1},{"goods":{"id":116,"bigtype":"升级物品","type":"圣物","wpmc":"撒旦之邪力","wppz":"5","wptp":"http://www.dota2.com.cn/images/items/satanic_lg.png","jgtb":"http://www.dota2.com.cn/images/info1301/tit_img07.gif","jg":"6150","wpjs":"以你灵魂为代价换取巨大的力量。","wpzyms":"撒旦之邪力是攻击特效，不与其它攻击特效叠加。","wpsyff":"主动：不洁狂热-增加175%的吸血，持续3.5秒。<br>被动：吸血-攻击带有吸血效果。","wpxg":"+ <span class=\"color_yellow\">20</span> 攻击力<br/>+ <span class=\"color_yellow\">25</span> 力量<br/>+ <span class=\"color_yellow\">5</span> 护甲<br/>吸血百分比：<span class=\"color_yellow\">25%</span>","lqsjtb":"http://www.dota2.com.cn/images/info1301/ico2.gif","lqsj":"35","mfxhtb":"","mfxh":"","qzwptb":"","wpzyms2":"","item_en":"satanic"},"count":1}],"hxzbList":[{"goods":{"id":55,"bigtype":"升级物品","type":"普通","wpmc":"动力鞋","wppz":"2","wptp":"http://www.dota2.com.cn/images/items/power_treads_lg.png","jgtb":"http://www.dota2.com.cn/images/info1301/tit_img07.gif","jg":"1400","wpjs":"一双厚实的皮靴，能根据穿着者的需求切换属性。","wpzyms":"移动速度加成效果不与其他鞋类物品叠加。","wpsyff":"主动：属性切换-将附加属性在力量，敏捷以及智力三者间切换。","wpxg":"+ <span class=\"color_yellow\">50</span> 移动速度<br/>+ <span class=\"color_yellow\">8</span> 所选属性<br/>+ <span class=\"color_yellow\">25</span> 攻击速度","lqsjtb":"","lqsj":"","mfxhtb":"","mfxh":"","qzwptb":null,"wpzyms2":"","item_en":"power_treads"},"count":1},{"goods":{"id":57,"bigtype":"升级物品","type":"普通","wpmc":"坚韧球","wppz":"2","wptp":"http://www.dota2.com.cn/images/items/pers_lg.png","jgtb":"http://www.dota2.com.cn/images/info1301/tit_img07.gif","jg":"1750","wpjs":"给持有者带来勇气的宝石。","wpzyms":"","wpsyff":"","wpxg":"+ <span class=\"color_yellow\">10</span> 攻击力<br/>+ <span class=\"color_yellow\">5</span> 生命恢复速率<br/>+ <span class=\"color_yellow\">125%</span> 魔法恢复","lqsjtb":"","lqsj":"","mfxhtb":"","mfxh":"","qzwptb":"","wpzyms2":"坚韧球可以共享。","item_en":"pers"},"count":1},{"goods":{"id":50,"bigtype":"升级物品","type":"普通","wpmc":"魔杖","wppz":"2","wptp":"http://www.dota2.com.cn/images/items/magic_wand_lg.png","jgtb":"http://www.dota2.com.cn/images/info1301/tit_img07.gif","jg":"509","wpjs":"一个简易但实用的魔杖，能够补充使用者的能量--巫师学徒和高级术士都喜欢。","wpzyms":"","wpsyff":"主动：充能 - 每当周围有敌人施放技能都会自动充能（最多15点能量）。当使用时，每点能量为你回复生命值和魔法值。","wpxg":"+ <span class=\"color_yellow\">3</span> 所有属性<br/>每点能量回复：<span class=\"color_yellow\">15</span>","lqsjtb":"http://www.dota2.com.cn/images/info1301/ico2.gif","lqsj":"12","mfxhtb":"","mfxh":"","qzwptb":"","wpzyms2":"1200码视野范围内敌人使用技能就会获得点数。 <br>部分英雄技能和物品技能的施放将不会增加点数。","item_en":"magic_wand"},"count":1},{"goods":{"id":64,"bigtype":"升级物品","type":"辅助","wpmc":"天鹰之戒","wppz":"3","wptp":"http://www.dota2.com.cn/images/items/ring_of_aquila_lg.png","jgtb":"http://www.dota2.com.cn/images/info1301/tit_img07.gif","jg":"985","wpjs":"陨落督军阿奎拉的戒指依然在战场上支援着军队。","wpzyms":"多个天鹰光环的效果不叠加。","wpsyff":"被动：天鹰光环-给予900内友军额外的魔法恢复速率和护甲。<br>主动：切换光环的影响单位（普通/仅限英雄）。","wpxg":"+ <span class=\"color_yellow\">9</span> 攻击力<br/>+ <span class=\"color_yellow\">3</span> 所有属性<br/>+ <span class=\"color_yellow\">6</span> 敏捷<br/>+ <span class=\"color_yellow\">1</span> 护甲<br/>光环恢复魔法：<span class=\"color_yellow\">0.65</span><br/>光环提升护甲：<span class=\"color_yellow\">2</span>","lqsjtb":"","lqsj":"","mfxhtb":"","mfxh":"","qzwptb":"","wpzyms2":"王者之戒，天鹰之戒和弗拉迪米尔的祭品拥有的护甲光环互不叠加。","item_en":"ring_of_aquila"},"count":1}],"adapt_kz_list":[{"id":24,"zwm":"暗影恶魔","ywm":"Shadow Demon","jc":"毒狗","xttx":"http://www.dota2.com.cn/images/heroes/shadow_demon_full.png","dttx":"http://www.dota2.com.cn/images/heroes/shadow_demon_vert.jpg","gjlx":"远程","yxlx":"智力","yxdw":"辅助|控制|爆发","zltb":"http://www.dota2.com.cn/images/info1301/tit_img01.gif","zljc":"26","zlsj":"2.7","mjtb":"http://www.dota2.com.cn/images/info1301/tit_img02.gif","mjjc":"18","mjsj":"2.2","lltb":"http://www.dota2.com.cn/images/info1301/tit_img03.gif","lljc":"17","llsj":"1.9","gjltb":"http://www.dota2.com.cn/images/info1301/tit_img06.gif","csgjl":"27-31","ydsdtb":"http://www.dota2.com.cn/images/info1301/tit_img05.gif","csydsd":"295","hjtb":"http://www.dota2.com.cn/images/info1301/tit_img04.gif","cshj":"2.52","yxbj":"在那些能够直接进入现实世界肆虐的强大恶魔中，末日使者几乎不理会那些低等物种的琐事，影魔来到世间只是为了他的灵魂收集。而暗影恶魔则一向对这个世界有着浓厚的兴趣，他似乎觉察到对两个世界之间坚定联系的掌握可能是统治整个物质世界的关键所在。一开始，暗影恶魔是被一些低级巫师召唤的，他满足了他们所有的愿望，展现出惊人的法力，直到一些高级恶魔学家注意到他的存在，进而一些试图通过巫术来维持他们世俗统治的暴君、独裁者们也开始利用他的恶魔之力。暗影恶魔的欺诈之术高明至极，以至于那些召唤他的人都认为自己是主人，暗影恶魔只是他们的奴仆；而就在同时，暗影恶魔不停地吞噬着他们的神智，并为己所用。到了最后，那些召唤过他的人，都成了他的傀儡，为他那邪恶的意志卖命。没人能猜到暗影恶魔下一步究竟想要做什么，然而就在那时，影魔偶然间吞噬了一个充满着恶臭的灵魂，发现里面竟然有着暗影恶魔的痕迹。在意识到暗影恶魔即将对他们的统治造成威胁，依靠阴影契约维持的古老的平衡已经不复存在以后，末日使者和影魔立刻加入到摧毁暗影恶魔傀儡大军的力量中。在他们那不可思议的力量面前，暗影恶魔几百年的精心谋划毁于一旦，他的傀儡大军也遭到瓦解——所有人都被杀死了。到最后，只有他自己的一点碎片残留了下来。然而，即使是一点碎片，也足以让他卷土重来。在接下来的几百年里，他开始缓慢的重新凝聚。他的碎片将触碰到的一切事物感染，而这种感染则逐渐滋生壮大。那些以前被撕裂的，现在被感染的部分通过一片混沌结合在一起，重新连接，给予了暗影恶魔一个比以前更加强大的形态。他几乎已经凝聚完成，而他那永久统治世界的计划也更加的周密。虽然我们的世界似乎不可能出现一个如此邪恶和恶毒的存在，这将是对所有生命的巨大威胁……然而，暗影恶魔的信徒，依然众多。","dj":"1|15|25","smz":"473|978|1719","mfz":"338|829|1440","gjl":"55-57|91-95|138-142","hj":"3|7|13","syfw":"1800/800","gjfw":"500","ddsd":"900","jdtj1":"http://www.dota2.com.cn/images/property/add/shadow_demon.jpg","jdms1":"这种主加禁锢副加灵魂猎手的暗影恶魔是纯辅助打法，并且克制对面成型较快的dps，特定情况下选择会有奇效，弱点是对线时强势技能不明显。","jdtj2":"","jdms2":"","cmzb":"铁树枝干*3|智力斗篷*1|树之祭祀*1|治疗药膏*1","qqzb":"魔棒*1|速度之靴*1|空灵挂件*1","hxzb":"魔杖*1|奥术鞋*1|原力法杖*1|回城卷轴*1","hqsz":"洞察烟斗*1|希瓦的守护*1|死灵书*1|梅肯斯姆*1|Eul的神圣法杖*1|邪恶镰刀*1","ljt":"http://www.dota2.com.cn/images/property/shadow_demon.gif","path":"shadow_demon","zymc":"夜魇","zytb":"http://www.dota2.com.cn/images/heropedia/dire.jpg","yxtp":"http://www.dota2.com.cn/images/others/shadow_demon_big1.jpg","gjlxxj":"1","yxdwxj":"1|1|1","llsjsmz":"19","llsjsmhf":"0.03","mjsjhj":"1","mjsjgjsd":"1","zlsjmfz":"13","zlsjmfhf":"0.04","sjgjl":"1","pjsh":"52","gjsd":"118|127|171","gjms":"1.44","gjsh":"50-54","gjjl":"500|500|500","wlhj":"2","wlshkx":"13%","mfshkx":"25%","minitb":"http://www.dota2.com.cn/images/heroes/shadow_demon_icon.png"},{"id":90,"zwm":"先知","ywm":"Natures Prophet","jc":"FUR","xttx":"http://www.dota2.com.cn/images/heroes/furion_full.png","dttx":"http://www.dota2.com.cn/images/heroes/furion_vert.jpg","gjlx":"远程","yxlx":"智力","yxdw":"打野|推进|核心|逃生","zltb":"http://www.dota2.com.cn/images/info1301/tit_img01.gif","zljc":"21","zlsj":"2.9","mjtb":"http://www.dota2.com.cn/images/info1301/tit_img02.gif","mjjc":"18","mjsj":"1.9","lltb":"http://www.dota2.com.cn/images/info1301/tit_img03.gif","lljc":"19","llsj":"1.8","gjltb":"http://www.dota2.com.cn/images/info1301/tit_img06.gif","csgjl":"24-38","ydsdtb":"http://www.dota2.com.cn/images/info1301/tit_img05.gif","csydsd":"295","hjtb":"http://www.dota2.com.cn/images/info1301/tit_img04.gif","cshj":"3.52","yxbj":"在种子里埋入盘起的灵魂，从岩石深处引出缠绕的水流，起誓阳光会普照这生长的一切，当树木之神维萝迪希娅完成这一系列森林的创造后，她意识到自己的生命也到达终点，如一片命运已被她印在种子中的树叶一样飘落，无法看见自己的梦想结果。嫩芽尚未破土，即使破土，脆弱的嫩芽也很容易受到各种伤害，而她却即将辞世，无能为力，这让她无比痛心。然而她在种子袋中发现了一颗播种时漏掉的种子，在弥留之际，她将力量化作一字箴言，寄于此种，然后将其服下。在漫长的冬天，她巨大的身体逐渐分解，化为了幼苗来年春天的肥料。在春分的早晨，当其它种子还没有苏醒时，最后那颗种子在一瞬间成熟然后爆裂了。从中走出了自然的先知，他身披树叶，强壮且智慧，拥有树木之神维萝迪希娅的力量，能预见到森林最需要他的地方，同时他也很清楚，能作为他的盟友，是天赐的幸运。","dj":"1|15|25","smz":"511|990|1712","mfz":"273|801|1438","gjl":"45-59|86-100|135-149","hj":"4|7|13","syfw":"1800/800","gjfw":"600","ddsd":"1125","jdtj1":"http://www.dota2.com.cn/images/property/add/natures_prophet.jpg","jdms1":"先知是一个加点非常灵活的英雄，选择加点的不同扮演的角色也不相同，这套加点完美体现除了先知机动性高的特点。两级发芽长达3.75秒的控制时间已经足够，主传送，CD时间的简短，让先知可以随时进行支援，gank，中期补满树人开始带线推塔。这样加点的先知线上能力很强，支援能力，gank能力都非常强大。不过由于当前版本选先知大多需要初期参与推进，所以这种打法的出现频率较低。","jdtj2":"","jdms2":"","cmzb":"守护指环*1|净化药水*3|树之祭祀*3","qqzb":"魔棒*1|速度之靴*1|王者之戒*1","hxzb":"魔杖*1|动力鞋*1|邪恶镰刀*1","hqsz":"迈达斯之手*1|阿哈利姆神杖*1|紫怨*1|黯灭*1|死灵书*1|代达罗斯之殇*1","ljt":"http://www.dota2.com.cn/images/property/furion.gif","path":"natures_prophet","zymc":"天辉","zytb":"http://www.dota2.com.cn/images/heropedia/radiant.jpg","yxtp":"http://www.dota2.com.cn/images/others/furion_big1.jpg","gjlxxj":"1","yxdwxj":"2|2|1|1","llsjsmz":"19","llsjsmhf":"0.03","mjsjhj":"1","mjsjgjsd":"1","zlsjmfz":"13","zlsjmfhf":"0.04","sjgjl":"1","pjsh":"52","gjsd":"118|126|164","gjms":"1.44","gjsh":"45-59","gjjl":"600|600|600","wlhj":"3","wlshkx":"17%","mfshkx":"25%","minitb":"http://www.dota2.com.cn/images/heroes/furion_icon.png"},{"id":56,"zwm":"祈求者","ywm":"Invoker","jc":"卡尔、加若、Invoker","xttx":"http://www.dota2.com.cn/images/heroes/invoker_full.png","dttx":"http://www.dota2.com.cn/images/heroes/invoker_vert.jpg","gjlx":"远程","yxlx":"智力","yxdw":"核心|爆发|先手|逃生","zltb":"http://www.dota2.com.cn/images/info1301/tit_img01.gif","zljc":"22","zlsj":"4","mjtb":"http://www.dota2.com.cn/images/info1301/tit_img02.gif","mjjc":"20","mjsj":"1.9","lltb":"http://www.dota2.com.cn/images/info1301/tit_img03.gif","lljc":"19","llsj":"1.7","gjltb":"http://www.dota2.com.cn/images/info1301/tit_img06.gif","csgjl":"13-19","ydsdtb":"http://www.dota2.com.cn/images/info1301/tit_img05.gif","csydsd":"280","hjtb":"http://www.dota2.com.cn/images/info1301/tit_img04.gif","cshj":"1.8","yxbj":"在创立之初，魔法本质上是一门记忆的艺术，有些人认为这才是其最强力的形式。它无需任何科技，也无需魔杖或者其他施法媒介，只需要你有一颗魔法师的心。所有的那些祭祀里面的象形符号也仅仅是帮助记忆的手段，初衷是为了让施法者能够回想起施放法术时那大量的细节以及步骤。在那个年代，最伟大的法师就是记忆天赋最高的人，然而魔法祈唤实在是太过艰深，因此所有的法师不得不有所专攻。即使是最刻苦的法师，将一辈子奉献给魔法，最多也只能掌握三到四个法术。普通的法师能掌握两个就心满意足了，而对于那些乡下的法师来说，只掌握一个法术也再正常不过——即使这样，在极少的真正需要使用魔法的场合，他还得借助魔典才能战胜自己的健忘。然而，在那些早期的施法者中，有一个例外，一个智力超群，记忆力惊人的天才，以祈求者的名字为人们所知。在年少时，祈求者就已经掌握了不下十种法术。是的，不是四五个，也不是七个，而是十个，而且他还能毫不费力的施放这些法术。他学到过更多的法术，但是因为觉得没用，试过一次以后就彻底从脑中遗忘，这样才能为其他更为有用的法术留出空间。这些法术就是包括永生之术——能让施法者永生的法术，那些在世界之初吟唱了这个法术的人现在还活得好好的（除非他们被物质毁灭了）。而大多数这样的准不朽者都低调的生活在我们中间，害怕他们的秘密泄露：然而祈求者不是一个喜欢隐藏自己的天赋的人。他来自远古，比任何人都要博学，而他的心智还有余力让他去思考他无穷的自我价值...以及更多的法术——他在世界毁灭之时的漫长暮色中用来自娱自乐的法术。","dj":"1|15|25","smz":"511|963|1666","mfz":"286|1014|1794","gjl":"35-41|91-97|151-197","hj":"2|6|11","syfw":"1800/800","gjfw":"600","ddsd":"900","jdtj1":"http://www.dota2.com.cn/images/property/add/invoker.jpg","jdms1":"卡尔的加点方式非常多，不同的玩法有不同的加点方法，冰雷，雷火，冰火以及全系卡尔都有。这套加点是极限的冰雷卡，控制能力非常强大，唯一欠缺的是爆发力，在团队爆发足缺控制的情况下可以选择此套加点。如果生存条件不是十分恶劣，可以在冰加到3级时开始主雷副火。","jdtj2":null,"jdms2":null,"cmzb":"树之祭祀*1|治疗药膏*1|圆环*1|力量手套*1|铁树枝干*1","qqzb":"速度之靴*1|魔棒*1|护腕*1","hxzb":"相位鞋*1|韧鼓*1|魔杖*1|原力法杖*1","hqsz":"邪恶镰刀*1|闪烁匕首*1|阿哈利姆神杖*1|Eul的神圣法杖*1|黑皇杖*1|斯嘉蒂之眼*1","ljt":"http://www.dota2.com.cn/images/property/invoker.gif","path":"invoker","zymc":"夜魇","zytb":"http://www.dota2.com.cn/images/heropedia/dire.jpg","yxtp":"http://www.dota2.com.cn/images/others/invoker_big1.jpg","gjlxxj":"1","yxdwxj":"1|1|1|1","llsjsmz":"19","llsjsmhf":"0.03","mjsjhj":"1","mjsjgjsd":"1","zlsjmfz":"13","zlsjmfhf":"0.04","sjgjl":"1","pjsh":"38","gjsd":"120|147|180","gjms":"1.42","gjsh":"35-41","gjjl":"600|600|600","wlhj":"1","wlshkx":"9%","mfshkx":"25%","minitb":"http://www.dota2.com.cn/images/heroes/invoker_icon.png"},{"id":89,"zwm":"巫医","ywm":"Witch Doctor","jc":"WD","xttx":"http://www.dota2.com.cn/images/heroes/witch_doctor_full.png","dttx":"http://www.dota2.com.cn/images/heroes/witch_doctor_vert.jpg","gjlx":"远程","yxlx":"智力","yxdw":"辅助|控制","zltb":"http://www.dota2.com.cn/images/info1301/tit_img01.gif","zljc":"24","zlsj":"2.9","mjtb":"http://www.dota2.com.cn/images/info1301/tit_img02.gif","mjjc":"13","mjsj":"1.4","lltb":"http://www.dota2.com.cn/images/info1301/tit_img03.gif","lljc":"16","llsj":"1.8","gjltb":"http://www.dota2.com.cn/images/info1301/tit_img06.gif","csgjl":"27-37","ydsdtb":"http://www.dota2.com.cn/images/info1301/tit_img05.gif","csydsd":"305","hjtb":"http://www.dota2.com.cn/images/info1301/tit_img04.gif","cshj":"0.82","yxbj":"一个轮廓不匀的瘦长身影迈着怪异的步伐纵横在战场上，寻找着敌人的致命弱点，用他可怕的才能造成严重的伤害。无论他那扭曲的身体是被打断的还是先天的，没有人可以质疑其中的力量。巫医扎瓦克用他的长杖猛击地面前进，他是一个迷信、巫术和咒语的恐怖聚合体。这个身体在阿克图拉岛的高原地带学习了魔法知识并磨练娴熟，现在精确的用在他的敌人身上。治疗友军，践踏敌人，扎瓦克可以成为你的好战友，或者最糟糕的敌人。","dj":"1|15|25","smz":"454|933|1655","mfz":"312|840|1477","gjl":"51-61|92-102|141-151","hj":"1|4|8","syfw":"1800/800","gjfw":"600","ddsd":"1200","jdtj1":"http://www.dota2.com.cn/images/property/add/witch_doctor.jpg","jdms1":"路人局中大多数巫医都会选择如此加点，前中期爆发很高，记得一定要把诅咒用好。","jdtj2":"","jdms2":"","cmzb":"树之祭祀*1|净化药水*2|治疗药膏*1|力量手套*1|动物信使*1","qqzb":"魔棒*1|速度之靴*1|护腕*1|侦查守卫*1","hxzb":"魔杖*1|相位鞋*1|侦查守卫*1","hqsz":"邪恶镰刀*1|黑皇杖*1|希瓦的守护*1|血精石*1|达贡之神力*1|阿哈利姆神杖*1","ljt":"http://www.dota2.com.cn/images/property/witch_doctor.gif","path":"witch_doctor","zymc":"夜魇","zytb":"http://www.dota2.com.cn/images/heropedia/dire.jpg","yxtp":"http://www.dota2.com.cn/images/others/witch_doctor_big1.jpg","gjlxxj":"1","yxdwxj":"2|1","llsjsmz":"19","llsjsmhf":"0.03","mjsjhj":"1","mjsjgjsd":"1","zlsjmfz":"13","zlsjmfhf":"0.04","sjgjl":"1","pjsh":"56","gjsd":"113|119|147","gjms":"1.5","gjsh":"51-61","gjjl":"600|600|600","wlhj":"0","wlshkx":"4%","mfshkx":"25%","minitb":"http://www.dota2.com.cn/images/heroes/witch_doctor_icon.png"},{"id":106,"zwm":"凤凰","ywm":"Phoenix","jc":"凤凰","xttx":"http://www.dota2.com.cn/images/heroes/phoenix_full.png","dttx":"http://www.dota2.com.cn/images/heroes/phoenix_vert.jpg","gjlx":"远程","yxlx":"力量","yxdw":"先手|控制|爆发","zltb":"http://www.dota2.com.cn/images/info1301/tit_img01.gif","zljc":"18","zlsj":"1.80","mjtb":"http://www.dota2.com.cn/images/info1301/tit_img02.gif","mjjc":"12","mjsj":"1.30","lltb":"http://www.dota2.com.cn/images/info1301/tit_img03.gif","lljc":"17","llsj":"2.90","gjltb":"http://www.dota2.com.cn/images/info1301/tit_img06.gif","csgjl":"26-36","ydsdtb":"http://www.dota2.com.cn/images/info1301/tit_img05.gif","csydsd":"285","hjtb":"http://www.dota2.com.cn/images/info1301/tit_img04.gif","cshj":"-0.32","yxbj":"永世的黑暗中，光之守护者的第一个太阳之光轻微闪过，这一束有自我意识的光线注定要在虚空里发光发热。亿万年里，这一束炫目的光芒逐渐聚集了无穷的能量，爆发成了一颗超新星。在这烈火之中，如同其起源一样的光线向四下散射，穿越黑暗的海洋，到达各个星座。很快，这些光芒也将成为超新星，以同样的形式向外传递着光和热。这种奇迹一般的生命与重生将一直持续到创世神鬼斧神工的苍穹之上被完全点亮。在这无尽的轮回中，被凡人们称作凤凰的星星坍塌成型，和其先前的光芒一样，凤凰也一头扎入无尽宇宙，在其邻近的星系中散布光能。经过长久的轮回，逐渐有了意识，开始了解万物，机缘巧合下听闻有一处地方，由于宇宙的横生变故进行着经年累月的战斗。因此众星的新生儿化成了生物形态，渴望在最黑暗的地方闪耀他的光和热。","dj":"1|15|25","smz":"473|1244|2175","mfz":"234|562|1056","gjl":"43-53|84-94|133-143","hj":"0|2|7","syfw":"1800/800","gjfw":"500","ddsd":"1100","jdtj1":"","jdms1":"","jdtj2":null,"jdms2":null,"cmzb":"治疗药膏*1|树之祭祀*1|铁树枝干*1|圆盾*1","qqzb":"速度之靴*1|护腕*1|天鹰之戒*1|食人魔之斧*1","hxzb":"动力鞋*1|韧鼓*1|幻影斧*1","hqsz":"代达罗斯之殇*1|恐鳌之心*1|蝴蝶*1|辉耀*1|黑皇杖*1|斯嘉蒂之眼*1","ljt":"","path":"phoenix","zymc":"天辉","zytb":"http://www.dota2.com.cn/images/heropedia/radiant.jpg","yxtp":"http://www.dota2.com.cn/images/others/phoenix_big1.jpg","gjlxxj":"1","yxdwxj":"3|2|3","llsjsmz":"19","llsjsmhf":"0.03","mjsjhj":"1","mjsjgjsd":"1","zlsjmfz":"13","zlsjmfhf":"0.04","sjgjl":"1","pjsh":"48","gjsd":"112|130|143","gjms":"1.52","gjsh":"43-53","gjjl":"500|500|500","wlhj":"0","wlshkx":"-1%","mfshkx":"25%","minitb":"http://www.dota2.com.cn/images/heroes/phoenix_icon.png"},{"id":14,"zwm":"戴泽","ywm":"Dazzle","jc":"暗牧","xttx":"http://www.dota2.com.cn/images/heroes/dazzle_full.png","dttx":"http://www.dota2.com.cn/images/heroes/dazzle_vert.jpg","gjlx":"远程","yxlx":"智力","yxdw":"辅助|对线辅助","zltb":"http://www.dota2.com.cn/images/info1301/tit_img01.gif","zljc":"27","zlsj":"3.4","mjtb":"http://www.dota2.com.cn/images/info1301/tit_img02.gif","mjjc":"21","mjsj":"1.7","lltb":"http://www.dota2.com.cn/images/info1301/tit_img03.gif","lljc":"16","llsj":"1.85","gjltb":"http://www.dota2.com.cn/images/info1301/tit_img06.gif","csgjl":"14-32","ydsdtb":"http://www.dota2.com.cn/images/info1301/tit_img05.gif","csydsd":"305","hjtb":"http://www.dota2.com.cn/images/info1301/tit_img04.gif","cshj":"1.94","yxbj":"每一个德尊教团的年轻侍僧在成为暗影牧师前都必须完成一系列的仪式。而仪式的最后一步，则是穿越无比危险的虚无之境，一个只有少数人能活着回来的未知领域。有些人虽然回来了，但却发疯了。还有些回来的人获得了奇怪的能力。但可以肯定的是，所有去了那里的人都被改变了。出于对神圣启示的执着追求，戴泽成为了他部族中最年轻的神圣仪式的追求者。起初，教团拒绝了他，因为他太年轻了。然而戴泽不是那么容易放弃的。教团长老在这位顽固的年轻侍僧身上感到了一些特别的东西，便宽许他进入了教团。最终仪式时，戴泽将神圣药剂一饮而尽后在篝火旁坐下，而他的族人则在一旁跳着祭祀之舞。在虚无之境的虚灵位面中，光明与黑暗的属性被反转了。导致戴泽原本灿烂夺目的治疗之光演变成了包藏凶险的邪恶力量，在那夺目的光辉中隐藏的则是黑暗的行径。不出长老所料：戴泽回来了，成为了一名不世出的暗影牧师，他获得了既可以用来治疗也可以进行破坏的能力。现在，他用他的力量消灭敌人，治愈同伴。","dj":"1|15|25","smz":"454|946|1678","mfz":"351|970|1672","gjl":"41-59|89-107|143-161","hj":"2|5|10","syfw":"1800/800","gjfw":"550","ddsd":"1200","jdtj1":"http://www.dota2.com.cn/images/property/add/dazzle.jpg","jdms1":"这是一种偏向于gank流的打法，并且对线期间至少不逆风的暗影牧师适合使用这种加点方法。如果对线期间比较弱势，比较容易死，则薄葬在前两级必须被点出来。这里薄葬在4级才加，在对线本身不弱势的情况下3级时点出2级剧毒之处提供稳定先手晕，是一种比较凶狠的暗牧打法。到六不加大的原因在于gank打法更注重局部对抗，暗牧的暗影波无论是伤害还是治疗都很强，在前期低位不逊于效果并不明显的一级大招。而剧毒之触不点满的原因是3级与4级的控制效果完全相同，所以3级触就开始转加其它更宝贵的技能。如果你认为gank中比较需要4级剧毒之触的伤害，那么也可以较早地把4级触点出来而不是放到最后。","jdtj2":null,"jdms2":null,"cmzb":"铁树枝干*3|净化药水*2|树之祭祀*1|动物信使*1|","qqzb":"魔棒*1|速度之靴*1|影之灵龛*1|灵魂之戒*1","hxzb":"魔杖*1|奥术鞋*1|侦查守卫*1|梅肯斯姆*1","hqsz":"邪恶镰刀*1|希瓦的守护*1|阿哈利姆神杖*1|洞察烟斗*1|Eul的神圣法杖*1|勇气勋章*1","ljt":"http://www.dota2.com.cn/images/property/dazzle.gif","path":"dazzle","zymc":"夜魇","zytb":"http://www.dota2.com.cn/images/heropedia/dire.jpg","yxtp":"http://www.dota2.com.cn/images/others/dazzle_big1.jpg","gjlxxj":"1","yxdwxj":"3|3","llsjsmz":"19","llsjsmhf":"0.03","mjsjhj":"1","mjsjgjsd":"1","zlsjmfz":"13","zlsjmfhf":"0.04","sjgjl":"1","pjsh":"50","gjsd":"121|128|162","gjms":"1.4","gjsh":"41-59","gjjl":"550|550|550","wlhj":"1","wlshkx":"10%","mfshkx":"25%","minitb":"http://www.dota2.com.cn/images/heroes/dazzle_icon.png"},{"id":107,"zwm":"恐怖利刃","ywm":"Terrorblade","jc":"TB、魂守","xttx":"http://www.dota2.com.cn/images/heroes/terrorblade_full.png","dttx":"http://www.dota2.com.cn/images/heroes/terrorblade_vert.jpg","gjlx":"近战","yxlx":"敏捷","yxdw":"核心","zltb":"http://www.dota2.com.cn/images/info1301/tit_img01.gif","zljc":"19","zlsj":"1.75","mjtb":"http://www.dota2.com.cn/images/info1301/tit_img02.gif","mjjc":"22","mjsj":"3.2","lltb":"http://www.dota2.com.cn/images/info1301/tit_img03.gif","lljc":"15","llsj":"1.9","gjltb":"http://www.dota2.com.cn/images/info1301/tit_img06.gif","csgjl":"26-32","ydsdtb":"http://www.dota2.com.cn/images/info1301/tit_img05.gif","csydsd":"315","hjtb":"http://www.dota2.com.cn/images/info1301/tit_img04.gif","cshj":"7.08","yxbj":"恐怖利刃是恶魔中的掠夺者——这个无法无天的魔头就连恶魔都惧怕三分。他曾因对恶魔领主动了贼念，无视了所有规范他行为的基本法则，触犯了七度地狱的所有法规。他被好好上了一课：原来还有比地狱更可怕的地方。接下来是短暂又残酷的审问，最终他被打入了荒邪之狱，这是一个隐藏的位面，恶魔们将它们的同类囚禁在这里。荒邪之狱并不是普通的监狱，这是现实的暗黑镜像，恶魔经过判决都到这里来直视他们自身灵魂中的扭曲倒影。然而恐怖利刃不但没有受苦，反而将自身最邪恶的倒影转化成了操控自如的力量，并将他的恐怖全数释放。","dj":"1|15|25","smz":"435|940|1681","mfz":"247|566|1053","gjl":"48-54|93-99|145-151","hj":"7|13|21","syfw":"1800/800","gjfw":"128","ddsd":"900","jdtj1":"","jdms1":"","jdtj2":"","jdms2":"","cmzb":"治疗药膏*1|树之祭祀*1|铁树枝干*1|圆盾*1","qqzb":"速度之靴*1|护腕*1|天鹰之戒*1|食人魔之斧*1","hxzb":"动力鞋*1|韧鼓*1|幻影斧*1","hqsz":"代达罗斯之殇*1|恐鳌之心*1|蝴蝶*1|辉耀*1|黑皇杖*1|斯嘉蒂之眼*1","ljt":"","path":"terrorblade","zymc":"夜魇","zytb":"http://www.dota2.com.cn/images/heropedia/dire.jpg","yxtp":"http://www.dota2.com.cn/images/others/terrorblade_big1.jpg","gjlxxj":"5","yxdwxj":"3","llsjsmz":"19","llsjsmhf":"0.03","mjsjhj":"1","mjsjgjsd":"1","zlsjmfz":"13","zlsjmfhf":"0.04","sjgjl":"1","pjsh":"51","gjsd":"135|183|212","gjms":"1.23","gjsh":"48-53","gjjl":"128|128|128","wlhj":"7","wlshkx":"29%","mfshkx":"25%","minitb":"http://www.dota2.com.cn/images/heroes/terrorblade_icon.png"},{"id":57,"zwm":"全能骑士","ywm":"Omniknight","jc":"全能","xttx":"http://www.dota2.com.cn/images/heroes/omniknight_full.png","dttx":"http://www.dota2.com.cn/images/heroes/omniknight_vert.jpg","gjlx":"近战","yxlx":"力量","yxdw":"耐久|对线辅助|辅助","zltb":"http://www.dota2.com.cn/images/info1301/tit_img01.gif","zljc":"17","zlsj":"1.80","mjtb":"http://www.dota2.com.cn/images/info1301/tit_img02.gif","mjjc":"15","mjsj":"1.75","lltb":"http://www.dota2.com.cn/images/info1301/tit_img03.gif","lljc":"20","llsj":"2.65","gjltb":"http://www.dota2.com.cn/images/info1301/tit_img06.gif","csgjl":"31-41","ydsdtb":"http://www.dota2.com.cn/images/info1301/tit_img05.gif","csydsd":"305","hjtb":"http://www.dota2.com.cn/images/info1301/tit_img04.gif","cshj":"5.1","yxbj":"普利斯特·雷霆之怒是一名见多识广、勇于拼搏、无比虔诚的骑士，他被声望极高的骑士团长老抚养长大，作为他们的贴身侍卫，立誓遵守他们的命令。他将一生都献给了全知全能的神。骑士团毕生都在进行艰苦的圣战，而普利斯特也至死不渝的履行着他的职责，奉献他的力量以及那年轻人特有的热忱，从未有过怀疑。然而，多年的远征让他的长辈和上级都已经归于尘土，带着悔恨和愧疚，被埋葬在远征路上的墓穴里，他亲如兄弟的战友，在同那些拒绝臣服于全能之神的野蛮人的战斗中陨落，而他自己的亲卫，也被伏击、瘟疫吞噬，于是他开始质疑自己誓言的意义——远征的意义。经过了深刻的冥想，他离开了他的军队，长途跋涉回到了晴雪城——传说中的圣城，在那里，他对全能之神的祭司们发出了质问。从来没有哪个骑士胆敢如此，祭司们试图将他投入献祭之渊，然而普利斯特却如山一般无法撼动。因为当他俯视着祭司时，全身闪耀着圣洁之光，祭司们看到全能之神选择了他作为其显圣之身。年长的大祭司见状，便亲自花费了数周的时间，指引他前往圣城深处的密室，世间最为圣洁之地，在那里等着他的，并不是一些充满智慧的晦涩抽象的书籍，也不是什么供人信奉的洞窟遗迹，而是全能之神本尊。神在这个密室里已经居住了千万年，并且创造了世间万物，在星球周围创造了巨大的保护外壳，抵御来自其他世界的邪恶。全能之神告诉普利斯特，他创造了世界，并且给予了教徒世间的真理。骑士没有办法驳斥这个故事。也许全能之神只是一个被关在石牢里面的骗子，根本不是什么创世者，但是全能骑士也不再质疑他的信仰。他的战斗终于有了意义，毫无疑问，他身体里面涌动着神圣的光明之力，而他在战斗中带给战友的力量，更是不容置疑。","dj":"1|15|25","smz":"530|1235|2118","mfz":"221|549|1043","gjl":"51-61|88-98|135-145","hj":"4|8|13","syfw":"1800/800","gjfw":"128","ddsd":"N/A","jdtj1":"http://www.dota2.com.cn/images/property/add/omniknight.jpg","jdms1":"不管是中单还是边路的全能骑士都是这么加点，因为这个英雄本身就是一个奶妈级别的英雄，所以这么加点不仅能保证自己的生存还能让队友有更长的生存时间。其次说一下光环和加血的取舍，基本上dota有一个共通点就是很多技能都是1级收益最大，所以一级的魔免能让你躲过对方的集火就可以了，次要升级光环是因为这个光环黏人的效果很明显，都是百分比的减少对方的攻击速度和移动速度，虽然只有300码，但是只要黏住就能给队友创造击杀的机会。","jdtj2":null,"jdms2":null,"cmzb":"治疗药膏*1|净化药水*2|铁树枝干*2|守护指环*1|树之祭祀*1","qqzb":"速度之靴*1|魔棒*1|王者之戒*1","hxzb":"灵魂之戒*1|奥术鞋*1|魔杖*1|侦查守卫*1|回城卷轴*1","hqsz":"阿哈利姆神杖*1|梅肯斯姆*1|邪恶镰刀*1|希瓦的守护*1|远行鞋*1|弗拉迪米尔的祭品*1","ljt":"http://www.dota2.com.cn/images/property/omniknight.gif","path":"omniknight","zymc":"天辉","zytb":"http://www.dota2.com.cn/images/heropedia/radiant.jpg","yxtp":"http://www.dota2.com.cn/images/others/omniknight_big1.jpg","gjlxxj":"1","yxdwxj":"2|1|1","llsjsmz":"19","llsjsmhf":"0.03","mjsjhj":"1","mjsjgjsd":"1","zlsjmfz":"13","zlsjmfhf":"0.04","sjgjl":"1","pjsh":"56","gjsd":"115|122|157","gjms":"1.48","gjsh":"51-61","gjjl":"128|128|128","wlhj":"5.1","wlshkx":"19%","mfshkx":"25%","minitb":"http://www.dota2.com.cn/images/heroes/omniknight_icon.png"}]}