{"hero":{"id":109,"zwm":"神谕者","ywm":"Oracle","jc":"神谕者、Oracle","xttx":"http://www.dota2.com.cn/images/heroes/oracle_full.png","dttx":"http://www.dota2.com.cn/images/heroes/oracle_vert.jpg","gjlx":"远程","yxlx":"智力","yxdw":"辅助-对线辅助-爆发","zltb":"http://www.dota2.com.cn/images/info1301/tit_img01.gif","zljc":"23","zlsj":"2.90","mjtb":"http://www.dota2.com.cn/images/info1301/tit_img02.gif","mjjc":"15","mjsj":"1.70","lltb":"http://www.dota2.com.cn/images/info1301/tit_img03.gif","lljc":"18","llsj":"1.90","gjltb":"http://www.dota2.com.cn/images/info1301/tit_img06.gif","csgjl":"22-28","ydsdtb":"http://www.dota2.com.cn/images/info1301/tit_img05.gif","csydsd":"305","hjtb":"http://www.dota2.com.cn/images/info1301/tit_img04.gif","cshj":"2.1","yxbj":"长年以来，西姆瑞国的首席星官从位于狂徒山脉高耸顶峰的象牙孵巢引入他们的神谕者，他们先寄存初成的胚胎，待其长大成人，成为训练有素的先知后将被送还大铭王的门下。<br><br>\n所有认定的神谕者均由一群苍白巫女抚养长大，他们的肉体形态并未离开我们大多数人所处的位面；而在同时，他们的灵魂在遥远的时空徜徉，几乎不受太空中其他星体的影响。先知们从宇宙漫游中归来后，他们的血肉之口中说出的话语全是火焰。这些神秘的言词将由西姆瑞的解命师们进行分析，从中找到未来的景象，与他国的外交对策，所有超自然军火的所在，确保大铭王的军队无论是在王庭中，还是战场上都能取得所有战斗的胜利。就这样过了数个世代，大铭书上写满了君王的胜仗和他们开辟的疆土。时光如梭，名为奈里夫的神谕者前来侍奉当朝的最后一位大铭王。<br><br>\n从一开始，奈里夫的预言就与众不同。他的预言看起来不仅是预示未来，更是改造未来。这位怪异的预言家用低哑的嗓音说出了未来的外交对策，但并非回答解命师们关于敌国的提问，而在一夜之间，西姆瑞人发现自己与新的敌人产生了冲突。解命师们感到自己的权位受到了动摇，马上把这些不利的进展推到新来的神谕者身上。他们要求大铭王免去他的职位，并祈求巫女收回这个不擅预言的先知，再送来一位名符其实的神谕者。但是接下来就听奈里夫描述了一个不详的梦，梦见了孵巢的毁灭，而没多久就传来了古老的学院在雪崩灾难中湮灭的消息。解命师们害怕遇到苍白巫女一样的命运，急忙躲开神谕者的注意，逃到了他们的议事厅。<br><br>\n不过，大铭王是极其注重实用性的人。他怀疑他的解命师只是因为过分胆小才得出这样的结论。他的道理是，既然有这样一位世间少见的神谕者，应该善加利用，扩张版图肯定能事半功倍。因此他将这些胆小的议臣全部降职，并把奈里夫提拔为左右手。尽管对奈里夫的天赋只是一知半解，他还是大胆地说出了他想要的结果，并劝诱奈里夫在预言中说出他的愿望。<br><br>\n起初，一切都很顺利。末代大铭王吹嘘自己收养的是命运的宠物，命运已被他玩弄于股掌。在他准备入侵天欲国的领土时，他企图强迫神谕者为他做出胜利在望的预言，但是只听到奈里夫静静地咕哝着，“事情将朝着两个方向发展。”此外他从奈里夫的口中撬不出更加确凿的言语。他本应将此作为警示，但是他对自己的军队还是很有信心。天欲国地处内陆，军备落后，而且处于孤立无援的状态。他认为“事情将朝着两个方向发展”说的是他那强大的军队将会获胜，而对方只能战败。<br><br>\n当然，现在我们就知道，他当时应该多从字面上去理解。即使是仔细研究评注详实的编年史，当天发生在天欲国宫殿外的战斗场景还是无法想象。怪事是在屠杀进行到一半时发生的，战场开始出现分歧。在每个关键时刻，现实都进行了分裂，变成了碎片。身负重伤和已经阵亡的士兵都站了起来，迈着坚定的步伐前进战斗。他们的思维也进行了分裂，战士们发现自己同时处于活与死的状态，存在与消逝的状态。战胜和战败也出现了分裂，所以双方军队都同时感受到了这两种战果。整个位面就像变成了挂满镜子的大厅，而所有的镜子都在无尽地碎裂。<br><br>\n开战双方直接所受的影响就是丧失神智。由于无法理解同时处于获胜和落败的状态，大铭王的思想散成了疯狂的尘埃。天真的天欲王也没有好下场。对立的另一半现实继续重复着分裂，在无尽的历史中回响，而这些现实中所有的居民也开始困惑，没多久就无法进行传统意义上的进食、穿着、防卫或繁殖等行为。<br><br>\n然而，早在回响结束之前，谨慎的西姆瑞解命师们已经抓住了奈里夫，将他五花大绑，并塞住他的嘴巴，用一艘空间飞船把他送出他们的位面，希望能将他摆脱，永远不能害他们。毫无疑问，对他们来说已经太迟了。对我们来说也是如此。","dj":"1/15/25","smz":"492/997/1738","mfz":"299/827/1464","gjl":"45-51/86-92/135-141","hj":"2/5/11","syfw":"1800/800","gjfw":"620","ddsd":"900","jdtj1":"","jdms1":"","jdtj2":null,"jdms2":null,"cmzb":"树之祭祀*1|治疗药膏*1|力量手套*1|动物信使*1|铁树枝干*1","qqzb":"魔棒*1|速度之靴*1|护腕*1","hxzb":"魔杖*1|静谧之鞋*1|梅肯斯姆*1|侦查守卫*1|回城卷轴*1","hqsz":"闪烁匕首*1|远行鞋*1|邪恶镰刀*1|达贡之神力*1|希瓦的守护*1","ljt":"","path":"oracle","zymc":"天辉","zytb":"http://www.dota2.com.cn/images/heropedia/radiant.jpg","yxtp":"http://www.dota2.com.cn/images/others/oracle_big.jpg","gjlxxj":"","yxdwxj":"","llsjsmz":"19","llsjsmhf":"0.03","mjsjhj":"1","mjsjgjsd":"1","zlsjmfz":"13","zlsjmfhf":"0.04","sjgjl":"1","pjsh":"48","gjsd":"136/160/177","gjms":"1.22","gjsh":"45-51","gjjl":"620/620/620","wlhj":"2","wlshkx":"11%","mfshkx":"25%","minitb":"http://www.dota2.com.cn/images/heroes/oracle_icon.png"},"skillList":[{"id":487,"zwm":"神谕者","jnmc":"气运之末","jntb":"http://www.dota2.com.cn/images/heroes/abilities/oracle_fortunes_end_hp1.png","jnms":"需要持续施法 - 将神谕者的力量汇聚为一股蕴含荡涤之力的能量，对敌方目标释放这股能量可以对其造成伤害，使其不能移动，并且净化其附近区域的魔法效果。引导时间最长可以达到2.5秒。停止效果的持续时间与引导时间相同。","mftb":"http://www.dota2.com.cn/style/../images/info1301/ico1.gif","mfxh":"130","lqtb":"http://www.dota2.com.cn/style/../images/info1301/ico2.gif","lqsj":"15/12/9/6","jnxg":"<span class=\"color_white\">技能：</span>持续施法,单位目标|<span class=\"color_white\">伤害：</span>90/120/150/180|<span class=\"color_white\">影响：</span>敌方单位|<span class=\"color_white\">停滞最小持续时间：</span>0.5|<span class=\"color_white\">伤害类型：</span>魔法|<span class=\"color_white\">停滞最大持续时间：</span>2.5|<span class=\"color_white\">无视技能免疫：</span>否|<span class=\"color_white\">作用范围：</span>215","jnsp":"","spms":"星体天球充沛的力量让四周充斥着静电爆裂声，而纯能量射向八方，暂时让敌方魂魄出窍。","djjd":"1,8,9,10","ewms":""},{"id":488,"zwm":"神谕者","jnmc":"命运敕令","jntb":"http://www.dota2.com.cn/images/heroes/abilities/oracle_fates_edict_hp1.png","jnms":"神谕者让目标沉醉，使其无法攻击，同时提高其100%魔法抗性，然而其受到其他伤害类型的伤害将会加深。可对友方和敌方单位施放。","mftb":"http://www.dota2.com.cn/style/../images/info1301/ico1.gif","mfxh":"50","lqtb":"http://www.dota2.com.cn/style/../images/info1301/ico2.gif","lqsj":"12","jnxg":"<span class=\"color_white\">技能：</span>单位目标|<span class=\"color_white\">伤害加深：</span>50%|<span class=\"color_white\">持续时间：</span>3/4/5/6|<span class=\"color_white\">无视技能免疫：</span>否","jnsp":"","spms":"无法逾越的预言四处回响：神选之友将暂时不受魔法的折磨。但是折磨还有很多种...","djjd":"2,12,13,14","ewms":"无法被净化类技能驱散，气运之末除外。"},{"id":489,"zwm":"神谕者","jnmc":"涤罪之焰","jntb":"http://www.dota2.com.cn/images/heroes/abilities/oracle_purifying_flames_hp1.png","jnms":"将目标身上一切不洁之物净化，对其造成伤害，并使其在接下来的持续时间内每秒恢复若干点生命值。可对友方和敌方单位施放。","mftb":"http://www.dota2.com.cn/style/../images/info1301/ico1.gif","mfxh":"50/60/70/80","lqtb":"http://www.dota2.com.cn/style/../images/info1301/ico2.gif","lqsj":"2.25","jnxg":"<span class=\"color_white\">技能：</span>单位目标|<span class=\"color_white\">伤害：</span>90/180/270/360|<span class=\"color_white\">伤害类型：</span>魔法|<span class=\"color_white\">每秒治疗量：</span>11/22/33/44|<span class=\"color_white\">无视技能免疫：</span>否|<span class=\"color_white\">治疗生命值总量：</span>99/198/297/396|<span class=\"color_white\">持续时间：</span>9","jnsp":"","spms":"一支蜡烛的微光在挂满镜子的厅堂中异常耀眼，无独有偶，破碎的宇宙之壁可以将预言的微光变成炫目的火炬。","djjd":"3,4,5,7","ewms":"涤罪之焰的治疗效果可以相互叠加。"},{"id":490,"zwm":"神谕者","jnmc":"虚妄之诺","jntb":"http://www.dota2.com.cn/images/heroes/abilities/oracle_false_promise_hp1.png","jnms":"暂时篡改队友的命运，技能期间受到的任何治疗和伤害效果将在虚妄之诺结束后结算，其中治疗效果加倍结算。施放时将移除目标身上大部分的负面状态效果。","mftb":"http://www.dota2.com.cn/style/../images/info1301/ico1.gif","mfxh":"200","lqtb":"http://www.dota2.com.cn/style/../images/info1301/ico2.gif","lqsj":"80/60/40","jnxg":"<span class=\"color_white\">技能：</span>单位目标|<span class=\"color_white\">影响：</span>友方英雄|<span class=\"color_white\">持续时间：</span>6/7/8","jnsp":"","spms":"如同假先知无法真正地透视未来，敌人也将对你的队友视而不见。","djjd":"6,11,16","ewms":"伤害和治疗效果虽然被延缓结算，但是结算时依然会考虑护甲和魔法抗性的减免。<br>经过延缓的伤害和治疗效果在目标失去本技能效果后立刻结算。 "}],"qqzbList":[{"goods":{"id":36,"bigtype":"基础物品","type":"奥术","wpmc":"魔棒","wppz":"1","wptp":"http://www.dota2.com.cn/images/items/magic_stick_lg.png","jgtb":"http://www.dota2.com.cn/images/info1301/tit_img07.gif","jg":"200","wpjs":"一个简易但实用的魔杖，能够补充使用者的能量--巫师学徒和高级术士都喜欢。","wpzyms":"","wpsyff":"主动：充能 - 每当周围有敌人施放技能都会自动充能（最多10点能量）。当使用时，每点能量为你回复生命值和魔法值。","wpxg":"每点能量回复：<span class=\"color_yellow\">15</span>","lqsjtb":"http://www.dota2.com.cn/images/info1301/ico2.gif","lqsj":"13","mfxhtb":"","mfxh":"","qzwptb":"","wpzyms2":"1200码视野范围内敌人使用技能就会获得点数。<br>部分英雄技能和物品技能的施放将不会增加点数。","item_en":"magic_stick"},"count":1},{"goods":{"id":39,"bigtype":"基础物品","type":"奥术","wpmc":"速度之靴","wppz":"1","wptp":"http://www.dota2.com.cn/images/items/boots_lg.png","jgtb":"http://www.dota2.com.cn/images/info1301/tit_img07.gif","jg":"450","wpjs":"穿双鞋子，跑的更快。","wpzyms":"移动速度提升效果不与其他鞋子叠加。","wpsyff":"","wpxg":"+ <span class=\"color_yellow\">50</span> 移动速度","lqsjtb":"","lqsj":"","mfxhtb":"","mfxh":"","qzwptb":"","wpzyms2":"","item_en":"boots"},"count":1},{"goods":{"id":51,"bigtype":"升级物品","type":"普通","wpmc":"护腕","wppz":"2","wptp":"http://www.dota2.com.cn/images/items/bracer_lg.png","jgtb":"http://www.dota2.com.cn/images/info1301/tit_img07.gif","jg":"525","wpjs":"护腕是一种常见的增强防御和延长寿命的选择。","wpzyms":"","wpsyff":"","wpxg":"+ <span class=\"color_yellow\">6</span> 力量<br/>+ <span class=\"color_yellow\">3</span> 敏捷<br/>+ <span class=\"color_yellow\">3</span> 智力<br/>+ <span class=\"color_yellow\">3</span> 攻击力","lqsjtb":"","lqsj":"","mfxhtb":"","mfxh":"","qzwptb":"","wpzyms2":"","item_en":"bracer"},"count":1}],"cmzbList":[{"goods":{"id":2,"bigtype":"基础物品","type":"消耗品","wpmc":"树之祭祀","wppz":"3","wptp":"http://www.dota2.com.cn/images/items/tango_lg.png","jgtb":"http://www.dota2.com.cn/images/info1301/tit_img07.gif","jg":"125","wpjs":"战场上的救命稻草。","wpzyms":"","wpsyff":"使用：吃树-吃掉一棵树来恢复生命值。可以使用4次。","wpxg":"持续时间：<span class=\"color_yellow\">16</span><br/>生命恢复量：<span class=\"color_yellow\">115</span>","lqsjtb":"","lqsj":"","mfxhtb":"","mfxh":"","qzwptb":"","wpzyms2":"","item_en":"tango"},"count":1},{"goods":{"id":3,"bigtype":"基础物品","type":"消耗品","wpmc":"治疗药膏","wppz":"3","wptp":"http://www.dota2.com.cn/images/items/flask_lg.png","jgtb":"http://www.dota2.com.cn/images/info1301/tit_img07.gif","jg":"115","wpjs":"即使最严重的伤口也能快速治愈的魔法药膏。","wpzyms":"","wpsyff":"使用：恢复 - 持续恢复生命值，受到攻击会驱散效果。","wpxg":"持续时间：<span class=\"color_yellow\">10</span><br/>生命回复量：<span class=\"color_yellow\">400</span>","lqsjtb":"","lqsj":"","mfxhtb":"","mfxh":"","qzwptb":"","wpzyms2":"治疗药膏可以共享。","item_en":"flask"},"count":1},{"goods":{"id":13,"bigtype":"基础物品","type":"属性","wpmc":"力量手套","wppz":"1","wptp":"http://www.dota2.com.cn/images/items/gauntlets_lg.png","jgtb":"http://www.dota2.com.cn/images/info1301/tit_img07.gif","jg":"150","wpjs":"带来野兽般力量的钉饰皮革手套。","wpzyms":"","wpsyff":"","wpxg":"+ <span class=\"color_yellow\">3</span> 力量","lqsjtb":"","lqsj":"","mfxhtb":"","mfxh":"","qzwptb":"","wpzyms2":"","item_en":"gauntlets"},"count":1},{"goods":{"id":7,"bigtype":"基础物品","type":"消耗品","wpmc":"动物信使","wppz":"3","wptp":"http://www.dota2.com.cn/images/items/courier_lg.png","jgtb":"http://www.dota2.com.cn/images/info1301/tit_img07.gif","jg":"150","wpjs":"弄丢驴子会被判处死亡的惩罚。","wpzyms":"","wpsyff":"可以运载物品往返于基地的生物。","wpxg":"","lqsjtb":"","lqsj":"","mfxhtb":"","mfxh":"","qzwptb":"","wpzyms2":"","item_en":"courier"},"count":1},{"goods":{"id":12,"bigtype":"基础物品","type":"属性","wpmc":"铁树枝干","wppz":"1","wptp":"http://www.dota2.com.cn/images/items/branches_lg.png","jgtb":"http://www.dota2.com.cn/images/info1301/tit_img07.gif","jg":"50","wpjs":"一根看起来很普通的树枝，它如铁般坚硬的品质赋予持有者好运。","wpzyms":"","wpsyff":"","wpxg":"+ <span class=\"color_yellow\">1</span> 所有属性","lqsjtb":"","lqsj":"","mfxhtb":"","mfxh":"","qzwptb":"","wpzyms2":"","item_en":"branches"},"count":1}],"adapt_type_list":[{"id":77,"zwm":"水晶室女","ywm":"Crystal Maiden","jc":"冰女","xttx":"http://www.dota2.com.cn/images/heroes/crystal_maiden_full.png","dttx":"http://www.dota2.com.cn/images/heroes/crystal_maiden_vert.jpg","gjlx":"远程","yxlx":"智力","yxdw":"辅助|控制|爆发|对线辅助","zltb":"http://www.dota2.com.cn/images/info1301/tit_img01.gif","zljc":"16","zlsj":"2.9","mjtb":"http://www.dota2.com.cn/images/info1301/tit_img02.gif","mjjc":"16","mjsj":"1.6","lltb":"http://www.dota2.com.cn/images/info1301/tit_img03.gif","lljc":"16","llsj":"1.7","gjltb":"http://www.dota2.com.cn/images/info1301/tit_img06.gif","csgjl":"19-25","ydsdtb":"http://www.dota2.com.cn/images/info1301/tit_img05.gif","csydsd":"280","hjtb":"http://www.dota2.com.cn/images/info1301/tit_img04.gif","cshj":"1.24","yxbj":"水晶室女莉莱出生在一个气候温和的地区，与性子火爆的姐姐莉娜一起长大，她很快就发现她天生对冰元素的吸引力给周围所有人制造了麻烦。只要她在附近坐下休息，井水和山泉瞬间就会被冻住；成熟的庄稼被寒霜冻伤，果园变成了冰的迷宫，然后垮塌损毁。当他们无奈的父母把莉娜送到南方后，又把莉莱流放到了寒冷北方的冰川残骸，一个隐居在蓝心冰川顶峰的寒冰巫师收留了她。经过长期的学习后，巫师认为莉莱已经能够独立的修习冰冻魔法了，于是他便降入冰川内开始千年的冬眠。从那以后，莉莱的冰冻法术变的愈发精湛，而现在，她的魔法已无可匹敌。","dj":"1|15|25","smz":"454|906|1609","mfz":"208|736|1343","gjl":"35-41|76-82|125-131","hj":"1|4|9","syfw":"1800/800","gjfw":"600","ddsd":"900","jdtj1":"http://www.dota2.com.cn/images/property/add/crystal_maiden.jpg","jdms1":"上来先加冰霜新星有利于帮助队友拿1血，然后加个冰封禁制，有了控制以防不备之需，然后就是奥术光环，冰女的灵魂技能，无论何种加点方式7级时满光环是优秀的辅助冰女不二选择。冰封禁制、冰霜新星：两个限制技能各有千秋，前者偏控制，后者偏限制。无论版本如何改动还是改变不了冰女打辅助为主的命，具体哪个技能第二优先点满看阵容及场上形势决定。前期两者各升一级是必须的。","jdtj2":null,"jdms2":null,"cmzb":"树之祭祀*1|治疗药膏*1|净化药水*1|力量手套*1|动物信使*1|铁树枝干*1","qqzb":"魔棒*1|速度之靴*1|护腕*1|护腕*1","hxzb":"魔杖*1|静谧之鞋*1|韧鼓*1|侦查守卫*1","hqsz":"Eul的神圣法杖*1|幽魂权杖*1|邪恶镰刀*1|阿哈利姆神杖*1|希瓦的守护*1|影刃*1","ljt":"http://www.dota2.com.cn/images/property/crystal_maiden.gif","path":"crystal_maiden","zymc":"天辉","zytb":"http://www.dota2.com.cn/images/heropedia/radiant.jpg","yxtp":"http://www.dota2.com.cn/images/others/crystal_maiden_big1.jpg","gjlxxj":"1","yxdwxj":"3|2|2|1","llsjsmz":"19","llsjsmhf":"0.03","mjsjhj":"1","mjsjgjsd":"1","zlsjmfz":"13","zlsjmfhf":"0.04","sjgjl":"1","pjsh":"41","gjsd":"116|122|154","gjms":"1.47","gjsh":"38-44","gjjl":"600|600|600","wlhj":"1","wlshkx":"6%","mfshkx":"25%","minitb":"http://www.dota2.com.cn/images/heroes/crystal_maiden_icon.png"},{"id":66,"zwm":"魅惑魔女","ywm":"Enchantress","jc":"小鹿","xttx":"http://www.dota2.com.cn/images/heroes/enchantress_full.png","dttx":"http://www.dota2.com.cn/images/heroes/enchantress_vert.jpg","gjlx":"远程","yxlx":"智力","yxdw":"辅助|推进|耐久|打野","zltb":"http://www.dota2.com.cn/images/info1301/tit_img01.gif","zljc":"16","zlsj":"2.8","mjtb":"http://www.dota2.com.cn/images/info1301/tit_img02.gif","mjjc":"19","mjsj":"1.8","lltb":"http://www.dota2.com.cn/images/info1301/tit_img03.gif","lljc":"16","llsj":"1","gjltb":"http://www.dota2.com.cn/images/info1301/tit_img06.gif","csgjl":"31-41","ydsdtb":"http://www.dota2.com.cn/images/info1301/tit_img05.gif","csydsd":"335","hjtb":"http://www.dota2.com.cn/images/info1301/tit_img04.gif","cshj":"1.66","yxbj":"从外表上看，爱由莎就像是一个天真无忧的森林精灵，尽管的确如此，但这也不是对她最为完整的评价。她对自然所遭受的苦难感同身受。她曾跋山涉水，穿越过斑驳的森林，走过四季变换，结识新的朋友，分享新的见闻，为她所到之处带去自然的治愈和欢乐的笑容。因为在那些饱受战乱折磨的地区，森林被大规模的砍伐，用作造船以及制造攻城车；而即使是在和平地区，也有人因为建造房屋而砍伐森林，为添加灶火而毁坏树木。爱由莎从森林中的小精灵处听闻了这些事情，这些小家伙需要森林的荫蔽来繁衍。她耐心的倾听着那些苦于无法倾诉的人诉说着痛苦，坚信自己的鼓励也是一种魅力，一种能够让未来再次充满绿色的魅之魔力。","dj":"1|15|25","smz":"454|720|1290","mfz":"208|718|1342","gjl":"47-57|86-96|134-144","hj":"2|5|11","syfw":"1800/800","gjfw":"550","ddsd":"900","jdtj1":"http://www.dota2.com.cn/images/property/add/enchantress.jpg","jdms1":"这种加法适合中路solo，或者混线流小鹿的打法。1级魅惑保证前期减速效果，主升自然之助和不可侵犯可以让小鹿在对线时占据更多主动。不可侵犯可以视为一个特殊的物理免疫（仅适用于前期），自然之助的存在让那些没有超强爆发的英雄对小鹿再也构不成威胁。大招还是小鹿最主要的输出手段，所以有大招的情况下优先升级大招。","jdtj2":null,"jdms2":null,"cmzb":"树之祭祀*1|力量手套*2|治疗药膏*1|铁树枝干*2","qqzb":"魔棒*1|速度之靴*1","hxzb":"魔杖*1|动力鞋*1|影之灵龛*1|阿哈利姆神杖*1|侦查守卫*1","hqsz":"血精石*1|希瓦的守护*1|邪恶镰刀*1|紫怨*1|恐鳌之心*1|强袭胸甲*1","ljt":"http://www.dota2.com.cn/images/property/enchantress.gif","path":"enchantress","zymc":"天辉","zytb":"http://www.dota2.com.cn/images/heropedia/radiant.jpg","yxtp":"http://www.dota2.com.cn/images/others/enchantress_big1.jpg","gjlxxj":"1","yxdwxj":"2|2|1|1","llsjsmz":"19","llsjsmhf":"0.03","mjsjhj":"1","mjsjgjsd":"1","zlsjmfz":"13","zlsjmfhf":"0.04","sjgjl":"1","pjsh":"52","gjsd":"119|126|162","gjms":"1.43","gjsh":"47-57","gjjl":"550|550|550","wlhj":"1","wlshkx":"9%","mfshkx":"25%","minitb":"http://www.dota2.com.cn/images/heroes/enchantress_icon.png"},{"id":34,"zwm":"杰奇洛","ywm":"Jakiro","jc":"双头龙","xttx":"http://www.dota2.com.cn/images/heroes/jakiro_full.png","dttx":"http://www.dota2.com.cn/images/heroes/jakiro_vert.jpg","gjlx":"远程","yxlx":"智力","yxdw":"爆发|推进|对线辅助|控制","zltb":"http://www.dota2.com.cn/images/info1301/tit_img01.gif","zljc":"28","zlsj":"2.8","mjtb":"http://www.dota2.com.cn/images/info1301/tit_img02.gif","mjjc":"10","mjsj":"1.2","lltb":"http://www.dota2.com.cn/images/info1301/tit_img03.gif","lljc":"25","llsj":"2.3","gjltb":"http://www.dota2.com.cn/images/info1301/tit_img06.gif","csgjl":"18-26","ydsdtb":"http://www.dota2.com.cn/images/info1301/tit_img05.gif","csydsd":"290","hjtb":"http://www.dota2.com.cn/images/info1301/tit_img04.gif","cshj":"2.4","yxbj":"即使是在那些奇怪的魔法生物中，双头龙也算是一头怪物。同时拥有着冰火之力，狡黠且狂猛，被称为杰奇洛的双头龙在战场上空肆意的灼烧大地，冰封敌人，将胆敢和它对抗的任何事物变成废墟。灼霜龙族的窝中从来都是有两只幼龙。与生俱来的凶残使它们闻名于世，这一种族中，新孵化的幼龙在出生伊始就会努力的杀死自己的兄弟姐妹。强者生存。这就是灼霜龙族维系其强大力量的办法。在一次意外中，怪胎杰奇洛从一个龙蛋里孵化出来了，在这一头幼龙的身体里有着灼霜龙族所有的力量。在它那厚重的龙鳞内，蕴含着冰火之力，在这样的力量面前，随时可能丧命。","dj":"1|15|25","smz":"606|1218|2035","mfz":"364|874|1438","gjl":"46-54|85-93|133-141","hj":"2|5|9","syfw":"1800/800","gjfw":"400","ddsd":"1100","jdtj1":"http://www.dota2.com.cn/images/property/add/jakiro.jpg","jdms1":"这种复古的打法在双头龙的冰封路径重做之后成为了当下最为凶猛的加点，大范围AOE加控制型的双头龙又回来了。鉴于强大的新版冰封路径，我们完全可以把那个被动液态火放到最后去加。","jdtj2":null,"jdms2":null,"cmzb":"动物信使*1|树之祭祀*1|治疗药膏*1|净化药水*1|铁树枝干*3","qqzb":"速度之靴*1|魔棒*1|王者之戒*1","hxzb":"魔杖*1|梅肯斯姆*1|奥术鞋*1|侦查守卫*1","hqsz":"纷争面纱*1|希瓦的守护*1|邪恶镰刀*1|洞察烟斗*1|Eul的神圣法杖*1|阿哈利姆神杖*1","ljt":"http://www.dota2.com.cn/images/property/jakiro.gif","path":"jakiro","zymc":"天辉","zytb":"http://www.dota2.com.cn/images/heropedia/radiant.jpg","yxtp":"http://www.dota2.com.cn/images/others/jakiro_big1.jpg","gjlxxj":"1","yxdwxj":"2|2|2|1","llsjsmz":"19","llsjsmhf":"0.03","mjsjhj":"1","mjsjgjsd":"1","zlsjmfz":"13","zlsjmfhf":"0.04","sjgjl":"1","pjsh":"50","gjsd":"110|115|139","gjms":"1.55","gjsh":"46-54","gjjl":"400|400|400","wlhj":"2","wlshkx":"12%","mfshkx":"25%","minitb":"http://www.dota2.com.cn/images/heroes/jakiro_icon.png"},{"id":86,"zwm":"维萨吉","ywm":"Visage","jc":"灰鸟，死灵飞龙","xttx":"http://www.dota2.com.cn/images/heroes/visage_full.png","dttx":"http://www.dota2.com.cn/images/heroes/visage_vert.jpg","gjlx":"远程","yxlx":"智力","yxdw":"爆发|耐久|控制","zltb":"http://www.dota2.com.cn/images/info1301/tit_img01.gif","zljc":"24","zlsj":"2.5","mjtb":"http://www.dota2.com.cn/images/info1301/tit_img02.gif","mjjc":"11","mjsj":"1.3","lltb":"http://www.dota2.com.cn/images/info1301/tit_img03.gif","lljc":"22","llsj":"2.4","gjltb":"http://www.dota2.com.cn/images/info1301/tit_img06.gif","csgjl":"24-34","ydsdtb":"http://www.dota2.com.cn/images/info1301/tit_img05.gif","csydsd":"295","hjtb":"http://www.dota2.com.cn/images/info1301/tit_img04.gif","cshj":"-0.46","yxbj":"面目狰狞的石像鬼庞大的身影蹲坐在狭窄迷宫的入口，永恒地凝视着通往往生之境的路径。无论走兽还是飞鸟，人类还是怪物，一切服从生老病死并选择进入冥府的生物终有一天会经过它们的面前。对于一个离开肉体的灵魂而言，一旦做出了穿过死亡幕帘的决定就再无回头之路。不过总有一些不安分的灵魂凭着智力或机巧，借着偶然的契机得以从天国或是地狱逃离。这时候，令人胆寒的石像鬼维萨吉，承载死灵飞龙不朽灵魂的形体，就会被派遣出去寻回他们。维萨吉精明强干又冷酷无情，不受死亡或是疲倦的支配。它无休无止、毫不留情地追踪它的猎物，一心只想摧毁一切逃亡灵魂的藏身之处。谁敢嘲笑冥界的法则，谁就永远不得安宁。虽然亡者的确可以被复活，但他们迟早会被维萨吉找到，并且遣送回他们本来该在的地方。","dj":"1|15|25","smz":"568|1206|2042","mfz":"312|767|1352","gjl":"48-58|83-93|128-138","hj":"-0|2|7","syfw":"1800/800","gjfw":"600","ddsd":"900","jdtj1":"http://www.dota2.com.cn/images/property/add/visage.jpg","jdms1":"如今的死灵飞龙维萨吉已经很少出现在CW舞台中了，这是一个天生为三人路而生的英雄，前期灵魂超度堪称神技。新版本总更是加强了黄泉颤抖技能，在路人战中，玩得溜的死灵飞龙依然能有着亮眼的操作。如果前期压力较大，可以考虑多提升被动的等级，增加死灵飞龙的抗击打能力。","jdtj2":"","jdms2":"","cmzb":"树之祭祀*1|治疗药膏*1|净化药水*2|守护指环*1|铁树枝干*2","qqzb":"速度之靴*1|魔棒*1|王者之戒*1","hxzb":"动力鞋*1|魔杖*1|梅肯斯姆*1|勇气勋章*1","hqsz":"阿哈利姆神杖*1|邪恶镰刀*1|希瓦的守护*1|强袭胸甲*1|阿托斯之棍*1|恐鳌之心*1","ljt":"http://www.dota2.com.cn/images/property/visage.gif","path":"visage","zymc":"夜魇","zytb":"http://www.dota2.com.cn/images/heropedia/dire.jpg","yxtp":"http://www.dota2.com.cn/images/others/visage_big1.jpg","gjlxxj":"1","yxdwxj":"2|2|1","llsjsmz":"19","llsjsmhf":"0.03","mjsjhj":"1","mjsjgjsd":"1","zlsjmfz":"13","zlsjmfhf":"0.04","sjgjl":"1","pjsh":"53","gjsd":"111|116|142","gjms":"1.53","gjsh":"48-58","gjjl":"600|600|600","wlhj":"0","wlshkx":"-2%","mfshkx":"10%","minitb":"http://www.dota2.com.cn/images/heroes/visage_icon.png"},{"id":89,"zwm":"巫医","ywm":"Witch Doctor","jc":"WD","xttx":"http://www.dota2.com.cn/images/heroes/witch_doctor_full.png","dttx":"http://www.dota2.com.cn/images/heroes/witch_doctor_vert.jpg","gjlx":"远程","yxlx":"智力","yxdw":"辅助|控制","zltb":"http://www.dota2.com.cn/images/info1301/tit_img01.gif","zljc":"24","zlsj":"2.9","mjtb":"http://www.dota2.com.cn/images/info1301/tit_img02.gif","mjjc":"13","mjsj":"1.4","lltb":"http://www.dota2.com.cn/images/info1301/tit_img03.gif","lljc":"16","llsj":"1.8","gjltb":"http://www.dota2.com.cn/images/info1301/tit_img06.gif","csgjl":"27-37","ydsdtb":"http://www.dota2.com.cn/images/info1301/tit_img05.gif","csydsd":"305","hjtb":"http://www.dota2.com.cn/images/info1301/tit_img04.gif","cshj":"0.82","yxbj":"一个轮廓不匀的瘦长身影迈着怪异的步伐纵横在战场上，寻找着敌人的致命弱点，用他可怕的才能造成严重的伤害。无论他那扭曲的身体是被打断的还是先天的，没有人可以质疑其中的力量。巫医扎瓦克用他的长杖猛击地面前进，他是一个迷信、巫术和咒语的恐怖聚合体。这个身体在阿克图拉岛的高原地带学习了魔法知识并磨练娴熟，现在精确的用在他的敌人身上。治疗友军，践踏敌人，扎瓦克可以成为你的好战友，或者最糟糕的敌人。","dj":"1|15|25","smz":"454|933|1655","mfz":"312|840|1477","gjl":"51-61|92-102|141-151","hj":"1|4|8","syfw":"1800/800","gjfw":"600","ddsd":"1200","jdtj1":"http://www.dota2.com.cn/images/property/add/witch_doctor.jpg","jdms1":"路人局中大多数巫医都会选择如此加点，前中期爆发很高，记得一定要把诅咒用好。","jdtj2":"","jdms2":"","cmzb":"树之祭祀*1|净化药水*2|治疗药膏*1|力量手套*1|动物信使*1","qqzb":"魔棒*1|速度之靴*1|护腕*1|侦查守卫*1","hxzb":"魔杖*1|相位鞋*1|侦查守卫*1","hqsz":"邪恶镰刀*1|黑皇杖*1|希瓦的守护*1|血精石*1|达贡之神力*1|阿哈利姆神杖*1","ljt":"http://www.dota2.com.cn/images/property/witch_doctor.gif","path":"witch_doctor","zymc":"夜魇","zytb":"http://www.dota2.com.cn/images/heropedia/dire.jpg","yxtp":"http://www.dota2.com.cn/images/others/witch_doctor_big1.jpg","gjlxxj":"1","yxdwxj":"2|1","llsjsmz":"19","llsjsmhf":"0.03","mjsjhj":"1","mjsjgjsd":"1","zlsjmfz":"13","zlsjmfhf":"0.04","sjgjl":"1","pjsh":"56","gjsd":"113|119|147","gjms":"1.5","gjsh":"51-61","gjjl":"600|600|600","wlhj":"0","wlshkx":"4%","mfshkx":"25%","minitb":"http://www.dota2.com.cn/images/heroes/witch_doctor_icon.png"}],"videoList":[],"recommendList":[],"adapt_bkz_list":[{"id":83,"zwm":"剃刀","ywm":"Razor","jc":"电棍","xttx":"http://www.dota2.com.cn/images/heroes/razor_full.png","dttx":"http://www.dota2.com.cn/images/heroes/razor_vert.jpg","gjlx":"远程","yxlx":"敏捷","yxdw":"核心|耐久|爆发","zltb":"http://www.dota2.com.cn/images/info1301/tit_img01.gif","zljc":"19","zlsj":"1.8","mjtb":"http://www.dota2.com.cn/images/info1301/tit_img02.gif","mjjc":"22","mjsj":"2","lltb":"http://www.dota2.com.cn/images/info1301/tit_img03.gif","lljc":"21","llsj":"1.7","gjltb":"http://www.dota2.com.cn/images/info1301/tit_img06.gif","csgjl":"23-25","ydsdtb":"http://www.dota2.com.cn/images/info1301/tit_img05.gif","csydsd":"295","hjtb":"http://www.dota2.com.cn/images/info1301/tit_img04.gif","cshj":"2.08","yxbj":"闪电幽魂-剃刀，是永劫之墟中最有代表性的可怕力量。他鞭打着闪电巡回在狭窄迷宫中，这是一个区分死者灵魂的迷宫，他们要靠生前的智慧、精明和毅力来通过其中变化莫测的网络通道。剃刀飘浮于迷宫上方，俯视着那些迷茫不前的灵魂，用闪电鞭打他们赶快前进去决定他们的命运，朝向光明的出口或者黑暗的地狱。剃刀是支配力量的永恒化身，他使用力量时残忍而客观。但他贵族般的气势暗示了他对工作那讽刺的满足。","dj":"1|15|25","smz":"549|1001|1704","mfz":"247|575|1069","gjl":"45-47|72-75|113-115","hj":"3|9|16","syfw":"1800/800","gjfw":"475","ddsd":"2000","jdtj1":"http://www.dota2.com.cn/images/property/add/razor.jpg","jdms1":"这是目前比较主流的电魂加点，主等离子场让电魂GANK，刷线都有不错的效果。前期优先升满不稳定电流让电魂增加机动性和逃生能力。","jdtj2":"","jdms2":"","cmzb":"守护指环*1|树之祭祀*1|治疗药膏*1|铁树枝干*2","qqzb":"魔棒*1|天鹰之戒*1|速度之靴*1","hxzb":"魔杖*1|动力鞋*1|先锋盾*1","hqsz":"散夜对剑*1|黯灭*1|恐鳌之心*1|蝴蝶*1|阿哈利姆神杖*1","ljt":"http://www.dota2.com.cn/images/property/razor.gif","path":"razor","zymc":"夜魇","zytb":"http://www.dota2.com.cn/images/heropedia/dire.jpg","yxtp":"http://www.dota2.com.cn/images/others/razor_big1.jpg","gjlxxj":"1","yxdwxj":"1|1|1","llsjsmz":"19","llsjsmhf":"0.03","mjsjhj":"1","mjsjgjsd":"1","zlsjmfz":"13","zlsjmfhf":"0.04","sjgjl":"1","pjsh":"46","gjsd":"122|130|170","gjms":"1.39","gjsh":"45-47","gjjl":"475|475|475","wlhj":"2","wlshkx":"11%","mfshkx":"25%","minitb":"http://www.dota2.com.cn/images/heroes/razor_icon.png"},{"id":103,"zwm":"大地之灵","ywm":"Earth Spirit","jc":"土熊猫","xttx":"http://www.dota2.com.cn/images/heroes/earth_spirit_full.png","dttx":"http://www.dota2.com.cn/images/heroes/earth_spirit_vert.jpg","gjlx":"近战","yxlx":"力量","yxdw":"核心|爆发","zltb":"http://www.dota2.com.cn/images/info1301/tit_img01.gif","zljc":"18","zlsj":"2.40","mjtb":"http://www.dota2.com.cn/images/info1301/tit_img02.gif","mjjc":"17","mjsj":"1.50","lltb":"http://www.dota2.com.cn/images/info1301/tit_img03.gif","lljc":"21","llsj":"2.90","gjltb":"http://www.dota2.com.cn/images/info1301/tit_img06.gif","csgjl":"25-35","ydsdtb":"http://www.dota2.com.cn/images/info1301/tit_img05.gif","csydsd":"305","hjtb":"http://www.dota2.com.cn/images/info1301/tit_img04.gif","cshj":"3.38","yxbj":"地底深埋着一支兵马俑，数以万计，兵种齐全。在军队方阵前面的是考林将军的雕像，由神圣的玉石打造而成。这支军队在大地的怀抱中沉睡了上千年后，玉石雕像中大地本身的力量经过不停的流转，不断的汇聚，已经幻化成灵，冲破了玉石的束缚。现在，伟大的大地之灵考林从容地行走在地面之上，召唤着地底的军队，横扫一切敌人。","dj":"1|15|25","smz":"549|1320|2251","mfz":"234|671|1243","gjl":"46-56|87-97|136-146","hj":"3|6|11","syfw":"1800/800","gjfw":"128","ddsd":"N/A","jdtj1":"http://www.dota2.com.cn/images/property/earth_spirit.jpg","jdms1":"由于地磁之握只提升眩晕时间，所以前期主加巨石冲击能给敌人造成较多伤害，之后升级地磁之握提高眩晕效果，有大加大，最后升级巨石翻滚。","jdtj2":null,"jdms2":null,"cmzb":"治疗药膏*1|净化药水*2|铁树枝干*2|圆盾*1","qqzb":"速度之靴*1|魔棒*1|影之灵龛*1","hxzb":"奥术鞋*1|魔杖*1|梅肯斯姆*1","hqsz":"天堂之戟*1|洞察烟斗*1|黑皇杖*1|恐鳌之心*1|希瓦的守护*1","ljt":"http://www.dota2.com.cn/images/property/earth_spirit.gif","path":"earth_spirit","zymc":"天辉","zytb":"http://www.dota2.com.cn/images/heropedia/radiant.jpg","yxtp":"http://www.dota2.com.cn/images/others/earth_spirit_big1.jpg","gjlxxj":"1","yxdwxj":"1|2","llsjsmz":"19","llsjsmhf":"0.03","mjsjhj":"1","mjsjgjsd":"1","zlsjmfz":"13","zlsjmfhf":"0.04","sjgjl":"1","pjsh":"51","gjsd":"117|123|153","gjms":"1.45","gjsh":"46-56","gjjl":"128|128|128","wlhj":"3","wlshkx":"16%","mfshkx":"25%","minitb":"http://www.dota2.com.cn/images/heroes/earth_spirit_icon.png"},{"id":9,"zwm":"幻影刺客","ywm":"Phantom Assassin","jc":"PA、幻刺、魅影之纱","xttx":"http://www.dota2.com.cn/images/heroes/phantom_assassin_full.png","dttx":"http://www.dota2.com.cn/images/heroes/phantom_assassin_vert.jpg","gjlx":"近战","yxlx":"敏捷","yxdw":"核心|逃生","zltb":"http://www.dota2.com.cn/images/info1301/tit_img01.gif","zljc":"13","zlsj":"1","mjtb":"http://www.dota2.com.cn/images/info1301/tit_img02.gif","mjjc":"23","mjsj":"3.15","lltb":"http://www.dota2.com.cn/images/info1301/tit_img03.gif","lljc":"20","llsj":"1.85","gjltb":"http://www.dota2.com.cn/images/info1301/tit_img06.gif","csgjl":"23-25","ydsdtb":"http://www.dota2.com.cn/images/info1301/tit_img05.gif","csydsd":"310","hjtb":"http://www.dota2.com.cn/images/info1301/tit_img04.gif","cshj":"4.22","yxbj":"通过占卜和预见，魅影之纱一直严格的甄选一些婴儿来抚养成人，成为她们的刺客。这是一个将刺杀视作神圣的自然法则的女刺客同盟。魅影之纱通过冥想和神谕来确定他们的暗杀目标。她们不被任何条款所束缚，也从不因为政治斗争或者金钱利益刺杀。她们的刺杀完全没有时间规律，似乎是随性为之：不管你是手握大权，还是平凡农夫，对她们来说，你的死法都是一样的。即使这些刺杀行为有一个固定的套路，那也是只有组织成员才知道。她们把目标看做必要的牺牲品，而死亡则是荣耀加身。作为幻影刺客，她们的身份从小就只有组织内的人才知道，而任何一个幻影刺客都能填补另一个的空缺；她们甚至连代号都不为人知。也许成员有很多，也许只有几个。那谜样面纱之下的真相无人知晓。只有一个，在四下无人之时，那面纱会时不时的被隐秘低语所拂动，低语中，是她自己的名字：茉崔蒂。","dj":"1|15|25","smz":"530|1022|1754","mfz":"169|351|741","gjl":"46-48|90-92|142-144","hj":"4|10|18","syfw":"1800/800","gjfw":"128","ddsd":"N/A","jdtj1":"http://www.dota2.com.cn/images/property/add/phantom_assassin.jpg","jdms1":"幻影刺客也是Dota几个“无敌后期”中的人选，这套加点是目前比较主流的pa打法套路。前期点一级模糊做为别人gank自己时的报警器。主D可以让幻刺更从容的在线上补刀，毕竟是近战后期，免不了受到对方强力英雄的轮番照顾。中期将闪烁点满，收割，切入都能有着很好的效果。","jdtj2":"","jdms2":"","cmzb":"树之祭祀*1|治疗药膏*1|铁树枝干*3|圆盾*1","qqzb":"魔棒*1|速度之靴*1|天鹰之戒*1","hxzb":"魔杖*1|相位鞋*1|黑皇杖*1","hqsz":"恐鳌之心*1|强袭胸甲*1|蝴蝶*1|深渊之刃*1","ljt":"http://www.dota2.com.cn/images/property/phantom_assassin.gif","path":"phantom_assassin","zymc":"夜魇","zytb":"http://www.dota2.com.cn/images/heropedia/dire.jpg","yxtp":"http://www.dota2.com.cn/images/others/phantom_assassin_big1.jpg","gjlxxj":"1","yxdwxj":"3|1","llsjsmz":"19","llsjsmhf":"0.03","mjsjhj":"1","mjsjgjsd":"1","zlsjmfz":"13","zlsjmfhf":"0.04","sjgjl":"1","pjsh":"47","gjsd":"123|136|199","gjms":"1.38","gjsh":"46-48","gjjl":"128|128|128","wlhj":"4","wlshkx":"20%","mfshkx":"25%","minitb":"http://www.dota2.com.cn/images/heroes/phantom_assassin_icon.png"},{"id":58,"zwm":"沙王","ywm":"Sand King","jc":"SK","xttx":"http://www.dota2.com.cn/images/heroes/sand_king_full.png","dttx":"http://www.dota2.com.cn/images/heroes/sand_king_vert.jpg","gjlx":"近战","yxlx":"力量","yxdw":"先手|控制|爆发","zltb":"http://www.dota2.com.cn/images/info1301/tit_img01.gif","zljc":"16","zlsj":"1.80","mjtb":"http://www.dota2.com.cn/images/info1301/tit_img02.gif","mjjc":"19","mjsj":"2.10","lltb":"http://www.dota2.com.cn/images/info1301/tit_img03.gif","lljc":"18","llsj":"2.60","gjltb":"http://www.dota2.com.cn/images/info1301/tit_img06.gif","csgjl":"25-41","ydsdtb":"http://www.dota2.com.cn/images/info1301/tit_img05.gif","csydsd":"300","hjtb":"http://www.dota2.com.cn/images/info1301/tit_img04.gif","cshj":"2.66","yxbj":"闪烁荒原的沙漠是有知觉的活物，它与自我对话，思考着只有这广阔的沙漠能包容的思想。当它必须要寻找一种和那些有限的存在交流的方式时，它解放了一块它的碎片，填入一块由狡猾的卡尔丁灯神创造的魔法甲壳中。这个存在称它自己为克里瑟历斯，意为\"沙之魂\"，不过世人都称他为沙王。沙王那巨大蛛形生物的外形源自闪烁荒地那些渺小但无处不及的居民，这身形真实地展示了他残忍的天性。沙王无法与赐予他生命的无限沙漠分开，他是这片沙漠的守卫者、战士、使节。","dj":"1|15|25","smz":"492|1184|2058","mfz":"208|536|1030","gjl":"43-59|79-95|125-141","hj":"3|7|13","syfw":"1800/800","gjfw":"128","ddsd":"N/A","jdtj1":"http://www.dota2.com.cn/images/property/add/sand_king.jpg","jdms1":"沙王的加点变化不多，主要有两种就是沙尘暴与腐蚀毒的选择。主升穿刺是毫无疑问的，这套加点选择的是沙王辅升级沙尘暴，在线上压力大的情况下，沙王可以利用沙尘暴做到躲技能压制对手。","jdtj2":null,"jdms2":null,"cmzb":"力量手套*2|治疗药膏*2|净化药水*1|铁树枝干*1","qqzb":"魔棒*1|速度之靴*1|护腕*1","hxzb":"魔杖*1|奥术鞋*1|闪烁匕首*1","hqsz":"阿哈利姆神杖*1|纷争面纱*1|刃甲*1|希瓦的守护*1|黑皇杖*1|恐鳌之心*1","ljt":"http://www.dota2.com.cn/images/property/sand_king.gif","path":"sand_king","zymc":"夜魇","zytb":"http://www.dota2.com.cn/images/heropedia/dire.jpg","yxtp":"http://www.dota2.com.cn/images/others/sand_king_big1.jpg","gjlxxj":"1","yxdwxj":"3|2|1","llsjsmz":"19","llsjsmhf":"0.03","mjsjhj":"1","mjsjgjsd":"1","zlsjmfz":"13","zlsjmfhf":"0.04","sjgjl":"1","pjsh":"51","gjsd":"119|127|169","gjms":"1.43","gjsh":"43-59","gjjl":"128|128|128","wlhj":"2","wlshkx":"13%","mfshkx":"25%","minitb":"http://www.dota2.com.cn/images/heroes/sand_king_icon.png"}],"honorList":[{"id":122,"zwm":"神谕者","msg":"暂无","createtime":null}],"adapt_zd_list":[{"id":77,"zwm":"水晶室女","ywm":"Crystal Maiden","jc":"冰女","xttx":"http://www.dota2.com.cn/images/heroes/crystal_maiden_full.png","dttx":"http://www.dota2.com.cn/images/heroes/crystal_maiden_vert.jpg","gjlx":"远程","yxlx":"智力","yxdw":"辅助|控制|爆发|对线辅助","zltb":"http://www.dota2.com.cn/images/info1301/tit_img01.gif","zljc":"16","zlsj":"2.9","mjtb":"http://www.dota2.com.cn/images/info1301/tit_img02.gif","mjjc":"16","mjsj":"1.6","lltb":"http://www.dota2.com.cn/images/info1301/tit_img03.gif","lljc":"16","llsj":"1.7","gjltb":"http://www.dota2.com.cn/images/info1301/tit_img06.gif","csgjl":"19-25","ydsdtb":"http://www.dota2.com.cn/images/info1301/tit_img05.gif","csydsd":"280","hjtb":"http://www.dota2.com.cn/images/info1301/tit_img04.gif","cshj":"1.24","yxbj":"水晶室女莉莱出生在一个气候温和的地区，与性子火爆的姐姐莉娜一起长大，她很快就发现她天生对冰元素的吸引力给周围所有人制造了麻烦。只要她在附近坐下休息，井水和山泉瞬间就会被冻住；成熟的庄稼被寒霜冻伤，果园变成了冰的迷宫，然后垮塌损毁。当他们无奈的父母把莉娜送到南方后，又把莉莱流放到了寒冷北方的冰川残骸，一个隐居在蓝心冰川顶峰的寒冰巫师收留了她。经过长期的学习后，巫师认为莉莱已经能够独立的修习冰冻魔法了，于是他便降入冰川内开始千年的冬眠。从那以后，莉莱的冰冻法术变的愈发精湛，而现在，她的魔法已无可匹敌。","dj":"1|15|25","smz":"454|906|1609","mfz":"208|736|1343","gjl":"35-41|76-82|125-131","hj":"1|4|9","syfw":"1800/800","gjfw":"600","ddsd":"900","jdtj1":"http://www.dota2.com.cn/images/property/add/crystal_maiden.jpg","jdms1":"上来先加冰霜新星有利于帮助队友拿1血，然后加个冰封禁制，有了控制以防不备之需，然后就是奥术光环，冰女的灵魂技能，无论何种加点方式7级时满光环是优秀的辅助冰女不二选择。冰封禁制、冰霜新星：两个限制技能各有千秋，前者偏控制，后者偏限制。无论版本如何改动还是改变不了冰女打辅助为主的命，具体哪个技能第二优先点满看阵容及场上形势决定。前期两者各升一级是必须的。","jdtj2":null,"jdms2":null,"cmzb":"树之祭祀*1|治疗药膏*1|净化药水*1|力量手套*1|动物信使*1|铁树枝干*1","qqzb":"魔棒*1|速度之靴*1|护腕*1|护腕*1","hxzb":"魔杖*1|静谧之鞋*1|韧鼓*1|侦查守卫*1","hqsz":"Eul的神圣法杖*1|幽魂权杖*1|邪恶镰刀*1|阿哈利姆神杖*1|希瓦的守护*1|影刃*1","ljt":"http://www.dota2.com.cn/images/property/crystal_maiden.gif","path":"crystal_maiden","zymc":"天辉","zytb":"http://www.dota2.com.cn/images/heropedia/radiant.jpg","yxtp":"http://www.dota2.com.cn/images/others/crystal_maiden_big1.jpg","gjlxxj":"1","yxdwxj":"3|2|2|1","llsjsmz":"19","llsjsmhf":"0.03","mjsjhj":"1","mjsjgjsd":"1","zlsjmfz":"13","zlsjmfhf":"0.04","sjgjl":"1","pjsh":"41","gjsd":"116|122|154","gjms":"1.47","gjsh":"38-44","gjjl":"600|600|600","wlhj":"1","wlshkx":"6%","mfshkx":"25%","minitb":"http://www.dota2.com.cn/images/heroes/crystal_maiden_icon.png"},{"id":34,"zwm":"杰奇洛","ywm":"Jakiro","jc":"双头龙","xttx":"http://www.dota2.com.cn/images/heroes/jakiro_full.png","dttx":"http://www.dota2.com.cn/images/heroes/jakiro_vert.jpg","gjlx":"远程","yxlx":"智力","yxdw":"爆发|推进|对线辅助|控制","zltb":"http://www.dota2.com.cn/images/info1301/tit_img01.gif","zljc":"28","zlsj":"2.8","mjtb":"http://www.dota2.com.cn/images/info1301/tit_img02.gif","mjjc":"10","mjsj":"1.2","lltb":"http://www.dota2.com.cn/images/info1301/tit_img03.gif","lljc":"25","llsj":"2.3","gjltb":"http://www.dota2.com.cn/images/info1301/tit_img06.gif","csgjl":"18-26","ydsdtb":"http://www.dota2.com.cn/images/info1301/tit_img05.gif","csydsd":"290","hjtb":"http://www.dota2.com.cn/images/info1301/tit_img04.gif","cshj":"2.4","yxbj":"即使是在那些奇怪的魔法生物中，双头龙也算是一头怪物。同时拥有着冰火之力，狡黠且狂猛，被称为杰奇洛的双头龙在战场上空肆意的灼烧大地，冰封敌人，将胆敢和它对抗的任何事物变成废墟。灼霜龙族的窝中从来都是有两只幼龙。与生俱来的凶残使它们闻名于世，这一种族中，新孵化的幼龙在出生伊始就会努力的杀死自己的兄弟姐妹。强者生存。这就是灼霜龙族维系其强大力量的办法。在一次意外中，怪胎杰奇洛从一个龙蛋里孵化出来了，在这一头幼龙的身体里有着灼霜龙族所有的力量。在它那厚重的龙鳞内，蕴含着冰火之力，在这样的力量面前，随时可能丧命。","dj":"1|15|25","smz":"606|1218|2035","mfz":"364|874|1438","gjl":"46-54|85-93|133-141","hj":"2|5|9","syfw":"1800/800","gjfw":"400","ddsd":"1100","jdtj1":"http://www.dota2.com.cn/images/property/add/jakiro.jpg","jdms1":"这种复古的打法在双头龙的冰封路径重做之后成为了当下最为凶猛的加点，大范围AOE加控制型的双头龙又回来了。鉴于强大的新版冰封路径，我们完全可以把那个被动液态火放到最后去加。","jdtj2":null,"jdms2":null,"cmzb":"动物信使*1|树之祭祀*1|治疗药膏*1|净化药水*1|铁树枝干*3","qqzb":"速度之靴*1|魔棒*1|王者之戒*1","hxzb":"魔杖*1|梅肯斯姆*1|奥术鞋*1|侦查守卫*1","hqsz":"纷争面纱*1|希瓦的守护*1|邪恶镰刀*1|洞察烟斗*1|Eul的神圣法杖*1|阿哈利姆神杖*1","ljt":"http://www.dota2.com.cn/images/property/jakiro.gif","path":"jakiro","zymc":"天辉","zytb":"http://www.dota2.com.cn/images/heropedia/radiant.jpg","yxtp":"http://www.dota2.com.cn/images/others/jakiro_big1.jpg","gjlxxj":"1","yxdwxj":"2|2|2|1","llsjsmz":"19","llsjsmhf":"0.03","mjsjhj":"1","mjsjgjsd":"1","zlsjmfz":"13","zlsjmfhf":"0.04","sjgjl":"1","pjsh":"50","gjsd":"110|115|139","gjms":"1.55","gjsh":"46-54","gjjl":"400|400|400","wlhj":"2","wlshkx":"12%","mfshkx":"25%","minitb":"http://www.dota2.com.cn/images/heroes/jakiro_icon.png"},{"id":52,"zwm":"娜迦海妖","ywm":"Naga Siren","jc":"小娜迦","xttx":"http://www.dota2.com.cn/images/heroes/naga_siren_full.png","dttx":"http://www.dota2.com.cn/images/heroes/naga_siren_vert.jpg","gjlx":"近战","yxlx":"敏捷","yxdw":"核心|控制|推进|逃生","zltb":"http://www.dota2.com.cn/images/info1301/tit_img01.gif","zljc":"18","zlsj":"1.95","mjtb":"http://www.dota2.com.cn/images/info1301/tit_img02.gif","mjjc":"21","mjsj":"2.75","lltb":"http://www.dota2.com.cn/images/info1301/tit_img03.gif","lljc":"21","llsj":"2.3","gjltb":"http://www.dota2.com.cn/images/info1301/tit_img06.gif","csgjl":"23-25","ydsdtb":"http://www.dota2.com.cn/images/info1301/tit_img05.gif","csydsd":"320","hjtb":"http://www.dota2.com.cn/images/info1301/tit_img04.gif","cshj":"5.94","yxbj":"在鱼人卫士团的誓言中，有一句誓词最广为流传：鱼人不能失败。事实上，这句话既是誓词，又是命令，所有失败的人都已经被放逐。鱼人族内不容败者。司里希丝曾经是她族群内最受尊敬的战士，多年来她一直指挥着一支军队，她最强力的武器就是她那让人畏惧的声音。强大，婉转，难以捉摸，她一直用她这一致命武器守卫着深海住民以及沉没之城中的财富。然而在克雷之役的最后一战中，在面对一帮想给他们的深渊之神献上财宝的狂热深海巨怪时，她的军队节节败退。在他们将敌人猛烈的攻击抵御下以后，开始清理战场，却发现宝藏中的镶嵌着珠宝的圣杯不见了。她的百人队中只有寥寥数人活了下来，然而同胞们的勇敢和牺牲却无关紧要了。重要的是他们的珍宝被拿走了。他们的荣誉被毁掉了。娜迦海妖被驱逐了，她被放逐去寻回失窃的圣杯。不管她能够做出多少倍的补偿，她也注定不会被原谅，除非她带回了失窃的宝藏。她所失去的荣誉，千金难抵。","dj":"1|15|25","smz":"549|1161|1978","mfz":"234|589|1102","gjl":"44-46|83-85|130-132","hj":"6|11|18","syfw":"1800/800","gjfw":"128","ddsd":"N/A","jdtj1":"http://www.dota2.com.cn/images/property/add/naga_siren.jpg","jdms1":"激流自从变成幻象也可以释放之后就成为了娜迦海妖的主加技能，当然特定情况下也有主加网或者分身的。前期幻象承受伤害过多，所以在装备没有累积之前，分身带来的增益效果不大。主激流也利于娜迦前期混线补刀拿人头。娜迦的网是无视BKB的，被网住的单位没法闪烁走，这点至关重要。","jdtj2":"","jdms2":"","cmzb":"树之祭祀*2|治疗药膏*1|敏捷便鞋*1|铁树枝干*3","qqzb":"魔棒*1|速度之靴*1|穷鬼盾*1","hxzb":"奥术鞋*1|魔杖*1|梅肯斯姆*1|","hqsz":"恐鳌之心*1|天堂之戟*1|幻影斧*1|净魂之刃*1|蝴蝶*1|","ljt":"http://www.dota2.com.cn/images/property/naga_siren.gif","path":"naga_siren","zymc":"夜魇","zytb":"http://www.dota2.com.cn/images/heropedia/dire.jpg","yxtp":"http://www.dota2.com.cn/images/others/naga_siren_big1.jpg","gjlxxj":"1","yxdwxj":"2|2|1|1","llsjsmz":"19","llsjsmhf":"0.03","mjsjhj":"1","mjsjgjsd":"1","zlsjmfz":"13","zlsjmfhf":"0.04","sjgjl":"1","pjsh":"45","gjsd":"121|132|187","gjms":"1.4","gjsh":"44-46","gjjl":"128|128|128","wlhj":"5","wlshkx":"26%","mfshkx":"25%","minitb":"http://www.dota2.com.cn/images/heroes/naga_siren_icon.png"}],"hqszList":[{"goods":{"id":46,"bigtype":"基础物品","type":"奥术","wpmc":"闪烁匕首","wppz":"1","wptp":"http://www.dota2.com.cn/images/items/blink_lg.png","jgtb":"http://www.dota2.com.cn/images/info1301/tit_img07.gif","jg":"2250","wpjs":"传说中这块大陆上来去如风的刺客使用的匕首。","wpzyms":"","wpsyff":"主动：闪烁 - 传送到最远1200距离的位置。如果受到攻击，闪烁匕首将在3秒内无法使用。","wpxg":"","lqsjtb":"http://www.dota2.com.cn/images/info1301/ico2.gif","lqsj":"12","mfxhtb":"","mfxh":"","qzwptb":null,"wpzyms2":"快速点击两次会将自己往已方泉水方向传送。","item_en":"blink"},"count":1},{"goods":{"id":59,"bigtype":"升级物品","type":"普通","wpmc":"远行鞋","wppz":"2","wptp":"http://www.dota2.com.cn/images/items/travel_boots_lg.png","jgtb":"http://www.dota2.com.cn/images/info1301/tit_img07.gif","jg":"2450","wpjs":"足生双翼，上天入地。","wpzyms":"多双鞋子的移动速度提升效果不会叠加","wpsyff":"主动：传送 - 将你传送到一个友方建筑或非英雄单位身边。","wpxg":"+ <span class=\"color_yellow\">100</span> 移动速度","lqsjtb":"http://www.dota2.com.cn/images/info1301/ico2.gif","lqsj":"50","mfxhtb":"http://www.dota2.com.cn/images/info1301/ico1.gif","mfxh":"75","qzwptb":null,"wpzyms2":"与回城卷轴共享冷却时间。","item_en":"travel_boots"},"count":1},{"goods":{"id":81,"bigtype":"升级物品","type":"法器","wpmc":"邪恶镰刀","wppz":"3","wptp":"http://www.dota2.com.cn/images/items/sheepstick_lg.png","jgtb":"http://www.dota2.com.cn/images/info1301/tit_img07.gif","jg":"5675","wpjs":"Vyse教徒最为宝贵的圣物，法师们最为垂涎的武器。","wpzyms":"","wpsyff":"主动：妖术-将一个单位变成无害的小动物，持续3.5秒。消灭幻象。","wpxg":"+ <span class=\"color_yellow\">10</span> 力量<br/>+ <span class=\"color_yellow\">10</span> 敏捷<br/>+ <span class=\"color_yellow\">35</span> 智力<br/>+ <span class=\"color_yellow\">150%</span> 魔法恢复","lqsjtb":"http://www.dota2.com.cn/images/info1301/ico2.gif","lqsj":"30","mfxhtb":"http://www.dota2.com.cn/images/info1301/ico1.gif","mfxh":"100","qzwptb":null,"wpzyms2":"立刻杀死幻象。<br>目标的基础移动速度为100，但是如果目标有满速状态则移速不受影响。<br>妖术将使伤害格挡和闪避无效。","item_en":"sheepstick"},"count":1},{"goods":{"id":75,"bigtype":"升级物品","type":"法器","wpmc":"达贡之神力","wppz":"3","wptp":"http://www.dota2.com.cn/images/items/dagon_lg.png","jgtb":"http://www.dota2.com.cn/images/info1301/tit_img07.gif","jg":"2800","wpjs":"越用威力就越大的次级法杖，让持有者的魔法从指尖喷涌而出。","wpzyms":"","wpsyff":"主动：能量冲击-以伤害性能量冲击敌方目标单位。可以升级。","wpxg":"+ <span class=\"color_yellow\">13</span>/16/19/22/25智力<br/>+ <span class=\"color_yellow\">3</span> 所有属性<br/>+ <span class=\"color_yellow\">9</span> 攻击力<br/>冲击伤害：<span class=\"color_yellow\">400</span>/500/600/700/800","lqsjtb":"http://www.dota2.com.cn/images/info1301/ico2.gif","lqsj":"35","mfxhtb":"http://www.dota2.com.cn/images/info1301/ico1.gif","mfxh":"180","qzwptb":null,"wpzyms2":"","item_en":"dagon"},"count":1},{"goods":{"id":99,"bigtype":"升级物品","type":"防具","wpmc":"希瓦的守护","wppz":"4","wptp":"http://www.dota2.com.cn/images/items/shivas_guard_lg.png","jgtb":"http://www.dota2.com.cn/images/info1301/tit_img07.gif","jg":"4700","wpjs":"据说曾经属于某位女神，至今仍保持大部分神力。","wpzyms":"多个霜冷光坏的效果无法叠加。","wpsyff":"主动：极寒冲击 - 发出一道寒冷的波动，对敌人造成200伤害并减速-40%持续4.0秒。<br>被动：霜冷光环 - 降低敌人攻击速度。","wpxg":"+ <span class=\"color_yellow\">30</span> 智力<br/>+ <span class=\"color_yellow\">15</span> 护甲<br/>光环攻速降低：<span class=\"color_yellow\">40</span>","lqsjtb":"http://www.dota2.com.cn/images/info1301/ico2.gif","lqsj":"30","mfxhtb":"http://www.dota2.com.cn/images/info1301/ico1.gif","mfxh":"100","qzwptb":"","wpzyms2":"极寒冲击的扩张速度为350，最大半径为900。 <br>极寒冲击将以施放者为中心。","item_en":"shivas_guard"},"count":1}],"hxzbList":[{"goods":{"id":50,"bigtype":"升级物品","type":"普通","wpmc":"魔杖","wppz":"2","wptp":"http://www.dota2.com.cn/images/items/magic_wand_lg.png","jgtb":"http://www.dota2.com.cn/images/info1301/tit_img07.gif","jg":"509","wpjs":"一个简易但实用的魔杖，能够补充使用者的能量--巫师学徒和高级术士都喜欢。","wpzyms":"","wpsyff":"主动：充能 - 每当周围有敌人施放技能都会自动充能（最多15点能量）。当使用时，每点能量为你回复生命值和魔法值。","wpxg":"+ <span class=\"color_yellow\">3</span> 所有属性<br/>每点能量回复：<span class=\"color_yellow\">15</span>","lqsjtb":"http://www.dota2.com.cn/images/info1301/ico2.gif","lqsj":"12","mfxhtb":"","mfxh":"","qzwptb":"","wpzyms2":"1200码视野范围内敌人使用技能就会获得点数。 <br>部分英雄技能和物品技能的施放将不会增加点数。","item_en":"magic_wand"},"count":1},{"goods":{"id":65,"bigtype":"升级物品","type":"辅助","wpmc":"静谧之鞋","wppz":"3","wptp":"http://www.dota2.com.cn/images/items/tranquil_boots_lg.png","jgtb":"http://www.dota2.com.cn/images/info1301/tit_img07.gif","jg":"975","wpjs":"虽然延长了穿戴者的寿命，但这鞋子其实并不可靠。","wpzyms":"","wpsyff":"被动：破损 - 只要攻击或受到攻击，静谧之鞋将损失回复效果和25点移动速度，持续13秒。","wpxg":"+ <span class=\"color_yellow\">90</span> 移动速度<br/>+ <span class=\"color_yellow\">4</span> 护甲<br/>+ <span class=\"color_yellow\">12</span> 生命恢复速率","lqsjtb":"http://www.dota2.com.cn/images/info1301/ico2.gif","lqsj":"13","mfxhtb":"","mfxh":"","qzwptb":"","wpzyms2":"","item_en":"tranquil_boots"},"count":1},{"goods":{"id":70,"bigtype":"升级物品","type":"辅助","wpmc":"梅肯斯姆","wppz":"3","wptp":"http://www.dota2.com.cn/images/items/mekansm_lg.png","jgtb":"http://www.dota2.com.cn/images/info1301/tit_img07.gif","jg":"2306","wpjs":"各种散件不知是怎样完美地组合起来，形成的散发着光芒的珠宝。","wpzyms":"多个梅肯斯姆光环无法叠加。","wpsyff":"主动：回复-为周围友方单位回复250点生命值，并提升2点护甲。<br/>被动：梅肯斯姆光环-提升周围友方单位生命恢复速率。","wpxg":"+ <span class=\"color_yellow\">5</span> 所有属性<br/>+ <span class=\"color_yellow\">5</span> 护甲<br/>额外生命恢复速率：<span class=\"color_yellow\">4</span>","lqsjtb":"http://www.dota2.com.cn/images/info1301/ico2.gif","lqsj":"45","mfxhtb":"http://www.dota2.com.cn/images/info1301/ico1.gif","mfxh":"225","qzwptb":null,"wpzyms2":"回复不能作用于25秒内已经被回复作用过的单位。","item_en":"mekansm"},"count":1},{"goods":{"id":9,"bigtype":"基础物品","type":"消耗品","wpmc":"侦查守卫","wppz":"3","wptp":"http://www.dota2.com.cn/images/items/ward_observer_lg.png","jgtb":"http://www.dota2.com.cn/images/info1301/tit_img07.gif","jg":"150","wpjs":"","wpzyms":"持续7分钟。","wpsyff":"使用：放置侦查守卫来获得附近区域的视野。","wpxg":"","lqsjtb":"http://www.dota2.com.cn/images/info1301/ico2.gif","lqsj":"1","mfxhtb":"","mfxh":"","qzwptb":"","wpzyms2":"","item_en":"ward_observer"},"count":1},{"goods":{"id":5,"bigtype":"基础物品","type":"消耗品","wpmc":"回城卷轴","wppz":"3","wptp":"http://www.dota2.com.cn/images/items/tpscroll_lg.png","jgtb":"http://www.dota2.com.cn/images/info1301/tit_img07.gif","jg":"75","wpjs":"","wpzyms":"","wpsyff":"使用：传送-将你传送到一个指定的友方建筑。","wpxg":"","lqsjtb":"http://www.dota2.com.cn/images/info1301/ico2.gif","lqsj":"65","mfxhtb":"http://www.dota2.com.cn/images/info1301/ico1.gif","mfxh":"75","qzwptb":null,"wpzyms2":"","item_en":"tpscroll"},"count":1}],"adapt_kz_list":[{"id":73,"zwm":"噬魂鬼","ywm":"Lifestealer","jc":"小狗","xttx":"http://www.dota2.com.cn/images/heroes/life_stealer_full.png","dttx":"http://www.dota2.com.cn/images/heroes/life_stealer_vert.jpg","gjlx":"近战","yxlx":"力量","yxdw":"核心|耐久|打野|逃生","zltb":"http://www.dota2.com.cn/images/info1301/tit_img01.gif","zljc":"15","zlsj":"1.75","mjtb":"http://www.dota2.com.cn/images/info1301/tit_img02.gif","mjjc":"18","mjsj":"1.90","lltb":"http://www.dota2.com.cn/images/info1301/tit_img03.gif","lljc":"25","llsj":"2.40","gjltb":"http://www.dota2.com.cn/images/info1301/tit_img06.gif","csgjl":"32-42","ydsdtb":"http://www.dota2.com.cn/images/info1301/tit_img05.gif","csydsd":"315","hjtb":"http://www.dota2.com.cn/images/info1301/tit_img04.gif","cshj":"1.52","yxbj":"在德瓦克地下城中，关押着一个一心想要复仇的巫师，他正在密谋着如何逃跑。和他被关在同一间牢房的，是一个口齿不清的生物，一个名叫奈克斯的贼，它被邪恶议会施加了长命百岁的诅咒，这样才有足够的时间来尽可能多的惩罚它的偷窃和欺骗的行径。年复一年，它的枷锁已然被侵蚀得不成样子，它的思维也不再清醒；奈克斯已经完全忘记了以前的事情，也不再想着逃跑。巫师见状，觉得自己为逃跑大计找到了一个完美的牺牲品，于是对奈克斯施放了感染之咒，将自己的生命之力灌注到奈克斯的躯壳里，然后指使奈克斯制造暴乱，牺牲它的躯体来破坏囚牢，巫师随后就能返回自己的身体，然后神不知鬼不觉的逃跑。然而他的如意算盘并未实现，在进入奈克斯躯体以后，巫师发现他的神志被一个疯狂的旋涡所捕获，那个旋涡的力量强横无匹，抹掉了他所有的意识。由于其意识被一个鲜活生命的闯入刺激，奈克斯突然之间从它那疯狂的梦魇中清醒了过来，并且按着脑海中那个虚无的声音的唯一的指令行动：逃跑。也就是在那个时候，噬魂鬼正式诞生。这个生命体将自己的心智灌注到地下城里面的卫兵身体里，强迫他们打开牢笼，杀死其他卫兵，为噬魂鬼打开了一条畅通无阻的自由大道，而他们的生命也在被吞噬。现在，噬魂鬼仍然带着那串破碎的镣铐，似乎是在告诉世界没有人能够禁锢住他，但同时它心里还认为自己是个囚犯。两个意识共存于一个身体里——一个恶毒狡猾，阳奉阴违的生命。","dj":"1|15|25","smz":"625|1263|2099","mfz":"195|514|1001","gjl":"57-67|91-101|135-145","hj":"2|5|11","syfw":"1800/800","gjfw":"128","ddsd":"N/A","jdtj1":"http://www.dota2.com.cn/images/property/add/lifestealer.jpg","jdms1":"小狗的加点比较灵活，在不同的局势下前期加满任何一种技能都是可以的。建议3级的时候3个技能个点一级，然后再根据场上形势选择主次。","jdtj2":null,"jdms2":null,"cmzb":"树之祭祀*1|治疗药膏*1|圆盾*1|铁树枝干*3","qqzb":"速度之靴*1|魔棒*1","hxzb":"动力鞋*1|魔杖*1|莫尔迪基安的臂章*1|振奋宝石*1","hqsz":"雷神之锤*1|强袭胸甲*1|深渊之刃*1|黯灭*1|闪烁匕首*1|撒旦之邪力*1","ljt":"http://www.dota2.com.cn/images/property/life_stealer.gif","path":"lifestealer","zymc":"夜魇","zytb":"http://www.dota2.com.cn/images/heropedia/dire.jpg","yxtp":"http://www.dota2.com.cn/images/others/life_stealer_big1.jpg","gjlxxj":"1","yxdwxj":"2|2|1|1","llsjsmz":"19","llsjsmhf":"0.03","mjsjhj":"1","mjsjgjsd":"1","zlsjmfz":"13","zlsjmfhf":"0.04","sjgjl":"1","pjsh":"62","gjsd":"118|126|164","gjms":"1.44","gjsh":"57-67","gjjl":"128|128|128","wlhj":"1","wlshkx":"8%","mfshkx":"25%","minitb":"http://www.dota2.com.cn/images/heroes/life_lifestealer_icon.png"},{"id":104,"zwm":"灰烬之灵","ywm":"Ember Spirit","jc":"火熊猫","xttx":"http://www.dota2.com.cn/images/heroes/ember_spirit_full.png","dttx":"http://www.dota2.com.cn/images/heroes/ember_spirit_vert.jpg","gjlx":"近战","yxlx":"敏捷","yxdw":"核心|爆发","zltb":"http://www.dota2.com.cn/images/info1301/tit_img01.gif","zljc":"20","zlsj":"1.8","mjtb":"http://www.dota2.com.cn/images/info1301/tit_img02.gif","mjjc":"22","mjsj":"1.8","lltb":"http://www.dota2.com.cn/images/info1301/tit_img03.gif","lljc":"19","llsj":"2","gjltb":"http://www.dota2.com.cn/images/info1301/tit_img06.gif","csgjl":"30-34","ydsdtb":"http://www.dota2.com.cn/images/info1301/tit_img05.gif","csydsd":"310","hjtb":"http://www.dota2.com.cn/images/info1301/tit_img04.gif","cshj":"1.08","yxbj":"在燃烧要塞中有一口玉石大釜，里面装满了灰烬，这是当年的战争诗人，炘的火葬之地。炘毕生都在卫火盟教导年轻的弟子。后来燃烧之神被炘的师德所打动，下凡来到要塞中，重新点燃了灰烬。余烬之中，炘的样子渐渐成型，四周环绕着火焰。他的面容一如既往的沉静，为了让知识之火燎原，为寻求指引的人提供方向，他已准备就绪。","dj":"1|15|25","smz":"511|1043|1803","mfz":"260|588|1082","gjl":"52-56|71-81|115-119","hj":"1|5|10","syfw":"1800/800","gjfw":"128","ddsd":"N/A","jdtj1":"http://www.dota2.com.cn/images/property/ember_spirit.jpg","jdms1":"由于烈火罩能持续造成伤害，所以可以进行主升，之后升级炎阳索，提升技能伤害，有大加大，最后升级无影拳，增加中后期带线和消耗的能力。","jdtj2":"","jdms2":"","cmzb":"治疗药膏*1|净化药水*2|铁树枝干*2|圆盾*1","qqzb":"速度之靴*1|魔棒*1|影之灵龛*1","hxzb":"奥术鞋*1|魔杖*1|先锋盾*1","hqsz":"代达罗斯之殇*1|恐鳌之心*1|蝴蝶*1|雷神之锤*1|狂战斧*2","ljt":"http://www.dota2.com.cn/images/property/ember_spirit.gif","path":"ember_spirit","zymc":"天辉","zytb":"http://www.dota2.com.cn/images/heropedia/radiant.jpg","yxtp":"http://www.dota2.com.cn/images/others/ember_spirit_big1.jpg","gjlxxj":"1","yxdwxj":"1|2","llsjsmz":"19","llsjsmhf":"0.03","mjsjhj":"1","mjsjgjsd":"1","zlsjmfz":"13","zlsjmfhf":"0.04","sjgjl":"1","pjsh":"54","gjsd":"122|129|165","gjms":"1.39","gjsh":"52-56","gjjl":"128|128|128","wlhj":"1","wlshkx":"6%","mfshkx":"25%","minitb":"http://www.dota2.com.cn/images/heroes/ember_spirit_icon.png"},{"id":105,"zwm":"军团指挥官","ywm":"Legion Commander","jc":"军团","xttx":"http://www.dota2.com.cn/images/heroes/legion_commander_full.png","dttx":"http://www.dota2.com.cn/images/heroes/legion_commander_vert.jpg","gjlx":"近战","yxlx":"力量","yxdw":"核心 - 耐久","zltb":"http://www.dota2.com.cn/images/info1301/tit_img01.gif","zljc":"20","zlsj":"2.20","mjtb":"http://www.dota2.com.cn/images/info1301/tit_img02.gif","mjjc":"18","mjsj":"1.70","lltb":"http://www.dota2.com.cn/images/info1301/tit_img03.gif","lljc":"26","llsj":"2.60","gjltb":"http://www.dota2.com.cn/images/info1301/tit_img06.gif","csgjl":"35-39","ydsdtb":"http://www.dota2.com.cn/images/info1301/tit_img05.gif","csydsd":"320","hjtb":"http://www.dota2.com.cn/images/info1301/tit_img04.gif","cshj":"2.52","yxbj":"这是全无征兆的一天。石堂城的城墙里突然传来一阵轰隆隆的声响，一团黑色云雾出现，数不尽的魔兽大军从中奔涌而出，他们的魔火和邪术让所有人措手不及。城内的老弱妇孺纷纷惨遭毒手。\n曾经所向披靡的石堂城军队，古铜军团闻讯火速赶来响应。他们由未尝一败的指挥官特蕾丝汀带领军团开进城内，只见沿途的巷道溅满了鲜血，市集燃起了熊熊大火。士兵们从敌人中杀出一条血路，到达这次入侵的源头：石堂城的城市广场，虚无裂隙在其中央，旁边则是魔军骇人的首领。\n首领浑身笼罩着毁灭性的光芒，挥舞着一把大刀，他二话不说将一名士兵劈成了两半，只见尸首即刻开始腐烂。特蕾丝汀举起溅满鲜血的大刀，目光锁定在这怪物身上。他转过身来，对着她咧开嘴开始笑，牙齿乱得跟迷宫一般。他们全然不顾周遭的激烈战斗，向对方冲去。\n两人迅速缠斗在一起。每个招数都被对方挡下，两人的拼死决斗就如舞蹈一般行云流水，古铜军团的士兵则在他们周围一一倒下。特蕾丝汀见对手一刀向她劈来，她纵身一跃，跳到了敌人的身后。局势就此出现了逆转。敌人见状不妙，马上变招，劈砍变成横切，从侧面向她切去，这时她刚站稳，马上为之一振见招拆招。两刀相碰，特蕾丝汀顺势使劲，将刀柄下满是节瘤的敌爪斩下，场上顿时血光一片。其他魔兽见到如此场面早已惊呆，特蕾丝汀趁机发动强攻，将她的长刀刺进敌人的心脏。魔物一声仰天哀嚎，震散了天上的乌云，他在痛苦的扭曲中化成了滚滚淤血。深渊的门户开始颤栗，维系裂隙的力量就如突现一样消失的无影无踪。剩下的入侵者也很快倒在了石堂城的铁骑之下。\n尽管赢得了胜利，谁也没有心情庆祝：石堂城满目疮痍，伤亡无数。特蕾丝汀重新扬起战旗，召集了一群友军。她的愤怒随时都会爆发，誓要将深渊的魔物大军赶尽杀绝。谁敢作对，格杀勿论。","dj":"1|15|25","smz":"644|1336|2210","mfz":"260|660|1206","gjl":"61-65|97-101|143-147","hj":"3|6|11","syfw":"1800/800","gjfw":"128","ddsd":"N/A","jdtj1":"http://www.dota2.com.cn/images/property/add/legion_commander.jpg","jdms1":"压倒性优势是一个高伤害技能，推荐主加。附加强攻能保证线上有不俗的回复效果。团战时使用强攻帮助队友解除状态。闪烁匕首能帮助你快速接近敌人施放决斗。但是由于决斗后容易被对方集火，所以在出好黑皇杖前尽量少在团战中用来做先手。","jdtj2":null,"jdms2":null,"cmzb":"治疗药膏*1|净化药水*2|圆盾*1|铁树枝干*2","qqzb":"速度之靴*1|魔棒*1|影之灵龛*1","hxzb":"动力鞋*1|魔杖*1|闪烁匕首*1","hqsz":"天堂之戟*1|黑皇杖*1|莫尔迪基安的臂章*1|恐鳌之心*1|强袭胸甲*1","ljt":"http://www.dota2.com.cn/images/property/legion_commander.gif","path":"legion_commander","zymc":"天辉","zytb":"http://www.dota2.com.cn/images/heropedia/radiant.jpg","yxtp":"http://www.dota2.com.cn/images/others/legion_commander_big1.jpg","gjlxxj":"1","yxdwxj":"1|2","llsjsmz":"19","llsjsmhf":"0.03","mjsjhj":"1","mjsjgjsd":"1","zlsjmfz":"13","zlsjmfhf":"0.04","sjgjl":"1","pjsh":"59","gjsd":"118|125|159","gjms":"1.44","gjsh":"61-65","gjjl":"128|128|128","wlhj":"2","wlshkx":"13%","mfshkx":"25%","minitb":"http://www.dota2.com.cn/images/heroes/legion_commander_icon.png"},{"id":41,"zwm":"冥魂大帝","ywm":"Wraith King","jc":"SNK、骷髅王","xttx":"http://www.dota2.com.cn/images/heroes/skeleton_king_full.png","dttx":"http://www.dota2.com.cn/images/heroes/skeleton_king_vert.jpg","gjlx":"近战","yxlx":"力量","yxdw":"耐久|核心|控制","zltb":"http://www.dota2.com.cn/images/info1301/tit_img01.gif","zljc":"18","zlsj":"1.60","mjtb":"http://www.dota2.com.cn/images/info1301/tit_img02.gif","mjjc":"18","mjsj":"1.70","lltb":"http://www.dota2.com.cn/images/info1301/tit_img03.gif","lljc":"22","llsj":"2.90","gjltb":"http://www.dota2.com.cn/images/info1301/tit_img06.gif","csgjl":"39-41","ydsdtb":"http://www.dota2.com.cn/images/info1301/tit_img05.gif","csydsd":"300","hjtb":"http://www.dota2.com.cn/images/info1301/tit_img04.gif","cshj":"2.52","yxbj":"奥斯塔里昂大帝那建造在敌人骸骨上的庞大帝国已经屹立了无数个年头了，他对自己的统治有着无尽的狂热，希望自己的集权统治能够永生不灭。他坚信，只要自己宫殿里的的白骨高塔建成，他就将万古不朽。然后他最终还是意识到自己这一想法的荒谬...白骨也会腐坏。出于对血肉之躯的不屑，他找到了一个更为长久的办法来维持自己的统治，冥魂之力，一种在某些黑暗生物死亡时释放出的纯粹的精神力量。出于国王的骄傲，在计划将冥魂精华灌入自己体内时，他认为最好自己也能拥有一副光耀不灭的躯体。在千年一遇的至日，冥魂之夜那一天，他启动了仪式，命令他的手下收集足够多的灵魂来完成他自己的不朽。王上终不朽，将士万骨枯。现在，冥魂大帝已不再迷恋他那闪光的王座——他拔出自己的巨剑外出征伐，被他征服的人，要献上自己无惧死亡的绝对忠诚。","dj":"1|15|25","smz":"568|1339|2270","mfz":"234|525|993","gjl":"61-63|102-104|151-153","hj":"3|6|11","syfw":"1800/800","gjfw":"128","ddsd":"N/A","jdtj1":"http://www.dota2.com.cn/images/property/add/skeleton_king.jpg","jdms1":"这是一种比较常见的骷髅王加点，骷髅是个弱智英雄，前期蓝量只够仍一次锤子，所以前期加黄点对骷髅的性价比非常高。","jdtj2":null,"jdms2":null,"cmzb":"树之祭祀*1|治疗药膏*1|净化药水*1|铁树枝干*2|压制之刃*1","qqzb":"魔棒*1|速度之靴*1|铁意头盔*1","hxzb":"魔杖*1|动力鞋*1|莫尔迪基安的臂章*1","hqsz":"黯灭*1|黑皇杖*1|强袭胸甲*1|深渊之刃*1|恐鳌之心*1|天堂之戟*1","ljt":"http://www.dota2.com.cn/images/property/skeleton_king.gif","path":"wraith_king","zymc":"夜魇","zytb":"http://www.dota2.com.cn/images/heropedia/dire.jpg","yxtp":"http://www.dota2.com.cn/images/others/skeleton_king_big1.jpg","gjlxxj":"1","yxdwxj":"3|2|2","llsjsmz":"19","llsjsmhf":"0.03","mjsjhj":"1","mjsjgjsd":"1","zlsjmfz":"13","zlsjmfhf":"0.04","sjgjl":"1","pjsh":"55","gjsd":"118|125|159","gjms":"1.44","gjsh":"54-56","gjjl":"128|128|128","wlhj":"3","wlshkx":"17%","mfshkx":"25%","minitb":"http://www.dota2.com.cn/images/heroes/skeleton_king_icon.png"}]}