{"hero":{"id":83,"zwm":"剃刀","ywm":"Razor","jc":"电棍","xttx":"http://www.dota2.com.cn/images/heroes/razor_full.png","dttx":"http://www.dota2.com.cn/images/heroes/razor_vert.jpg","gjlx":"远程","yxlx":"敏捷","yxdw":"核心-耐久-爆发","zltb":"http://www.dota2.com.cn/images/info1301/tit_img01.gif","zljc":"19","zlsj":"1.8","mjtb":"http://www.dota2.com.cn/images/info1301/tit_img02.gif","mjjc":"22","mjsj":"2","lltb":"http://www.dota2.com.cn/images/info1301/tit_img03.gif","lljc":"21","llsj":"1.7","gjltb":"http://www.dota2.com.cn/images/info1301/tit_img06.gif","csgjl":"23-25","ydsdtb":"http://www.dota2.com.cn/images/info1301/tit_img05.gif","csydsd":"295","hjtb":"http://www.dota2.com.cn/images/info1301/tit_img04.gif","cshj":"2.08","yxbj":"闪电幽魂-剃刀，是永劫之墟中最有代表性的可怕力量。他鞭打着闪电巡回在狭窄迷宫中，这是一个区分死者灵魂的迷宫，他们要靠生前的智慧、精明和毅力来通过其中变化莫测的网络通道。剃刀飘浮于迷宫上方，俯视着那些迷茫不前的灵魂，用闪电鞭打他们赶快前进去决定他们的命运，朝向光明的出口或者黑暗的地狱。剃刀是支配力量的永恒化身，他使用力量时残忍而客观。但他贵族般的气势暗示了他对工作那讽刺的满足。","dj":"1/15/25","smz":"549/1001/1704","mfz":"247/575/1069","gjl":"45-47/72-75/113-115","hj":"3/9/16","syfw":"1800/800","gjfw":"475","ddsd":"2000","jdtj1":"http://www.dota2.com.cn/images/property/add/razor.jpg","jdms1":"这是目前比较主流的电魂加点，主等离子场让电魂GANK，刷线都有不错的效果。前期优先升满不稳定电流让电魂增加机动性和逃生能力。","jdtj2":"","jdms2":"","cmzb":"守护指环*1|树之祭祀*1|治疗药膏*1|铁树枝干*2","qqzb":"魔棒*1|天鹰之戒*1|速度之靴*1","hxzb":"魔杖*1|动力鞋*1|先锋盾*1","hqsz":"散夜对剑*1|黯灭*1|恐鳌之心*1|蝴蝶*1|阿哈利姆神杖*1","ljt":"http://www.dota2.com.cn/images/property/razor.gif","path":"razor","zymc":"夜魇","zytb":"http://www.dota2.com.cn/images/heropedia/dire.jpg","yxtp":"http://www.dota2.com.cn/images/others/razor_big1.jpg","gjlxxj":"1","yxdwxj":"1-1-1","llsjsmz":"19","llsjsmhf":"0.03","mjsjhj":"1","mjsjgjsd":"1","zlsjmfz":"13","zlsjmfhf":"0.04","sjgjl":"1","pjsh":"46","gjsd":"122/130/170","gjms":"1.39","gjsh":"45-47","gjjl":"475/475/475","wlhj":"2","wlshkx":"11%","mfshkx":"25%","minitb":"http://www.dota2.com.cn/images/heroes/razor_icon.png"},"skillList":[{"id":365,"zwm":"剃刀","jnmc":"等离子场","jntb":"http://www.dota2.com.cn/images/heroes/abilities/razor_plasma_field_hp1.png","jnms":"释放一波威力随扩张程度提升的等离子能量场，收缩时也会对经过的敌人造成伤害。距离剃刀越远，伤害越大","mftb":"http://www.dota2.com.cn/style/../images/info1301/ico2.gif","mfxh":"125/125/125/125","lqtb":"http://www.dota2.com.cn/style/../images/info1301/ico2.gif","lqsj":"14","jnxg":"<span class=\"color_white\">技能：</span>无目标|<span class=\"color_white\">最低伤害：</span>30/50/70/90|<span class=\"color_white\">伤害类型：</span>魔法|<span class=\"color_white\">最高伤害：</span>160/230/300/370|<span class=\"color_white\">无视技能免疫：</span>否|<span class=\"color_white\">作用范围：</span>700","jnsp":"http://dota2.dl.wanmei.com/dota2/video/abilities/razor_plasma_field_creeps.mp4","spms":"掌控闪电。","djjd":"1,3,5,7","ewms":""},{"id":366,"zwm":"剃刀","jnmc":"静电连接","jntb":"http://www.dota2.com.cn/images/heroes/abilities/razor_static_link_hp1.png","jnms":"在剃刀和一个敌方英雄之间创造静电连接，偷取目标的攻击力并将其转移给剃刀。","mftb":"http://www.dota2.com.cn/style/../images/info1301/ico2.gif","mfxh":"50","lqtb":"http://www.dota2.com.cn/style/../images/info1301/ico2.gif","lqsj":"32/30/28/26","jnxg":"<span class=\"color_white\">技能：</span>单位目标|<span class=\"color_white\">连接持续时间：</span>8/8/8/8|<span class=\"color_white\">影响：</span>敌方英雄|<span class=\"color_white\">攻击加成持续时间：</span>18/18/18/18|<span class=\"color_white\">无视技能免疫：</span>是|<span class=\"color_white\">攻击力吸取速率：</span>7/14/21/28","jnsp":"http://dota2.dl.wanmei.com/dota2/video/abilities/razor_static_link.mp4","spms":"剃刀的极性吸引电流通向自身，以汲取他对手的力量。","djjd":"4,12,13,14","ewms":"链接在一方单位死亡或双方距离超过700后断裂。<br/>可以对技能免疫单位施放。"},{"id":367,"zwm":"剃刀","jnmc":"不稳定电流","jntb":"http://www.dota2.com.cn/images/heroes/abilities/razor_unstable_current_hp1.png","jnms":"提升剃刀的移动速度，并且对剃刀使用指向性技能的施法者会立刻受到电流的反击伤害，并被减速。","mftb":"","mfxh":"0","lqtb":"","lqsj":"0","jnxg":"<span class=\"color_white\">技能：</span>被动|<span class=\"color_white\">攻击力：</span>40/70/100/130|<span class=\"color_white\">伤害类型：</span>魔法|<span class=\"color_white\">移动速度提升：</span>4%/8%/12%/16%|<span class=\"color_white\">无视技能免疫：</span>否|<span class=\"color_white\">减速持续时间: </span>0.5/1/1.5/2","jnsp":"http://dota2.dl.wanmei.com/dota2/video/abilities/razor_unstable_current.mp4","spms":"攻击闪电幽魂，会毫无例外地体验电击疗法","djjd":"2,8,9,10","ewms":"敌人只要以剃刀为目标施放技能就会马上受到伤害。<br/>只有在施法者是英雄单位时才会有效。"},{"id":368,"zwm":"剃刀","jnmc":"风暴之眼","jntb":"http://www.dota2.com.cn/images/heroes/abilities/razor_eye_of_the_storm_hp1.png","jnms":"强大的闪电风暴，打击生命值最低的敌方单位，造成伤害并削弱护甲。 可用神杖升级。","mftb":"http://www.dota2.com.cn/style/../images/info1301/ico2.gif","mfxh":"100/150/200","lqtb":"http://www.dota2.com.cn/style/../images/info1301/ico2.gif","lqsj":"80/70/60","jnxg":"<span class=\"color_white\">技能：</span>无目标|<span class=\"color_white\">伤害类型：</span>物理|<span class=\"color_white\">作用范围：</span>500/500/500|<span class=\"color_white\">持续时间：</span>30|<span class=\"color_white\">打击间隔：</span>0.7/0.6/0.5|<span class=\"color_white\">护甲削弱：</span>1/1/1|<span class=\"color_white\">伤害：</span>37/50/63|<span class=\"color_green\">神杖升级打击间隔：</span>0.55/0.45/0.35","jnsp":"http://dota2.dl.wanmei.com/dota2/video/abilities/razor_eye_of_the_storm_creeps.mp4","spms":"掌控闪电。","djjd":"6,11,16","ewms":"每次打击都会以范围内血量最低的敌方单位为目标。"}],"qqzbList":[{"goods":{"id":36,"bigtype":"基础物品","type":"奥术","wpmc":"魔棒","wppz":"1","wptp":"http://www.dota2.com.cn/images/items/magic_stick_lg.png","jgtb":"http://www.dota2.com.cn/images/info1301/tit_img07.gif","jg":"200","wpjs":"一个简易但实用的魔杖，能够补充使用者的能量--巫师学徒和高级术士都喜欢。","wpzyms":"","wpsyff":"主动：充能 - 每当周围有敌人施放技能都会自动充能（最多10点能量）。当使用时，每点能量为你回复生命值和魔法值。","wpxg":"每点能量回复：<span class=\"color_yellow\">15</span>","lqsjtb":"http://www.dota2.com.cn/images/info1301/ico2.gif","lqsj":"13","mfxhtb":"","mfxh":"","qzwptb":"","wpzyms2":"1200码视野范围内敌人使用技能就会获得点数。<br>部分英雄技能和物品技能的施放将不会增加点数。","item_en":"magic_stick"},"count":1},{"goods":{"id":64,"bigtype":"升级物品","type":"辅助","wpmc":"天鹰之戒","wppz":"3","wptp":"http://www.dota2.com.cn/images/items/ring_of_aquila_lg.png","jgtb":"http://www.dota2.com.cn/images/info1301/tit_img07.gif","jg":"985","wpjs":"陨落督军阿奎拉的戒指依然在战场上支援着军队。","wpzyms":"多个天鹰光环的效果不叠加。","wpsyff":"被动：天鹰光环-给予900内友军额外的魔法恢复速率和护甲。<br>主动：切换光环的影响单位（普通/仅限英雄）。","wpxg":"+ <span class=\"color_yellow\">9</span> 攻击力<br/>+ <span class=\"color_yellow\">3</span> 所有属性<br/>+ <span class=\"color_yellow\">6</span> 敏捷<br/>+ <span class=\"color_yellow\">1</span> 护甲<br/>光环恢复魔法：<span class=\"color_yellow\">0.65</span><br/>光环提升护甲：<span class=\"color_yellow\">2</span>","lqsjtb":"","lqsj":"","mfxhtb":"","mfxh":"","qzwptb":"","wpzyms2":"王者之戒，天鹰之戒和弗拉迪米尔的祭品拥有的护甲光环互不叠加。","item_en":"ring_of_aquila"},"count":1},{"goods":{"id":39,"bigtype":"基础物品","type":"奥术","wpmc":"速度之靴","wppz":"1","wptp":"http://www.dota2.com.cn/images/items/boots_lg.png","jgtb":"http://www.dota2.com.cn/images/info1301/tit_img07.gif","jg":"450","wpjs":"穿双鞋子，跑的更快。","wpzyms":"移动速度提升效果不与其他鞋子叠加。","wpsyff":"","wpxg":"+ <span class=\"color_yellow\">50</span> 移动速度","lqsjtb":"","lqsj":"","mfxhtb":"","mfxh":"","qzwptb":"","wpzyms2":"","item_en":"boots"},"count":1}],"cmzbList":[{"goods":{"id":24,"bigtype":"基础物品","type":"军备","wpmc":"守护指环","wppz":"1","wptp":"http://www.dota2.com.cn/images/items/ring_of_protection_lg.png","jgtb":"http://www.dota2.com.cn/images/info1301/tit_img07.gif","jg":"200","wpjs":"能保护佩戴者的闪光戒指。","wpzyms":"","wpsyff":"","wpxg":"+ <span class=\"color_yellow\">3</span> 护甲","lqsjtb":"","lqsj":"","mfxhtb":"","mfxh":"","qzwptb":null,"wpzyms2":"","item_en":"ring_of_protection"},"count":1},{"goods":{"id":2,"bigtype":"基础物品","type":"消耗品","wpmc":"树之祭祀","wppz":"3","wptp":"http://www.dota2.com.cn/images/items/tango_lg.png","jgtb":"http://www.dota2.com.cn/images/info1301/tit_img07.gif","jg":"125","wpjs":"战场上的救命稻草。","wpzyms":"","wpsyff":"使用：吃树-吃掉一棵树来恢复生命值。可以使用4次。","wpxg":"持续时间：<span class=\"color_yellow\">16</span><br/>生命恢复量：<span class=\"color_yellow\">115</span>","lqsjtb":"","lqsj":"","mfxhtb":"","mfxh":"","qzwptb":"","wpzyms2":"","item_en":"tango"},"count":1},{"goods":{"id":3,"bigtype":"基础物品","type":"消耗品","wpmc":"治疗药膏","wppz":"3","wptp":"http://www.dota2.com.cn/images/items/flask_lg.png","jgtb":"http://www.dota2.com.cn/images/info1301/tit_img07.gif","jg":"115","wpjs":"即使最严重的伤口也能快速治愈的魔法药膏。","wpzyms":"","wpsyff":"使用：恢复 - 持续恢复生命值，受到攻击会驱散效果。","wpxg":"持续时间：<span class=\"color_yellow\">10</span><br/>生命回复量：<span class=\"color_yellow\">400</span>","lqsjtb":"","lqsj":"","mfxhtb":"","mfxh":"","qzwptb":"","wpzyms2":"治疗药膏可以共享。","item_en":"flask"},"count":1},{"goods":{"id":12,"bigtype":"基础物品","type":"属性","wpmc":"铁树枝干","wppz":"1","wptp":"http://www.dota2.com.cn/images/items/branches_lg.png","jgtb":"http://www.dota2.com.cn/images/info1301/tit_img07.gif","jg":"50","wpjs":"一根看起来很普通的树枝，它如铁般坚硬的品质赋予持有者好运。","wpzyms":"","wpsyff":"","wpxg":"+ <span class=\"color_yellow\">1</span> 所有属性","lqsjtb":"","lqsj":"","mfxhtb":"","mfxh":"","qzwptb":"","wpzyms2":"","item_en":"branches"},"count":2}],"adapt_type_list":[{"id":18,"zwm":"伐木机","ywm":"Timbersaw","jc":"地精撕裂者","xttx":"http://www.dota2.com.cn/images/heroes/shredder_full.png","dttx":"http://www.dota2.com.cn/images/heroes/shredder_vert.jpg","gjlx":"近战","yxlx":"力量","yxdw":"近战|耐久|爆发|逃生","zltb":"http://www.dota2.com.cn/images/info1301/tit_img01.gif","zljc":"21","zlsj":"2.40","mjtb":"http://www.dota2.com.cn/images/info1301/tit_img02.gif","mjjc":"16","mjsj":"1.30","lltb":"http://www.dota2.com.cn/images/info1301/tit_img03.gif","lljc":"25","llsj":"2.10","gjltb":"http://www.dota2.com.cn/images/info1301/tit_img06.gif","csgjl":"26-30","ydsdtb":"http://www.dota2.com.cn/images/info1301/tit_img05.gif","csydsd":"290","hjtb":"http://www.dota2.com.cn/images/info1301/tit_img04.gif","cshj":"0.24","yxbj":"直到现在瑞兹拉克的脑海中仍然还萦绕着那尖叫声。他原来的工作是马不停蹄地转动扳手，扭紧螺丝，搭建模型，切割模具，锻造机器。睡眠离他而去；他终日都在制造机器的工作中度过。就这样，他把自己关在了他叔叔的工坊里。一晃数月过去，工作即将完成，他马上就能得到解放。一天，他抬了抬直掉的眼皮，站起来揉了揉背，看着窗外预兆湾那徐徐的波浪，上面竟飘来了满满的花朵，花朵开始爆裂，变成了花粉云团，直奔肺部而去，碰到的人纷纷倒地。他被呛地一激灵，睡意顿时一扫而空。之后几个小时工坊里尽是抑扬顿挫的磨刀声，他将一套巨大的刀刃磨得锃亮。他的脑海里满是邻居因窒息而死青筋暴起的惨状，被花树包围的房屋。但预兆湾的花潮相比潮水过后城墙外的哀鸿遍野就不值一提了。不过他眼里这套锯齿机器强大而富有安全感，他抱着这一丝希望，这样逐渐模糊的意识里才没有被恐惧全部占据。城市里遍地可见花枝和鲜血。在城市毁灭时，瑞兹拉克逃离了那些能够行走战斗还会杀人的花树。花树毁坏了城门，涌入城市。预兆湾最后召集的守卫也被他们肆意碾压践踏，寥寥无几的难民后面花树还在紧紧地追赶。虽然瑞兹拉克的头脑还是一片混沌，但是他静悄悄地从机器手臂里拽出一根巨大的链条，双手颤抖着检查了每个节点，用战栗的手指按了按链条末端的钢爪。这套锯齿机器已经就绪待命。他颤颤巍巍地用双手将这浑身带着刀刃的机器启动。恐惧，无论是萦绕已久的恐惧还是他接下来要面对的恐惧都在驱使着他，他还怀有让自己头脑冷静的希望。随着机器的震动开始运转，他知道他必须面对这恐惧，他也知道这恐惧他一点也不想要。","dj":"1|15|25","smz":"625|1184|1963","mfz":"273|710|1282","gjl":"51-55|80-84|121-125","hj":"0|3|7","syfw":"1800/800","gjfw":"128","ddsd":"N/A","jdtj1":"http://www.dota2.com.cn/images/property/add/timbersaw.jpg","jdms1":"这是比较主流的伐木机加点，前期主T的性价比要比D高很多。1400码的范围在逃生追杀gank中都能起到非常不错的效果。前期线上无压力可以21对点，力求最大爆发。伐木机很难杀，尤其是高等级，有装备的伐木机。施放技能时尽量贴着树木，神圣伤害的效果还是非常给力的。","jdtj2":null,"jdms2":null,"cmzb":"树之祭祀*1|治疗药膏*1|铁树枝干*3|圆盾*1","qqzb":"速度之靴*1|护腕*1|魔瓶*1","hxzb":"奥术鞋*1|魔杖*1|血精石*1","hqsz":"邪恶镰刀*1|血精石*1|林肯法球*1|黑皇杖*1|达贡之神力*1|希瓦的守护*1","ljt":"http://www.dota2.com.cn/images/property/shredder.gif","path":"timbersaw","zymc":"天辉","zytb":"http://www.dota2.com.cn/images/heropedia/radiant.jpg","yxtp":"http://www.dota2.com.cn/images/others/shredder_big1.jpg","gjlxxj":"1","yxdwxj":"2|1|1","llsjsmz":"19","llsjsmhf":"0.03","mjsjhj":"1","mjsjgjsd":"1","zlsjmfz":"13","zlsjmfhf":"0.04","sjgjl":"1","pjsh":"53","gjsd":"116|121|147","gjms":"1.47","gjsh":"51-55","gjjl":"128|128|128","wlhj":"0","wlshkx":"1%","mfshkx":"25%","minitb":"http://www.dota2.com.cn/images/heroes/shredder_icon.png"},{"id":50,"zwm":"裂魂人","ywm":"Spirit Breaker","jc":"白牛，SB","xttx":"http://www.dota2.com.cn/images/heroes/spirit_breaker_full.png","dttx":"http://www.dota2.com.cn/images/heroes/spirit_breaker_vert.jpg","gjlx":"近战","yxlx":"力量","yxdw":"耐久|核心|先手|控制","zltb":"http://www.dota2.com.cn/images/info1301/tit_img01.gif","zljc":"14","zlsj":"1.80","mjtb":"http://www.dota2.com.cn/images/info1301/tit_img02.gif","mjjc":"17","mjsj":"1.70","lltb":"http://www.dota2.com.cn/images/info1301/tit_img03.gif","lljc":"29","llsj":"2.40","gjltb":"http://www.dota2.com.cn/images/info1301/tit_img06.gif","csgjl":"31-41","ydsdtb":"http://www.dota2.com.cn/images/info1301/tit_img05.gif","csydsd":"290","hjtb":"http://www.dota2.com.cn/images/info1301/tit_img04.gif","cshj":"5.38","yxbj":"裂魂人巴拉森来自元素领域，他高傲、强大、凶猛且精通元素之力，来到物质世界参与那些会影响到元素世界的事件。为此他准备了一个能派上用处的形态，既存在于我们的物质世界，又存在于物质世界之外。他的物理形态来自于我们的物质世界，又像牛又像人，有蹄和手，这个外表象征着他的力量、速度与狡猾。他戴着的鼻环则暗示了他侍奉于一位藏在幕后的主人，而这个世界对他来说不过是元素世界的影子。","dj":"1|15|25","smz":"701|1339|2175","mfz":"182|510|1004","gjl":"60-70|94-104|138-148","hj":"5|9|14","syfw":"1800/800","gjfw":"128","ddsd":"N/A","jdtj1":"http://www.dota2.com.cn/images/property/add/spirit_breaker.jpg","jdms1":"改版之后白牛的加点有了一些改变，现在神行太保不再附加攻击力，但是附加移动速度和攻击速度在前期的性价比很高的，这套加点比较平均，前期只点1级冲刺，然后神行太保和巨力重击对点，根据实际情况选择优先神行太保还是巨力重击。","jdtj2":null,"jdms2":null,"cmzb":"树之祭祀*1|治疗药膏*1|圆盾*1|铁树枝干*3","qqzb":"速度之靴*1|魔棒*1|影之灵龛*1|护腕*1","hxzb":"动力鞋*1|魔杖*1|疯狂面具*1|黑皇杖*1","hqsz":"恐鳌之心*1|天堂之戟*1|强袭胸甲*1|阿哈利姆神杖*1|代达罗斯之殇*1|","ljt":"http://www.dota2.com.cn/images/property/spirit_breaker.gif","path":"spirit_breaker","zymc":"夜魇","zytb":"http://www.dota2.com.cn/images/heropedia/dire.jpg","yxtp":"http://www.dota2.com.cn/images/others/spirit_breaker_big1.jpg","gjlxxj":"1","yxdwxj":"2|1|1|1","llsjsmz":"19","llsjsmhf":"0.03","mjsjhj":"1","mjsjgjsd":"1","zlsjmfz":"13","zlsjmfhf":"0.04","sjgjl":"1","pjsh":"65","gjsd":"106|113|147","gjms":"1.62","gjsh":"60-70","gjjl":"128|128|128","wlhj":"5","wlshkx":"24%","mfshkx":"25%","minitb":"http://www.dota2.com.cn/images/heroes/spirit_breaker_icon.png"},{"id":86,"zwm":"维萨吉","ywm":"Visage","jc":"灰鸟，死灵飞龙","xttx":"http://www.dota2.com.cn/images/heroes/visage_full.png","dttx":"http://www.dota2.com.cn/images/heroes/visage_vert.jpg","gjlx":"远程","yxlx":"智力","yxdw":"爆发|耐久|控制","zltb":"http://www.dota2.com.cn/images/info1301/tit_img01.gif","zljc":"24","zlsj":"2.5","mjtb":"http://www.dota2.com.cn/images/info1301/tit_img02.gif","mjjc":"11","mjsj":"1.3","lltb":"http://www.dota2.com.cn/images/info1301/tit_img03.gif","lljc":"22","llsj":"2.4","gjltb":"http://www.dota2.com.cn/images/info1301/tit_img06.gif","csgjl":"24-34","ydsdtb":"http://www.dota2.com.cn/images/info1301/tit_img05.gif","csydsd":"295","hjtb":"http://www.dota2.com.cn/images/info1301/tit_img04.gif","cshj":"-0.46","yxbj":"面目狰狞的石像鬼庞大的身影蹲坐在狭窄迷宫的入口，永恒地凝视着通往往生之境的路径。无论走兽还是飞鸟，人类还是怪物，一切服从生老病死并选择进入冥府的生物终有一天会经过它们的面前。对于一个离开肉体的灵魂而言，一旦做出了穿过死亡幕帘的决定就再无回头之路。不过总有一些不安分的灵魂凭着智力或机巧，借着偶然的契机得以从天国或是地狱逃离。这时候，令人胆寒的石像鬼维萨吉，承载死灵飞龙不朽灵魂的形体，就会被派遣出去寻回他们。维萨吉精明强干又冷酷无情，不受死亡或是疲倦的支配。它无休无止、毫不留情地追踪它的猎物，一心只想摧毁一切逃亡灵魂的藏身之处。谁敢嘲笑冥界的法则，谁就永远不得安宁。虽然亡者的确可以被复活，但他们迟早会被维萨吉找到，并且遣送回他们本来该在的地方。","dj":"1|15|25","smz":"568|1206|2042","mfz":"312|767|1352","gjl":"48-58|83-93|128-138","hj":"-0|2|7","syfw":"1800/800","gjfw":"600","ddsd":"900","jdtj1":"http://www.dota2.com.cn/images/property/add/visage.jpg","jdms1":"如今的死灵飞龙维萨吉已经很少出现在CW舞台中了，这是一个天生为三人路而生的英雄，前期灵魂超度堪称神技。新版本总更是加强了黄泉颤抖技能，在路人战中，玩得溜的死灵飞龙依然能有着亮眼的操作。如果前期压力较大，可以考虑多提升被动的等级，增加死灵飞龙的抗击打能力。","jdtj2":"","jdms2":"","cmzb":"树之祭祀*1|治疗药膏*1|净化药水*2|守护指环*1|铁树枝干*2","qqzb":"速度之靴*1|魔棒*1|王者之戒*1","hxzb":"动力鞋*1|魔杖*1|梅肯斯姆*1|勇气勋章*1","hqsz":"阿哈利姆神杖*1|邪恶镰刀*1|希瓦的守护*1|强袭胸甲*1|阿托斯之棍*1|恐鳌之心*1","ljt":"http://www.dota2.com.cn/images/property/visage.gif","path":"visage","zymc":"夜魇","zytb":"http://www.dota2.com.cn/images/heropedia/dire.jpg","yxtp":"http://www.dota2.com.cn/images/others/visage_big1.jpg","gjlxxj":"1","yxdwxj":"2|2|1","llsjsmz":"19","llsjsmhf":"0.03","mjsjhj":"1","mjsjgjsd":"1","zlsjmfz":"13","zlsjmfhf":"0.04","sjgjl":"1","pjsh":"53","gjsd":"111|116|142","gjms":"1.53","gjsh":"48-58","gjjl":"600|600|600","wlhj":"0","wlshkx":"-2%","mfshkx":"10%","minitb":"http://www.dota2.com.cn/images/heroes/visage_icon.png"},{"id":11,"zwm":"潮汐猎人","ywm":"Tidehunter","jc":"潮汐、TH","xttx":"http://www.dota2.com.cn/images/heroes/tidehunter_full.png","dttx":"http://www.dota2.com.cn/images/heroes/tidehunter_vert.jpg","gjlx":"近战","yxlx":"力量","yxdw":"先手|耐久|控制|辅助","zltb":"http://www.dota2.com.cn/images/info1301/tit_img01.gif","zljc":"16","zlsj":"1.70","mjtb":"http://www.dota2.com.cn/images/info1301/tit_img02.gif","mjjc":"15","mjsj":"1.50","lltb":"http://www.dota2.com.cn/images/info1301/tit_img03.gif","lljc":"22","llsj":"3.00","gjltb":"http://www.dota2.com.cn/images/info1301/tit_img06.gif","csgjl":"25-31","ydsdtb":"http://www.dota2.com.cn/images/info1301/tit_img05.gif","csydsd":"305","hjtb":"http://www.dota2.com.cn/images/info1301/tit_img04.gif","cshj":"3.1","yxbj":"人称利维坦的潮汐猎人曾经是沉没之岛的竞技大师，他的行为方式和他的同胞们一样神秘莫测。陆地居民都知道海上航线的重要性，帝国的崛起和衰亡都取决于谁掌控了公海。相比之下，海底航线和南海流民的敌对部族如何通过无数次小规模海底战斗开辟家园的故事，则鲜为人知。在南海人和陆地人那脆弱的协议中，我们可以瞥见这个海底王国的规模，不过他们的政体则显得十分复杂和不透明。利维坦似乎厌倦了这些琐碎的小冲突，便独自离开了，只效忠于他的深海之神-深渊触手麦尔朗恩。现在他在浅滩上独自游弋，寻找路上遇到的人类或者南海人，他对他的宿敌-海军上将昆卡有着一种独特的厌恶，然而他们为何成为敌人，已经和当年的激烈海战一起被遗忘了。","dj":"1|15|25","smz":"568|1366|2316","mfz":"208|517|998","gjl":"47-53|89-95|139-145","hj":"3|6|11","syfw":"1800/800","gjfw":"128","ddsd":"N/A","jdtj1":"http://www.dota2.com.cn/images/property/add/tidehunter.jpg","jdms1":"这是目前比较主流的潮汐加点，由于锚击变成了范围aoe，越来越多的人喜欢前期更早的将锚击点满。海妖外壳前期只点一级就够了。","jdtj2":null,"jdms2":null,"cmzb":"树之祭祀*1|治疗药膏*1|净化药水*1|力量手套*2|铁树枝干*1","qqzb":"魔棒*1|速度之靴*1|护腕*1","hxzb":"魔杖*1|奥术鞋*1|闪烁匕首*1","hqsz":"恐鳌之心*1|辉耀*1|希瓦的守护*1|强袭胸甲*1|洞察烟斗*1|刷新球*1|","ljt":"http://www.dota2.com.cn/images/property/tidehunter.gif","path":"tidehunter","zymc":"夜魇","zytb":"http://www.dota2.com.cn/images/heropedia/dire.jpg","yxtp":"http://www.dota2.com.cn/images/others/tidehunter_big1.jpg","gjlxxj":"1","yxdwxj":"3|3|2|1","llsjsmz":"19","llsjsmhf":"0.03","mjsjhj":"1","mjsjgjsd":"1","zlsjmfz":"13","zlsjmfhf":"0.04","sjgjl":"1","pjsh":"50","gjsd":"115|121|151","gjms":"1.48","gjsh":"47-53","gjjl":"128|128|128","wlhj":"3","wlshkx":"15%","mfshkx":"25%","minitb":"http://www.dota2.com.cn/images/heroes/tidehunter_icon.png"}],"videoList":[{"id":26,"spdz":"http://dota2.dl.wanmei.com/dota2/patch/razor_basic.flv","zwm":"剃刀","splx":"新手教学","createtime":null,"img":"http://www.dota2.com.cn/apps/dota2/images/video/raider/razor_basic.jpg","bfsc":"2:37","gxsj":"2013-10-30","spbb":"6.79","spdzm":"http://dota2.dl.wanmei.com/dota2/video/razor_basic.mp4"}],"recommendList":[{"id":126,"gldz":"http://www.dota2.com.cn/raiders/step/20131028/152404.shtml","tm":"DOTA2闪电幽魂出装加点攻略永劫之墟剃刀","sj":"2013-10-28","zwm":"剃刀","tp":"http://dota2.wanmei.com/resources/jpg/140214/10251392367757204.jpg","js":"闪电幽魂-剃刀，是永劫之墟中最有代表性的可怕力量。他鞭打着闪电巡回在狭窄迷宫中，这是一个区分死者灵魂的迷宫。"},{"id":127,"gldz":"http://www.dota2.com.cn/raiders/newer/20131028/152401.shtml","tm":"永劫之墟中的闪电幽魂剃刀","sj":"2013-10-28","zwm":"剃刀","tp":"http://dota2.wanmei.com/resources/jpg/140214/10251392367806241.jpg","js":"http://www.dota2.com.cn/raiders/newer/20131028/152401.shtml"}],"adapt_bkz_list":[{"id":102,"zwm":"卓尔游侠","ywm":"Drow Ranger","jc":"小黑、崔希丝","xttx":"http://www.dota2.com.cn/images/heroes/drow_ranger_full.png","dttx":"http://www.dota2.com.cn/images/heroes/drow_ranger_vert.jpg","gjlx":"远程","yxlx":"敏捷","yxdw":"核心","zltb":"http://www.dota2.com.cn/images/info1301/tit_img01.gif","zljc":"15","zlsj":"1.4","mjtb":"http://www.dota2.com.cn/images/info1301/tit_img02.gif","mjjc":"26","mjsj":"1.9","lltb":"http://www.dota2.com.cn/images/info1301/tit_img03.gif","lljc":"17","llsj":"1.9","gjltb":"http://www.dota2.com.cn/images/info1301/tit_img06.gif","csgjl":"18-29","ydsdtb":"http://www.dota2.com.cn/images/info1301/tit_img05.gif","csydsd":"300","hjtb":"http://www.dota2.com.cn/images/info1301/tit_img04.gif","cshj":"0.64","yxbj":"卓尔游侠名叫崔希丝，这个名字很适合矮小、有点像侏儒、令人生厌的卓尔人。但崔希丝并不是卓尔人。她的双亲在坐大篷车旅行时受到土匪的袭击，滥杀无辜的土匪激怒了附近爱好和平的卓尔人。战斗结束后，卓尔人发现了一个藏在马车残骸中的小女孩，他们一致同意不能让这个失去父母的孩子被抛弃。还是孩童时，崔希丝就展现出了她对那些卓尔人引以为傲的技术的天赋：隐秘、沉默、敏锐。如果不看身体，在精神上她就像一个被拐走后又回到自己真正家中的卓尔人孩童。但随着她的成长，她的个头比她的家人高了不少，她因此认为自己是个丑陋的卓尔人。即使她皮肤光滑且长的匀称，完全没有卓尔人的肉疣和粗糙的髯须。与收养她的部族疏远后，她独自居住在森林中。许多在森林中寻路的旅行者都说他们见过一个美丽得难以置信的游侠在树林深处凝视他们，而当他们试图接近时，她又消失的无影无踪。轻盈、隐秘的冷美人，她像无声的迷雾般移动。你听到的森林低语，其实是她命中敌人心脏的霜冻箭矢的破空之声。","dj":"1|15|25","smz":"473|978|1719","mfz":"195|450|892","gjl":"44-55|71-82|110-121","hj":"1|4|10","syfw":"1800/1700","gjfw":"625","ddsd":"1250","jdtj1":"http://www.dota2.com.cn/images/property/add/drow_ranger.jpg","jdms1":"卓尔游侠是一名敏捷型后期英雄，卓尔游侠的加点选择也非常多，这种是前期主加冰箭的，满级冰箭50%的减速效果还是非常恶心人的，也成为前期对线的一大利器。值得注意的就是前期务必要加一点沉默，往往在击杀或者被gank时有着意想不到的效果。","jdtj2":"","jdms2":"","cmzb":"治疗药膏*1|树之祭祀*1|敏捷便鞋*2|铁树枝干*2","qqzb":"速度之靴*1|魔棒*1|怨灵系带*2","hxzb":"魔杖*1|动力鞋*1|幻影斧*1","hqsz":"影刃*1|蝴蝶*1|代达罗斯之殇*1|黑皇杖*1|撒旦之邪力*1","ljt":"http://www.dota2.com.cn/images/property/drow_ranger.gif","path":"drow_ranger","zymc":"天辉","zytb":"http://www.dota2.com.cn/images/heropedia/radiant.jpg","yxtp":"http://www.dota2.com.cn/images/others/drow_ranger_big1.jpg","gjlxxj":"1","yxdwxj":"2","llsjsmz":"19","llsjsmhf":"0.03","mjsjhj":"1","mjsjgjsd":"1","zlsjmfz":"13","zlsjmfhf":"0.04","sjgjl":"1","pjsh":"49","gjsd":"126|134|172","gjms":"1.35","gjsh":"44-55","gjjl":"625|625|625","wlhj":"0","wlshkx":"3%","mfshkx":"25%","minitb":"http://www.dota2.com.cn/images/heroes/drow_ranger_icon.png"},{"id":36,"zwm":"狙击手","ywm":"Sniper","jc":"火枪，传说哥","xttx":"http://www.dota2.com.cn/images/heroes/sniper_full.png","dttx":"http://www.dota2.com.cn/images/heroes/sniper_vert.jpg","gjlx":"远程","yxlx":"敏捷","yxdw":"核心","zltb":"http://www.dota2.com.cn/images/info1301/tit_img01.gif","zljc":"15","zlsj":"2.6","mjtb":"http://www.dota2.com.cn/images/info1301/tit_img02.gif","mjjc":"21","mjsj":"2.5","lltb":"http://www.dota2.com.cn/images/info1301/tit_img03.gif","lljc":"16","llsj":"1.7","gjltb":"http://www.dota2.com.cn/images/info1301/tit_img06.gif","csgjl":"15-21","ydsdtb":"http://www.dota2.com.cn/images/info1301/tit_img05.gif","csydsd":"290","hjtb":"http://www.dota2.com.cn/images/info1301/tit_img04.gif","cshj":"1.94","yxbj":"卡德尔·鹰眼出生在诺伦山脉的山谷中，这里的住民从太古以来就靠猎杀居住在村庄上方悬崖上的一种奇怪生物为生，他们从远距离杀死这种叫峭壁潜行兽的生物，然后收集他们掉下来的尸体。鹰眼是这些怪异住民中其中最棒的射手之一，对他来说，枪械是他身体的一部分，射击就和触摸一样自然。在征召之日，他即将在村庄中获得完全的地位时，他经历了古老的考验：从谷底一击射下一头悬崖上的潜行兽。打空则是耻辱。在全体村民的注视下，鹰眼射击了。一头潜行兽掉下来了；人群欢呼了。但当尸体被收起时，整个村子都沉默了，长老发现子弹穿过了潜行兽中间的眼睛后，紧紧的卡在了它的下颚骨中。这个凶兆正是黑暗预言的开端所描述的，按预言中所说，射出这发子弹的枪手将成为伟大的人，但也将被流放。狙击手鹰眼因此离开了他的人民，被他自己的技术所诅咒，在剩下的预言实现前不得回来，他必须成为战场上的传说。","dj":"1|15|25","smz":"454|906|1609","mfz":"195|668|1266","gjl":"36-42|77-83|126-132","hj":"2|8|14","syfw":"1800/1000","gjfw":"550","ddsd":"3000","jdtj1":"http://www.dota2.com.cn/images/property/add/sniper.jpg","jdms1":"狙击手的加点主要有两种，主加散弹和不加散弹，这套加点是主加散弹和射程，散弹的范围伤害很高，并有减速效果还能对塔造成伤害，性价比还是很不错的。","jdtj2":null,"jdms2":null,"cmzb":"树之祭祀*1|净化药水*1|敏捷便鞋*2|铁树枝干*2","qqzb":"速度之靴*1|怨灵系带*1","hxzb":"魔杖*1|动力鞋*1|影刃*1","hqsz":"幻影斧*1|黯灭*1|蝴蝶*1|雷神之锤*1|斯嘉蒂之眼*1|撒旦之邪力*1","ljt":"http://www.dota2.com.cn/images/property/sniper.gif","path":"sniper","zymc":"天辉","zytb":"http://www.dota2.com.cn/images/heropedia/radiant.jpg","yxtp":"http://www.dota2.com.cn/images/others/sniper_big1.jpg","gjlxxj":"1","yxdwxj":"2","llsjsmz":"19","llsjsmhf":"0.03","mjsjhj":"1","mjsjgjsd":"1","zlsjmfz":"13","zlsjmfhf":"0.04","sjgjl":"1","pjsh":"39","gjsd":"121|133|191","gjms":"1.4","gjsh":"36-42","gjjl":"550|550|550","wlhj":"1","wlshkx":"10%","mfshkx":"25%","minitb":"http://www.dota2.com.cn/images/heroes/sniper_icon.png"},{"id":69,"zwm":"冥界亚龙","ywm":"Viper","jc":"VIP，毒龙","xttx":"http://www.dota2.com.cn/images/heroes/viper_full.png","dttx":"http://www.dota2.com.cn/images/heroes/viper_vert.jpg","gjlx":"远程","yxlx":"敏捷","yxdw":"核心|耐久","zltb":"http://www.dota2.com.cn/images/info1301/tit_img01.gif","zljc":"15","zlsj":"1.8","mjtb":"http://www.dota2.com.cn/images/info1301/tit_img02.gif","mjjc":"21","mjsj":"2.9","lltb":"http://www.dota2.com.cn/images/info1301/tit_img03.gif","lljc":"20","llsj":"1.9","gjltb":"http://www.dota2.com.cn/images/info1301/tit_img06.gif","csgjl":"23-25","ydsdtb":"http://www.dota2.com.cn/images/info1301/tit_img05.gif","csydsd":"285","hjtb":"http://www.dota2.com.cn/images/info1301/tit_img04.gif","cshj":"1.94","yxbj":"一个暴虐凶残的巫师捕获了蝮蛇，希望驯服它作为自己的凶狠宠物，好奇的蝮蛇很乐意被带离那封闭不化的三途川，那是一块在地壳滑移中被封闭的幽冥龙穴，它的种族在那里已经居住了成千上万年。蝮蛇一开始还试着花时间来理解并服从巫师的命令，希望能学到他最高超的黑暗魔法。但它很快就发现，没有多少咒语比它与生俱来的毒液更致命。蝮蛇流出的酸液很快就腐蚀掉了它笼子上的铁柱，冥界亚龙挣脱出了巫师的囚禁，将它的毒液喷在了老巫师眼睛里杀死了它，蝮蛇翱翔在空中，向世界宣告它的来临。","dj":"1|15|25","smz":"530|1035|1776","mfz":"195|523|1017","gjl":"44-46|85-87|134-136","hj":"2|7|13","syfw":"1800/800","gjfw":"575","ddsd":"1200","jdtj1":"http://www.dota2.com.cn/images/property/add/viper.jpg","jdms1":"由于手动施放毒性攻击可以无仇恨地消耗对手，冥界亚龙一般都会选择在5级时将一技能加到3级。此时的毒性攻击没有CD，搭配合理的走位有很大机会单杀对手。副加的技能可以根据局势在幽冥剧毒（重视输出）和毒性皮肤（重视生存）中选择。如果采用强调输出的打法，可以在3级毒性攻击之后主加幽冥剧毒。升级蝮蛇突袭可以显著缩短技能CD，因此有大点大基本没有争议。最后，亚龙的技能成长性较好，常规打法倾向于主动GANK，前期中期都不推荐以补黄点的方式撑高属性。","jdtj2":null,"jdms2":null,"cmzb":"树之祭祀*1|敏捷便鞋*2|治疗药膏*1|铁树枝干*2","qqzb":"魔棒*1|速度之靴*1|怨灵系带*1|怨灵系带*1","hxzb":"魔杖*1|动力鞋*1|先锋盾*1","hqsz":"幻影斧*1|黑皇杖*1|金箍棒*1|影刃*1|蝴蝶*1|紫怨*1","ljt":"http://www.dota2.com.cn/images/property/viper.gif","path":"viper","zymc":"夜魇","zytb":"http://www.dota2.com.cn/images/heropedia/dire.jpg","yxtp":"http://www.dota2.com.cn/images/others/viper_big1.jpg","gjlxxj":"1","yxdwxj":"1|1","llsjsmz":"19","llsjsmhf":"0.03","mjsjhj":"1","mjsjgjsd":"1","zlsjmfz":"13","zlsjmfhf":"0.04","sjgjl":"1","pjsh":"45","gjsd":"121|131|181","gjms":"1.4","gjsh":"44-46","gjjl":"575|575|575","wlhj":"1","wlshkx":"10%","mfshkx":"25%","minitb":"http://www.dota2.com.cn/images/heroes/viper_icon.png"},{"id":6,"zwm":"哈斯卡","ywm":"Huskar","jc":"神灵、神灵武士","xttx":"http://www.dota2.com.cn/images/heroes/huskar_full.png","dttx":"http://www.dota2.com.cn/images/heroes/huskar_vert.jpg","gjlx":"远程","yxlx":"力量","yxdw":"核心|先手|耐久","zltb":"http://www.dota2.com.cn/images/info1301/tit_img01.gif","zljc":"18","zlsj":"1.50","mjtb":"http://www.dota2.com.cn/images/info1301/tit_img02.gif","mjjc":"15","mjsj":"1.40","lltb":"http://www.dota2.com.cn/images/info1301/tit_img03.gif","lljc":"21","llsj":"2.40","gjltb":"http://www.dota2.com.cn/images/info1301/tit_img06.gif","csgjl":"21-30","ydsdtb":"http://www.dota2.com.cn/images/info1301/tit_img05.gif","csydsd":"300","hjtb":"http://www.dota2.com.cn/images/info1301/tit_img04.gif","cshj":"1.1","yxbj":"从虚无之境带给他的剧痛中逃离后，哈斯卡终于睁开了双眼，醒来的第一件事却是发现暗影牧师戴泽正在对他吟唱一个艰深的咒语。哈斯卡的灵魂从永恒虚无中被救了出来，这是违背了德尊教团古老仪式的准则的，然而和其他去过虚无之境的人一样，哈斯卡也发现自己的身体被那里所彻底改变了。他不再怜悯凡人的肉体，他的生命之血成为了强大的力量源泉，每一滴鲜血都给他成倍的狂暴的、灼热的能量。然而，这一新生的天赋却激怒了哈斯卡，因为在拯救他逃离虚无之境时，戴泽拒绝让他进入神灵之地。他的自我牺牲也被拒绝。当教团的的长老们试图寻找一个扩大自己影响的方法时，他们一致认为哈斯卡将成为他们在战争中最可怕的武器。然而，成为教团的武器让哈斯卡更加愤怒，因为他们不仅利用他，还否定了他与生俱来的权利。于是在战争打响之际，他逃离了家乡，去寻找新的盟友，寻找那些值得他牺牲自己，释放强大力量的盟友。","dj":"1|15|25","smz":"549|1187|2023","mfz":"234|507|962","gjl":"42-51|76-85|120-129","hj":"2|7|13","syfw":"1800/800","gjfw":"400","ddsd":"1400","jdtj1":"http://www.dota2.com.cn/images/property/add/huskar.jpg","jdms1":"这种就是比较老一点的神灵的加点，也是比较稳妥的一种。上来有火箭去消耗对方的血，之后有三级能的加攻击让自己成为最强悍的男人。这种加点需要第二个技能补充活血术，这是为了在团战或者小范围团战中能有持续的高输出，这样才是神灵的真谛，真男人是时间持续的久。","jdtj2":null,"jdms2":null,"cmzb":"治疗药膏*1|树之祭祀*1|力量手套*2|铁树枝干*1","qqzb":"速度之靴*1|魔棒*1|影之灵龛*1","hxzb":"动力鞋*1|魔杖*1|莫尔迪基安的臂章*1|支配头盔*1|回城卷轴*1","hqsz":"黑皇杖*1|撒旦之邪力*1|恐鳌之心*1|强袭胸甲*1|阿哈利姆神杖*1|影刃*1|天堂之戟*1|梅肯斯姆*1|白银之锋*1","ljt":"http://www.dota2.com.cn/images/property/huskar.gif","path":"huskar","zymc":"天辉","zytb":"http://www.dota2.com.cn/images/heropedia/radiant.jpg","yxtp":"http://www.dota2.com.cn/images/others/huskar_big1.jpg","gjlxxj":"1","yxdwxj":"1|1|1","llsjsmz":"19","llsjsmhf":"0.03","mjsjhj":"1","mjsjgjsd":"1","zlsjmfz":"13","zlsjmfhf":"0.04","sjgjl":"1","pjsh":"46","gjsd":"121|127|155","gjms":"1.39","gjsh":"42-51","gjjl":"400|400|400","wlhj":"1.1","wlshkx":"6%","mfshkx":"25%","minitb":"http://www.dota2.com.cn/images/heroes/huskar_icon.png"},{"id":67,"zwm":"米波","ywm":"Meepo","jc":"地卜","xttx":"http://www.dota2.com.cn/images/heroes/meepo_full.png","dttx":"http://www.dota2.com.cn/images/heroes/meepo_vert.jpg","gjlx":"近战","yxlx":"敏捷","yxdw":"核心|控制|先手","zltb":"http://www.dota2.com.cn/images/info1301/tit_img01.gif","zljc":"20","zlsj":"1.6","mjtb":"http://www.dota2.com.cn/images/info1301/tit_img02.gif","mjjc":"23","mjsj":"1.9","lltb":"http://www.dota2.com.cn/images/info1301/tit_img03.gif","lljc":"23","llsj":"1.6","gjltb":"http://www.dota2.com.cn/images/info1301/tit_img06.gif","csgjl":"16-22","ydsdtb":"http://www.dota2.com.cn/images/info1301/tit_img05.gif","csydsd":"305","hjtb":"http://www.dota2.com.cn/images/info1301/tit_img04.gif","cshj":"4.22","yxbj":"对我而言，生活就是你所知和所能发现的一切。当你住在裂影荒墟时，想要找到食物并不是一件容易的事。因此，你需要走捷径，你需要会忽悠，你需要对自己的能力充分了解。有些野兽能够杀掉你，那么你就需要躲开强壮的，捕杀弱小的。在荒墟之上，有过一段往事，一段对某些人意义重大的往事。曾经那里有个宫殿，他们在宫殿里面举行黑暗的仪式，非常邪恶。如果你从仪式中幸存下来，他们还会以击碎水晶的方式将你的灵魂撕裂成碎片。不过他们的艺术成就也很高，比如雕塑之类的。记住这点：如果你在某个时候发现了这些雕塑，一定把他们全拿到市场上去卖掉，然后你接下来的一周都不会饿肚子。如果你走运的话，你可能会发现影墟水晶，那赶紧找人帮你估价，多问问，总有人能帮你找到需要这玩意的疯子买主的。就算别人都不要，你也可以卖给城里的魔导师，他们喜欢这玩意。不过，不管你怎么做，一定要小心这些水晶，这玩意要是在你身上炸开，可是很疼的。","dj":"1|15|25","smz":"587|1013|1697","mfz":"260|551|1019","gjl":"39-45|66-72|105-111","hj":"4|8|13","syfw":"1800/800","gjfw":"128","ddsd":"N/A","jdtj1":"http://www.dota2.com.cn/images/property/add/meepo.jpg","jdms1":"这是目前地卜师最主流的加点路线，前期主忽悠保证高伤害高输出。被动前期点一级就已经够用了，之后优先将网升满，高等级的网对施放距离的加成对于地卜师来说还是非常重要的。大招自然不用多说，有大点大。","jdtj2":"","jdms2":"","cmzb":"树之祭祀*1|力量手套*2|治疗药膏*1|铁树枝干*2","qqzb":"治疗指环*1|魔棒*1|速度之靴*1|王者之戒*1","hxzb":"魔杖*1|动力鞋*1|梅肯斯姆*1","hqsz":"阿哈利姆神杖*1|弗拉迪米尔的祭品*1|邪恶镰刀*1|强袭胸甲*1|恐鳌之心*1|希瓦的守护*1","ljt":"http://www.dota2.com.cn/images/property/meepo.gif","path":"meepo","zymc":"夜魇","zytb":"http://www.dota2.com.cn/images/heropedia/dire.jpg","yxtp":"http://www.dota2.com.cn/images/others/meepo_big1.jpg","gjlxxj":"1","yxdwxj":"1|1|1","llsjsmz":"19","llsjsmhf":"0.03","mjsjhj":"1","mjsjgjsd":"1","zlsjmfz":"13","zlsjmfhf":"0.04","sjgjl":"1","pjsh":"42","gjsd":"123|131|169","gjms":"1.38","gjsh":"39-45","gjjl":"128|128|128","wlhj":"4","wlshkx":"20%","mfshkx":"35%","minitb":"http://www.dota2.com.cn/images/heroes/meepo_icon.png"},{"id":97,"zwm":"影魔","ywm":"ShadowFiend","jc":"SF","xttx":"http://www.dota2.com.cn/images/heroes/nevermore_full.png","dttx":"http://www.dota2.com.cn/images/heroes/nevermore_vert.jpg","gjlx":"远程","yxlx":"敏捷","yxdw":"远程|核心|爆发","zltb":"http://www.dota2.com.cn/images/info1301/tit_img01.gif","zljc":"18","zlsj":"2","mjtb":"http://www.dota2.com.cn/images/info1301/tit_img02.gif","mjjc":"20","mjsj":"2.9","lltb":"http://www.dota2.com.cn/images/info1301/tit_img03.gif","lljc":"15","llsj":"2","gjltb":"http://www.dota2.com.cn/images/info1301/tit_img06.gif","csgjl":"15-21","ydsdtb":"http://www.dota2.com.cn/images/info1301/tit_img05.gif","csydsd":"305","hjtb":"http://www.dota2.com.cn/images/info1301/tit_img04.gif","cshj":"1.8","yxbj":"据说影魔奈文摩尔有着一个诗人的灵魂，事实上，他吞噬的诗人灵魂早已成千上万。千百年来，他收集了各式各样的灵魂，包括诗人，牧师，帝王，乞丐，奴隶，哲人，罪犯，当然，还有英雄。他拥有着世间所有种类的灵魂。然而没人知道他收集这些灵魂作何之用。从来没有人得以窥视影魔的魂渊之秘，他从魂渊中伸出灵魂触须，蔓延在精神位面。他是把灵魂一个个吞噬了？还是把灵魂堆积在他的影惧神殿里？又或是将灵魂浸在死灵之池中？难道他仅仅是一个被恶魔傀儡大师操纵着，通过位面裂口进入世界的傀儡？尽管众说纷纭，但根本没有人能看透他那黑暗光环下的层层邪恶。然而，如果你实在是很想知道那些灵魂的归宿，有个办法能帮你达成心愿：凡人，将你的灵魂奉献给影魔，或者等待魔王的收割！","dj":"1|15|25","smz":"435|967|1727","mfz":"234|598|1118","gjl":"35-41|76-82|125-131","hj":"3|9|16","syfw":"1800/800","gjfw":"500","ddsd":"1200","jdtj1":"http://www.dota2.com.cn/images/property/add/shadow_fiend.jpg","jdms1":"这是最主流的影魔加点，前期主支配死灵和影压这是毫无疑问的。大招伤害和死灵数量成正比，所以在支配死灵之后选择升级大招是不错的选择。","jdtj2":"","jdms2":"","cmzb":"治疗药膏*1|树之祭祀*1|敏捷便鞋*2|铁树枝干*2","qqzb":"魔棒*1|速度之靴*1|天鹰之戒*1","hxzb":"魔杖*1|动力鞋*1|闪烁匕首*1|黑皇杖*1","hqsz":"影刃*1|强袭胸甲*1|代达罗斯之殇*1|黯灭*1|蝴蝶*1|金箍棒*1","ljt":"http://www.dota2.com.cn/images/property/nevermore.gif","path":"shadow_fiend","zymc":"夜魇","zytb":"http://www.dota2.com.cn/images/heropedia/dire.jpg","yxtp":"http://www.dota2.com.cn/images/others/nevermore_big1.jpg","gjlxxj":"1","yxdwxj":"2|2","llsjsmz":"19","llsjsmhf":"0.03","mjsjhj":"1","mjsjgjsd":"1","zlsjmfz":"13","zlsjmfhf":"0.04","sjgjl":"1","pjsh":"38","gjsd":"120|132|190","gjms":"1.42","gjsh":"35-41","gjjl":"500|500|500","wlhj":"1","wlshkx":"9%","mfshkx":"25%","minitb":"http://www.dota2.com.cn/images/heroes/nevermore_icon.png"},{"id":80,"zwm":"斯拉克","ywm":"Slark","jc":"小鱼人","xttx":"http://www.dota2.com.cn/images/heroes/slark_full.png","dttx":"http://www.dota2.com.cn/images/heroes/slark_vert.jpg","gjlx":"近战","yxlx":"敏捷","yxdw":"逃生","zltb":"http://www.dota2.com.cn/images/info1301/tit_img01.gif","zljc":"16","zlsj":"1.9","mjtb":"http://www.dota2.com.cn/images/info1301/tit_img02.gif","mjjc":"21","mjsj":"1.5","lltb":"http://www.dota2.com.cn/images/info1301/tit_img03.gif","lljc":"21","llsj":"1.8","gjltb":"http://www.dota2.com.cn/images/info1301/tit_img06.gif","csgjl":"33-41","ydsdtb":"http://www.dota2.com.cn/images/info1301/tit_img05.gif","csydsd":"305","hjtb":"http://www.dota2.com.cn/images/info1301/tit_img04.gif","cshj":"1.94","yxbj":"除了水下住民，暗黑之礁很少为世人所知晓，这是座沉没之牢，关押的都是犯下滔天罪行的海洋生物。这座监牢外围装满了倒钩，里面充斥着心狠手辣的鱼人，狡猾歹毒的深海住民还有嗜杀同类的南海人。在这阴暗的迷宫中，鳗鱼四处巡逻，巨大的海葵担任着守卫的工作，在里面想不死就只能为恶。斯拉克被投入暗黑之礁的罪名已经不得而知，他在里面待的半生泯灭了亲情和良知，信任的只有自己，信奉的生存之道是鬼祟的行动和冷酷的心肠，他的脑海中不断酝酿自己的想法和计划。当臭名昭著的暗黑之礁十二恶棍密谋着越狱时，他们完美地将计划保密，发现蛛丝马迹的人都被他们杀害-但是他们的阴谋不知怎么的被斯拉克发现了，他在这计划中给自己找到了容身之地。越狱过程中十个恶棍遭到击毙，剩下两个被擒获，押回了暗黑之礁，作为那里犯人们的消遣活动被处以极刑。但是斯拉克，无名的第十三个越狱犯，利用暴乱作掩护逃之夭夭；永获自由。现在斯拉克隐居在紧靠影承废墟南部的食肉红树林灌丛中，迄今为止，他仍是唯一成功从暗黑之礁越狱的逃犯。","dj":"1|15|25","smz":"549|1028|1750","mfz":"208|554|1061","gjl":"54-62|75-83|110-118","hj":"2|5|10","syfw":"1800/1800","gjfw":"128","ddsd":"N/A","jdtj1":"http://www.dota2.com.cn/images/property/add/slark.jpg","jdms1":"这是主黑暗契约的小鱼人加点，前期三个技能个点一级，然后优先将黑暗契约补满黑暗契约能收兵而且能接触很多效果，所以优先点满。至于吸属性1级足够。小鱼人的E突袭比较难于释放，所以对于大部分玩家还是主AOE较为稳妥。","jdtj2":"","jdms2":"","cmzb":"圆盾*1|铁树枝干*2|治疗药膏*1|净化药水*1|树之祭祀*1","qqzb":"魔棒*1|速度之靴*1|淬毒之珠*1","hxzb":"魔杖*1|动力鞋*1|韧鼓*1","hqsz":"黑皇杖*1|斯嘉蒂之眼*1|恐鳌之心*1|幻影斧*1|强袭胸甲*1|蝴蝶*1","ljt":"http://www.dota2.com.cn/images/property/slark.gif","path":"slark","zymc":"夜魇","zytb":"http://www.dota2.com.cn/images/heropedia/dire.jpg","yxtp":"http://www.dota2.com.cn/images/others/slark_big1.jpg","gjlxxj":"1","yxdwxj":"3","llsjsmz":"19","llsjsmhf":"0.03","mjsjhj":"1","mjsjgjsd":"1","zlsjmfz":"13","zlsjmfhf":"0.04","sjgjl":"1","pjsh":"48","gjsd":"121|127|157","gjms":"1.4","gjsh":"54-62","gjjl":"128|128|128","wlhj":"1","wlshkx":"10%","mfshkx":"25%","minitb":"http://www.dota2.com.cn/images/heroes/slark_icon.png"},{"id":87,"zwm":"瘟疫法师","ywm":"Necrophos","jc":"NEC，死灵法","xttx":"http://www.dota2.com.cn/images/heroes/necrolyte_full.png","dttx":"http://www.dota2.com.cn/images/heroes/necrolyte_vert.jpg","gjlx":"远程","yxlx":"智力","yxdw":"辅助|耐久|核心","zltb":"http://www.dota2.com.cn/images/info1301/tit_img01.gif","zljc":"22","zlsj":"2.5","mjtb":"http://www.dota2.com.cn/images/info1301/tit_img02.gif","mjjc":"15","mjsj":"1.7","lltb":"http://www.dota2.com.cn/images/info1301/tit_img03.gif","lljc":"16","llsj":"2","gjltb":"http://www.dota2.com.cn/images/info1301/tit_img06.gif","csgjl":"22-26","ydsdtb":"http://www.dota2.com.cn/images/info1301/tit_img05.gif","csydsd":"290","hjtb":"http://www.dota2.com.cn/images/info1301/tit_img04.gif","cshj":"2.1","yxbj":"在瘟疫肆虐时期，一个内心黑暗的无名僧侣，罗坦德吉利被提拔为红衣主教，而原因则是他的上级们的过早死亡。当教团的其他人都外出救援病人时，这个新上任的红衣主教却把他自己关在鲁姆斯克大教堂中，忙着进行他那攫取濒死贵族的财产的计划，他答应他们只要签字转让领土，灵魂便会获得奖赏。瘟疫减退到小部分顽固地区后，他的所作所为被教团注意到了，教团认定他犯下了异端之罪并判他到瘟疫病房工作，那里的咒语会让他患上一种长期的慢性疾病。教团认为，不管他的免疫力再强，也必死无疑。罗坦德吉利染上了瘟疫，然而他不仅没有病死，还发现这种瘟疫在提供他力量，他变成了真正的瘟疫法师，瘟疫的教皇。正式宣称自己为瘟疫法师后，他开始环游世界，在所到之处散布瘟疫，随着一个个村庄消失在他引起的瘟疫中，他恐怖的力量不断在成长。","dj":"1|15|25","smz":"454|986|1746","mfz":"286|741|1326","gjl":"44-48|79-83|124-128","hj":"2|5|11","syfw":"1800/800","gjfw":"550","ddsd":"900","jdtj1":"http://www.dota2.com.cn/images/property/add/necrolyte.jpg","jdms1":"瘟疫法师的加点没有太多变化，前期主加死亡脉冲是毫无疑问的，施虐之心和竭心光环的选择则根据场上阵容形势而选择，瘟疫法师的大招经过多次修改，在Dota2中瘟疫法师的大招依然有着眩晕效果，关键时刻大招也可以作为留人技能。","jdtj2":"","jdms2":"","cmzb":"铁树枝干*3|智力斗篷*1|治疗药膏*1|树之祭祀*2","qqzb":"魔棒*1|速度之靴*1|恢复头巾*1","hxzb":"魔杖*1|动力鞋*1|梅肯斯姆*1|精气之球*1","hqsz":"血精石*1|邪恶镰刀*1|希瓦的守护*1|阿哈利姆神杖*1|洞察烟斗*1|恐鳌之心*1","ljt":"http://www.dota2.com.cn/images/property/necrolyte.gif","path":"necrophos","zymc":"夜魇","zytb":"http://www.dota2.com.cn/images/heropedia/dire.jpg","yxtp":"http://www.dota2.com.cn/images/others/necrolyte_big1.jpg","gjlxxj":"1","yxdwxj":"1|1|1","llsjsmz":"19","llsjsmhf":"0.03","mjsjhj":"1","mjsjgjsd":"1","zlsjmfz":"13","zlsjmfhf":"0.04","sjgjl":"1","pjsh":"46","gjsd":"115|122|156","gjms":"1.48","gjsh":"44-48","gjjl":"550|550|550","wlhj":"2","wlshkx":"11%","mfshkx":"25%","minitb":"http://www.dota2.com.cn/images/heroes/necrolyte_icon.png"}],"honorList":[{"id":41,"zwm":"剃刀","msg":"暂无","createtime":null}],"adapt_zd_list":[{"id":96,"zwm":"亚巴顿","ywm":"Abaddon","jc":"死骑","xttx":"http://www.dota2.com.cn/images/heroes/abaddon_full.png","dttx":"http://www.dota2.com.cn/images/heroes/abaddon_vert.jpg","gjlx":"近战","yxlx":"力量","yxdw":"近战","zltb":"http://www.dota2.com.cn/images/info1301/tit_img01.gif","zljc":"21","zlsj":"2.00","mjtb":"http://www.dota2.com.cn/images/info1301/tit_img02.gif","mjjc":"17","mjsj":"1.50","lltb":"http://www.dota2.com.cn/images/info1301/tit_img03.gif","lljc":"23","llsj":"2.70","gjltb":"http://www.dota2.com.cn/images/info1301/tit_img06.gif","csgjl":"32-42","ydsdtb":"http://www.dota2.com.cn/images/info1301/tit_img05.gif","csydsd":"310","hjtb":"http://www.dota2.com.cn/images/info1301/tit_img04.gif","cshj":"1.38","yxbj":"魔霭圣池，一个处于原初群石的裂缝，从中带有先兆力量的蒸汽不断溢出，作为家族力量的源泉，已经惠及数个世代。在居住于洞穴中的魔霭家族，每个新生儿都会在暗黑迷雾中接受沐浴，经过这样的洗礼，他们与大陆的神秘力量获得了内在的联系。随着他们长大，内心坚信自己的使命是誓死保护世袭的传统和领域的风俗——实际上他们守护的不过就是圣池本身。而迷雾的作用原理尚不明朗。</p><p>当初生的亚巴顿沐浴在圣池中时，众人都表示事情并不对劲。孩子的双眼里闪耀出洞察之光，在场所有人都大吃一惊，神父们纷纷交头接耳。而他之后的成长道路与所有魔霭族裔的传人并无差别——为战争接受训练，在危机时刻需要他挺身而出，率领家族的军队守卫先祖的大陆。但是亚巴顿总是特立独行。其他人挥着武器训练时，他喜欢在迷雾前沉思。他饱吸从圣池中涌出的蒸汽，开始学习将自己的灵魂与家族深处流出的力量相融合；他变成了被暗黑迷雾笼罩的怪物。</p><p>魔霭家族怨气冲天——不论老小都谴责他对自己的责任视而不见。但是亚巴顿驾临战场时，不满全都烟消云散，他们目睹了迷雾的强大力量让他恣意挥洒着生杀大权，族内任何领主都是望尘莫及。","dj":"1|15|25","smz":"587|1305|2198","mfz":"273|637|1157","gjl":"55-65|93-103|140-150","hj":"1|4|9","syfw":"1800/800","gjfw":"128","ddsd":"N/A","jdtj1":"http://www.dota2.com.cn/images/property/add/abaddon.jpg","jdms1":"魔霭圣池，一个处于原初群石的裂缝，从中带有先兆力量的蒸汽不断溢出，作为家族力量的源泉，已经惠及数个世代。在居住于洞穴中的魔霭家族，每个新生儿都会在暗黑迷雾中接受沐浴，经过这样的洗礼，他们与大陆的神秘力量获得了内在的联系。随着他们长大，内心坚信自己的使命是誓死保护世袭的传统和领域的风俗——实际上他们守护的不过就是圣池本身。而迷雾的作用原理尚不明朗。当初生的亚巴顿沐浴在圣池中时，众人都表示事情并不对劲。孩子的双眼里闪耀出洞察之光，在场所有人都大吃一惊，神父们纷纷交头接耳。而他之后的成长道路与所有魔霭族裔的传人并无差别——为战争接受训练，在危机时刻需要他挺身而出，率领家族的军队守卫先祖的大陆。但是亚巴顿总是特立独行。其他人挥着武器训练时，他喜欢在迷雾前沉思。他饱吸从圣池中涌出的蒸汽，开始学习将自己的灵魂与家族深处流出的力量相融合；他变成了被暗黑迷雾笼罩的怪物。魔霭家族怨气冲天——不论老小都谴责他对自己的责任视而不见。但是亚巴顿驾临战场时，不满全都烟消云散，他们目睹了迷雾的强大力量让他恣意挥洒着生杀大权，族内任何领主都是望尘莫及。","jdtj2":null,"jdms2":null,"cmzb":"树之祭祀*1|治疗药膏*2|力量手套*1|动物信使*1","qqzb":"穷鬼盾*1|相位鞋*1|魔杖*1|回城卷轴*2","hxzb":"相位鞋*1|散夜对剑*1|黑皇杖*1","hqsz":"辉耀*1|蝴蝶*1|黑皇杖*1|金箍棒*1|强袭胸甲*1|恐鳌之心*2","ljt":"http://www.dota2.com.cn/images/property/abaddon.gif","path":"abaddon","zymc":"夜魇","zytb":"http://www.dota2.com.cn/images/heropedia/dire.jpg","yxtp":"http://www.dota2.com.cn/images/others/abaddon_big1.jpg","gjlxxj":"1","yxdwxj":"1|1|1","llsjsmz":"19","llsjsmhf":"0.03","mjsjhj":"1","mjsjgjsd":"1","zlsjmfz":"13","zlsjmfhf":"0.04","sjgjl":"1","pjsh":"60","gjsd":"117|123|153","gjms":"1.45","gjsh":"55-56","gjjl":"128|128|128","wlhj":"1","wlshkx":"7%","mfshkx":"25%","minitb":"http://www.dota2.com.cn/images/heroes/abaddon_icon.png"},{"id":74,"zwm":"兽王","ywm":"Beastmaster","jc":"BM","xttx":"http://www.dota2.com.cn/images/heroes/beastmaster_full.png","dttx":"http://www.dota2.com.cn/images/heroes/beastmaster_vert.jpg","gjlx":"近战","yxlx":"力量","yxdw":"先手|控制|耐久","zltb":"http://www.dota2.com.cn/images/info1301/tit_img01.gif","zljc":"16","zlsj":"1.90","mjtb":"http://www.dota2.com.cn/images/info1301/tit_img02.gif","mjjc":"18","mjsj":"1.60","lltb":"http://www.dota2.com.cn/images/info1301/tit_img03.gif","lljc":"23","llsj":"2.20","gjltb":"http://www.dota2.com.cn/images/info1301/tit_img06.gif","csgjl":"33-37","ydsdtb":"http://www.dota2.com.cn/images/info1301/tit_img05.gif","csydsd":"310","hjtb":"http://www.dota2.com.cn/images/info1301/tit_img04.gif","cshj":"4.52","yxbj":"卡洛克自出生伊始就被当做兽婴。他的母亲在他出生时就死去；他的父亲是斯洛姆末代帝王的马蹄铁匠，在他五岁时被马群践踏致死。后来，卡洛克将自己卖到国王的动物园干活，在那里，他和宫廷里面饲养的狮子，猩猩，野鹿以及其他一些很少见的甚至传说中的野兽一起长大。在他七岁那年，一个冒险者带着一只没人见过的野兽来觐见国王。当这只野兽被国王的链条锁住的时候，它说话了，乞求自由，然而它的嘴并没有张开。国王大笑，命令野兽表演助兴，遭到拒绝以后，国王用他的疯狂权杖狠狠的抽打了野兽，并把它关在了兽栏里面。接下来的几个月里，卡洛克每天都给这个受伤的野兽偷偷的带去食物和药物，然而这一切只能减缓野兽的死亡。这只野兽和卡洛克开始了交流，无言的交流，他们之间的情感纽带也随着时间的推移而加深，最后卡洛克发现他竟然能够和宫廷动物园里面的所有动物交流。在那只野兽死去的晚上，卡洛克狂怒无比，他煽动了所有的动物一起反叛，并且将它们的笼子打开，在宫廷广场上大开杀戒。末代帝王在动乱中受伤。在混乱之中，一只皇家雄鹿在这个救了它的男孩面前屈膝，让他以兽王的身份骑上它，带他跃过了堡垒的高墙，逃出生天。现在，兽王卡洛克已经成长为一个男子汉，并且仍然能够自由的和野生动物交谈。他已经成为了拥有自然狂猛野性的战士。","dj":"1|15|25","smz":"587|1172|1970","mfz":"208|554|1061","gjl":"56-60|87-91|129-133","hj":"5|8|13","syfw":"1800/800","gjfw":"128","ddsd":"N/A","jdtj1":"http://www.dota2.com.cn/images/property/add/beastmaster.jpg","jdms1":"这个加点是老一点版本兽王的加点。首先一技能是物理伤害，无视魔法免疫跟护甲有关，前期大家护甲都低，所以兽王的一技能能够很好的去消耗对方的血量，从而创造出击杀对方的机会。其次就是两级的二级能，一级二级能出战鹰帮助团队控符，二级的时候出豪猪，为了是追杀效果，猪的毒针能让对方根本走不动。最后说一下光环，8、9级的时候补上两级为了是能够很好的推塔，现在DOTA的节奏快了，8、9级推塔很正常了。后面的光环和召唤可以根据场上的情况加点，如果优势大需要一直推塔就光环，如果均势可以加召唤技能让隐形的战鹰开视野gank对方。","jdtj2":null,"jdms2":null,"cmzb":"树之祭祀*1|治疗药膏*1|净化药水*1|力量手套*2|铁树枝干*1","qqzb":"魔棒*1|速度之靴*1|护腕*1","hxzb":"魔杖*1|动力鞋*1|韧鼓*1","hqsz":"洞察烟斗*1|死灵书*1|阿哈利姆神杖*1|闪烁匕首*1|恐鳌之心*1|强袭胸甲*1","ljt":"http://www.dota2.com.cn/images/property/beastmaster.gif","path":"beastmaster","zymc":"天辉","zytb":"http://www.dota2.com.cn/images/heropedia/radiant.jpg","yxtp":"http://www.dota2.com.cn/images/others/beastmaster_big1.jpg","gjlxxj":"1","yxdwxj":"2|2|2","llsjsmz":"19","llsjsmhf":"0.03","mjsjhj":"1","mjsjgjsd":"1","zlsjmfz":"13","zlsjmfhf":"0.04","sjgjl":"1","pjsh":"58","gjsd":"118|124|156","gjms":"1.44","gjsh":"56-60","gjjl":"128|128|128","wlhj":"4.52","wlshkx":"21%","mfshkx":"25%","minitb":"http://www.dota2.com.cn/images/heroes/beastmaster_icon.png"}],"hqszList":[{"goods":{"id":113,"bigtype":"升级物品","type":"圣物","wpmc":"散夜对剑","wppz":"5","wptp":"http://www.dota2.com.cn/images/items/sange_and_yasha_lg.png","jgtb":"http://www.dota2.com.cn/images/info1301/tit_img07.gif","jg":"4100","wpjs":"散华和夜叉经过月光的照耀而产生共鸣，双剑合璧发挥出更大的威力。","wpzyms":"多件物品提供的基于百分比的移动速度加成不叠加。","wpsyff":"被动：高级残废 - 攻击时有一定概率降低敌人的移动速度5.0秒。","wpxg":"+ <span class=\"color_yellow\">16</span> 攻击力<br/>+ <span class=\"color_yellow\">16</span> 力量<br/>+ <span class=\"color_yellow\">16</span> 敏捷<br/>+ <span class=\"color_yellow\">16</span> 攻击速度<br/>+ <span class=\"color_yellow\">16%</span> 移动速度<br/>致残概率：<span class=\"color_yellow\">16%</sp","lqsjtb":"","lqsj":"","mfxhtb":"","mfxh":"","qzwptb":"","wpzyms2":"","item_en":"sange_and_yasha"},"count":1},{"goods":{"id":111,"bigtype":"升级物品","type":"圣物","wpmc":"黯灭","wppz":"5","wptp":"http://www.dota2.com.cn/images/items/desolator_lg.png","jgtb":"http://www.dota2.com.cn/images/info1301/tit_img07.gif","jg":"4100","wpjs":"这件邪恶并且嗜血的武器，通常用于拷打政治犯。","wpzyms":"黯灭是攻击特效，不与其它攻击特效叠加。","wpsyff":"被动：腐蚀-你的攻击降低被攻击目标的护甲，持续15秒。","wpxg":"+ <span class=\"color_yellow\">60</span> 攻击力<br/>护甲削弱：<span class=\"color_yellow\">7</span>","lqsjtb":"","lqsj":"","mfxhtb":"","mfxh":"","qzwptb":"","wpzyms2":"护甲降低效果对建筑物有效。","item_en":"desolator"},"count":1},{"goods":{"id":104,"bigtype":"升级物品","type":"防具","wpmc":"恐鳌之心","wppz":"4","wptp":"http://www.dota2.com.cn/images/items/heart_lg.png","jgtb":"http://www.dota2.com.cn/images/info1301/tit_img07.gif","jg":"5500","wpjs":"已经绝种的怪物的心脏，能提升携带者的耐久力。","wpzyms":"如果你的英雄最近4秒（远程英雄6秒）内受到敌方英雄或Roshan的攻击，此被动将失效。","wpsyff":"被动：生命恢复 - 每秒恢复正比于你最大生命值的生命。","wpxg":"+ <span class=\"color_yellow\">40</span> 力量<br/>+ <span class=\"color_yellow\">300</span> 生命值<br/>生命回复量：<span class=\"color_yellow\">4%</span>","lqsjtb":"http://www.dota2.com.cn/images/info1301/ico2.gif","lqsj":"6","mfxhtb":"","mfxh":"","qzwptb":null,"wpzyms2":"","item_en":"heart"},"count":1},{"goods":{"id":91,"bigtype":"升级物品","type":"武器","wpmc":"蝴蝶","wppz":"4","wptp":"http://www.dota2.com.cn/images/items/butterfly_lg.png","jgtb":"http://www.dota2.com.cn/images/info1301/tit_img07.gif","jg":"5875","wpjs":"只有最强大最老练的战士才能携带蝴蝶，但它也提供无可比拟的战斗灵活力作为回报。","wpzyms":"","wpsyff":"","wpxg":"+ <span class=\"color_yellow\">30</span> 敏捷<br/>+ <span class=\"color_yellow\">30</span> 攻击力<br/>+ <span class=\"color_yellow\">35%</span> 闪避概率<br/>+ <span class=\"color_yellow\">30</span> 攻击速度","lqsjtb":"","lqsj":"","mfxhtb":"","mfxh":"","qzwptb":null,"wpzyms2":"能与其他闪避效果叠加。","item_en":"butterfly"},"count":1},{"goods":{"id":78,"bigtype":"升级物品","type":"法器","wpmc":"阿哈利姆神杖","wppz":"3","wptp":"http://www.dota2.com.cn/images/items/ultimate_scepter_lg.png","jgtb":"http://www.dota2.com.cn/images/info1301/tit_img07.gif","jg":"4200","wpjs":"拥有半神之力的法师的权杖。","wpzyms":"","wpsyff":"被动：终极技能升级 - 能提升某些英雄终极技能。","wpxg":"+ <span class=\"color_yellow\">10</span> 所有属性<br/>+ <span class=\"color_yellow\">200</span> 生命值<br/>+ <span class=\"color_yellow\">150</span> 魔法值","lqsjtb":"","lqsj":"","mfxhtb":"","mfxh":"","qzwptb":"","wpzyms2":"","item_en":"ultimate_scepter"},"count":1}],"hxzbList":[{"goods":{"id":50,"bigtype":"升级物品","type":"普通","wpmc":"魔杖","wppz":"2","wptp":"http://www.dota2.com.cn/images/items/magic_wand_lg.png","jgtb":"http://www.dota2.com.cn/images/info1301/tit_img07.gif","jg":"509","wpjs":"一个简易但实用的魔杖，能够补充使用者的能量--巫师学徒和高级术士都喜欢。","wpzyms":"","wpsyff":"主动：充能 - 每当周围有敌人施放技能都会自动充能（最多15点能量）。当使用时，每点能量为你回复生命值和魔法值。","wpxg":"+ <span class=\"color_yellow\">3</span> 所有属性<br/>每点能量回复：<span class=\"color_yellow\">15</span>","lqsjtb":"http://www.dota2.com.cn/images/info1301/ico2.gif","lqsj":"12","mfxhtb":"","mfxh":"","qzwptb":"","wpzyms2":"1200码视野范围内敌人使用技能就会获得点数。 <br>部分英雄技能和物品技能的施放将不会增加点数。","item_en":"magic_wand"},"count":1},{"goods":{"id":55,"bigtype":"升级物品","type":"普通","wpmc":"动力鞋","wppz":"2","wptp":"http://www.dota2.com.cn/images/items/power_treads_lg.png","jgtb":"http://www.dota2.com.cn/images/info1301/tit_img07.gif","jg":"1400","wpjs":"一双厚实的皮靴，能根据穿着者的需求切换属性。","wpzyms":"移动速度加成效果不与其他鞋类物品叠加。","wpsyff":"主动：属性切换-将附加属性在力量，敏捷以及智力三者间切换。","wpxg":"+ <span class=\"color_yellow\">50</span> 移动速度<br/>+ <span class=\"color_yellow\">8</span> 所选属性<br/>+ <span class=\"color_yellow\">25</span> 攻击速度","lqsjtb":"","lqsj":"","mfxhtb":"","mfxh":"","qzwptb":null,"wpzyms2":"","item_en":"power_treads"},"count":1},{"goods":{"id":96,"bigtype":"升级物品","type":"防具","wpmc":"先锋盾","wppz":"4","wptp":"http://www.dota2.com.cn/images/items/vanguard_lg.png","jgtb":"http://www.dota2.com.cn/images/info1301/tit_img07.gif","jg":"2225","wpjs":"能够让持有者躲过最致命攻击的强力盾牌。","wpzyms":"","wpsyff":"被动：伤害格挡 - 有一定几率格挡伤害，格挡效果取决于你的英雄类型。","wpxg":"+ <span class=\"color_yellow\">250</span> 生命值<br/>+ <span class=\"color_yellow\">6</span> 生命恢复速率<br/>格挡概率： <span class=\"color_yellow\">80%</span><br/>远程格挡： <span class=\"color_yellow\">20</span><br/>近战格挡： <span class=\"color_yellow\">40</span>","lqsjtb":"","lqsj":"","mfxhtb":"","mfxh":"","qzwptb":"","wpzyms2":"多种伤害格挡物品的效果互不叠加。","item_en":"vanguard"},"count":1}],"adapt_kz_list":[{"id":57,"zwm":"全能骑士","ywm":"Omniknight","jc":"全能","xttx":"http://www.dota2.com.cn/images/heroes/omniknight_full.png","dttx":"http://www.dota2.com.cn/images/heroes/omniknight_vert.jpg","gjlx":"近战","yxlx":"力量","yxdw":"耐久|对线辅助|辅助","zltb":"http://www.dota2.com.cn/images/info1301/tit_img01.gif","zljc":"17","zlsj":"1.80","mjtb":"http://www.dota2.com.cn/images/info1301/tit_img02.gif","mjjc":"15","mjsj":"1.75","lltb":"http://www.dota2.com.cn/images/info1301/tit_img03.gif","lljc":"20","llsj":"2.65","gjltb":"http://www.dota2.com.cn/images/info1301/tit_img06.gif","csgjl":"31-41","ydsdtb":"http://www.dota2.com.cn/images/info1301/tit_img05.gif","csydsd":"305","hjtb":"http://www.dota2.com.cn/images/info1301/tit_img04.gif","cshj":"5.1","yxbj":"普利斯特·雷霆之怒是一名见多识广、勇于拼搏、无比虔诚的骑士，他被声望极高的骑士团长老抚养长大，作为他们的贴身侍卫，立誓遵守他们的命令。他将一生都献给了全知全能的神。骑士团毕生都在进行艰苦的圣战，而普利斯特也至死不渝的履行着他的职责，奉献他的力量以及那年轻人特有的热忱，从未有过怀疑。然而，多年的远征让他的长辈和上级都已经归于尘土，带着悔恨和愧疚，被埋葬在远征路上的墓穴里，他亲如兄弟的战友，在同那些拒绝臣服于全能之神的野蛮人的战斗中陨落，而他自己的亲卫，也被伏击、瘟疫吞噬，于是他开始质疑自己誓言的意义——远征的意义。经过了深刻的冥想，他离开了他的军队，长途跋涉回到了晴雪城——传说中的圣城，在那里，他对全能之神的祭司们发出了质问。从来没有哪个骑士胆敢如此，祭司们试图将他投入献祭之渊，然而普利斯特却如山一般无法撼动。因为当他俯视着祭司时，全身闪耀着圣洁之光，祭司们看到全能之神选择了他作为其显圣之身。年长的大祭司见状，便亲自花费了数周的时间，指引他前往圣城深处的密室，世间最为圣洁之地，在那里等着他的，并不是一些充满智慧的晦涩抽象的书籍，也不是什么供人信奉的洞窟遗迹，而是全能之神本尊。神在这个密室里已经居住了千万年，并且创造了世间万物，在星球周围创造了巨大的保护外壳，抵御来自其他世界的邪恶。全能之神告诉普利斯特，他创造了世界，并且给予了教徒世间的真理。骑士没有办法驳斥这个故事。也许全能之神只是一个被关在石牢里面的骗子，根本不是什么创世者，但是全能骑士也不再质疑他的信仰。他的战斗终于有了意义，毫无疑问，他身体里面涌动着神圣的光明之力，而他在战斗中带给战友的力量，更是不容置疑。","dj":"1|15|25","smz":"530|1235|2118","mfz":"221|549|1043","gjl":"51-61|88-98|135-145","hj":"4|8|13","syfw":"1800/800","gjfw":"128","ddsd":"N/A","jdtj1":"http://www.dota2.com.cn/images/property/add/omniknight.jpg","jdms1":"不管是中单还是边路的全能骑士都是这么加点，因为这个英雄本身就是一个奶妈级别的英雄，所以这么加点不仅能保证自己的生存还能让队友有更长的生存时间。其次说一下光环和加血的取舍，基本上dota有一个共通点就是很多技能都是1级收益最大，所以一级的魔免能让你躲过对方的集火就可以了，次要升级光环是因为这个光环黏人的效果很明显，都是百分比的减少对方的攻击速度和移动速度，虽然只有300码，但是只要黏住就能给队友创造击杀的机会。","jdtj2":null,"jdms2":null,"cmzb":"治疗药膏*1|净化药水*2|铁树枝干*2|守护指环*1|树之祭祀*1","qqzb":"速度之靴*1|魔棒*1|王者之戒*1","hxzb":"灵魂之戒*1|奥术鞋*1|魔杖*1|侦查守卫*1|回城卷轴*1","hqsz":"阿哈利姆神杖*1|梅肯斯姆*1|邪恶镰刀*1|希瓦的守护*1|远行鞋*1|弗拉迪米尔的祭品*1","ljt":"http://www.dota2.com.cn/images/property/omniknight.gif","path":"omniknight","zymc":"天辉","zytb":"http://www.dota2.com.cn/images/heropedia/radiant.jpg","yxtp":"http://www.dota2.com.cn/images/others/omniknight_big1.jpg","gjlxxj":"1","yxdwxj":"2|1|1","llsjsmz":"19","llsjsmhf":"0.03","mjsjhj":"1","mjsjgjsd":"1","zlsjmfz":"13","zlsjmfhf":"0.04","sjgjl":"1","pjsh":"56","gjsd":"115|122|157","gjms":"1.48","gjsh":"51-61","gjjl":"128|128|128","wlhj":"5.1","wlshkx":"19%","mfshkx":"25%","minitb":"http://www.dota2.com.cn/images/heroes/omniknight_icon.png"},{"id":43,"zwm":"拉比克","ywm":"Rubick","jc":"GM","xttx":"http://www.dota2.com.cn/images/heroes/rubick_full.png","dttx":"http://www.dota2.com.cn/images/heroes/rubick_vert.jpg","gjlx":"远程","yxlx":"智力","yxdw":"控制|爆发","zltb":"http://www.dota2.com.cn/images/info1301/tit_img01.gif","zljc":"27","zlsj":"2.4","mjtb":"http://www.dota2.com.cn/images/info1301/tit_img02.gif","mjjc":"14","mjsj":"1.6","lltb":"http://www.dota2.com.cn/images/info1301/tit_img03.gif","lljc":"19","llsj":"1.5","gjltb":"http://www.dota2.com.cn/images/info1301/tit_img06.gif","csgjl":"17-27","ydsdtb":"http://www.dota2.com.cn/images/info1301/tit_img05.gif","csydsd":"290","hjtb":"http://www.dota2.com.cn/images/info1301/tit_img04.gif","cshj":"0.96","yxbj":"所有法师都会点魔法，其中一部分通过长时间的学习应该也能成为巫师，然而只有其中最有天赋的，才有资格成为魔导师。法师们都是一样，虽然相互认识，但却并不相互尊重。在整个魔法界，拉比克已经算是著名的斗士和学者，不过他自己也没想过自己是当魔导师的料，直到他第17次外出刺杀。他和往常一样将那些失败者从高台上抛下，轮到第12个人时，他猛然的发现自己的生命是如此的无趣。曾经很简单的短暂法术干扰或者空手召唤火焰都能让他兴奋不已，而现在对他来说已经是意料之中的事情。他渴求更大的挑战。于是，他戴上了战斗面具，做了每个试图超越的巫师都会做的事：扬言要杀死一名魔导师。拉比克很快就发现对一个魔导师宣战的后果就是对整个魔导师群体宣战，他们将愤怒倾泻在他身上。每个魔导师的咒语都是势不可挡的能量洪流，每次攻击都是精确的杀招。然而很快魔导师们就发现了一些诡异的事情：他们好像在被自己的法术攻击。魔法漩涡中隐约传来拉比克的轻笑，他隐秘的解读着魔导师们的法术，复制其中之一，然后用这个法术攻击另外一人，在魔导师之间制造着他精心编制的混乱。被背叛的愤怒开始在魔导师们中滋生，很快他们就开始相互攻击，因为他们也不确定究竟是谁攻击了自己。战斗终于停止，所有的魔导师都被他人的魔法灼烧，冻僵，甚至切成碎片，死伤惨重。拉比克则独自站在一旁，疲惫却欣喜，这次战斗让他获益颇丰。当他向隐修议会提出晋升的要求时，没有人敢置喙一句，议会中的幻寂十一长者一致同意，承认他为大魔导师。","dj":"1|15|25","smz":"511|910|1575","mfz":"351|788|1360","gjl":"44-54|78-88|122-132","hj":"1|4|9","syfw":"1800/800","gjfw":"600","ddsd":"1125","jdtj1":"http://www.dota2.com.cn/images/property/add/rubick.jpg","jdms1":"这是如今最常见的拉比克加点路线，1级主加隔空取物，配合队友拿一血，或者关键时刻用来保命都是不错的选择。主弱化能流基本没有争议，一个小范围AOE，加上还能削减攻击力，性价比还是颇高的。失效力场增加友军魔抗可以中后期再补起来。","jdtj2":"","jdms2":"","cmzb":"动物信使*1|树之祭祀*1|治疗药膏*1|净化药水*1|铁树枝干*3","qqzb":"魔棒*1|速度之靴*1|护腕*1|侦查守卫*1","hxzb":"奥术鞋*1|原力法杖*1|侦查守卫*1","hqsz":"阿哈利姆神杖*1|梅肯斯姆*1|希瓦的守护*1|闪烁匕首*1|邪恶镰刀*1|纷争面纱*1","ljt":"http://www.dota2.com.cn/images/property/rubick.gif","path":"rubick","zymc":"天辉","zytb":"http://www.dota2.com.cn/images/heropedia/radiant.jpg","yxtp":"http://www.dota2.com.cn/images/others/rubick_big1.jpg","gjlxxj":"1","yxdwxj":"2|2","llsjsmz":"19","llsjsmhf":"0.03","mjsjhj":"1","mjsjgjsd":"1","zlsjmfz":"13","zlsjmfhf":"0.04","sjgjl":"1","pjsh":"49","gjsd":"114|120|152","gjms":"1.49","gjsh":"44-54","gjjl":"600|600|600","wlhj":"0","wlshkx":"5%","mfshkx":"25%","minitb":"http://www.dota2.com.cn/images/heroes/rubick_icon.png"},{"id":4,"zwm":"钢背兽","ywm":"Bristleback","jc":"钢背，背背猪","xttx":"http://www.dota2.com.cn/images/heroes/bristleback_full.png","dttx":"http://www.dota2.com.cn/images/heroes/bristleback_vert.jpg","gjlx":"近战","yxlx":"力量","yxdw":"耐久|先手|控制","zltb":"http://www.dota2.com.cn/images/info1301/tit_img01.gif","zljc":"14","zlsj":"2.80","mjtb":"http://www.dota2.com.cn/images/info1301/tit_img02.gif","mjjc":"17","mjsj":"1.80","lltb":"http://www.dota2.com.cn/images/info1301/tit_img03.gif","lljc":"22","llsj":"2.20","gjltb":"http://www.dota2.com.cn/images/info1301/tit_img06.gif","csgjl":"26-36","ydsdtb":"http://www.dota2.com.cn/images/info1301/tit_img05.gif","csydsd":"290","hjtb":"http://www.dota2.com.cn/images/info1301/tit_img04.gif","cshj":"3.38","yxbj":"瑞格沃在打架时从不以背示人，他因与众多强大烦人的拳手进行的正面交锋为人称道。醉酒的人群给他冠以“刚背大师”的美名，他曾徒步从斯洛姆王国前往厄泽王庭，沿途经过的所有酒馆他都插手了后院发生的斗殴。为了少许的酒钱，刚背兽帮酒馆收集账单，维护秩序，偶尔还能折断一两条腿，如果不走运的吐丝家伙碰到了他那就是五条。在一晚痛快的干架中，钢背兽终于遇到了自己的对手，他眼看着酒馆的常客和老板身上都受了不少伤。“先生，你那长牙让我不爽。”他对着一个来自北方荒原体型巨大的家伙醉醺醺地哼道。接下来就是场世纪大战。十多个斗士一拥而上。凳子无一幸免，最后不可思议的发生了：账单没付。数月过去，钢背兽的伤口愈合了，他的刺针也长回来了；但是执法者的名誉受损非常棘手。他自己拿钱付了账单，发誓要去追寻这个北方人，让他加倍偿还。然后他做了件之前从没做过的事——实际上他训练过，在训练中他对自己有了惊人的发现。他折了折自己的刺针后，嘴角扬起了一丝微笑。在战斗中背部迎人或许正好合适。","dj":"1|15|25","smz":"568|1153|1951","mfz":"182|692|1316","gjl":"48-58|79-89|121-131","hj":"3|7|12","syfw":"1800/800","gjfw":"128","ddsd":"900","jdtj1":"http://www.dota2.com.cn/images/property/add/bristleback.jpg","jdms1":"本套加点，总的思路是主加刺针扫射来提高AOE输出能力。1级选择粘稠鼻液的理由是可以配合队友和兵线进行线上压制。等到拥有2级刺针扫射的时候，一般就可以适当利用来补兵和消耗对手了，但应注意控制魔法消耗。接下来，由于升级粘稠鼻液的效果提升不是非常明显，建议加满钢毛后背来提升带线中的反杀能力以及团战中的肉盾能力。最后，大招战意提供的加成非常关键，有大点大成为钢背兽的必然选择。","jdtj2":null,"jdms2":null,"cmzb":"治疗药膏*1|树之祭祀*1|净化药水*1|铁树枝干*1|圆盾*1","qqzb":"速度之靴*1|治疗指环*1|王者之戒*1|魔杖*1","hxzb":"动力鞋*1|先锋盾*1|回城卷轴*1","hqsz":"刃甲*1|赤红甲*1|天堂之戟*1|强袭胸甲*1|洞察烟斗*1|希瓦的守护*1|恐鳌之心*1|辉耀*1|阿托斯之棍*1|玲珑心*1|清莲宝珠*1|炎阳纹章*1|银月之晶*1","ljt":"http://www.dota2.com.cn/images/property/bristleback.gif","path":"bristleback","zymc":"天辉","zytb":"http://www.dota2.com.cn/images/heropedia/radiant.jpg","yxtp":"http://www.dota2.com.cn/images/others/bristleback_big1.jpg","gjlxxj":"1","yxdwxj":"3|1|1","llsjsmz":"19","llsjsmhf":"0.03","mjsjhj":"1","mjsjgjsd":"1","zlsjmfz":"13","zlsjmfhf":"0.04","sjgjl":"1","pjsh":"57","gjsd":"117|124|160","gjms":"1.45","gjsh":"48-58","gjjl":"128|128|128","wlhj":"3","wlshkx":"16%","mfshkx":"25%","minitb":"http://www.dota2.com.cn/images/heroes/bristleback_icon.png"},{"id":84,"zwm":"天怒法师","ywm":"Skywrath Mage","jc":"龙鹰","xttx":"http://www.dota2.com.cn/images/heroes/skywrath_mage_full.png","dttx":"http://www.dota2.com.cn/images/heroes/skywrath_mage_vert.jpg","gjlx":"远程","yxlx":"智力","yxdw":"远程|爆发|辅助","zltb":"http://www.dota2.com.cn/images/info1301/tit_img01.gif","zljc":"27","zlsj":"3.6","mjtb":"http://www.dota2.com.cn/images/info1301/tit_img02.gif","mjjc":"13","mjsj":"0.8","lltb":"http://www.dota2.com.cn/images/info1301/tit_img03.gif","lljc":"19","llsj":"1.5","gjltb":"http://www.dota2.com.cn/images/info1301/tit_img06.gif","csgjl":"12月22日","ydsdtb":"http://www.dota2.com.cn/images/info1301/tit_img05.gif","csydsd":"315","hjtb":"http://www.dota2.com.cn/images/info1301/tit_img04.gif","cshj":"0.52","yxbj":"作为苍白之巢王庭的高阶法师，扎贡纳斯的生活非常困苦。他天生就宣誓保护荆棘王座之主，但是对现在的天怒女皇痛恨得咬牙切齿。身为出身高贵的年轻人，他与荆棘王座的第一继承人，天怒皇族的长公主曾是亲密无间的伙伴。他对她浓烈的爱意至死不渝，不过出于自身的身份，他全身心投入到奥术的学习中，努力去掌握天怒一族的法术。</p><p>由于对奥术的着迷，他没有发现王庭有人密谋背叛仙德尔莎，错失阻止阴谋的机会。在王庭的暴力政变瞬息而过，等他在如山的魔法书前抬起头来，发现他挚爱的老友已经无处寻觅。荆棘王座现在由仙德尔莎心肠歹毒的妹妹霸占，而扎贡纳斯无能为力。天怒法师拥有的魔力只会在他保护天怒皇族时才能掌控，所以奋起反抗荆棘王座只会让他一无是处。他坚守自己的岗位，相信总有一天他的真爱将回到应有的王位上。同时，仙德尔莎残破的肉体经由女神丝奎奥克的魔力成为复仇能量的化身，她也知晓天怒法师的暗恋。</p><p>在他梦想着让深爱的女皇重登苍白之巢时，他更渴望让仙德尔莎重拾健全的肉体形态。天性品行高尚，宅心仁厚的他侍奉王庭时阳奉阴违的举动让自己苦恼不已；但是最要命的是，想象着复仇之魂内心因为立场的对立而对他无比憎恨，他痛彻心扉。","dj":"1|15|25","smz":"511|910|1575","mfz":"351|1006|1734","gjl":"39-49|89-99|145-155","hj":"1|2|6","syfw":"1800/800","gjfw":"600","ddsd":"1000","jdtj1":"http://www.dota2.com.cn/images/property/add/Skywrath_Mage.jpg","jdms1":"这是一套比较常见的加点，通过主秘法箭来提升天怒法师的稳定输出，保持压制力。由于震荡光弹的升级加成有限（仅提升伤害），这里选择前期1级的策略。上古封印可以副加的技能，利用升级延长的沉默时间和增加的魔法伤害加成来提高击杀的成功率。最后，大招神秘之耀是天怒法师重要的爆发技能，显然应该优先保证等级。","jdtj2":null,"jdms2":null,"cmzb":"铁树枝干*3|智力斗篷*1|树之祭祀*1|治疗药膏*1","qqzb":"速度之靴*1|魔棒*1|空灵挂件*1","hxzb":"魔杖*1|奥术鞋*1|精气之球*1","hqsz":"阿哈利姆神杖*1|原力法杖*1|希瓦的守护*1|闪烁匕首*1|邪恶镰刀*1|纷争面纱*1","ljt":"http://www.dota2.com.cn/images/property/skywrath_mage.gif","path":"skywrath_mage","zymc":"天辉","zytb":"http://www.dota2.com.cn/images/heropedia/radiant.jpg","yxtp":"http://www.dota2.com.cn/images/others/skywrath_mage_big1.jpg","gjlxxj":"1","yxdwxj":"3|1","llsjsmz":"19","llsjsmhf":"0.03","mjsjhj":"1","mjsjgjsd":"1","zlsjmfz":"13","zlsjmfhf":"0.04","sjgjl":"1","pjsh":"44","gjsd":"118|121|137","gjms":"1.44","gjsh":"39-49","gjjl":"600|600|600","wlhj":"0","wlshkx":"3%","mfshkx":"25%","minitb":"http://www.dota2.com.cn/images/heroes/skywrath_mage_icon.png"},{"id":9,"zwm":"幻影刺客","ywm":"Phantom Assassin","jc":"PA、幻刺、魅影之纱","xttx":"http://www.dota2.com.cn/images/heroes/phantom_assassin_full.png","dttx":"http://www.dota2.com.cn/images/heroes/phantom_assassin_vert.jpg","gjlx":"近战","yxlx":"敏捷","yxdw":"核心|逃生","zltb":"http://www.dota2.com.cn/images/info1301/tit_img01.gif","zljc":"13","zlsj":"1","mjtb":"http://www.dota2.com.cn/images/info1301/tit_img02.gif","mjjc":"23","mjsj":"3.15","lltb":"http://www.dota2.com.cn/images/info1301/tit_img03.gif","lljc":"20","llsj":"1.85","gjltb":"http://www.dota2.com.cn/images/info1301/tit_img06.gif","csgjl":"23-25","ydsdtb":"http://www.dota2.com.cn/images/info1301/tit_img05.gif","csydsd":"310","hjtb":"http://www.dota2.com.cn/images/info1301/tit_img04.gif","cshj":"4.22","yxbj":"通过占卜和预见，魅影之纱一直严格的甄选一些婴儿来抚养成人，成为她们的刺客。这是一个将刺杀视作神圣的自然法则的女刺客同盟。魅影之纱通过冥想和神谕来确定他们的暗杀目标。她们不被任何条款所束缚，也从不因为政治斗争或者金钱利益刺杀。她们的刺杀完全没有时间规律，似乎是随性为之：不管你是手握大权，还是平凡农夫，对她们来说，你的死法都是一样的。即使这些刺杀行为有一个固定的套路，那也是只有组织成员才知道。她们把目标看做必要的牺牲品，而死亡则是荣耀加身。作为幻影刺客，她们的身份从小就只有组织内的人才知道，而任何一个幻影刺客都能填补另一个的空缺；她们甚至连代号都不为人知。也许成员有很多，也许只有几个。那谜样面纱之下的真相无人知晓。只有一个，在四下无人之时，那面纱会时不时的被隐秘低语所拂动，低语中，是她自己的名字：茉崔蒂。","dj":"1|15|25","smz":"530|1022|1754","mfz":"169|351|741","gjl":"46-48|90-92|142-144","hj":"4|10|18","syfw":"1800/800","gjfw":"128","ddsd":"N/A","jdtj1":"http://www.dota2.com.cn/images/property/add/phantom_assassin.jpg","jdms1":"幻影刺客也是Dota几个“无敌后期”中的人选，这套加点是目前比较主流的pa打法套路。前期点一级模糊做为别人gank自己时的报警器。主D可以让幻刺更从容的在线上补刀，毕竟是近战后期，免不了受到对方强力英雄的轮番照顾。中期将闪烁点满，收割，切入都能有着很好的效果。","jdtj2":"","jdms2":"","cmzb":"树之祭祀*1|治疗药膏*1|铁树枝干*3|圆盾*1","qqzb":"魔棒*1|速度之靴*1|天鹰之戒*1","hxzb":"魔杖*1|相位鞋*1|黑皇杖*1","hqsz":"恐鳌之心*1|强袭胸甲*1|蝴蝶*1|深渊之刃*1","ljt":"http://www.dota2.com.cn/images/property/phantom_assassin.gif","path":"phantom_assassin","zymc":"夜魇","zytb":"http://www.dota2.com.cn/images/heropedia/dire.jpg","yxtp":"http://www.dota2.com.cn/images/others/phantom_assassin_big1.jpg","gjlxxj":"1","yxdwxj":"3|1","llsjsmz":"19","llsjsmhf":"0.03","mjsjhj":"1","mjsjgjsd":"1","zlsjmfz":"13","zlsjmfhf":"0.04","sjgjl":"1","pjsh":"47","gjsd":"123|136|199","gjms":"1.38","gjsh":"46-48","gjjl":"128|128|128","wlhj":"4","wlshkx":"20%","mfshkx":"25%","minitb":"http://www.dota2.com.cn/images/heroes/phantom_assassin_icon.png"},{"id":86,"zwm":"维萨吉","ywm":"Visage","jc":"灰鸟，死灵飞龙","xttx":"http://www.dota2.com.cn/images/heroes/visage_full.png","dttx":"http://www.dota2.com.cn/images/heroes/visage_vert.jpg","gjlx":"远程","yxlx":"智力","yxdw":"爆发|耐久|控制","zltb":"http://www.dota2.com.cn/images/info1301/tit_img01.gif","zljc":"24","zlsj":"2.5","mjtb":"http://www.dota2.com.cn/images/info1301/tit_img02.gif","mjjc":"11","mjsj":"1.3","lltb":"http://www.dota2.com.cn/images/info1301/tit_img03.gif","lljc":"22","llsj":"2.4","gjltb":"http://www.dota2.com.cn/images/info1301/tit_img06.gif","csgjl":"24-34","ydsdtb":"http://www.dota2.com.cn/images/info1301/tit_img05.gif","csydsd":"295","hjtb":"http://www.dota2.com.cn/images/info1301/tit_img04.gif","cshj":"-0.46","yxbj":"面目狰狞的石像鬼庞大的身影蹲坐在狭窄迷宫的入口，永恒地凝视着通往往生之境的路径。无论走兽还是飞鸟，人类还是怪物，一切服从生老病死并选择进入冥府的生物终有一天会经过它们的面前。对于一个离开肉体的灵魂而言，一旦做出了穿过死亡幕帘的决定就再无回头之路。不过总有一些不安分的灵魂凭着智力或机巧，借着偶然的契机得以从天国或是地狱逃离。这时候，令人胆寒的石像鬼维萨吉，承载死灵飞龙不朽灵魂的形体，就会被派遣出去寻回他们。维萨吉精明强干又冷酷无情，不受死亡或是疲倦的支配。它无休无止、毫不留情地追踪它的猎物，一心只想摧毁一切逃亡灵魂的藏身之处。谁敢嘲笑冥界的法则，谁就永远不得安宁。虽然亡者的确可以被复活，但他们迟早会被维萨吉找到，并且遣送回他们本来该在的地方。","dj":"1|15|25","smz":"568|1206|2042","mfz":"312|767|1352","gjl":"48-58|83-93|128-138","hj":"-0|2|7","syfw":"1800/800","gjfw":"600","ddsd":"900","jdtj1":"http://www.dota2.com.cn/images/property/add/visage.jpg","jdms1":"如今的死灵飞龙维萨吉已经很少出现在CW舞台中了，这是一个天生为三人路而生的英雄，前期灵魂超度堪称神技。新版本总更是加强了黄泉颤抖技能，在路人战中，玩得溜的死灵飞龙依然能有着亮眼的操作。如果前期压力较大，可以考虑多提升被动的等级，增加死灵飞龙的抗击打能力。","jdtj2":"","jdms2":"","cmzb":"树之祭祀*1|治疗药膏*1|净化药水*2|守护指环*1|铁树枝干*2","qqzb":"速度之靴*1|魔棒*1|王者之戒*1","hxzb":"动力鞋*1|魔杖*1|梅肯斯姆*1|勇气勋章*1","hqsz":"阿哈利姆神杖*1|邪恶镰刀*1|希瓦的守护*1|强袭胸甲*1|阿托斯之棍*1|恐鳌之心*1","ljt":"http://www.dota2.com.cn/images/property/visage.gif","path":"visage","zymc":"夜魇","zytb":"http://www.dota2.com.cn/images/heropedia/dire.jpg","yxtp":"http://www.dota2.com.cn/images/others/visage_big1.jpg","gjlxxj":"1","yxdwxj":"2|2|1","llsjsmz":"19","llsjsmhf":"0.03","mjsjhj":"1","mjsjgjsd":"1","zlsjmfz":"13","zlsjmfhf":"0.04","sjgjl":"1","pjsh":"53","gjsd":"111|116|142","gjms":"1.53","gjsh":"48-58","gjjl":"600|600|600","wlhj":"0","wlshkx":"-2%","mfshkx":"10%","minitb":"http://www.dota2.com.cn/images/heroes/visage_icon.png"},{"id":73,"zwm":"噬魂鬼","ywm":"Lifestealer","jc":"小狗","xttx":"http://www.dota2.com.cn/images/heroes/life_stealer_full.png","dttx":"http://www.dota2.com.cn/images/heroes/life_stealer_vert.jpg","gjlx":"近战","yxlx":"力量","yxdw":"核心|耐久|打野|逃生","zltb":"http://www.dota2.com.cn/images/info1301/tit_img01.gif","zljc":"15","zlsj":"1.75","mjtb":"http://www.dota2.com.cn/images/info1301/tit_img02.gif","mjjc":"18","mjsj":"1.90","lltb":"http://www.dota2.com.cn/images/info1301/tit_img03.gif","lljc":"25","llsj":"2.40","gjltb":"http://www.dota2.com.cn/images/info1301/tit_img06.gif","csgjl":"32-42","ydsdtb":"http://www.dota2.com.cn/images/info1301/tit_img05.gif","csydsd":"315","hjtb":"http://www.dota2.com.cn/images/info1301/tit_img04.gif","cshj":"1.52","yxbj":"在德瓦克地下城中，关押着一个一心想要复仇的巫师，他正在密谋着如何逃跑。和他被关在同一间牢房的，是一个口齿不清的生物，一个名叫奈克斯的贼，它被邪恶议会施加了长命百岁的诅咒，这样才有足够的时间来尽可能多的惩罚它的偷窃和欺骗的行径。年复一年，它的枷锁已然被侵蚀得不成样子，它的思维也不再清醒；奈克斯已经完全忘记了以前的事情，也不再想着逃跑。巫师见状，觉得自己为逃跑大计找到了一个完美的牺牲品，于是对奈克斯施放了感染之咒，将自己的生命之力灌注到奈克斯的躯壳里，然后指使奈克斯制造暴乱，牺牲它的躯体来破坏囚牢，巫师随后就能返回自己的身体，然后神不知鬼不觉的逃跑。然而他的如意算盘并未实现，在进入奈克斯躯体以后，巫师发现他的神志被一个疯狂的旋涡所捕获，那个旋涡的力量强横无匹，抹掉了他所有的意识。由于其意识被一个鲜活生命的闯入刺激，奈克斯突然之间从它那疯狂的梦魇中清醒了过来，并且按着脑海中那个虚无的声音的唯一的指令行动：逃跑。也就是在那个时候，噬魂鬼正式诞生。这个生命体将自己的心智灌注到地下城里面的卫兵身体里，强迫他们打开牢笼，杀死其他卫兵，为噬魂鬼打开了一条畅通无阻的自由大道，而他们的生命也在被吞噬。现在，噬魂鬼仍然带着那串破碎的镣铐，似乎是在告诉世界没有人能够禁锢住他，但同时它心里还认为自己是个囚犯。两个意识共存于一个身体里——一个恶毒狡猾，阳奉阴违的生命。","dj":"1|15|25","smz":"625|1263|2099","mfz":"195|514|1001","gjl":"57-67|91-101|135-145","hj":"2|5|11","syfw":"1800/800","gjfw":"128","ddsd":"N/A","jdtj1":"http://www.dota2.com.cn/images/property/add/lifestealer.jpg","jdms1":"小狗的加点比较灵活，在不同的局势下前期加满任何一种技能都是可以的。建议3级的时候3个技能个点一级，然后再根据场上形势选择主次。","jdtj2":null,"jdms2":null,"cmzb":"树之祭祀*1|治疗药膏*1|圆盾*1|铁树枝干*3","qqzb":"速度之靴*1|魔棒*1","hxzb":"动力鞋*1|魔杖*1|莫尔迪基安的臂章*1|振奋宝石*1","hqsz":"雷神之锤*1|强袭胸甲*1|深渊之刃*1|黯灭*1|闪烁匕首*1|撒旦之邪力*1","ljt":"http://www.dota2.com.cn/images/property/life_stealer.gif","path":"lifestealer","zymc":"夜魇","zytb":"http://www.dota2.com.cn/images/heropedia/dire.jpg","yxtp":"http://www.dota2.com.cn/images/others/life_stealer_big1.jpg","gjlxxj":"1","yxdwxj":"2|2|1|1","llsjsmz":"19","llsjsmhf":"0.03","mjsjhj":"1","mjsjgjsd":"1","zlsjmfz":"13","zlsjmfhf":"0.04","sjgjl":"1","pjsh":"62","gjsd":"118|126|164","gjms":"1.44","gjsh":"57-67","gjjl":"128|128|128","wlhj":"1","wlshkx":"8%","mfshkx":"25%","minitb":"http://www.dota2.com.cn/images/heroes/life_lifestealer_icon.png"},{"id":51,"zwm":"殁境神蚀者","ywm":"Outworld Devourer","jc":"黑鸟","xttx":"http://www.dota2.com.cn/images/heroes/obsidian_destroyer_full.png","dttx":"http://www.dota2.com.cn/images/heroes/obsidian_destroyer_vert.jpg","gjlx":"远程","yxlx":"智力","yxdw":"核心","zltb":"http://www.dota2.com.cn/images/info1301/tit_img01.gif","zljc":"26","zlsj":"3.3","mjtb":"http://www.dota2.com.cn/images/info1301/tit_img02.gif","mjjc":"24","mjsj":"2","lltb":"http://www.dota2.com.cn/images/info1301/tit_img03.gif","lljc":"19","llsj":"2.3","gjltb":"http://www.dota2.com.cn/images/info1301/tit_img06.gif","csgjl":"20-35","ydsdtb":"http://www.dota2.com.cn/images/info1301/tit_img05.gif","csydsd":"315","hjtb":"http://www.dota2.com.cn/images/info1301/tit_img04.gif","cshj":"5.36","yxbj":"一个高傲且强横的种族中的一员，先兆者，徘徊于虚空裂隙，他是整个世界与创世深渊之间唯一的卫士。在这充斥着星体残片的殁境中，他凝视着天穹，警觉的提防着繁星之外那无底深渊中的任何骚动。在他非凡的智慧中，深藏着对先兆的敏锐洞察力和强烈共鸣，他心中那曲黑暗的协奏曲暗示着：总有一天，在这深渊之中，在那造化之外，会有某种东西醒来，并且注意到我们的世界。由于太专注于监视星体，殁境神蚀者对太阳附近的事件并不关心。然而，随着遗迹发出战争的召唤，随着心中那潜在的危机感不断扩大，殁境神蚀者展开双翼，向着我们的世界飞来。在预言中，先兆者的地位不言而喻：他的出现即是灾厄的征兆。何况，他已然亲临。","dj":"1|15|25","smz":"511|1123|1940","mfz":"338|939|1628","gjl":"46-61|92-107|145-160","hj":"5|9|15","syfw":"1800/800","gjfw":"450","ddsd":"900","jdtj1":"http://www.dota2.com.cn/images/property/add/Outworld_Devourer.jpg","jdms1":"黑鸟是为数不多可以打后期的智力型英雄，这套加点适合打solo位置的黑鸟。星体禁锢是不错的技能，留人，救人，抽取智力都会有着不错的效果，前期最少加到两级，可以主禁锢，也可以主被动。可以更早的升级1级的奥术天球。","jdtj2":null,"jdms2":null,"cmzb":"铁树枝干*3|智力斗篷*1|树之祭祀*1|治疗药膏*1","qqzb":"魔棒*1|速度之靴*1|空灵挂件*1","hxzb":"动力鞋*1|魔杖*1|原力法杖*1|回城卷轴*1","hqsz":"阿哈利姆神杖*1|希瓦的守护*1|闪烁匕首*1|邪恶镰刀*1|纷争面纱*1","ljt":"http://www.dota2.com.cn/images/property/obsidian_destroyer.gif","path":"outworld_devourer","zymc":"夜魇","zytb":"http://www.dota2.com.cn/images/heropedia/dire.jpg","yxtp":"http://www.dota2.com.cn/images/others/obsidian_destroyer_big1.jpg","gjlxxj":"1","yxdwxj":"2","llsjsmz":"19","llsjsmhf":"0.03","mjsjhj":"1","mjsjgjsd":"1","zlsjmfz":"13","zlsjmfhf":"0.04","sjgjl":"1","pjsh":"53","gjsd":"124|132|172","gjms":"1.37","gjsh":"46-61","gjjl":"450|450|450","wlhj":"5","wlshkx":"24%","mfshkx":"25%","minitb":"http://www.dota2.com.cn/images/heroes/obsidian_destroyer_icon.png"}]}