{"hero":{"id":79,"zwm":"斯拉达","ywm":"Slardar","jc":"大鱼人","xttx":"http://www.dota2.com.cn/images/heroes/slardar_full.png","dttx":"http://www.dota2.com.cn/images/heroes/slardar_vert.jpg","gjlx":"近战","yxlx":"力量","yxdw":"核心-耐久-控制-先手","zltb":"http://www.dota2.com.cn/images/info1301/tit_img01.gif","zljc":"15","zlsj":"1.50","mjtb":"http://www.dota2.com.cn/images/info1301/tit_img02.gif","mjjc":"17","mjsj":"2.40","lltb":"http://www.dota2.com.cn/images/info1301/tit_img03.gif","lljc":"21","llsj":"2.80","gjltb":"http://www.dota2.com.cn/images/info1301/tit_img06.gif","csgjl":"30-38","ydsdtb":"http://www.dota2.com.cn/images/info1301/tit_img05.gif","csydsd":"300","hjtb":"http://www.dota2.com.cn/images/info1301/tit_img04.gif","cshj":"5.38","yxbj":"斯拉达是个鱼人，一位深海住民，他守卫着沉没的城市和其中埋藏的古老宝藏。在海底深渊那黑暗的海沟中，鱼人守卫带着作为诱饵的光源穿梭在藏有宝物的密室中。陆地上贪婪的巫师们派下去的潜水盗贼被他看似友善的光亮吸引，然后一去不返。他对海洋绝对忠诚，沉默寡言的性格有效的隐藏了海洋最秘密场所的位置。有时他会上浮到浅海侦查，不顾光亮造成的痛苦，确保没人在对深海进行谋划。有时他会无情的追杀那些极少数设法从沉没宝库偷取了一件宝物的家伙。由于斯拉达的一生都生活在深海中，承受着海洋巨大的水压，因此鱼人守卫的力量无比强大。","dj":"1/15/25","smz":"549/1294/2206","mfz":"195/468/923","gjl":"51-59/90-98/138-148","hj":"5/10/16","syfw":"1800/800","gjfw":"128","ddsd":"N/A","jdtj1":"http://www.dota2.com.cn/images/property/add/slardar.jpg","jdms1":"鱼人守卫，曾经有一段时间风靡CW舞台，很多战队都爱使用它。有控制，够肉，打得了输出。鱼人的加点也变化不多，被动虽然imba但是鱼人蛋疼的攻击速度，前期点被动的性价比着实不高。冲锋学满反而大大增加了鱼人守卫的机动性。","jdtj2":null,"jdms2":null,"cmzb":"圆盾*1|治疗药膏*1|树之祭祀*1|净化药水*1|铁树枝干*2","qqzb":"魔棒*1|速度之靴*1|治疗指环*1","hxzb":"魔杖*1|动力鞋*1|先锋盾*1","hqsz":"黑皇杖*1|闪烁匕首*1|恐鳌之心*1|黯灭*1|强袭胸甲*1|撒旦之邪力*1","ljt":"http://www.dota2.com.cn/images/property/slardar.gif","path":"slardar","zymc":"夜魇","zytb":"http://www.dota2.com.cn/images/heropedia/dire.jpg","yxtp":"http://www.dota2.com.cn/images/others/slardar_big1.jpg","gjlxxj":"1","yxdwxj":"2-2-2-1","llsjsmz":"19","llsjsmhf":"0.03","mjsjhj":"1","mjsjgjsd":"1","zlsjmfz":"13","zlsjmfhf":"0.04","sjgjl":"1","pjsh":"55","gjsd":"117/127/175","gjms":"1.45","gjsh":"51-59","gjjl":"128/128/128","wlhj":"5","wlshkx":"24%","mfshkx":"25%","minitb":"http://www.dota2.com.cn/images/heroes/slardar_icon.png"},"skillList":[{"id":349,"zwm":"斯拉达","jnmc":"冲刺","jntb":"http://www.dota2.com.cn/images/heroes/abilities/slardar_sprint_hp1.png","jnms":"斯拉达显著提升移动速度，但受到更多伤害。","mftb":"http://www.dota2.com.cn/style/../images/info1301/ico2.gif","mfxh":"0","lqtb":"http://www.dota2.com.cn/style/../images/info1301/ico2.gif","lqsj":"17","jnxg":"<span class=\"color_white\">技能：</span>无目标|<span class=\"color_white\">受到额外伤害：</span>15%|<span class=\"color_green\">速度提升：</span>20%/28%/36%/44%|<span class=\"color_white\">持续时间：</span>12","jnsp":"http://dota2.dl.wanmei.com/dota2/video/abilities/slardar_sprint.mp4","spms":"斯拉达从深海来到陆地后，发现有必要用强有力的尾巴冲刺来代替游泳。","djjd":"2,4,9,10","ewms":"开启此技能不会打断持续施法。"},{"id":350,"zwm":"斯拉达","jnmc":"鱼人碎击","jntb":"http://www.dota2.com.cn/images/heroes/abilities/slardar_slithereen_crush_hp1.png","jnms":"猛击地面，对附近地面单位造成伤害并眩晕。眩晕结束后还会受到减速。","mftb":"http://www.dota2.com.cn/style/../images/info1301/ico2.gif","mfxh":"80/95/105/115","lqtb":"http://www.dota2.com.cn/style/../images/info1301/ico2.gif","lqsj":"8","jnxg":"<span class=\"color_white\">技能：</span>无目标|<span class=\"color_white\">攻击力：</span>75/125/175/225|<span class=\"color_white\">伤害类型：</span>物理|<span class=\"color_white\">作用范围：</span>350|<span class=\"color_white\">无技能免疫：</span>否|<span class=\"color_white\">移动速度减缓：</span>20%|<span class=\"color_white\">攻击速度降低：</span>20|<span class=\"color_white\">减速持续时间：</span>2|<span class=\"color_white\">眩晕时间：</span>1.6/1.9/2.2/2.5","jnsp":"http://dota2.dl.wanmei.com/dota2/video/abilities/slardar_slithreen_crush_creeps.mp4","spms":"强力的快速碎击，溅起的水浪打破最坚固的防御。","djjd":"1,3,5,7","ewms":""},{"id":351,"zwm":"斯拉达","jnmc":"重击","jntb":"http://www.dota2.com.cn/images/heroes/abilities/slardar_bash_hp1.png","jnms":"攻击有一定概率造成额外伤害并眩晕敌人。对普通单位的眩晕时间加倍。","mftb":"","mfxh":"0","lqtb":"","lqsj":"0","jnxg":"<span class=\"color_white\">技能：</span>被动|<span class=\"color_white\">概率：</span>10%/15%/20%/25%|<span class=\"color_white\">伤害类型：</span>物理|<span class=\"color_white\">额外伤害：</span>60/80/100/120|<span class=\"color_white\">无视技能免疫：</span><span class=\"color_green\">是</span>|<span class=\"color_white\">眩晕时间：</span>1","jnsp":"http://dota2.dl.wanmei.com/dota2/video/abilities/slardar_bash.mp4","spms":"偷窃深海宝藏的盗贼在战斗中遭遇到鱼人守卫的残暴之力。","djjd":"8,12,13,14","ewms":"眩晕效果无视技能免疫。<br/>不能与碎颅锤叠加。"},{"id":352,"zwm":"斯拉达","jnmc":"伤害加深","jntb":"http://www.dota2.com.cn/images/heroes/abilities/slardar_amplify_damage_hp1.png","jnms":"削弱敌人的护甲，加深他受到的物理伤害，同时提供目标的真实视域，显示隐身单位。","mftb":"http://www.dota2.com.cn/style/../images/info1301/ico2.gif","mfxh":"25/25/25","lqtb":"http://www.dota2.com.cn/style/../images/info1301/ico2.gif","lqsj":"5","jnxg":"<span class=\"color_white\">技能：</span>单位目标|<span class=\"color_white\">护甲削弱：</span>10/15/20|<span class=\"color_white\">影响：</span>敌方单位|<span class=\"color_white\">持续时间：</span>25/25/25|<span class=\"color_white\">无视技能免疫：</span><span class=\"color_green\">是</span>","jnsp":"http://dota2.dl.wanmei.com/dota2/video/abilities/slardar_amplify_damage.mp4","spms":"斯拉达的诱饵光亮揭露了隐藏最深的敌人，以及他们的弱点。","djjd":"6,11,16","ewms":"给予并共享目标的真实视域。<br/>效果无视技能免疫。"}],"qqzbList":[{"goods":{"id":36,"bigtype":"基础物品","type":"奥术","wpmc":"魔棒","wppz":"1","wptp":"http://www.dota2.com.cn/images/items/magic_stick_lg.png","jgtb":"http://www.dota2.com.cn/images/info1301/tit_img07.gif","jg":"200","wpjs":"一个简易但实用的魔杖，能够补充使用者的能量--巫师学徒和高级术士都喜欢。","wpzyms":"","wpsyff":"主动：充能 - 每当周围有敌人施放技能都会自动充能（最多10点能量）。当使用时，每点能量为你回复生命值和魔法值。","wpxg":"每点能量回复：<span class=\"color_yellow\">15</span>","lqsjtb":"http://www.dota2.com.cn/images/info1301/ico2.gif","lqsj":"13","mfxhtb":"","mfxh":"","qzwptb":"","wpzyms2":"1200码视野范围内敌人使用技能就会获得点数。<br>部分英雄技能和物品技能的施放将不会增加点数。","item_en":"magic_stick"},"count":1},{"goods":{"id":39,"bigtype":"基础物品","type":"奥术","wpmc":"速度之靴","wppz":"1","wptp":"http://www.dota2.com.cn/images/items/boots_lg.png","jgtb":"http://www.dota2.com.cn/images/info1301/tit_img07.gif","jg":"450","wpjs":"穿双鞋子，跑的更快。","wpzyms":"移动速度提升效果不与其他鞋子叠加。","wpsyff":"","wpxg":"+ <span class=\"color_yellow\">50</span> 移动速度","lqsjtb":"","lqsj":"","mfxhtb":"","mfxh":"","qzwptb":"","wpzyms2":"","item_en":"boots"},"count":1},{"goods":{"id":122,"bigtype":"神秘商店","type":"神秘商店","wpmc":"治疗指环","wppz":"1","wptp":"http://www.dota2.com.cn/images/items/ring_of_health_lg.png","jgtb":"http://www.dota2.com.cn/images/info1301/tit_img07.gif","jg":"850","wpjs":"在一个胖乎乎的哈夫林尸体下面发现的发光的指环。","wpzyms":"","wpsyff":"","wpxg":"+ <span class=\"color_yellow\">5</span> 生命恢复速率","lqsjtb":"","lqsj":"","mfxhtb":"","mfxh":"","qzwptb":null,"wpzyms2":"治疗指环可以共享。","item_en":"ring_of_health"},"count":1}],"cmzbList":[{"goods":{"id":26,"bigtype":"基础物品","type":"军备","wpmc":"圆盾","wppz":"1","wptp":"http://www.dota2.com.cn/images/items/stout_shield_lg.png","jgtb":"http://www.dota2.com.cn/images/info1301/tit_img07.gif","jg":"250","wpjs":"一个人的酒桶底盖，在另一个人手里就成了圆盾。","wpzyms":"","wpsyff":"被动：伤害格挡-有一定概率格挡伤害，格挡效果取决于你的英雄类型。","wpxg":"近战伤害格挡：<span class=\"color_yellow\">20</span><br/>远程格挡：<span class=\"color_yellow\">10</span><br/>格挡概率：<span class=\"color_yellow\">60%</span>","lqsjtb":"","lqsj":"","mfxhtb":"","mfxh":"","qzwptb":"","wpzyms2":"多种伤害格挡物品的效果互不叠加。","item_en":"stout_shield"},"count":1},{"goods":{"id":3,"bigtype":"基础物品","type":"消耗品","wpmc":"治疗药膏","wppz":"3","wptp":"http://www.dota2.com.cn/images/items/flask_lg.png","jgtb":"http://www.dota2.com.cn/images/info1301/tit_img07.gif","jg":"115","wpjs":"即使最严重的伤口也能快速治愈的魔法药膏。","wpzyms":"","wpsyff":"使用：恢复 - 持续恢复生命值，受到攻击会驱散效果。","wpxg":"持续时间：<span class=\"color_yellow\">10</span><br/>生命回复量：<span class=\"color_yellow\">400</span>","lqsjtb":"","lqsj":"","mfxhtb":"","mfxh":"","qzwptb":"","wpzyms2":"治疗药膏可以共享。","item_en":"flask"},"count":1},{"goods":{"id":2,"bigtype":"基础物品","type":"消耗品","wpmc":"树之祭祀","wppz":"3","wptp":"http://www.dota2.com.cn/images/items/tango_lg.png","jgtb":"http://www.dota2.com.cn/images/info1301/tit_img07.gif","jg":"125","wpjs":"战场上的救命稻草。","wpzyms":"","wpsyff":"使用：吃树-吃掉一棵树来恢复生命值。可以使用4次。","wpxg":"持续时间：<span class=\"color_yellow\">16</span><br/>生命恢复量：<span class=\"color_yellow\">115</span>","lqsjtb":"","lqsj":"","mfxhtb":"","mfxh":"","qzwptb":"","wpzyms2":"","item_en":"tango"},"count":1},{"goods":{"id":1,"bigtype":"基础物品","type":"消耗品","wpmc":"净化药水","wppz":"3","wptp":"http://www.dota2.com.cn/images/items/clarity_lg.png","jgtb":"http://www.dota2.com.cn/images/info1301/tit_img07.gif","jg":"50","wpjs":"能增强冥想能力的清水。","wpzyms":"","wpsyff":"使用：持续恢复魔法值，受攻击会驱散效果。","wpxg":"持续时间：<span class=\"color_yellow\">40</span><br/>魔法回复量：<span class=\"color_yellow\">135</span>","lqsjtb":"","lqsj":"","mfxhtb":"","mfxh":"","qzwptb":"","wpzyms2":"净化药水可以共享。","item_en":"clarity"},"count":1},{"goods":{"id":12,"bigtype":"基础物品","type":"属性","wpmc":"铁树枝干","wppz":"1","wptp":"http://www.dota2.com.cn/images/items/branches_lg.png","jgtb":"http://www.dota2.com.cn/images/info1301/tit_img07.gif","jg":"50","wpjs":"一根看起来很普通的树枝，它如铁般坚硬的品质赋予持有者好运。","wpzyms":"","wpsyff":"","wpxg":"+ <span class=\"color_yellow\">1</span> 所有属性","lqsjtb":"","lqsj":"","mfxhtb":"","mfxh":"","qzwptb":"","wpzyms2":"","item_en":"branches"},"count":2}],"adapt_type_list":[{"id":41,"zwm":"冥魂大帝","ywm":"Wraith King","jc":"SNK、骷髅王","xttx":"http://www.dota2.com.cn/images/heroes/skeleton_king_full.png","dttx":"http://www.dota2.com.cn/images/heroes/skeleton_king_vert.jpg","gjlx":"近战","yxlx":"力量","yxdw":"耐久|核心|控制","zltb":"http://www.dota2.com.cn/images/info1301/tit_img01.gif","zljc":"18","zlsj":"1.60","mjtb":"http://www.dota2.com.cn/images/info1301/tit_img02.gif","mjjc":"18","mjsj":"1.70","lltb":"http://www.dota2.com.cn/images/info1301/tit_img03.gif","lljc":"22","llsj":"2.90","gjltb":"http://www.dota2.com.cn/images/info1301/tit_img06.gif","csgjl":"39-41","ydsdtb":"http://www.dota2.com.cn/images/info1301/tit_img05.gif","csydsd":"300","hjtb":"http://www.dota2.com.cn/images/info1301/tit_img04.gif","cshj":"2.52","yxbj":"奥斯塔里昂大帝那建造在敌人骸骨上的庞大帝国已经屹立了无数个年头了，他对自己的统治有着无尽的狂热，希望自己的集权统治能够永生不灭。他坚信，只要自己宫殿里的的白骨高塔建成，他就将万古不朽。然后他最终还是意识到自己这一想法的荒谬...白骨也会腐坏。出于对血肉之躯的不屑，他找到了一个更为长久的办法来维持自己的统治，冥魂之力，一种在某些黑暗生物死亡时释放出的纯粹的精神力量。出于国王的骄傲，在计划将冥魂精华灌入自己体内时，他认为最好自己也能拥有一副光耀不灭的躯体。在千年一遇的至日，冥魂之夜那一天，他启动了仪式，命令他的手下收集足够多的灵魂来完成他自己的不朽。王上终不朽，将士万骨枯。现在，冥魂大帝已不再迷恋他那闪光的王座——他拔出自己的巨剑外出征伐，被他征服的人，要献上自己无惧死亡的绝对忠诚。","dj":"1|15|25","smz":"568|1339|2270","mfz":"234|525|993","gjl":"61-63|102-104|151-153","hj":"3|6|11","syfw":"1800/800","gjfw":"128","ddsd":"N/A","jdtj1":"http://www.dota2.com.cn/images/property/add/skeleton_king.jpg","jdms1":"这是一种比较常见的骷髅王加点，骷髅是个弱智英雄，前期蓝量只够仍一次锤子，所以前期加黄点对骷髅的性价比非常高。","jdtj2":null,"jdms2":null,"cmzb":"树之祭祀*1|治疗药膏*1|净化药水*1|铁树枝干*2|压制之刃*1","qqzb":"魔棒*1|速度之靴*1|铁意头盔*1","hxzb":"魔杖*1|动力鞋*1|莫尔迪基安的臂章*1","hqsz":"黯灭*1|黑皇杖*1|强袭胸甲*1|深渊之刃*1|恐鳌之心*1|天堂之戟*1","ljt":"http://www.dota2.com.cn/images/property/skeleton_king.gif","path":"wraith_king","zymc":"夜魇","zytb":"http://www.dota2.com.cn/images/heropedia/dire.jpg","yxtp":"http://www.dota2.com.cn/images/others/skeleton_king_big1.jpg","gjlxxj":"1","yxdwxj":"3|2|2","llsjsmz":"19","llsjsmhf":"0.03","mjsjhj":"1","mjsjgjsd":"1","zlsjmfz":"13","zlsjmfhf":"0.04","sjgjl":"1","pjsh":"55","gjsd":"118|125|159","gjms":"1.44","gjsh":"54-56","gjjl":"128|128|128","wlhj":"3","wlshkx":"17%","mfshkx":"25%","minitb":"http://www.dota2.com.cn/images/heroes/skeleton_king_icon.png"},{"id":40,"zwm":"克林克兹","ywm":"clinkz","jc":"骨弓","xttx":"http://www.dota2.com.cn/images/heroes/clinkz_full.png","dttx":"http://www.dota2.com.cn/images/heroes/clinkz_vert.jpg","gjlx":"远程","yxlx":"敏捷","yxdw":"辅助|爆发|先手|推进","zltb":"http://www.dota2.com.cn/images/info1301/tit_img01.gif","zljc":"16","zlsj":"1.55","mjtb":"http://www.dota2.com.cn/images/info1301/tit_img02.gif","mjjc":"22","mjsj":"3","lltb":"http://www.dota2.com.cn/images/info1301/tit_img03.gif","lljc":"15","llsj":"1.6","gjltb":"http://www.dota2.com.cn/images/info1301/tit_img06.gif","csgjl":"15-21","ydsdtb":"http://www.dota2.com.cn/images/info1301/tit_img05.gif","csydsd":"300","hjtb":"http://www.dota2.com.cn/images/info1301/tit_img04.gif","cshj":"2.08","yxbj":"在流血丘陵的底部，蔓延着一片庞大的森林——霍文林地，在那里，有着数个幽暗的湖泊，汇集着丘陵上渗透下来的死血。萨瑟雷克斯，王之魔法师，用他的仁慈统治着这片土地。他手下最为忠心的，霍文林地的誓约守护者，克林克兹，是一名技艺精湛的弓箭手。在王之魔法师统治的第三百年，来自第六狱的恶魔莫拉格斯出现了，声称要占领这片森林。作为反击，王之魔法师降下了一个牢不可破的咒语：任何打败恶魔的人，都能获得无尽的生命。克林克兹在对咒语一无所知的情况下，毅然加入到了对莫拉格斯的战斗中，保护他的土地免遭恶魔的屠戮。逐渐的，克林克兹将莫拉格斯驱逐到了第六狱的传送门前，在那里与其进行了殊死的决斗。双双重伤的情况下，恶魔竭尽生命之力放出了地狱之火，而克林克兹也射出了自己的最后一箭。在箭矢射中恶魔并将其杀死的同时，地狱之火也在大地上蔓延开来，眼看克林克兹就要被活活烧死。然而，就在弓箭手燃烧的时候，王之魔法师的咒语生效了，让他以这种邪恶的形态活了下来。现在，克林克兹肉体已失，生命被禁锢在死亡的契约之中，只留下灼热的骷髅和无尽的怒气。他永不停止的呼吸中，充斥着地狱的灼热。","dj":"1|15|25","smz":"435|861|1545","mfz":"208|490|952","gjl":"37-43|79-85|129-135","hj":"2|8|15","syfw":"1800/800","gjfw":"630","ddsd":"900","jdtj1":"http://www.dota2.com.cn/images/property/add/clinkz.jpg","jdms1":"骷髅射手是一名敏捷型中后期英雄，骷髅射手的加点没有太多变化，前期主火箭，线上压人加补刀，自带的50点攻击力还是很客观的。前期扫射只点一级就足够了，今早的将疾风步升高，提高自身机动性。杀人，或者团战时，记住提前吃个野怪增加血量和攻击力。","jdtj2":null,"jdms2":null,"cmzb":"治疗药膏*1|树之祭祀*1|敏捷便鞋*1|铁树枝干*3|","qqzb":"速度之靴*1|天鹰之戒*1|魔杖*1|空明杖*1","hxzb":"动力鞋*1|紫怨*1|金箍棒*1|","hqsz":"代达罗斯之殇*1|蝴蝶*1|斯嘉蒂之眼*1|邪恶镰刀*1|黑皇杖*1|","ljt":"http://www.dota2.com.cn/images/property/clinkz.gif","path":"clinkz","zymc":"夜魇","zytb":"http://www.dota2.com.cn/images/heropedia/dire.jpg","yxtp":"http://www.dota2.com.cn/images/others/clinkz_big1.jpg","gjlxxj":"1","yxdwxj":"2|2","llsjsmz":"19","llsjsmhf":"0.03","mjsjhj":"1","mjsjgjsd":"1","zlsjmfz":"13","zlsjmfhf":"0.04","sjgjl":"1","pjsh":"40","gjsd":"122|134|194","gjms":"1.39","gjsh":"37-43","gjjl":"630|630|630","wlhj":"2","wlshkx":"11%","mfshkx":"25%","minitb":"http://www.dota2.com.cn/images/heroes/clinkz_icon.png"},{"id":6,"zwm":"哈斯卡","ywm":"Huskar","jc":"神灵、神灵武士","xttx":"http://www.dota2.com.cn/images/heroes/huskar_full.png","dttx":"http://www.dota2.com.cn/images/heroes/huskar_vert.jpg","gjlx":"远程","yxlx":"力量","yxdw":"核心|先手|耐久","zltb":"http://www.dota2.com.cn/images/info1301/tit_img01.gif","zljc":"18","zlsj":"1.50","mjtb":"http://www.dota2.com.cn/images/info1301/tit_img02.gif","mjjc":"15","mjsj":"1.40","lltb":"http://www.dota2.com.cn/images/info1301/tit_img03.gif","lljc":"21","llsj":"2.40","gjltb":"http://www.dota2.com.cn/images/info1301/tit_img06.gif","csgjl":"21-30","ydsdtb":"http://www.dota2.com.cn/images/info1301/tit_img05.gif","csydsd":"300","hjtb":"http://www.dota2.com.cn/images/info1301/tit_img04.gif","cshj":"1.1","yxbj":"从虚无之境带给他的剧痛中逃离后，哈斯卡终于睁开了双眼，醒来的第一件事却是发现暗影牧师戴泽正在对他吟唱一个艰深的咒语。哈斯卡的灵魂从永恒虚无中被救了出来，这是违背了德尊教团古老仪式的准则的，然而和其他去过虚无之境的人一样，哈斯卡也发现自己的身体被那里所彻底改变了。他不再怜悯凡人的肉体，他的生命之血成为了强大的力量源泉，每一滴鲜血都给他成倍的狂暴的、灼热的能量。然而，这一新生的天赋却激怒了哈斯卡，因为在拯救他逃离虚无之境时，戴泽拒绝让他进入神灵之地。他的自我牺牲也被拒绝。当教团的的长老们试图寻找一个扩大自己影响的方法时，他们一致认为哈斯卡将成为他们在战争中最可怕的武器。然而，成为教团的武器让哈斯卡更加愤怒，因为他们不仅利用他，还否定了他与生俱来的权利。于是在战争打响之际，他逃离了家乡，去寻找新的盟友，寻找那些值得他牺牲自己，释放强大力量的盟友。","dj":"1|15|25","smz":"549|1187|2023","mfz":"234|507|962","gjl":"42-51|76-85|120-129","hj":"2|7|13","syfw":"1800/800","gjfw":"400","ddsd":"1400","jdtj1":"http://www.dota2.com.cn/images/property/add/huskar.jpg","jdms1":"这种就是比较老一点的神灵的加点，也是比较稳妥的一种。上来有火箭去消耗对方的血，之后有三级能的加攻击让自己成为最强悍的男人。这种加点需要第二个技能补充活血术，这是为了在团战或者小范围团战中能有持续的高输出，这样才是神灵的真谛，真男人是时间持续的久。","jdtj2":null,"jdms2":null,"cmzb":"治疗药膏*1|树之祭祀*1|力量手套*2|铁树枝干*1","qqzb":"速度之靴*1|魔棒*1|影之灵龛*1","hxzb":"动力鞋*1|魔杖*1|莫尔迪基安的臂章*1|支配头盔*1|回城卷轴*1","hqsz":"黑皇杖*1|撒旦之邪力*1|恐鳌之心*1|强袭胸甲*1|阿哈利姆神杖*1|影刃*1|天堂之戟*1|梅肯斯姆*1|白银之锋*1","ljt":"http://www.dota2.com.cn/images/property/huskar.gif","path":"huskar","zymc":"天辉","zytb":"http://www.dota2.com.cn/images/heropedia/radiant.jpg","yxtp":"http://www.dota2.com.cn/images/others/huskar_big1.jpg","gjlxxj":"1","yxdwxj":"1|1|1","llsjsmz":"19","llsjsmhf":"0.03","mjsjhj":"1","mjsjgjsd":"1","zlsjmfz":"13","zlsjmfhf":"0.04","sjgjl":"1","pjsh":"46","gjsd":"121|127|155","gjms":"1.39","gjsh":"42-51","gjjl":"400|400|400","wlhj":"1.1","wlshkx":"6%","mfshkx":"25%","minitb":"http://www.dota2.com.cn/images/heroes/huskar_icon.png"}],"videoList":[{"id":86,"spdz":"http://dota2.dl.wanmei.com/dota2/patch/slardar_basic.flv","zwm":"斯拉达","splx":"新手教学","createtime":null,"img":"http://www.dota2.com.cn/apps/dota2/images/video/raider/slardar_basic.jpg","bfsc":"2:02","gxsj":"2013-10-30","spbb":"6.79","spdzm":"http://dota2.dl.wanmei.com/dota2/video/slardar_basic.mp4"}],"recommendList":[{"id":119,"gldz":"http://www.dota2.com.cn/raiders/step/20131028/152375.shtml","tm":"DOTA2英雄攻略斯拉达保卫深海的鱼人守卫","sj":"2013-10-28","zwm":"斯拉达","tp":"http://dota2.wanmei.com/resources/jpg/140214/10251392367067843.jpg","js":"斯拉达是个鱼人，一位深海住民，他守卫着沉没的城市和其中埋藏的古老宝藏。在海底深渊那黑暗的海沟中，鱼人守卫带着作为诱饵的光源穿梭在藏有宝 物的密室中。"}],"adapt_bkz_list":[{"id":11,"zwm":"潮汐猎人","ywm":"Tidehunter","jc":"潮汐、TH","xttx":"http://www.dota2.com.cn/images/heroes/tidehunter_full.png","dttx":"http://www.dota2.com.cn/images/heroes/tidehunter_vert.jpg","gjlx":"近战","yxlx":"力量","yxdw":"先手|耐久|控制|辅助","zltb":"http://www.dota2.com.cn/images/info1301/tit_img01.gif","zljc":"16","zlsj":"1.70","mjtb":"http://www.dota2.com.cn/images/info1301/tit_img02.gif","mjjc":"15","mjsj":"1.50","lltb":"http://www.dota2.com.cn/images/info1301/tit_img03.gif","lljc":"22","llsj":"3.00","gjltb":"http://www.dota2.com.cn/images/info1301/tit_img06.gif","csgjl":"25-31","ydsdtb":"http://www.dota2.com.cn/images/info1301/tit_img05.gif","csydsd":"305","hjtb":"http://www.dota2.com.cn/images/info1301/tit_img04.gif","cshj":"3.1","yxbj":"人称利维坦的潮汐猎人曾经是沉没之岛的竞技大师，他的行为方式和他的同胞们一样神秘莫测。陆地居民都知道海上航线的重要性，帝国的崛起和衰亡都取决于谁掌控了公海。相比之下，海底航线和南海流民的敌对部族如何通过无数次小规模海底战斗开辟家园的故事，则鲜为人知。在南海人和陆地人那脆弱的协议中，我们可以瞥见这个海底王国的规模，不过他们的政体则显得十分复杂和不透明。利维坦似乎厌倦了这些琐碎的小冲突，便独自离开了，只效忠于他的深海之神-深渊触手麦尔朗恩。现在他在浅滩上独自游弋，寻找路上遇到的人类或者南海人，他对他的宿敌-海军上将昆卡有着一种独特的厌恶，然而他们为何成为敌人，已经和当年的激烈海战一起被遗忘了。","dj":"1|15|25","smz":"568|1366|2316","mfz":"208|517|998","gjl":"47-53|89-95|139-145","hj":"3|6|11","syfw":"1800/800","gjfw":"128","ddsd":"N/A","jdtj1":"http://www.dota2.com.cn/images/property/add/tidehunter.jpg","jdms1":"这是目前比较主流的潮汐加点，由于锚击变成了范围aoe，越来越多的人喜欢前期更早的将锚击点满。海妖外壳前期只点一级就够了。","jdtj2":null,"jdms2":null,"cmzb":"树之祭祀*1|治疗药膏*1|净化药水*1|力量手套*2|铁树枝干*1","qqzb":"魔棒*1|速度之靴*1|护腕*1","hxzb":"魔杖*1|奥术鞋*1|闪烁匕首*1","hqsz":"恐鳌之心*1|辉耀*1|希瓦的守护*1|强袭胸甲*1|洞察烟斗*1|刷新球*1|","ljt":"http://www.dota2.com.cn/images/property/tidehunter.gif","path":"tidehunter","zymc":"夜魇","zytb":"http://www.dota2.com.cn/images/heropedia/dire.jpg","yxtp":"http://www.dota2.com.cn/images/others/tidehunter_big1.jpg","gjlxxj":"1","yxdwxj":"3|3|2|1","llsjsmz":"19","llsjsmhf":"0.03","mjsjhj":"1","mjsjgjsd":"1","zlsjmfz":"13","zlsjmfhf":"0.04","sjgjl":"1","pjsh":"50","gjsd":"115|121|151","gjms":"1.48","gjsh":"47-53","gjjl":"128|128|128","wlhj":"3","wlshkx":"15%","mfshkx":"25%","minitb":"http://www.dota2.com.cn/images/heroes/tidehunter_icon.png"},{"id":39,"zwm":"剧毒术士","ywm":"Venomancer","jc":"剧毒","xttx":"http://www.dota2.com.cn/images/heroes/venomancer_full.png","dttx":"http://www.dota2.com.cn/images/heroes/venomancer_vert.jpg","gjlx":"远程","yxlx":"敏捷","yxdw":"辅助|爆发|先手|推进","zltb":"http://www.dota2.com.cn/images/info1301/tit_img01.gif","zljc":"15","zlsj":"1.75","mjtb":"http://www.dota2.com.cn/images/info1301/tit_img02.gif","mjjc":"22","mjsj":"2.6","lltb":"http://www.dota2.com.cn/images/info1301/tit_img03.gif","lljc":"18","llsj":"1.85","gjltb":"http://www.dota2.com.cn/images/info1301/tit_img06.gif","csgjl":"24-26","ydsdtb":"http://www.dota2.com.cn/images/info1301/tit_img05.gif","csydsd":"290","hjtb":"http://www.dota2.com.cn/images/info1301/tit_img04.gif","cshj":"3.08","yxbj":"在基迪岛上的浓酸密林中，在所有生物的体内，包括植物的根茎，动物的内脏中，都流淌着致命的腐蚀剧毒。然而，就算在这种毒巢里，剧毒术士也是公认的万毒之王。多年以前，一个叫做里瑟尔的植物学家乘坐小舟跨越弗拉基海湾，想要从植物的根须中提取出一种强力药剂，结果他却遭遇了噩梦一般的变故。在深入到基迪岛密林中数英里时，里瑟尔遇到了一种伪装成寄生植物的毒性爬虫，当他想把爬虫扯下来的时候，被爬虫狠狠的蛰了。绝望之际，他用他对丛林植物仅有的认知，飞快地掐住这只爬虫后，将它的毒液和一种带甲兰花的花蜜混合，合成了解毒剂。他用兰花的尖刺为自己注射了解毒剂，然后立即陷入昏迷，并且逐渐陷入了全身完全麻木的状态。十七年后，在他倒下的地方，从多年积累的腐土中钻出某个东西：剧毒术士。草药学家里瑟尔已经不复存在，现在他是死亡使者里瑟尔。他的记忆几乎都没有了，他原来的肉体已经毁灭，现在被一种新的物质所替代--融合了那只爬虫的毒液和兰花的毒性外皮。基迪岛的浓酸丛林现在有了新的主人，过去最剧毒的捕食者在他面前都只能逃走或臣服求饶。这个可怕的岛屿毕竟太有限了，里瑟尔受到内心深处残留的人类的饥渴驱使，离开了岛屿，去寻找新的毒物，以及带来新的死亡。","dj":"1|15|25","smz":"492|984|1716","mfz":"195|514|1001","gjl":"46-48|82-84|128-130","hj":"3|8|15","syfw":"1800/800","gjfw":"450","ddsd":"900","jdtj1":"http://www.dota2.com.cn/images/property/add/venomancer.jpg","jdms1":"剧毒在CW中一直是做为酱油角色出现，大招的buff效果和蛇棒的防守能力使剧毒能上cw的重要原因。这套加点在路人局中比较多，适合主gank游走打法的剧毒。","jdtj2":"","jdms2":"","cmzb":"守护指环*1|树之祭祀*1|敏捷便鞋*1|治疗药膏*1|净化药水*1","qqzb":"魔棒*1|速度之靴*1|天鹰之戒*1","hxzb":"魔杖*1|动力鞋*1|阿哈利姆神杖*1","hqsz":"Eul的神圣法杖*1|闪烁匕首*1|影刃*1|蝴蝶*1|紫怨*1|幻影斧*1","ljt":"http://www.dota2.com.cn/images/property/venomancer.gif","path":"venomancer","zymc":"夜魇","zytb":"http://www.dota2.com.cn/images/heropedia/dire.jpg","yxtp":"http://www.dota2.com.cn/images/others/venomancer_big1.jpg","gjlxxj":"1","yxdwxj":"2|1|1|1","llsjsmz":"19","llsjsmhf":"0.03","mjsjhj":"1","mjsjgjsd":"1","zlsjmfz":"13","zlsjmfhf":"0.04","sjgjl":"1","pjsh":"47","gjsd":"122|132|184","gjms":"1.39","gjsh":"46-48","gjjl":"450|450|450","wlhj":"3","wlshkx":"15%","mfshkx":"25%","minitb":"http://www.dota2.com.cn/images/heroes/venomancer_icon.png"},{"id":100,"zwm":"宙斯","ywm":"Zeus","jc":"神王","xttx":"http://www.dota2.com.cn/images/heroes/zuus_full.png","dttx":"http://www.dota2.com.cn/images/heroes/zuus_vert.jpg","gjlx":"远程","yxlx":"智力","yxdw":"爆发|辅助","zltb":"http://www.dota2.com.cn/images/info1301/tit_img01.gif","zljc":"22","zlsj":"2.6","mjtb":"http://www.dota2.com.cn/images/info1301/tit_img02.gif","mjjc":"17","mjsj":"1.4","lltb":"http://www.dota2.com.cn/images/info1301/tit_img03.gif","lljc":"17","llsj":"1.4","gjltb":"http://www.dota2.com.cn/images/info1301/tit_img06.gif","csgjl":"22-34","ydsdtb":"http://www.dota2.com.cn/images/info1301/tit_img05.gif","csydsd":"295","hjtb":"http://www.dota2.com.cn/images/info1301/tit_img04.gif","cshj":"1.38","yxbj":"天界之王，众神之父，宙斯在对待英雄一向视如己出。然而在无数次与凡人女性幽会时当场被抓后，宙斯的妻子给他下了最后通牒：“既然你这么喜欢凡人，就去当凡人吧。如果你能证明的忠诚，就回来做我永生的丈夫。否则的话，就去和你的创造物死在一起吧。”宙斯无奈的发现她的逻辑（和她的魔法）无懈可击，只好照她说的去做。从那以后宙斯洗心革面，在凡人面前不再多情，将爱留给他永生的女神。但为了证明他配得上他那永恒的爱人，他还必须在战场上继续追寻胜利。","dj":"1|15|25","smz":"511|1123|1940","mfz":"260|751|1362","gjl":"41-49|79-87|126-134","hj":"2|4|8","syfw":"1800/800","gjfw":"350","ddsd":"1100","jdtj1":"http://www.dota2.com.cn/images/property/add/zeus.jpg","jdms1":"天界之王，众神之父，宙斯在对待英雄一向视如己出。然而在无数次与凡人女性幽会时当场被抓后，宙斯的妻子给他下了最后通牒：“既然你这么喜欢凡人，就去当凡人吧。如果你能证明的忠诚，就回来做我永生的丈夫。否则的话，就去和你的创造物死在一起吧。”宙斯无奈的发现她的逻辑（和她的魔法）无懈可击，只好照她说的去做。从那以后宙斯洗心革面，在凡人面前不再多情，将爱留给他永生的女神。但为了证明他配得上他那永恒的爱人，他还必须在战场上继续追寻胜利。","jdtj2":"","jdms2":"","cmzb":"树之祭祀*1|净化药水*2|治疗药膏*1|铁树枝干*2","qqzb":"魔瓶*1|速度之靴*1","hxzb":"奥术鞋*1|纷争面纱*1","hqsz":"阿哈利姆神杖*1|刷新球*1|邪恶镰刀*1|血精石*1|Eul的神圣法杖*1","ljt":"http://www.dota2.com.cn/images/property/zuus.gif","path":"zeus","zymc":"天辉","zytb":"http://www.dota2.com.cn/images/heropedia/radiant.jpg","yxtp":"http://www.dota2.com.cn/images/others/zuus_big1.jpg","gjlxxj":"1","yxdwxj":"","llsjsmz":"19","llsjsmhf":"0.03","mjsjhj":"1","mjsjgjsd":"1","zlsjmfz":"15","zlsjmfhf":"0.04","sjgjl":"1","pjsh":"45","gjsd":"111|116|140","gjms":"1.53","gjsh":"41-49","gjjl":"350|350|350","wlhj":"1","wlshkx":"8%","mfshkx":"25%","minitb":"http://www.dota2.com.cn/images/heroes/zuus_icon.png"},{"id":88,"zwm":"巫妖","ywm":"Lich","jc":"LICH","xttx":"http://www.dota2.com.cn/images/heroes/lich_full.png","dttx":"http://www.dota2.com.cn/images/heroes/lich_vert.jpg","gjlx":"远程","yxlx":"智力","yxdw":"辅助|对线辅助|爆发","zltb":"http://www.dota2.com.cn/images/info1301/tit_img01.gif","zljc":"18","zlsj":"3.25","mjtb":"http://www.dota2.com.cn/images/info1301/tit_img02.gif","mjjc":"15","mjsj":"2","lltb":"http://www.dota2.com.cn/images/info1301/tit_img03.gif","lljc":"18","llsj":"1.55","gjltb":"http://www.dota2.com.cn/images/info1301/tit_img06.gif","csgjl":"24-33","ydsdtb":"http://www.dota2.com.cn/images/info1301/tit_img05.gif","csydsd":"315","hjtb":"http://www.dota2.com.cn/images/info1301/tit_img04.gif","cshj":"1.1","yxbj":"巫妖生前是一位叫艾斯瑞安的冰霜法师，他曾经威胁要带来毁灭性的冰霜，企图征服整个王国。终于，那些平民在几个绝望的魔法师的帮助下，终于鼓起了勇气去暗算他。他们用一些具有足够魔力的绳索把他永远束缚住了，被绑上了厚重的石头后，这个冰霜巫师被扔进了一个据说深不见底的湖泊。但其实不然。他只下沉了一年左右，绳索挂在了一个石头上。在那里他平静地死去，虽然死了但并没有腐烂，直到风水师安希尔前来核查被认为是无底湖的黑暗之湖的传说。安希尔放下的铅垂线与绑住被淹死的巫师的绳索缠在了一起，于是他拉上了意外的收获。他认为将死者转变为不死族后，便可以向巫妖询问这个湖的情况，他移除了捆绑巫妖的绳索并进行了简单的转生仪式。由于艾斯瑞安的故事已经被时间所抹去，就算是当年杀死他的人的后代也不再记得，所以当时没有人能对安希尔的鲁莽行为做出警告。不过紧接着，安希尔就尝到了苦果，巫妖一摆脱绳索的束缚，就将他吞噬。","dj":"1|15|25","smz":"492|904|1579","mfz":"234|826|1508","gjl":"42-51|88-97|140-149","hj":"1|5|11","syfw":"1800/800","gjfw":"550","ddsd":"900","jdtj1":"http://www.dota2.com.cn/images/property/add/lich.jpg","jdms1":"这是路人战娱乐的常用加点方法，现在巫妖多数会一级加吃兵，这样一波兵从出来到走上前线，巫妖有机会可以吃两个，对敌方英雄的经验压制非常明显。正规比赛中巫妖往往会在前三级就点出一级冰甲来增加护甲，克制对面近战单位并且保护己方的后期英雄。","jdtj2":"","jdms2":"","cmzb":"树之祭祀*1|治疗药膏*2|力量手套*1|动物信使*1","qqzb":"魔棒*1|速度之靴*1|护腕*1","hxzb":"魔杖*1|静谧之鞋*1|梅肯斯姆*1|侦查守卫*1","hqsz":"远行鞋*1|邪恶镰刀*1|希瓦的守护*1|阿哈利姆神杖*1|飞行信使*1","ljt":"http://www.dota2.com.cn/images/property/lich.gif","path":"lich","zymc":"夜魇","zytb":"http://www.dota2.com.cn/images/heropedia/dire.jpg","yxtp":"http://www.dota2.com.cn/images/others/lich_big1.jpg","gjlxxj":"1","yxdwxj":"3|3|2","llsjsmz":"19","llsjsmhf":"0.03","mjsjhj":"1","mjsjgjsd":"1","zlsjmfz":"13","zlsjmfhf":"0.04","sjgjl":"1","pjsh":"46","gjsd":"115|123|163","gjms":"1.48","gjsh":"42-51","gjjl":"550|550|550","wlhj":"1","wlshkx":"6%","mfshkx":"25%","minitb":"http://www.dota2.com.cn/images/heroes/lich_icon.png"},{"id":17,"zwm":"发条技师","ywm":"Clockwerk","jc":"发条、CG","xttx":"http://www.dota2.com.cn/images/heroes/rattletrap_full.png","dttx":"http://www.dota2.com.cn/images/heroes/rattletrap_vert.jpg","gjlx":"近战","yxlx":"力量","yxdw":"先手|耐久","zltb":"http://www.dota2.com.cn/images/info1301/tit_img01.gif","zljc":"17","zlsj":"1.30","mjtb":"http://www.dota2.com.cn/images/info1301/tit_img02.gif","mjjc":"13","mjsj":"2.30","lltb":"http://www.dota2.com.cn/images/info1301/tit_img03.gif","lljc":"24","llsj":"2.70","gjltb":"http://www.dota2.com.cn/images/info1301/tit_img06.gif","csgjl":"31-33","ydsdtb":"http://www.dota2.com.cn/images/info1301/tit_img05.gif","csydsd":"315","hjtb":"http://www.dota2.com.cn/images/info1301/tit_img04.gif","cshj":"1.82","yxbj":"瑞托崔普和狙击手以及修补匠属于同一个分布广泛的种族，和其他许多敏感的族人一样，瑞托崔普用他的智慧和一些小玩意弥补了体型上的矮小。作为一个钟表匠的孙子，瑞托崔普在这个行业当了很多年的学徒，直到战争从山的另一边席卷而来，摧毁了这个从事着与战斗无关的行业的无辜村庄。祖先传下来的村庄变成了满是焦火和黑烟的废墟，\"你的新行业是战斗\"他的父亲临死前留下这样一句话。这个可怜的生意人责备他的工具无法用于战斗，但瑞托崔普从不找借口。在村庄的废墟中埋葬了父亲后，瑞托崔普开始着手将他自己转变为前所未见的最强大的战争道具。他发誓永远不再毫无防备的被抓住，瑞托崔普用他的智慧装配了一套强大的发条动力装甲，这使其它大陆的骑士在他面前就像易拉罐般渺小。现在瑞托崔普全身充满各种装置，小而强大的战士，他埋伏和破坏的技术已经达到了几乎自动化的高效水平。这个死亡工匠的机械可以迅速干掉不够谨慎的敌人，在这个战争时代宣告了新的曙光。是时候让你们见识见识发条技师的厉害了！","dj":"1|15|25","smz":"606|1324|2217","mfz":"221|458|887","gjl":"55-57|93-95|140-142","hj":"2|6|12","syfw":"1800/800","gjfw":"128","ddsd":"N/A","jdtj1":"http://www.dota2.com.cn/images/property/add/clockwerk.jpg","jdms1":"这个加点应该是中单或者优势路发条比较凶猛的一种加点了，一技能的高伤害配合一级导弹的开视野和大招能更好的单杀对方英雄，而且发条的战场插入能力也能让对方脆皮英雄或者后排英雄放不出技能就被秒杀。这种加点的优势就是暴力凶残，自己的输出就很高，但是缺点就是控制对方的时间不多，毕竟框住对方的时间在很长一段时间内都是3秒。","jdtj2":null,"jdms2":null,"cmzb":"树之祭祀*1|治疗药膏*1|圆盾*1|铁树枝干*3","qqzb":"速度之靴*1|护腕*1|魔瓶*1","hxzb":"相位鞋*1|魔杖*1|刃甲*1","hqsz":"阿哈利姆神杖*1|韧鼓*1|洞察烟斗*1|恐鳌之心*1|辉耀*1|希瓦的守护*1","ljt":"http://www.dota2.com.cn/images/property/clockwerk.gif","path":"clockwerk","zymc":"天辉","zytb":"http://www.dota2.com.cn/images/heropedia/radiant.jpg","yxtp":"http://www.dota2.com.cn/images/others/rattletrap_big1.jpg","gjlxxj":"1","yxdwxj":"1|1","llsjsmz":"19","llsjsmhf":"0.03","mjsjhj":"1","mjsjgjsd":"1","zlsjmfz":"13","zlsjmfhf":"0.04","sjgjl":"1","pjsh":"56","gjsd":"113|122|168","gjms":"1.5","gjsh":"55-57","gjjl":"128|128|128","wlhj":"1.82","wlshkx":"9%","mfshkx":"25%","minitb":"http://www.dota2.com.cn/images/heroes/rattletrap_icon.png"},{"id":62,"zwm":"露娜","ywm":"Luna","jc":"月骑","xttx":"http://www.dota2.com.cn/images/heroes/luna_full.png","dttx":"http://www.dota2.com.cn/images/heroes/luna_vert.jpg","gjlx":"远程","yxlx":"敏捷","yxdw":"核心|爆发","zltb":"http://www.dota2.com.cn/images/info1301/tit_img01.gif","zljc":"16","zlsj":"1.85","mjtb":"http://www.dota2.com.cn/images/info1301/tit_img02.gif","mjjc":"22","mjsj":"2.8","lltb":"http://www.dota2.com.cn/images/info1301/tit_img03.gif","lljc":"15","llsj":"2.2","gjltb":"http://www.dota2.com.cn/images/info1301/tit_img06.gif","csgjl":"26-32","ydsdtb":"http://www.dota2.com.cn/images/info1301/tit_img05.gif","csydsd":"330","hjtb":"http://www.dota2.com.cn/images/info1301/tit_img04.gif","cshj":"3.52","yxbj":"她曾经是被称为平原之灾的残酷领导者，率领着众多爪牙和野兽，敢于在任何地方肆虐。但不知为何沦落为现在这副样子。远离故土，饥饿至半疯状态流浪了好几个月，她的军队早已成为了尸体，甚至某些更糟的东西。当她站在一片古老森林的边缘时，那古老的树枝之间有一双灼热的眼睛正在暗中监视她。在这落幕的黄昏中，某种美丽但致命的野兽正在寻找一顿美餐。它悄无声息的转身离开了。愤怒占据了她的大脑。她紧紧抓住手中生锈的匕首，冲向那只野兽，只为寻回一丝曾经的荣誉。但这只猎物却无法被抓住。她三次将它逼进岩石和树木的死角，但每次她要扑上去抓住它时，都只能看见一丝褐色残影冲进森林的深处。不过由于满月的月光十分明亮，这头野兽的足迹很容易追踪。当一路追到一座高山开阔的山顶上时，这头体型巨大的野兽就那么坐在那里，专注地等待着她。当她挥起匕首刺过去时，野兽后退了一下，然后咆哮着冲向她。在坚持了这么久之后，在这片陌生的土地上，她似乎感到了自己的死期终于到来了。她平静的站在那里，准备接受结局。但在这一瞬间，野兽夺下了她手中的匕首，然后消失进了树林中。此时万物归于平静，几个戴头巾的身影靠近了她。她们用虔诚的语气告诉她，月之女神赛莉蒙妮选择了她，并指引了她，也测试了她。在不知不觉中，她已经通过了银夜森林的守卫者-暗月骑士的神圣仪式。现在她有两个选择：加入暗月骑士，宣誓侍奉赛莉蒙妮，或者离开此处并永远不再回来。为了给自己赎罪，她抛弃了血腥的过去，毫不犹豫地接受了新身份：月之骑士-露娜·暗月，成为了银夜森林永远忠诚且冷峻的守卫。","dj":"1|15|25","smz":"435|1020|1818","mfz":"208|545|1045","gjl":"44-50|83-89|131-137","hj":"4|9|16","syfw":"1800/800","gjfw":"330","ddsd":"900","jdtj1":"http://www.dota2.com.cn/images/property/add/luna.jpg","jdms1":"月之骑士露娜是一名敏捷型后期英雄，技能的加点没有太多变化。前期主月光是毫无疑问的，因为大招是以当前技能等级的月光打击敌人，所以前期月光必满。一般考虑到控线和补刀的需求，前期可以不升级月刃。特殊情况下可以优先升级，例如碰到恶心的近战英雄可以早点加月刃起到压制作用。","jdtj2":null,"jdms2":null,"cmzb":"树之祭祀*2|治疗药膏*1|敏捷便鞋*1|铁树枝干*3","qqzb":"静谧之鞋*1|魔棒*1|护腕*1","hxzb":"韧鼓*1|魔杖*1|黑皇杖*1","hqsz":"幻影斧*1|蝴蝶*1|强袭胸甲*1|撒旦之邪力*1|代达罗斯之殇*1","ljt":"http://www.dota2.com.cn/images/property/lina.gif","path":"luna","zymc":"天辉","zytb":"http://www.dota2.com.cn/images/heropedia/radiant.jpg","yxtp":"http://www.dota2.com.cn/images/others/luna_big1.jpg","gjlxxj":"1","yxdwxj":"2|2","llsjsmz":"19","llsjsmhf":"0.03","mjsjhj":"1","mjsjgjsd":"1","zlsjmfz":"13","zlsjmfhf":"0.04","sjgjl":"1","pjsh":"51","gjsd":"122|134|178","gjms":"1.39","gjsh":"44-50","gjjl":"330|330|330","wlhj":"4","wlshkx":"15%","mfshkx":"25%","minitb":"http://www.dota2.com.cn/images/heroes/luna_icon.png"},{"id":21,"zwm":"矮人直升机","ywm":"Gyrocopter","jc":"飞机","xttx":"http://www.dota2.com.cn/images/heroes/gyrocopter_full.png","dttx":"http://www.dota2.com.cn/images/heroes/gyrocopter_vert.jpg","gjlx":"远程","yxlx":"敏捷","yxdw":"控制|先手|爆发","zltb":"http://www.dota2.com.cn/images/info1301/tit_img01.gif","zljc":"19","zlsj":"2.1","mjtb":"http://www.dota2.com.cn/images/info1301/tit_img02.gif","mjjc":"24","mjsj":"2.8","lltb":"http://www.dota2.com.cn/images/info1301/tit_img03.gif","lljc":"18","llsj":"1.8","gjltb":"http://www.dota2.com.cn/images/info1301/tit_img06.gif","csgjl":"17-27","ydsdtb":"http://www.dota2.com.cn/images/info1301/tit_img05.gif","csydsd":"315","hjtb":"http://www.dota2.com.cn/images/info1301/tit_img04.gif","cshj":"4.36","yxbj":"在毕生为战争、起义、暴动和革命服务后，军中名人奥雷尔终于感到厌倦了。退役时除了一些琐碎物品和一笔可观的退休金，这位前工程师还带走了一样很有意思的东西：一件被遗忘了很久的，未完成的旋翼飞机设计图，这将是世界上第一架有人驾驶的，不依靠魔力的飞行装置。退休后他身无旁物，只带着时间和资金来到灰烬群岛，在这片隐蔽的热带岛屿中着手制造他的飞行装置。随着时间一年年过去，原型机失败作的残骸越堆越多，他甚至开始怀疑依靠机械飞行是否真的可能。在退休后第十年的第一天，一个阳光明媚、南风微拂的午后。奥雷尔坐在他最后的试验机中，充满愤怒和此次也将失败的预料。拉动点火绳后，在引擎的咕哝声中他护起脑袋，等着和以往一样不可避免的爆炸。然而这次大大出乎他的意料，他开始升空了，经过一阵慌乱的调整和稳定操作。不到一个小时，他就乘着微风，与海鸥结伴同行，飞行的体验让奥雷尔惊讶得近乎窒息。黄昏临近，他设置了返回工作间的路线，但就在这时，他的旋翼机被一发飞来的炮弹击穿了尾翼。从坠毁的残骸中解脱后，他游向眼前最近的岛屿，咒骂着射出那发炮弹的船只要为此付出代价。几天后，奥雷尔回到了工作间，开始制造他的新飞行器，一种能装载许多危险的火箭和导弹的新型旋翼机。","dj":"1|15|25","smz":"492|971|1693","mfz":"299|681|1214","gjl":"41-51|80-90|128-138","hj":"4|10|17","syfw":"1800/800","gjfw":"365","ddsd":"3000","jdtj1":"http://www.dota2.com.cn/images/property/add/gyrocopter.jpg","jdms1":"矮人直升机是一名敏捷型gank英雄，单体爆发非常高的矮人直升机往往被很多玩家轻视。这套加点前期以导弹为主，火箭弹幕为辅。导弹前期的高伤害，配合上火箭弹幕的伤害前期能去的不错的效果。而高射火炮技能在配合上自己有一定装备优势后使用性价比会更高。","jdtj2":null,"jdms2":null,"cmzb":"敏捷便鞋*2|树之祭祀*1|治疗药膏*1|净化药水*1|铁树枝干*1","qqzb":"魔棒*1|速度之靴*1|天鹰之戒*1","hxzb":"魔杖*1|相位鞋*1|先锋盾*1","hqsz":"","ljt":"http://www.dota2.com.cn/images/property/gyrocopter.gif","path":"gyrocopter","zymc":"天辉","zytb":"http://www.dota2.com.cn/images/heropedia/radiant.jpg","yxtp":"http://www.dota2.com.cn/images/others/gyrocopter_big1.jpg","gjlxxj":"1","yxdwxj":"1|1|1","llsjsmz":"19","llsjsmhf":"0.03","mjsjhj":"1","mjsjgjsd":"1","zlsjmfz":"13","zlsjmfhf":"0.04","sjgjl":"1","pjsh":"46","gjsd":"124|135|191","gjms":"1.37","gjsh":"41-51","gjjl":"365|365|365","wlhj":"4","wlshkx":"20%","mfshkx":"25%","minitb":"http://www.dota2.com.cn/images/heroes/gyrocopter_icon.png"},{"id":51,"zwm":"殁境神蚀者","ywm":"Outworld Devourer","jc":"黑鸟","xttx":"http://www.dota2.com.cn/images/heroes/obsidian_destroyer_full.png","dttx":"http://www.dota2.com.cn/images/heroes/obsidian_destroyer_vert.jpg","gjlx":"远程","yxlx":"智力","yxdw":"核心","zltb":"http://www.dota2.com.cn/images/info1301/tit_img01.gif","zljc":"26","zlsj":"3.3","mjtb":"http://www.dota2.com.cn/images/info1301/tit_img02.gif","mjjc":"24","mjsj":"2","lltb":"http://www.dota2.com.cn/images/info1301/tit_img03.gif","lljc":"19","llsj":"2.3","gjltb":"http://www.dota2.com.cn/images/info1301/tit_img06.gif","csgjl":"20-35","ydsdtb":"http://www.dota2.com.cn/images/info1301/tit_img05.gif","csydsd":"315","hjtb":"http://www.dota2.com.cn/images/info1301/tit_img04.gif","cshj":"5.36","yxbj":"一个高傲且强横的种族中的一员，先兆者，徘徊于虚空裂隙，他是整个世界与创世深渊之间唯一的卫士。在这充斥着星体残片的殁境中，他凝视着天穹，警觉的提防着繁星之外那无底深渊中的任何骚动。在他非凡的智慧中，深藏着对先兆的敏锐洞察力和强烈共鸣，他心中那曲黑暗的协奏曲暗示着：总有一天，在这深渊之中，在那造化之外，会有某种东西醒来，并且注意到我们的世界。由于太专注于监视星体，殁境神蚀者对太阳附近的事件并不关心。然而，随着遗迹发出战争的召唤，随着心中那潜在的危机感不断扩大，殁境神蚀者展开双翼，向着我们的世界飞来。在预言中，先兆者的地位不言而喻：他的出现即是灾厄的征兆。何况，他已然亲临。","dj":"1|15|25","smz":"511|1123|1940","mfz":"338|939|1628","gjl":"46-61|92-107|145-160","hj":"5|9|15","syfw":"1800/800","gjfw":"450","ddsd":"900","jdtj1":"http://www.dota2.com.cn/images/property/add/Outworld_Devourer.jpg","jdms1":"黑鸟是为数不多可以打后期的智力型英雄，这套加点适合打solo位置的黑鸟。星体禁锢是不错的技能，留人，救人，抽取智力都会有着不错的效果，前期最少加到两级，可以主禁锢，也可以主被动。可以更早的升级1级的奥术天球。","jdtj2":null,"jdms2":null,"cmzb":"铁树枝干*3|智力斗篷*1|树之祭祀*1|治疗药膏*1","qqzb":"魔棒*1|速度之靴*1|空灵挂件*1","hxzb":"动力鞋*1|魔杖*1|原力法杖*1|回城卷轴*1","hqsz":"阿哈利姆神杖*1|希瓦的守护*1|闪烁匕首*1|邪恶镰刀*1|纷争面纱*1","ljt":"http://www.dota2.com.cn/images/property/obsidian_destroyer.gif","path":"outworld_devourer","zymc":"夜魇","zytb":"http://www.dota2.com.cn/images/heropedia/dire.jpg","yxtp":"http://www.dota2.com.cn/images/others/obsidian_destroyer_big1.jpg","gjlxxj":"1","yxdwxj":"2","llsjsmz":"19","llsjsmhf":"0.03","mjsjhj":"1","mjsjgjsd":"1","zlsjmfz":"13","zlsjmfhf":"0.04","sjgjl":"1","pjsh":"53","gjsd":"124|132|172","gjms":"1.37","gjsh":"46-61","gjjl":"450|450|450","wlhj":"5","wlshkx":"24%","mfshkx":"25%","minitb":"http://www.dota2.com.cn/images/heroes/obsidian_destroyer_icon.png"}],"honorList":[{"id":45,"zwm":"斯拉达","msg":"暂无","createtime":null}],"adapt_zd_list":[{"id":14,"zwm":"戴泽","ywm":"Dazzle","jc":"暗牧","xttx":"http://www.dota2.com.cn/images/heroes/dazzle_full.png","dttx":"http://www.dota2.com.cn/images/heroes/dazzle_vert.jpg","gjlx":"远程","yxlx":"智力","yxdw":"辅助|对线辅助","zltb":"http://www.dota2.com.cn/images/info1301/tit_img01.gif","zljc":"27","zlsj":"3.4","mjtb":"http://www.dota2.com.cn/images/info1301/tit_img02.gif","mjjc":"21","mjsj":"1.7","lltb":"http://www.dota2.com.cn/images/info1301/tit_img03.gif","lljc":"16","llsj":"1.85","gjltb":"http://www.dota2.com.cn/images/info1301/tit_img06.gif","csgjl":"14-32","ydsdtb":"http://www.dota2.com.cn/images/info1301/tit_img05.gif","csydsd":"305","hjtb":"http://www.dota2.com.cn/images/info1301/tit_img04.gif","cshj":"1.94","yxbj":"每一个德尊教团的年轻侍僧在成为暗影牧师前都必须完成一系列的仪式。而仪式的最后一步，则是穿越无比危险的虚无之境，一个只有少数人能活着回来的未知领域。有些人虽然回来了，但却发疯了。还有些回来的人获得了奇怪的能力。但可以肯定的是，所有去了那里的人都被改变了。出于对神圣启示的执着追求，戴泽成为了他部族中最年轻的神圣仪式的追求者。起初，教团拒绝了他，因为他太年轻了。然而戴泽不是那么容易放弃的。教团长老在这位顽固的年轻侍僧身上感到了一些特别的东西，便宽许他进入了教团。最终仪式时，戴泽将神圣药剂一饮而尽后在篝火旁坐下，而他的族人则在一旁跳着祭祀之舞。在虚无之境的虚灵位面中，光明与黑暗的属性被反转了。导致戴泽原本灿烂夺目的治疗之光演变成了包藏凶险的邪恶力量，在那夺目的光辉中隐藏的则是黑暗的行径。不出长老所料：戴泽回来了，成为了一名不世出的暗影牧师，他获得了既可以用来治疗也可以进行破坏的能力。现在，他用他的力量消灭敌人，治愈同伴。","dj":"1|15|25","smz":"454|946|1678","mfz":"351|970|1672","gjl":"41-59|89-107|143-161","hj":"2|5|10","syfw":"1800/800","gjfw":"550","ddsd":"1200","jdtj1":"http://www.dota2.com.cn/images/property/add/dazzle.jpg","jdms1":"这是一种偏向于gank流的打法，并且对线期间至少不逆风的暗影牧师适合使用这种加点方法。如果对线期间比较弱势，比较容易死，则薄葬在前两级必须被点出来。这里薄葬在4级才加，在对线本身不弱势的情况下3级时点出2级剧毒之处提供稳定先手晕，是一种比较凶狠的暗牧打法。到六不加大的原因在于gank打法更注重局部对抗，暗牧的暗影波无论是伤害还是治疗都很强，在前期低位不逊于效果并不明显的一级大招。而剧毒之触不点满的原因是3级与4级的控制效果完全相同，所以3级触就开始转加其它更宝贵的技能。如果你认为gank中比较需要4级剧毒之触的伤害，那么也可以较早地把4级触点出来而不是放到最后。","jdtj2":null,"jdms2":null,"cmzb":"铁树枝干*3|净化药水*2|树之祭祀*1|动物信使*1|","qqzb":"魔棒*1|速度之靴*1|影之灵龛*1|灵魂之戒*1","hxzb":"魔杖*1|奥术鞋*1|侦查守卫*1|梅肯斯姆*1","hqsz":"邪恶镰刀*1|希瓦的守护*1|阿哈利姆神杖*1|洞察烟斗*1|Eul的神圣法杖*1|勇气勋章*1","ljt":"http://www.dota2.com.cn/images/property/dazzle.gif","path":"dazzle","zymc":"夜魇","zytb":"http://www.dota2.com.cn/images/heropedia/dire.jpg","yxtp":"http://www.dota2.com.cn/images/others/dazzle_big1.jpg","gjlxxj":"1","yxdwxj":"3|3","llsjsmz":"19","llsjsmhf":"0.03","mjsjhj":"1","mjsjgjsd":"1","zlsjmfz":"13","zlsjmfhf":"0.04","sjgjl":"1","pjsh":"50","gjsd":"121|128|162","gjms":"1.4","gjsh":"41-59","gjjl":"550|550|550","wlhj":"1","wlshkx":"10%","mfshkx":"25%","minitb":"http://www.dota2.com.cn/images/heroes/dazzle_icon.png"},{"id":91,"zwm":"小小","ywm":"Tiny","jc":"山岭","xttx":"http://www.dota2.com.cn/images/heroes/tiny_full.png","dttx":"http://www.dota2.com.cn/images/heroes/tiny_vert.jpg","gjlx":"近战","yxlx":"力量","yxdw":"控制|爆发|先手|耐久","zltb":"http://www.dota2.com.cn/images/info1301/tit_img01.gif","zljc":"17","zlsj":"1.60","mjtb":"http://www.dota2.com.cn/images/info1301/tit_img02.gif","mjjc":"9","mjsj":"0.90","lltb":"http://www.dota2.com.cn/images/info1301/tit_img03.gif","lljc":"26","llsj":"3.00","gjltb":"http://www.dota2.com.cn/images/info1301/tit_img06.gif","csgjl":"37-43","ydsdtb":"http://www.dota2.com.cn/images/info1301/tit_img05.gif","csydsd":"285","hjtb":"http://www.dota2.com.cn/images/info1301/tit_img04.gif","cshj":"0.26","yxbj":"以一团石头的形式出现的生命体，小小不断思索他的起源，但这始终是个谜。现在的他是个石巨人，但过去是什么呢？从土傀儡的脚后跟掉落的碎片？从制造石像鬼的工房被打扫出来的碎屑？神圣预言石的表层之砂？受到强烈的好奇心驱使，他不知疲倦的环游世界，寻找着他的起源，他的出身，和他的种族。在旅途中，他变得越来越庞大，不过路上的风雨吹打掉了他身上的石头，所以他不停的吸收新的岩石，永远在长大。","dj":"1|15|25","smz":"644|1442|2392","mfz":"221|512|980","gjl":"63-69|105-111|155-161","hj":"0|2|6","syfw":"1800/800","gjfw":"128","ddsd":"N/A","jdtj1":"http://www.dota2.com.cn/images/property/add/tiny.jpg","jdms1":"鉴于lv1-3的V每级伤害提升80，一旦打出两次V的伤害，就相当于每级伤害提升了160。单级伤害提升如此之大，全dota无人能出其右。所以5级时要保证lv3的V。","jdtj2":null,"jdms2":null,"cmzb":"净化药水*1|树之祭祀*2|铁树枝干*3|圆环*1","qqzb":"魔棒*1|速度之靴*1|护腕*1|魔瓶*1","hxzb":"魔杖*1|奥术鞋*1|闪烁匕首*1","hqsz":"阿哈利姆神杖*1|强袭胸甲*1|韧鼓*1|恐鳌之心*1|邪恶镰刀*1|希瓦的守护*1","ljt":"http://www.dota2.com.cn/images/property/tiny.gif","path":"tiny","zymc":"天辉","zytb":"http://www.dota2.com.cn/images/heropedia/radiant.jpg","yxtp":"http://www.dota2.com.cn/images/others/tiny_big1.jpg","gjlxxj":"1","yxdwxj":"2|2|1|1","llsjsmz":"19","llsjsmhf":"0.03","mjsjhj":"1","mjsjgjsd":"1","zlsjmfz":"13","zlsjmfhf":"0.04","sjgjl":"1","pjsh":"64","gjsd":"109|113|131","gjms":"1.56","gjsh":"61-67","gjjl":"128|128|128","wlhj":"0.26","wlshkx":"1%","mfshkx":"25%","minitb":"http://www.dota2.com.cn/images/heroes/tiny_icon.png"},{"id":2,"zwm":"复仇之魂","ywm":"Vengeful Spirit","jc":"VS、仙德尔莎?丝木","xttx":"http://www.dota2.com.cn/images/heroes/vengefulspirit_full.png","dttx":"http://www.dota2.com.cn/images/heroes/vengefulspirit_vert.jpg","gjlx":"远程","yxlx":"敏捷","yxdw":"辅助|控制|对线辅助|先手","zltb":"http://www.dota2.com.cn/images/info1301/tit_img01.gif","zljc":"15","zlsj":"1.75","mjtb":"http://www.dota2.com.cn/images/info1301/tit_img02.gif","mjjc":"27","mjsj":"3.3","lltb":"http://www.dota2.com.cn/images/info1301/tit_img03.gif","lljc":"18","llsj":"2.6","gjltb":"http://www.dota2.com.cn/images/info1301/tit_img06.gif","csgjl":"12月26日","ydsdtb":"http://www.dota2.com.cn/images/info1301/tit_img05.gif","csydsd":"300","hjtb":"http://www.dota2.com.cn/images/info1301/tit_img04.gif","cshj":"3.78","yxbj":"天怒一族这种生物，即使最满足最安心的时候脾气也很暴躁，他们天生就会为了最微不足道的侮辱寻求复仇。然而复仇本来就是复仇之魂的本质所在。曾经作为一个自傲而残暴的天怒之子，仙德尔莎是苍白之巢的第一继承人，直到一个姐妹背叛了她，夺走了她的继承权.被暗杀者的陷阱困住以后，仙德尔莎以双翼为代价，逃出生天。用对于这一族最丢脸的方式：步行，颠簸逃离了。仙德尔莎明白天怒一族再也不会接受失去翅膀的她作为统治者。而且对于处于最高处的苍白之巢，没有能够飞翔的翅膀是无法接近的，她将无法碰到她的姐妹。不甘作为一个无法飞翔的废物苟活，她对于复仇的渴望超越了所有的俗世欲望，堕落的公主向女神丝奎奥克乞求：放弃了她残破的身体，化为了一种靠复仇驱动，能够对物质世界做出巨大破坏的不朽精神能量。她或许永远都不能飞翔了，但她的复仇将永远持续下去。","dj":"1|15|25","smz":"492|1184|2058","mfz":"195|514|1001","gjl":"39-53|85-99|138-152","hj":"4|10|18","syfw":"1800/800","gjfw":"400","ddsd":"1500","jdtj1":"http://www.dota2.com.cn/images/property/add/vengeful_spirit.jpg","jdms1":"这套加点主魔法箭副加恐怖波动，适合全gank位置复仇之魂选择，魔法箭等级增加伤害增加，恐怖波动减甲开视野的效果明显，前期光环提升作用并非很大。","jdtj2":null,"jdms2":null,"cmzb":"树之祭祀*1|治疗药膏*1|净化药水*1|圆环*1|动物信使*1","qqzb":"魔棒*1|速度之靴*1|天鹰之戒*1","hxzb":"魔杖*1|动力鞋*1|勇气勋章*1|侦查守卫*1|回城卷轴*1","hqsz":"阿哈利姆神杖*1|原力法杖*1|闪烁匕首*1|黯灭*1|蝴蝶*1|幻影斧*1|恐鳌之心*1|韧鼓*1|炎阳纹章*1|微光披风*1","ljt":"http://www.dota2.com.cn/images/property/vengefulspirit.gif","path":"vengeful_spirit","zymc":"天辉","zytb":"http://www.dota2.com.cn/images/heropedia/radiant.jpg","yxtp":"http://www.dota2.com.cn/images/others/vengefulspirit_big1.jpg","gjlxxj":"1","yxdwxj":"2|2|1|1","llsjsmz":"19","llsjsmhf":"0.03","mjsjhj":"1","mjsjgjsd":"1","zlsjmfz":"13","zlsjmfhf":"0.04","sjgjl":"1","pjsh":"46","gjsd":"127|166|194","gjms":"1.34","gjsh":"39-53","gjjl":"400|400|400","wlhj":"3","wlshkx":"18%","mfshkx":"25%","minitb":"http://www.dota2.com.cn/images/heroes/vengefulspirit_icon.png"},{"id":59,"zwm":"赏金猎人","ywm":"Bounty Hunter","jc":"赏金,BH","xttx":"http://www.dota2.com.cn/images/heroes/bounty_hunter_full.png","dttx":"http://www.dota2.com.cn/images/heroes/bounty_hunter_vert.jpg","gjlx":"近战","yxlx":"敏捷","yxdw":"核心|逃生|爆发","zltb":"http://www.dota2.com.cn/images/info1301/tit_img01.gif","zljc":"19","zlsj":"1.4","mjtb":"http://www.dota2.com.cn/images/info1301/tit_img02.gif","mjjc":"21","mjsj":"3","lltb":"http://www.dota2.com.cn/images/info1301/tit_img03.gif","lljc":"17","llsj":"1.8","gjltb":"http://www.dota2.com.cn/images/info1301/tit_img06.gif","csgjl":"24-38","ydsdtb":"http://www.dota2.com.cn/images/info1301/tit_img05.gif","csydsd":"315","hjtb":"http://www.dota2.com.cn/images/info1301/tit_img04.gif","cshj":"5.94","yxbj":"关于赏金猎人刚铎，有很多真假难分的故事，唯一的共同点是，讲述这些故事的人都死了。在那些低语中，有的说他像工具一样被抛弃，为了生存而学习追踪术。另一种说法是他是战争中幸存的弃儿，被伟大的猎手索鲁克带走，并在阴暗的森林中教会他高超的猎人技巧。然而，另外一些人则相信他是贫民窟的捣蛋鬼，在一帮小偷扒手中混迹成人，擅长偷盗和误导。被刚铎追杀的人每次一提起他，恐惧就会剧增：他们说，那个追踪暴君伽夫多年，最后将其逼疯并杀死，割下其头颅拿走其权杖的人，就是刚铎。就是他，渗透进海西特反叛军营地，将传奇盗贼“白色海角”带回去接受审判。就是他，终结了猎手索鲁克的神话，让其为杀死王子的得力助手付出了代价。刚铎的传奇还在继续，每一个故事都比之前的更加不可思议，每一个猎物都比以前的更加难以捕杀。然而，只要出价够高，谁都无法躲开他；只要出价够高，即使是最强大的战士，想到刚铎，都会在阴影中颤抖。","dj":"1|15|25","smz":"473|952|1674","mfz":"247|502|944","gjl":"45-59|87-101|137-151","hj":"6|12|19","syfw":"1800/1000","gjfw":"128","ddsd":"N/A","jdtj1":"http://www.dota2.com.cn/images/property/add/bounty_hunter.jpg","jdms1":"赏金猎人是一名敏捷型后期英雄，赏金猎人的加点向来受人津津乐道，几乎每个职业选手选择对赏金猎人的加点都不相同，三个技能在特殊的局势下都可以选择优先加满。这是一个前期主加飞镖的加点路线，前期爆发高，唯一缺陷是过于缺蓝，不过可以考虑出魔瓶或者秘法鞋。","jdtj2":"","jdms2":"","cmzb":"圆盾*1|树之祭祀*1|治疗药膏*1|铁树枝干*3","qqzb":"速度之靴*1|穷鬼盾*1|魔棒*1","hxzb":"相位鞋*1|魔杖*1|狂战斧*1","hqsz":"勇气勋章*1|黯灭*1|金箍棒*1|弗拉迪米尔的祭品*1|强袭胸甲*1|净魂之刃*1","ljt":"http://www.dota2.com.cn/images/property/bounty_hunter.gif","path":"bounty_hunter","zymc":"天辉","zytb":"http://www.dota2.com.cn/images/heropedia/radiant.jpg","yxtp":"http://www.dota2.com.cn/images/others/bounty_hunter_big1.jpg","gjlxxj":"1","yxdwxj":"1|2|1","llsjsmz":"19","llsjsmhf":"0.03","mjsjhj":"1","mjsjgjsd":"1","zlsjmfz":"13","zlsjmfhf":"0.04","sjgjl":"1","pjsh":"52","gjsd":"121|133|193","gjms":"1.4","gjsh":"45-59","gjjl":"128|128|128","wlhj":"5","wlshkx":"26%","mfshkx":"25%","minitb":"http://www.dota2.com.cn/images/heroes/bounty_hunter_icon.png"}],"hqszList":[{"goods":{"id":98,"bigtype":"升级物品","type":"防具","wpmc":"黑皇杖","wppz":"4","wptp":"http://www.dota2.com.cn/images/items/black_king_bar_lg.png","jgtb":"http://www.dota2.com.cn/images/info1301/tit_img07.gif","jg":"3975","wpjs":"渗透了巨人之力的强大法杖。","wpzyms":"","wpsyff":"主动：天神下凡-魔法免疫。持续时间和冷却时间每用一次都会降低。黑皇杖会使某些大招失效。","wpxg":"+ <span class=\"color_yellow\">10</span> 力量<br/>+ <span class=\"color_yellow\">24</span> 攻击力<br/>持续时间：<span class=\"color_yellow\">10/9/8/7/6/5/4</span>","lqsjtb":"http://www.dota2.com.cn/images/info1301/ico2.gif","lqsj":"80","mfxhtb":"","mfxh":"","qzwptb":null,"wpzyms2":"不能出售。<br>使用黑皇杖可以会使部分有益状态消失。","item_en":"black_king_bar"},"count":1},{"goods":{"id":46,"bigtype":"基础物品","type":"奥术","wpmc":"闪烁匕首","wppz":"1","wptp":"http://www.dota2.com.cn/images/items/blink_lg.png","jgtb":"http://www.dota2.com.cn/images/info1301/tit_img07.gif","jg":"2250","wpjs":"传说中这块大陆上来去如风的刺客使用的匕首。","wpzyms":"","wpsyff":"主动：闪烁 - 传送到最远1200距离的位置。如果受到攻击，闪烁匕首将在3秒内无法使用。","wpxg":"","lqsjtb":"http://www.dota2.com.cn/images/info1301/ico2.gif","lqsj":"12","mfxhtb":"","mfxh":"","qzwptb":null,"wpzyms2":"快速点击两次会将自己往已方泉水方向传送。","item_en":"blink"},"count":1},{"goods":{"id":104,"bigtype":"升级物品","type":"防具","wpmc":"恐鳌之心","wppz":"4","wptp":"http://www.dota2.com.cn/images/items/heart_lg.png","jgtb":"http://www.dota2.com.cn/images/info1301/tit_img07.gif","jg":"5500","wpjs":"已经绝种的怪物的心脏，能提升携带者的耐久力。","wpzyms":"如果你的英雄最近4秒（远程英雄6秒）内受到敌方英雄或Roshan的攻击，此被动将失效。","wpsyff":"被动：生命恢复 - 每秒恢复正比于你最大生命值的生命。","wpxg":"+ <span class=\"color_yellow\">40</span> 力量<br/>+ <span class=\"color_yellow\">300</span> 生命值<br/>生命回复量：<span class=\"color_yellow\">4%</span>","lqsjtb":"http://www.dota2.com.cn/images/info1301/ico2.gif","lqsj":"6","mfxhtb":"","mfxh":"","qzwptb":null,"wpzyms2":"","item_en":"heart"},"count":1},{"goods":{"id":111,"bigtype":"升级物品","type":"圣物","wpmc":"黯灭","wppz":"5","wptp":"http://www.dota2.com.cn/images/items/desolator_lg.png","jgtb":"http://www.dota2.com.cn/images/info1301/tit_img07.gif","jg":"4100","wpjs":"这件邪恶并且嗜血的武器，通常用于拷打政治犯。","wpzyms":"黯灭是攻击特效，不与其它攻击特效叠加。","wpsyff":"被动：腐蚀-你的攻击降低被攻击目标的护甲，持续15秒。","wpxg":"+ <span class=\"color_yellow\">60</span> 攻击力<br/>护甲削弱：<span class=\"color_yellow\">7</span>","lqsjtb":"","lqsj":"","mfxhtb":"","mfxh":"","qzwptb":"","wpzyms2":"护甲降低效果对建筑物有效。","item_en":"desolator"},"count":1},{"goods":{"id":103,"bigtype":"升级物品","type":"防具","wpmc":"强袭胸甲","wppz":"4","wptp":"http://www.dota2.com.cn/images/items/assault_lg.png","jgtb":"http://www.dota2.com.cn/images/info1301/tit_img07.gif","jg":"5250","wpjs":"在幽冥地带的深渊锻造，这件地狱盔甲提高整支军队的护甲和攻击速度。","wpzyms":"多个强袭光环的效果不会叠加。","wpsyff":"被动：强袭光环 - 提升附近友军单位的攻击速度和护甲，削弱附近敌军的护甲。","wpxg":"+ <span class=\"color_yellow\">35</span> 攻击速度<br/>+ <span class=\"color_yellow\">10</span> 护甲<br/>光环提升攻击速度：<span class=\"color_yellow\">20</span><br/>光环提升护甲：<span class=\"color_yellow\">5</span><br/>护甲削弱：<span class=\"color_yellow\">5</span>","lqsjtb":"","lqsj":"","mfxhtb":"","mfxh":"","qzwptb":"","wpzyms2":"强袭护甲光环可以和其他类型护甲光环（王者之戒、天鹰之戒、弗拉迪米尔的祭品）叠加。","item_en":"assault"},"count":1},{"goods":{"id":116,"bigtype":"升级物品","type":"圣物","wpmc":"撒旦之邪力","wppz":"5","wptp":"http://www.dota2.com.cn/images/items/satanic_lg.png","jgtb":"http://www.dota2.com.cn/images/info1301/tit_img07.gif","jg":"6150","wpjs":"以你灵魂为代价换取巨大的力量。","wpzyms":"撒旦之邪力是攻击特效，不与其它攻击特效叠加。","wpsyff":"主动：不洁狂热-增加175%的吸血，持续3.5秒。<br>被动：吸血-攻击带有吸血效果。","wpxg":"+ <span class=\"color_yellow\">20</span> 攻击力<br/>+ <span class=\"color_yellow\">25</span> 力量<br/>+ <span class=\"color_yellow\">5</span> 护甲<br/>吸血百分比：<span class=\"color_yellow\">25%</span>","lqsjtb":"http://www.dota2.com.cn/images/info1301/ico2.gif","lqsj":"35","mfxhtb":"","mfxh":"","qzwptb":"","wpzyms2":"","item_en":"satanic"},"count":1}],"hxzbList":[{"goods":{"id":50,"bigtype":"升级物品","type":"普通","wpmc":"魔杖","wppz":"2","wptp":"http://www.dota2.com.cn/images/items/magic_wand_lg.png","jgtb":"http://www.dota2.com.cn/images/info1301/tit_img07.gif","jg":"509","wpjs":"一个简易但实用的魔杖，能够补充使用者的能量--巫师学徒和高级术士都喜欢。","wpzyms":"","wpsyff":"主动：充能 - 每当周围有敌人施放技能都会自动充能（最多15点能量）。当使用时，每点能量为你回复生命值和魔法值。","wpxg":"+ <span class=\"color_yellow\">3</span> 所有属性<br/>每点能量回复：<span class=\"color_yellow\">15</span>","lqsjtb":"http://www.dota2.com.cn/images/info1301/ico2.gif","lqsj":"12","mfxhtb":"","mfxh":"","qzwptb":"","wpzyms2":"1200码视野范围内敌人使用技能就会获得点数。 <br>部分英雄技能和物品技能的施放将不会增加点数。","item_en":"magic_wand"},"count":1},{"goods":{"id":55,"bigtype":"升级物品","type":"普通","wpmc":"动力鞋","wppz":"2","wptp":"http://www.dota2.com.cn/images/items/power_treads_lg.png","jgtb":"http://www.dota2.com.cn/images/info1301/tit_img07.gif","jg":"1400","wpjs":"一双厚实的皮靴，能根据穿着者的需求切换属性。","wpzyms":"移动速度加成效果不与其他鞋类物品叠加。","wpsyff":"主动：属性切换-将附加属性在力量，敏捷以及智力三者间切换。","wpxg":"+ <span class=\"color_yellow\">50</span> 移动速度<br/>+ <span class=\"color_yellow\">8</span> 所选属性<br/>+ <span class=\"color_yellow\">25</span> 攻击速度","lqsjtb":"","lqsj":"","mfxhtb":"","mfxh":"","qzwptb":null,"wpzyms2":"","item_en":"power_treads"},"count":1},{"goods":{"id":96,"bigtype":"升级物品","type":"防具","wpmc":"先锋盾","wppz":"4","wptp":"http://www.dota2.com.cn/images/items/vanguard_lg.png","jgtb":"http://www.dota2.com.cn/images/info1301/tit_img07.gif","jg":"2225","wpjs":"能够让持有者躲过最致命攻击的强力盾牌。","wpzyms":"","wpsyff":"被动：伤害格挡 - 有一定几率格挡伤害，格挡效果取决于你的英雄类型。","wpxg":"+ <span class=\"color_yellow\">250</span> 生命值<br/>+ <span class=\"color_yellow\">6</span> 生命恢复速率<br/>格挡概率： <span class=\"color_yellow\">80%</span><br/>远程格挡： <span class=\"color_yellow\">20</span><br/>近战格挡： <span class=\"color_yellow\">40</span>","lqsjtb":"","lqsj":"","mfxhtb":"","mfxh":"","qzwptb":"","wpzyms2":"多种伤害格挡物品的效果互不叠加。","item_en":"vanguard"},"count":1}],"adapt_kz_list":[{"id":99,"zwm":"育母蜘蛛","ywm":"Broodmother","jc":"蜘蛛","xttx":"http://www.dota2.com.cn/images/heroes/broodmother_full.png","dttx":"http://www.dota2.com.cn/images/heroes/broodmother_vert.jpg","gjlx":"近战","yxlx":"敏捷","yxdw":"辅助|爆发|先手|推进","zltb":"http://www.dota2.com.cn/images/info1301/tit_img01.gif","zljc":"18","zlsj":"2","mjtb":"http://www.dota2.com.cn/images/info1301/tit_img02.gif","mjjc":"18","mjsj":"2.2","lltb":"http://www.dota2.com.cn/images/info1301/tit_img03.gif","lljc":"17","llsj":"2.5","gjltb":"http://www.dota2.com.cn/images/info1301/tit_img06.gif","csgjl":"26-32","ydsdtb":"http://www.dota2.com.cn/images/info1301/tit_img05.gif","csydsd":"295","hjtb":"http://www.dota2.com.cn/images/info1301/tit_img04.gif","cshj":"2.52","yxbj":"几个世纪以来，育母蜘蛛布蕾克·艾拉齐娜一直潜伏在灼神山的火山口岩洞中，悉心的照料着数以百万计的幼虫，保证他们能够安全的存活到去地上世界捕食的年龄。直到后来，索罗普瑟斯，一个贪婪的权臣，在死火山的火山口修建了他的私人庙塔，因为他知道，就算有人觊觎他的财富，也不能活着穿越那条蜘蛛出没的死亡之路。在安享了几百年的安宁后，布蕾克·艾拉齐娜发现一些不速之客不停的在干扰着她的生活，毛手毛脚的小偷、有勇无谋的骑士，以及出生贵族的年轻人——诚然，他们都是美味的食物，但是他们的到来切实的影响到了她照料她那“无辜”的后代。忍无可忍之时，她去造访了索罗普瑟斯，而这个权臣却不愿意妥协，于是她用蛛丝将他裹起来，扔到一边，留给那些即将出生的小崽子们美味一顿。不幸的是，庙塔主人的失踪却让更多的人壮着胆子前来骚扰。而当她的一名新生儿被一个冒失的探险者踩死时，她终于爆发了。育母蜘蛛向着地上世界前进，誓要清洗掉世界上所有可能对她的孩子有威胁的入侵者，即使是英雄也不例外，直到确保她能够为她那珍贵的小蜘蛛们提供一个安全健康的温床。","dj":"1|15|25","smz":"473|1138|1993","mfz":"234|598|1118","gjl":"44-50|75-81|117-123","hj":"3|7|13","syfw":"1800/800","gjfw":"128","ddsd":"N/A","jdtj1":"http://www.dota2.com.cn/images/property/add/broodmother.jpg","jdms1":"育母蜘蛛最大的特点就是牵制和推进，说她是个战术英雄更加靠谱，往往在你们与对面缠斗的时候，育母蜘蛛就可以孤身一人推掉你的高地。由于前期有蛛网的存在，没有真眼的情况下很难将蜘蛛击杀。","jdtj2":"","jdms2":"","cmzb":"治疗药膏*1|树之祭祀*1|净化药水*1|铁树枝干*2|守护指环*1","qqzb":"速度之靴*1|灵魂之戒*1|天鹰之戒*1","hxzb":"动力鞋*1|紫怨*1","hqsz":"黑皇杖*1|弗拉迪米尔的祭品*1|蝴蝶*1|金箍棒*1|强袭胸甲*1|辉耀*1","ljt":"http://www.dota2.com.cn/images/property/broodmother.gif","path":"broodmother","zymc":"夜魇","zytb":"http://www.dota2.com.cn/images/heropedia/dire.jpg","yxtp":"http://www.dota2.com.cn/images/others/broodmother_big1.jpg","gjlxxj":"1","yxdwxj":"3|1|1","llsjsmz":"19","llsjsmhf":"0.03","mjsjhj":"1","mjsjgjsd":"1","zlsjmfz":"13","zlsjmfhf":"0.04","sjgjl":"1","pjsh":"47","gjsd":"118|127|171","gjms":"1.44","gjsh":"44-50","gjjl":"128|128|128","wlhj":"2","wlshkx":"13%","mfshkx":"25%","minitb":"http://www.dota2.com.cn/images/heroes/broodmother_icon.png"},{"id":16,"zwm":"敌法师","ywm":"Anti Mage","jc":"AM、敌法","xttx":"http://www.dota2.com.cn/images/heroes/antimage_full.png","dttx":"http://www.dota2.com.cn/images/heroes/antimage_vert.jpg","gjlx":"近战","yxlx":"敏捷","yxdw":"核心|逃生","zltb":"http://www.dota2.com.cn/images/info1301/tit_img01.gif","zljc":"15","zlsj":"1.8","mjtb":"http://www.dota2.com.cn/images/info1301/tit_img02.gif","mjjc":"22","mjsj":"2.8","lltb":"http://www.dota2.com.cn/images/info1301/tit_img03.gif","lljc":"22","llsj":"1.2","gjltb":"http://www.dota2.com.cn/images/info1301/tit_img06.gif","csgjl":"27-31","ydsdtb":"http://www.dota2.com.cn/images/info1301/tit_img05.gif","csydsd":"315","hjtb":"http://www.dota2.com.cn/images/info1301/tit_img04.gif","cshj":"2.08","yxbj":"当山下的王国被潮水般的侵略者们横扫的时候，星隐寺的僧侣们只是在山上默默的注视着那崎岖的山谷。苦行且务实的他们在偏远高山的寺院里，独自沉浸在远离尘嚣的冥想中，不受任何魔法元素或者神灵的干扰。然而，死亡之神的军队来了，带着摧毁所有信仰，并让当地人转而信奉死亡之神的虚无主义。带着他们千年的战乱和血雨腥风，死亡军团将他们打败的敌人的灵魂和尸骨撕裂，用这种恐怖来摧毁星隐寺的信仰。面对此等攻击，寺院只坚持了不到两个星期，甚至还有一些刚从冥想中醒来的僧侣认为，这些入侵者不过是恶魔用来干扰他们冥想的幻象，于是他们死在了自己的冥想垫上。只有一个人幸免于难，他是来星隐寺寻求智慧，却尚未得到寺院认可的侍僧。他惊恐的看着自己曾经侍奉过的僧侣们被杀，然后又被复活成为死亡之神的祭司。带着星隐寺残存的珍贵教义卷轴，他艰难的到达了一个相对安全的地方，他发誓，不仅要消灭死亡之神的魔法师，更要将“魔法”这个词从世上抹去。","dj":"1|15|25","smz":"530|849|1457","mfz":"195|523|1017","gjl":"49-53|88-92|136-140","hj":"2|8|14","syfw":"1800/800","gjfw":"128","ddsd":"N/A","jdtj1":"http://www.dota2.com.cn/images/property/add/anti_mage.jpg","jdms1":"敌法师是一名敏捷型后期英雄，敌法师的加点向来受人津津乐道，几乎每个职业选手选择对敌法师的加点都不相同，三个技能在特殊的局势下都可以选择优先加满，这一套加点是优先加满闪烁，这样的敌法师机动性很强，关键时刻收割或者逃生保命都有不错的效果。法球和被动的选择依据场上形势来选择。以前敌法师前期是不加大招的，但是如今随着cw比赛节奏越来越快，一些比赛中的敌法师也是第一时间将大招升起来。","jdtj2":null,"jdms2":null,"cmzb":"树之祭祀*1|治疗药膏*1|铁树枝干*3|圆盾*1","qqzb":"速度之靴*1|魔棒*1|治疗指环*1","hxzb":"动力鞋*1|魔杖*1|先锋盾*1|夜叉*1|回城卷轴*1","hqsz":"强袭胸甲*1|远行鞋*1|深渊之刃*1|蝴蝶*1|恐鳌之心*1|弗拉迪米尔的祭品*1","ljt":"http://www.dota2.com.cn/images/property/antimage.gif","path":"anti_mage","zymc":"天辉","zytb":"http://www.dota2.com.cn/images/heropedia/radiant.jpg","yxtp":"http://www.dota2.com.cn/images/others/antimage_big1.jpg","gjlxxj":"1","yxdwxj":"2|3","llsjsmz":"19","llsjsmhf":"0.03","mjsjhj":"1","mjsjgjsd":"1","zlsjmfz":"13","zlsjmfhf":"0.04","sjgjl":"1","pjsh":"51","gjsd":"139|150|206","gjms":"1.19","gjsh":"49-53","gjjl":"128|128|128","wlhj":"2","wlshkx":"11%","mfshkx":"25%","minitb":"http://www.dota2.com.cn/images/heroes/antimage_icon.png"},{"id":59,"zwm":"赏金猎人","ywm":"Bounty Hunter","jc":"赏金,BH","xttx":"http://www.dota2.com.cn/images/heroes/bounty_hunter_full.png","dttx":"http://www.dota2.com.cn/images/heroes/bounty_hunter_vert.jpg","gjlx":"近战","yxlx":"敏捷","yxdw":"核心|逃生|爆发","zltb":"http://www.dota2.com.cn/images/info1301/tit_img01.gif","zljc":"19","zlsj":"1.4","mjtb":"http://www.dota2.com.cn/images/info1301/tit_img02.gif","mjjc":"21","mjsj":"3","lltb":"http://www.dota2.com.cn/images/info1301/tit_img03.gif","lljc":"17","llsj":"1.8","gjltb":"http://www.dota2.com.cn/images/info1301/tit_img06.gif","csgjl":"24-38","ydsdtb":"http://www.dota2.com.cn/images/info1301/tit_img05.gif","csydsd":"315","hjtb":"http://www.dota2.com.cn/images/info1301/tit_img04.gif","cshj":"5.94","yxbj":"关于赏金猎人刚铎，有很多真假难分的故事，唯一的共同点是，讲述这些故事的人都死了。在那些低语中，有的说他像工具一样被抛弃，为了生存而学习追踪术。另一种说法是他是战争中幸存的弃儿，被伟大的猎手索鲁克带走，并在阴暗的森林中教会他高超的猎人技巧。然而，另外一些人则相信他是贫民窟的捣蛋鬼，在一帮小偷扒手中混迹成人，擅长偷盗和误导。被刚铎追杀的人每次一提起他，恐惧就会剧增：他们说，那个追踪暴君伽夫多年，最后将其逼疯并杀死，割下其头颅拿走其权杖的人，就是刚铎。就是他，渗透进海西特反叛军营地，将传奇盗贼“白色海角”带回去接受审判。就是他，终结了猎手索鲁克的神话，让其为杀死王子的得力助手付出了代价。刚铎的传奇还在继续，每一个故事都比之前的更加不可思议，每一个猎物都比以前的更加难以捕杀。然而，只要出价够高，谁都无法躲开他；只要出价够高，即使是最强大的战士，想到刚铎，都会在阴影中颤抖。","dj":"1|15|25","smz":"473|952|1674","mfz":"247|502|944","gjl":"45-59|87-101|137-151","hj":"6|12|19","syfw":"1800/1000","gjfw":"128","ddsd":"N/A","jdtj1":"http://www.dota2.com.cn/images/property/add/bounty_hunter.jpg","jdms1":"赏金猎人是一名敏捷型后期英雄，赏金猎人的加点向来受人津津乐道，几乎每个职业选手选择对赏金猎人的加点都不相同，三个技能在特殊的局势下都可以选择优先加满。这是一个前期主加飞镖的加点路线，前期爆发高，唯一缺陷是过于缺蓝，不过可以考虑出魔瓶或者秘法鞋。","jdtj2":"","jdms2":"","cmzb":"圆盾*1|树之祭祀*1|治疗药膏*1|铁树枝干*3","qqzb":"速度之靴*1|穷鬼盾*1|魔棒*1","hxzb":"相位鞋*1|魔杖*1|狂战斧*1","hqsz":"勇气勋章*1|黯灭*1|金箍棒*1|弗拉迪米尔的祭品*1|强袭胸甲*1|净魂之刃*1","ljt":"http://www.dota2.com.cn/images/property/bounty_hunter.gif","path":"bounty_hunter","zymc":"天辉","zytb":"http://www.dota2.com.cn/images/heropedia/radiant.jpg","yxtp":"http://www.dota2.com.cn/images/others/bounty_hunter_big1.jpg","gjlxxj":"1","yxdwxj":"1|2|1","llsjsmz":"19","llsjsmhf":"0.03","mjsjhj":"1","mjsjgjsd":"1","zlsjmfz":"13","zlsjmfhf":"0.04","sjgjl":"1","pjsh":"52","gjsd":"121|133|193","gjms":"1.4","gjsh":"45-59","gjjl":"128|128|128","wlhj":"5","wlshkx":"26%","mfshkx":"25%","minitb":"http://www.dota2.com.cn/images/heroes/bounty_hunter_icon.png"},{"id":46,"zwm":"狼人","ywm":"Lycan","jc":"Lyc","xttx":"http://www.dota2.com.cn/images/heroes/lycan_full.png","dttx":"http://www.dota2.com.cn/images/heroes/lycan_vert.jpg","gjlx":"近战","yxlx":"力量","yxdw":"核心|打野|推进|耐久","zltb":"http://www.dota2.com.cn/images/info1301/tit_img01.gif","zljc":"17","zlsj":"1.55","mjtb":"http://www.dota2.com.cn/images/info1301/tit_img02.gif","mjjc":"16","mjsj":"1.90","lltb":"http://www.dota2.com.cn/images/info1301/tit_img03.gif","lljc":"22","llsj":"3.0","gjltb":"http://www.dota2.com.cn/images/info1301/tit_img06.gif","csgjl":"36-41","ydsdtb":"http://www.dota2.com.cn/images/info1301/tit_img05.gif","csydsd":"305","hjtb":"http://www.dota2.com.cn/images/info1301/tit_img04.gif","cshj":"3.24","yxbj":"贝恩霍勒出生在高贵的安布里家族——古老的斯洛姆王国中最伟大的贵族。在凋零之秋以前，国王的欲望愈发的奇怪，朝廷也逐渐被法师和江湖术士占领，而安布里家族则第一个起来反对王权的贪得无厌。他们不再对国王效忠，不再对国家纳贡，而是派出了一支六千人的军队去进攻王城，结果，在史称\"变节者之殇\"的大屠杀中，这些人被尽数除掉。接下来发生的就完全印证了古语中常说的：打蛇打七寸，擒贼先擒王：叛变将国王激怒了，他将安布里家族的家主和其幼子贝恩霍勒抓住，然后将所有安布里家族的人杀得一干二净。在皇家法庭的审判中，国王命令他的法师将安布里领主的幼子施法变成狼，然后咬断他父亲的喉咙。\"动手！\"国王下令，\"这样他也能尝尝被人背叛的滋味！\"强大的魔法被施放到了贝恩霍勒身上，这个孩子当时就变成了狼。然而，尽管躯体转变，他的心智尚存，他将看守撕成了碎片。为了将这只猛兽赶走，国王付出了一队骑士的生命。安布里领主在加锁中大笑着，甚至当国王将剑刺入其身体后仍狂笑不止。现在，安布里家族唯一的子嗣，贝恩霍勒，以狼人的形态游荡着，半狼半人，追寻着，他所失去的公义。","dj":"1|15|25","smz":"568|1366|2316","mfz":"221|503|965","gjl":"58-63|100-105|150-155","hj":"3|7|12","syfw":"1800/800","gjfw":"128","ddsd":"N/A","jdtj1":"http://www.dota2.com.cn/images/property/add/lycanthrope.jpg","jdms1":"这是比较主流的一套狼人加点，在没有改版之前100个狼人中有99个会选择如此加点，前期混野区，无论经验还是金钱都不会比线上来的差，狼人线上能力不强，前期在没有装备和大招的情况下，狼人很难再团战中起到作用，反而移动速度超快的召唤狼会成为将有们的噩梦。","jdtj2":null,"jdms2":null,"cmzb":"治疗药膏*1|树之祭祀*1|压制之刃*1|守护指环*1","qqzb":"速度之靴*1|弗拉迪米尔的祭品*1","hxzb":"动力鞋*1|黑皇杖*1|勇气勋章*1","hqsz":"强袭胸甲*1|黯灭*1|死灵书*1|天堂之戟*1|恐鳌之心*1|深渊之刃*1","ljt":"http://www.dota2.com.cn/images/property/lycan.gif","path":"lycan","zymc":"夜魇","zytb":"http://www.dota2.com.cn/images/heropedia/dire.jpg","yxtp":"http://www.dota2.com.cn/images/others/lycan_big1.jpg","gjlxxj":"1","yxdwxj":"2|2|2|1","llsjsmz":"19","llsjsmhf":"0.03","mjsjhj":"1","mjsjgjsd":"1","zlsjmfz":"13","zlsjmfhf":"0.04","sjgjl":"1","pjsh":"60","gjsd":"116|124|162","gjms":"1.47","gjsh":"58-63","gjjl":"128|128|128","wlhj":"3","wlshkx":"16%","mfshkx":"25%","minitb":"http://www.dota2.com.cn/images/heroes/lycan_icon.png"},{"id":71,"zwm":"圣堂刺客","ywm":"Templar Assassin","jc":"TA，圣堂","xttx":"http://www.dota2.com.cn/images/heroes/templar_assassin_full.png","dttx":"http://www.dota2.com.cn/images/heroes/templar_assassin_vert.jpg","gjlx":"远程","yxlx":"敏捷","yxdw":"核心|逃生","zltb":"http://www.dota2.com.cn/images/info1301/tit_img01.gif","zljc":"20","zlsj":"2","mjtb":"http://www.dota2.com.cn/images/info1301/tit_img02.gif","mjjc":"23","mjsj":"2.7","lltb":"http://www.dota2.com.cn/images/info1301/tit_img03.gif","lljc":"18","llsj":"2.1","gjltb":"http://www.dota2.com.cn/images/info1301/tit_img06.gif","csgjl":"30-36","ydsdtb":"http://www.dota2.com.cn/images/info1301/tit_img05.gif","csydsd":"305","hjtb":"http://www.dota2.com.cn/images/info1301/tit_img04.gif","cshj":"4.22","yxbj":"拉娜娅，圣堂刺客，一直行走在对万物的探求之路上。她有一颗渴求知识的心，早年就非常专注于研究自然法则——对魔法和炼金术有关的书非常入迷，试图重现她在紫罗兰档案馆找到的吉光片羽中记载的实验，并且背下了档案保管者对实验的观察记录。由于她天性安静且诡秘，再加上获得这些东西的高难度，拉娜娅的隐秘行动技巧得到了进一步的强化。假如她稍微不低调一点，她就可能成为盗贼公会里面人人敬仰的盗贼大师了。不过她的研究一步步的将她带进了更为诡异的死角。就在她将自己的隐秘天赋完全奉献给探索宇宙秘密的时候，却无意中打开了另外一扇门：隐之圣堂的入口。入口另一边的智慧生命早已在等着她了，他们告诉了拉娜娅许多他们发现的秘密，然而当他们告诉拉娜娅她可以为圣堂服务时，这些秘密都算不得什么了。她立誓守护这些秘密，然而更重要的是，为圣堂服务能够满足她那对知识无尽的渴求。在她杀死的敌人的眼中，她逐渐看到了一直在追寻的秘密。","dj":"1|15|25","smz":"492|1051|1830","mfz":"260|624|1144","gjl":"53-59|91-97|138-144","hj":"4|10|16","syfw":"1800/800","gjfw":"140","ddsd":"900","jdtj1":"http://www.dota2.com.cn/images/property/add/templar_assassin.jpg","jdms1":"Dota2圣堂刺客在TI2上的亮眼表现一定相信一定不会让大家忘记。这是Dota2圣堂刺客最为主流的加点，前期主折光，无论补刀，线上压制还是报名逃生都乃神技，隐匿前期只学一级用来关键时刻保命，如果对自己的补刀不太自信可以将灵能之刃等级加高，建议加到2级之后再捕满隐匿。","jdtj2":"","jdms2":"","cmzb":"树之祭祀*1|敏捷便鞋*2|治疗药膏*1|铁树枝干*2","qqzb":"魔棒*1|速度之靴*1|魔瓶*1","hxzb":"魔杖*1|闪烁匕首*1|相位鞋*1","hqsz":"幻影斧*1|黑皇杖*1|金箍棒*1|影刃*1|蝴蝶*1|影刃*1","ljt":"http://www.dota2.com.cn/images/property/templar_assassin.gif","path":"templar_assassin","zymc":"天辉","zytb":"http://www.dota2.com.cn/images/heropedia/radiant.jpg","yxtp":"http://www.dota2.com.cn/images/others/templar_assassin_big1.jpg","gjlxxj":"1","yxdwxj":"2|1","llsjsmz":"19","llsjsmhf":"0.03","mjsjhj":"1","mjsjgjsd":"1","zlsjmfz":"13","zlsjmfhf":"0.04","sjgjl":"1","pjsh":"56","gjsd":"123|134|188","gjms":"1.38","gjsh":"53-59","gjjl":"140|140|140","wlhj":"4","wlshkx":"20%","mfshkx":"25%","minitb":"http://www.dota2.com.cn/images/heroes/templar_assassin_icon.png"},{"id":47,"zwm":"力丸","ywm":"Riki","jc":"隐刺","xttx":"http://www.dota2.com.cn/images/heroes/riki_full.png","dttx":"http://www.dota2.com.cn/images/heroes/riki_vert.jpg","gjlx":"近战","yxlx":"敏捷","yxdw":"核心|逃生","zltb":"http://www.dota2.com.cn/images/info1301/tit_img01.gif","zljc":"14","zlsj":"1.3","mjtb":"http://www.dota2.com.cn/images/info1301/tit_img02.gif","mjjc":"34","mjsj":"2.9","lltb":"http://www.dota2.com.cn/images/info1301/tit_img03.gif","lljc":"17","llsj":"2","gjltb":"http://www.dota2.com.cn/images/info1301/tit_img06.gif","csgjl":"14-18","ydsdtb":"http://www.dota2.com.cn/images/info1301/tit_img05.gif","csydsd":"300","hjtb":"http://www.dota2.com.cn/images/info1301/tit_img04.gif","cshj":"5.76","yxbj":"力丸是伟大的塔林王朝的二皇子。他有一个将会继承王位的兄长，还有一个受到百般照顾的弟弟，而作为二子的力丸，则似乎生来就是隐形人。他自己很注意培养这一项特殊才能，在一个晚上，国家被叛徒所颠覆，他的家人被屠杀，只有力丸因为隐身技能活了下来。矮小而敏捷的力丸用烟雾做掩护，无比谨慎的逃离了，他也是唯一逃脱的皇族。善于突袭的他杀出了皇家庭院，无声地切开一个又一个敌人的喉咙。不再背负皇室治国之责以后，力丸开始运用他的天赋以谋生，他成为了一名隐形刺客。现在他于无声中将敌人杀死，不断精进自己的技术，期望有一天可以能够手刃那些杀死他家人，夺走他国家的叛徒。","dj":"1|15|25","smz":"473|1005|1765","mfz":"182|419|848","gjl":"48-52|89-93|138-142","hj":"6|11|18","syfw":"1800/800","gjfw":"128","ddsd":"N/A","jdtj1":"http://www.dota2.com.cn/images/property/add/riki.jpg","jdms1":"隐形刺客的加点比较灵活，1级可以点闪烁也可以点雾，雾有沉默效果关键时刻可以用来保命。背刺前期可以只点1级也可以主升，主要依据形势而定。闪烁是优先加满的技能，做为一名刺客，这还是必须拥有的看家本领。至于大招的升级，其实可以在其他技能点满之后再升级2、3级大招。如果处于劣势可以优先考虑，毕竟缩短进入隐身的时间还是很有用的。","jdtj2":"","jdms2":"","cmzb":"树之祭祀*2|治疗药膏*1|敏捷便鞋*1|铁树枝干*3","qqzb":"魔棒*1|速度之靴*1|穷鬼盾*1","hxzb":"动力鞋*1|魔杖*1|净魂之刃*1","hqsz":"蝴蝶*1|弗拉迪米尔的祭品*1|黑皇杖*1|强袭胸甲*1|散夜对剑*1","ljt":"http://www.dota2.com.cn/images/property/riki.gif","path":"riki","zymc":"天辉","zytb":"http://www.dota2.com.cn/images/heropedia/radiant.jpg","yxtp":"http://www.dota2.com.cn/images/others/riki_big1.jpg","gjlxxj":"1","yxdwxj":"2|1","llsjsmz":"19","llsjsmhf":"0.03","mjsjhj":"1","mjsjgjsd":"1","zlsjmfz":"13","zlsjmfhf":"0.04","sjgjl":"1","pjsh":"50","gjsd":"134|146|204","gjms":"1.27","gjsh":"48-52","gjjl":"128|128|128","wlhj":"5","wlshkx":"25%","mfshkx":"25%","minitb":"http://www.dota2.com.cn/images/heroes/riki_icon.png"},{"id":92,"zwm":"熊战士","ywm":"Ursa","jc":"拍拍熊","xttx":"http://www.dota2.com.cn/images/heroes/ursa_full.png","dttx":"http://www.dota2.com.cn/images/heroes/ursa_vert.jpg","gjlx":"近战","yxlx":"敏捷","yxdw":"核心|打野|耐久","zltb":"http://www.dota2.com.cn/images/info1301/tit_img01.gif","zljc":"16","zlsj":"1.5","mjtb":"http://www.dota2.com.cn/images/info1301/tit_img02.gif","mjjc":"18","mjsj":"2.1","lltb":"http://www.dota2.com.cn/images/info1301/tit_img03.gif","lljc":"23","llsj":"2.7","gjltb":"http://www.dota2.com.cn/images/info1301/tit_img06.gif","csgjl":"27-31","ydsdtb":"http://www.dota2.com.cn/images/info1301/tit_img05.gif","csydsd":"310","hjtb":"http://www.dota2.com.cn/images/info1301/tit_img04.gif","cshj":"5.52","yxbj":"战士乌尔萨是熊怪部落最强大的一员，保护着他的家园和人民。在漫长的冬季，当女性族人在睡觉和照料后代时，男性则外出巡逻，他们不知疲倦、保持警惕，按自古以来的传统守卫着部落。乌尔萨听见一些模糊但在增加的传言说有一股邪恶势力正在扩散，他便跑出了这个野性部族的边界线，希望追踪到这个邪恶势力并在它能危害到他的人民之前，就将其在源头摧毁。自豪的乌尔萨有着光明且强大的灵魂，他是个绝对值得信任的忠实战友和守卫者。","dj":"1|15|25","smz":"587|1305|2198","mfz":"208|481|936","gjl":"45-49|74-78|115-119","hj":"6|10|15","syfw":"1800/800","gjfw":"128","ddsd":"N/A","jdtj1":"http://www.dota2.com.cn/images/property/add/ursa.jpg","jdms1":"熊战士真没有什么非主流加点，前期唯一的加点出入可能就是在学震撼大地的等级上，有人喜欢后面补，有人喜欢前期学。主要还是根据个人习惯，以及阵容搭配，在控制多的情况下，熊战士可以晚点学习震撼大地。","jdtj2":null,"jdms2":null,"cmzb":"树之祭祀*2|治疗药膏*1|铁树枝干*1|圆盾*1","qqzb":"速度之靴*1|魔棒*1|王者之戒*1","hxzb":"相位鞋*1|魔杖*1|弗拉迪米尔的祭品*1|闪烁匕首*1","hqsz":"蝴蝶*1|黯灭*1|强袭胸甲*1|金箍棒*1|代达罗斯之殇*1|恐鳌之心*1","ljt":"http://www.dota2.com.cn/images/property/ursa.gif","path":"ursa","zymc":"天辉","zytb":"http://www.dota2.com.cn/images/heropedia/radiant.jpg","yxtp":"http://www.dota2.com.cn/images/others/ursa_big1.jpg","gjlxxj":"1","yxdwxj":"2|2|1","llsjsmz":"19","llsjsmhf":"0.03","mjsjhj":"1","mjsjgjsd":"1","zlsjmfz":"13","zlsjmfhf":"0.04","sjgjl":"1","pjsh":"47","gjsd":"118|126|168","gjms":"1.44","gjsh":"45-49","gjjl":"128|128|128","wlhj":"5","wlshkx":"24%","mfshkx":"25%","minitb":"http://www.dota2.com.cn/images/heroes/ursa_icon.png"},{"id":40,"zwm":"克林克兹","ywm":"clinkz","jc":"骨弓","xttx":"http://www.dota2.com.cn/images/heroes/clinkz_full.png","dttx":"http://www.dota2.com.cn/images/heroes/clinkz_vert.jpg","gjlx":"远程","yxlx":"敏捷","yxdw":"辅助|爆发|先手|推进","zltb":"http://www.dota2.com.cn/images/info1301/tit_img01.gif","zljc":"16","zlsj":"1.55","mjtb":"http://www.dota2.com.cn/images/info1301/tit_img02.gif","mjjc":"22","mjsj":"3","lltb":"http://www.dota2.com.cn/images/info1301/tit_img03.gif","lljc":"15","llsj":"1.6","gjltb":"http://www.dota2.com.cn/images/info1301/tit_img06.gif","csgjl":"15-21","ydsdtb":"http://www.dota2.com.cn/images/info1301/tit_img05.gif","csydsd":"300","hjtb":"http://www.dota2.com.cn/images/info1301/tit_img04.gif","cshj":"2.08","yxbj":"在流血丘陵的底部，蔓延着一片庞大的森林——霍文林地，在那里，有着数个幽暗的湖泊，汇集着丘陵上渗透下来的死血。萨瑟雷克斯，王之魔法师，用他的仁慈统治着这片土地。他手下最为忠心的，霍文林地的誓约守护者，克林克兹，是一名技艺精湛的弓箭手。在王之魔法师统治的第三百年，来自第六狱的恶魔莫拉格斯出现了，声称要占领这片森林。作为反击，王之魔法师降下了一个牢不可破的咒语：任何打败恶魔的人，都能获得无尽的生命。克林克兹在对咒语一无所知的情况下，毅然加入到了对莫拉格斯的战斗中，保护他的土地免遭恶魔的屠戮。逐渐的，克林克兹将莫拉格斯驱逐到了第六狱的传送门前，在那里与其进行了殊死的决斗。双双重伤的情况下，恶魔竭尽生命之力放出了地狱之火，而克林克兹也射出了自己的最后一箭。在箭矢射中恶魔并将其杀死的同时，地狱之火也在大地上蔓延开来，眼看克林克兹就要被活活烧死。然而，就在弓箭手燃烧的时候，王之魔法师的咒语生效了，让他以这种邪恶的形态活了下来。现在，克林克兹肉体已失，生命被禁锢在死亡的契约之中，只留下灼热的骷髅和无尽的怒气。他永不停止的呼吸中，充斥着地狱的灼热。","dj":"1|15|25","smz":"435|861|1545","mfz":"208|490|952","gjl":"37-43|79-85|129-135","hj":"2|8|15","syfw":"1800/800","gjfw":"630","ddsd":"900","jdtj1":"http://www.dota2.com.cn/images/property/add/clinkz.jpg","jdms1":"骷髅射手是一名敏捷型中后期英雄，骷髅射手的加点没有太多变化，前期主火箭，线上压人加补刀，自带的50点攻击力还是很客观的。前期扫射只点一级就足够了，今早的将疾风步升高，提高自身机动性。杀人，或者团战时，记住提前吃个野怪增加血量和攻击力。","jdtj2":null,"jdms2":null,"cmzb":"治疗药膏*1|树之祭祀*1|敏捷便鞋*1|铁树枝干*3|","qqzb":"速度之靴*1|天鹰之戒*1|魔杖*1|空明杖*1","hxzb":"动力鞋*1|紫怨*1|金箍棒*1|","hqsz":"代达罗斯之殇*1|蝴蝶*1|斯嘉蒂之眼*1|邪恶镰刀*1|黑皇杖*1|","ljt":"http://www.dota2.com.cn/images/property/clinkz.gif","path":"clinkz","zymc":"夜魇","zytb":"http://www.dota2.com.cn/images/heropedia/dire.jpg","yxtp":"http://www.dota2.com.cn/images/others/clinkz_big1.jpg","gjlxxj":"1","yxdwxj":"2|2","llsjsmz":"19","llsjsmhf":"0.03","mjsjhj":"1","mjsjgjsd":"1","zlsjmfz":"13","zlsjmfhf":"0.04","sjgjl":"1","pjsh":"40","gjsd":"122|134|194","gjms":"1.39","gjsh":"37-43","gjjl":"630|630|630","wlhj":"2","wlshkx":"11%","mfshkx":"25%","minitb":"http://www.dota2.com.cn/images/heroes/clinkz_icon.png"}]}