{"hero":{"id":19,"zwm":"风暴之灵","ywm":"Storm Spirit","jc":"蓝猫","xttx":"http://www.dota2.com.cn/images/heroes/storm_spirit_full.png","dttx":"http://www.dota2.com.cn/images/heroes/storm_spirit_vert.jpg","gjlx":"远程","yxlx":"智力","yxdw":"核心-先手-逃生-控制","zltb":"http://www.dota2.com.cn/images/info1301/tit_img01.gif","zljc":"23","zlsj":"2.6","mjtb":"http://www.dota2.com.cn/images/info1301/tit_img02.gif","mjjc":"22","mjsj":"1.8","lltb":"http://www.dota2.com.cn/images/info1301/tit_img03.gif","lljc":"19","llsj":"1.5","gjltb":"http://www.dota2.com.cn/images/info1301/tit_img06.gif","csgjl":"22-32","ydsdtb":"http://www.dota2.com.cn/images/info1301/tit_img05.gif","csydsd":"285","hjtb":"http://www.dota2.com.cn/images/info1301/tit_img04.gif","cshj":"5.08","yxbj":"风暴之灵，正如其名，是狂风和暴雨的野性凝成人形的自然之力。他狂放，乐天，恣意挥洒！就像个受人喜爱的大叔一样，他给所到之处充满欢乐的能量。但事实上，创造出他的是一起灾难。几个世代前，在悲叹山脉远处的平原上，很多人正因干旱和饥荒而挨饿。一个名叫风暴烈酒的元素使，使用禁忌的咒语召唤了风暴之灵，天真的向他祈求雨水。被称为雷神的暴风雨天神对这个凡人的放肆感到愤怒，打算用狂风和洪水把这片土地化为荒地。风暴烈酒完全不是天神的对手，直到最后他用了一个自杀性的咒语，将他和雷神的命运融在了一起，他用自己的身体作为牢笼捕获了雷神。被困在一起后，风暴烈酒那无限的幽默感与雷神疯狂的能量融合了，创造了乐天的雷神·风暴烈酒，一个以物质形态行于世间的天神。","dj":"1/15/25","smz":"511/910/1575","mfz":"299/772/1370","gjl":"45-55/81-91/127-137","hj":"5/9/14","syfw":"1800/800","gjfw":"480","ddsd":"1100","jdtj1":"http://www.dota2.com.cn/images/property/add/storm_spirit.jpg","jdms1":"风暴之灵的加点比较灵活多变，完全根据使用者习惯和场上局势来选择，一种是主残影，在补刀，gank，线上压制上都有着不错的效果，而且aoe高，爆发强，适用于中路solo带节奏，或者混野区打野的风暴之灵。","jdtj2":null,"jdms2":null,"cmzb":"树之祭祀*1|治疗药膏*1|净化药水*2|智力斗篷*2","qqzb":"魔棒*1|速度之靴*1|空灵挂件*1|空灵挂件*1","hxzb":"魔杖*1|动力鞋*1|魔瓶*1","hqsz":"邪恶镰刀*1|血精石*1|林肯法球*1|黑皇杖*1|达贡之神力*1|希瓦的守护*1","ljt":"http://www.dota2.com.cn/images/property/storm_spirit.gif","path":"storm_spirit","zymc":"天辉","zytb":"http://www.dota2.com.cn/images/heropedia/radiant.jpg","yxtp":"http://www.dota2.com.cn/images/others/storm_spirit_big1.jpg","gjlxxj":"1","yxdwxj":"2-2-2-1","llsjsmz":"19","llsjsmhf":"0.03","mjsjhj":"1","mjsjgjsd":"1","zlsjmfz":"13","zlsjmfhf":"0.04","sjgjl":"1","pjsh":"50","gjsd":"122/129/165","gjms":"1.39","gjsh":"45-55","gjjl":"480/480/480","wlhj":"5","wlshkx":"23%","mfshkx":"25%","minitb":"http://www.dota2.com.cn/images/heroes/storm_spirit_icon.png"},"skillList":[{"id":81,"zwm":"风暴之灵","jnmc":"残影","jntb":"http://www.dota2.com.cn/images/heroes/abilities/storm_spirit_static_remnant_hp1.png","jnms":"风暴之灵制造一个充满爆炸性能量的自身残影，如果有人接近就会引爆造成伤害，残影持续12秒。","mftb":"http://www.dota2.com.cn/style/../images/info1301/ico1.gif","mfxh":"100","lqtb":"http://www.dota2.com.cn/style/../images/info1301/ico2.gif","lqsj":"3.5","jnxg":"<span class=\"color_white\">技能：</span>无目标|<span class=\"color_white\">作用范围：</span>260|<span class=\"color_white\">伤害类型：</span>魔法|<span class=\"color_white\">伤害：</span>140/180/220/260|<span class=\"color_white\">无视技能免疫：</span>否","jnsp":"http://dota2.dl.wanmei.com/dota2/video/abilities/storm_spirit_static_remnant.mp4","spms":"雷神·风暴烈酒的二象性让他可以欣赏自己被电时的百态。","djjd":"1,4,5,7","ewms":"残影在技能施放1秒后才能实体化。<br>残影在持续时间内拥有高空视野。<br>残影爆炸将伤害260码作用范围内的单位，但是触发范围是235码。"},{"id":82,"zwm":"风暴之灵","jnmc":"电子涡流","jntb":"http://www.dota2.com.cn/images/heroes/abilities/storm_spirit_electric_vortex_hp1.png","jnms":"将一个敌人拖到风暴之灵所在位置的涡流，同时也会降低风暴之灵自己50%的移动速度3秒。","mftb":"http://www.dota2.com.cn/style/../images/info1301/ico1.gif","mfxh":"100/110/120/130","lqtb":"http://www.dota2.com.cn/style/../images/info1301/ico2.gif","lqsj":"21/20/19/18","jnxg":"<span class=\"color_white\">技能：</span>单位目标|<span class=\"color_white\">持续时间：</span>1/1.5/2/2.5|<span class=\"color_white\">影响：</span>敌方单位|<span class=\"color_white\">无视技能免疫：</span>否","jnsp":"http://dota2.dl.wanmei.com/dota2/video/abilities/storm_spirit_electric_vortex.mp4","spms":"雷神狂暴的雷霆力量总是让其他人为之一电。","djjd":"3,8,10,12","ewms":""},{"id":83,"zwm":"风暴之灵","jnmc":"超负荷","jntb":"http://www.dota2.com.cn/images/heroes/abilities/storm_spirit_overload_hp1.png","jnms":"施法时会产生电荷，在风暴之灵下次攻击时被释放，对附近敌人造成伤害并减速。","mftb":"http://www.dota2.com.cn/style/../images/info1301/ico1.gif","mfxh":"0","lqtb":"http://www.dota2.com.cn/style/../images/info1301/ico2.gif","lqsj":"0","jnxg":"<span class=\"color_white\">技能：</span>被动|<span class=\"color_white\">攻击力：</span>30/50/70/90|<span class=\"color_white\">伤害类型：</span>魔法|<span class=\"color_white\">移动速度：</span>80%|<span class=\"color_white\">无视技能免疫：</span>否|<span class=\"color_white\">攻击速度降低：</span>50|<span class=\"color_white\">持续时间：</span>0.6/0.6/0.6/0.6","jnsp":"http://dota2.dl.wanmei.com/dota2/video/abilities/storm_spirit_overload.mp4","spms":"啪！嘶！咝！","djjd":"2,9,13,14","ewms":"使用物品不会触发超负荷。"},{"id":84,"zwm":"风暴之灵","jnmc":"球状闪电","jntb":"http://www.dota2.com.cn/images/heroes/abilities/storm_spirit_ball_lightning_hp1.png","jnms":"风暴之灵变成不稳定的电流在战场上横冲直撞，直到他的魔法耗尽或到达目标才停下。每级提升伤害、速度和效果范围，施法消耗为30+总魔法量的8%，每移动100距离消耗12+总魔法量的0.75%，本技能造成的伤害每飞行100距离就会递增。","mftb":"http://www.dota2.com.cn/style/../images/info1301/ico1.gif","mfxh":"15/15/15/15","lqtb":"http://www.dota2.com.cn/style/../images/info1301/ico2.gif","lqsj":"0","jnxg":"<span class=\"color_white\">技能：</span>点目标|<span class=\"color_white\">攻击力：</span>8/12/16|<span class=\"color_white\">伤害类型：</span>魔法|<span class=\"color_white\">速度：</span>1250/1875/2500|<span class=\"color_white\">无视技能免疫：</span>否|<span class=\"color_white\">作用范围：</span>125/200/275|<span class=\"color_white\">距离魔法消耗：</span>0.7%","jnsp":"http://dota2.dl.wanmei.com/dota2/video/abilities/storm_spirit_ball_lightning.mp4","spms":"风暴来袭。","djjd":"6,11,16","ewms":"行进过程中可以使用瞬发技能。<br>该技能可以摧毁树木。<br>风暴之灵在球状闪电期间是无敌状态。"}],"qqzbList":[{"goods":{"id":36,"bigtype":"基础物品","type":"奥术","wpmc":"魔棒","wppz":"1","wptp":"http://www.dota2.com.cn/images/items/magic_stick_lg.png","jgtb":"http://www.dota2.com.cn/images/info1301/tit_img07.gif","jg":"200","wpjs":"一个简易但实用的魔杖，能够补充使用者的能量--巫师学徒和高级术士都喜欢。","wpzyms":"","wpsyff":"主动：充能 - 每当周围有敌人施放技能都会自动充能（最多10点能量）。当使用时，每点能量为你回复生命值和魔法值。","wpxg":"每点能量回复：<span class=\"color_yellow\">15</span>","lqsjtb":"http://www.dota2.com.cn/images/info1301/ico2.gif","lqsj":"13","mfxhtb":"","mfxh":"","qzwptb":"","wpzyms2":"1200码视野范围内敌人使用技能就会获得点数。<br>部分英雄技能和物品技能的施放将不会增加点数。","item_en":"magic_stick"},"count":1},{"goods":{"id":39,"bigtype":"基础物品","type":"奥术","wpmc":"速度之靴","wppz":"1","wptp":"http://www.dota2.com.cn/images/items/boots_lg.png","jgtb":"http://www.dota2.com.cn/images/info1301/tit_img07.gif","jg":"450","wpjs":"穿双鞋子，跑的更快。","wpzyms":"移动速度提升效果不与其他鞋子叠加。","wpsyff":"","wpxg":"+ <span class=\"color_yellow\">50</span> 移动速度","lqsjtb":"","lqsj":"","mfxhtb":"","mfxh":"","qzwptb":"","wpzyms2":"","item_en":"boots"},"count":1},{"goods":{"id":49,"bigtype":"升级物品","type":"普通","wpmc":"空灵挂件","wppz":"2","wptp":"http://www.dota2.com.cn/images/items/null_talisman_lg.png","jgtb":"http://www.dota2.com.cn/images/info1301/tit_img07.gif","jg":"470","wpjs":"由锁链装饰起来的小巧的宝石。","wpzyms":"","wpsyff":"","wpxg":"+ <span class=\"color_yellow\">3</span> 力量<br/>+ <span class=\"color_yellow\">3</span> 敏捷<br/>+ <span class=\"color_yellow\">6</span> 智力<br/>+ <span class=\"color_yellow\">3</span> 攻击力","lqsjtb":"","lqsj":"","mfxhtb":"","mfxh":"","qzwptb":"","wpzyms2":"","item_en":"null_talisman"},"count":1},{"goods":{"id":49,"bigtype":"升级物品","type":"普通","wpmc":"空灵挂件","wppz":"2","wptp":"http://www.dota2.com.cn/images/items/null_talisman_lg.png","jgtb":"http://www.dota2.com.cn/images/info1301/tit_img07.gif","jg":"470","wpjs":"由锁链装饰起来的小巧的宝石。","wpzyms":"","wpsyff":"","wpxg":"+ <span class=\"color_yellow\">3</span> 力量<br/>+ <span class=\"color_yellow\">3</span> 敏捷<br/>+ <span class=\"color_yellow\">6</span> 智力<br/>+ <span class=\"color_yellow\">3</span> 攻击力","lqsjtb":"","lqsj":"","mfxhtb":"","mfxh":"","qzwptb":"","wpzyms2":"","item_en":"null_talisman"},"count":1}],"cmzbList":[{"goods":{"id":2,"bigtype":"基础物品","type":"消耗品","wpmc":"树之祭祀","wppz":"3","wptp":"http://www.dota2.com.cn/images/items/tango_lg.png","jgtb":"http://www.dota2.com.cn/images/info1301/tit_img07.gif","jg":"125","wpjs":"战场上的救命稻草。","wpzyms":"","wpsyff":"使用：吃树-吃掉一棵树来恢复生命值。可以使用4次。","wpxg":"持续时间：<span class=\"color_yellow\">16</span><br/>生命恢复量：<span class=\"color_yellow\">115</span>","lqsjtb":"","lqsj":"","mfxhtb":"","mfxh":"","qzwptb":"","wpzyms2":"","item_en":"tango"},"count":1},{"goods":{"id":3,"bigtype":"基础物品","type":"消耗品","wpmc":"治疗药膏","wppz":"3","wptp":"http://www.dota2.com.cn/images/items/flask_lg.png","jgtb":"http://www.dota2.com.cn/images/info1301/tit_img07.gif","jg":"115","wpjs":"即使最严重的伤口也能快速治愈的魔法药膏。","wpzyms":"","wpsyff":"使用：恢复 - 持续恢复生命值，受到攻击会驱散效果。","wpxg":"持续时间：<span class=\"color_yellow\">10</span><br/>生命回复量：<span class=\"color_yellow\">400</span>","lqsjtb":"","lqsj":"","mfxhtb":"","mfxh":"","qzwptb":"","wpzyms2":"治疗药膏可以共享。","item_en":"flask"},"count":1},{"goods":{"id":1,"bigtype":"基础物品","type":"消耗品","wpmc":"净化药水","wppz":"3","wptp":"http://www.dota2.com.cn/images/items/clarity_lg.png","jgtb":"http://www.dota2.com.cn/images/info1301/tit_img07.gif","jg":"50","wpjs":"能增强冥想能力的清水。","wpzyms":"","wpsyff":"使用：持续恢复魔法值，受攻击会驱散效果。","wpxg":"持续时间：<span class=\"color_yellow\">40</span><br/>魔法回复量：<span class=\"color_yellow\">135</span>","lqsjtb":"","lqsj":"","mfxhtb":"","mfxh":"","qzwptb":"","wpzyms2":"净化药水可以共享。","item_en":"clarity"},"count":2},{"goods":{"id":15,"bigtype":"基础物品","type":"属性","wpmc":"智力斗篷","wppz":"1","wptp":"http://www.dota2.com.cn/images/items/mantle_lg.png","jgtb":"http://www.dota2.com.cn/images/info1301/tit_img07.gif","jg":"150","wpjs":"历代女王所穿的，镶有蓝宝石的漂亮斗篷。","wpzyms":"","wpsyff":"","wpxg":"+ <span class=\"color_yellow\">3</span> 智力","lqsjtb":"","lqsj":"","mfxhtb":"","mfxh":"","qzwptb":"","wpzyms2":"","item_en":"mantle"},"count":2}],"adapt_type_list":[{"id":82,"zwm":"死亡先知","ywm":"Death Prophet","jc":"DP","xttx":"http://www.dota2.com.cn/images/heroes/death_prophet_full.png","dttx":"http://www.dota2.com.cn/images/heroes/death_prophet_vert.jpg","gjlx":"远程","yxlx":"智力","yxdw":"推进|爆发|耐久","zltb":"http://www.dota2.com.cn/images/info1301/tit_img01.gif","zljc":"20","zlsj":"3","mjtb":"http://www.dota2.com.cn/images/info1301/tit_img02.gif","mjjc":"14","mjsj":"1.4","lltb":"http://www.dota2.com.cn/images/info1301/tit_img03.gif","lljc":"19","llsj":"1.9","gjltb":"http://www.dota2.com.cn/images/info1301/tit_img06.gif","csgjl":"24-36","ydsdtb":"http://www.dota2.com.cn/images/info1301/tit_img05.gif","csydsd":"280","hjtb":"http://www.dota2.com.cn/images/info1301/tit_img04.gif","cshj":"2.96","yxbj":"克萝贝露丝曾是一名死亡先知——她为那些希望透过迷雾看清未来的人预知死后的命运，当然只为其中的有钱人做预言。在多年为他人探寻命运后，她开始寻找自己命运的线索。当死亡拒绝向她透露它的秘密后，她便尝试用自己的生命来换取死亡的真相。但即使是这终极的代价也没有用。死亡一次又一次拒绝了她，将最深的秘密隐藏了起来。嫉妒开始在她心里滋长。其他人能够通过死亡来获得永恒——凭什么她不能？凭什么只有她必须不厌其烦的在生与死之间徘徊？凭什么她无法拥有其他所有生物都必有的一死？即使是这样，她也不会气馁。每次从坟墓中返回人间时，她都带回一点死亡气息。鬼魂像她破碎灵魂的碎片般跟着她；她的血液颜色日益稀薄并且散发出灵气；那些在幽暗之处肆意掠食的生物与她愈发亲密。每一次死亡，她都失去一点生命，似乎已经能够看到她的终结之日了。随着她对死亡的加倍追求，她不再为其他客人做预言，专心于自己的命运，克萝贝露丝更狂热地将自己投向死亡的深渊，决心要完成那一直在回避她的预言：某一天，死亡先知将不再从死亡中归来。","dj":"1|15|25","smz":"511|1096|1894","mfz":"260|806|1456","gjl":"44-56|86-98|136-148","hj":"3|6|10","syfw":"1800/800","gjfw":"600","ddsd":"1000","jdtj1":"http://www.dota2.com.cn/images/property/add/death_prophet.jpg","jdms1":"死亡先知的加点路线不多，前期毫无疑问是主蜂群，副被动，被动可以减少技能cd时间以及耗蓝量，性价比还是非常高的。如果对方强力技能英雄太多，或者是面对一些有逃生技能的英雄，可以优先加一点沉默。","jdtj2":null,"jdms2":null,"cmzb":"树之祭祀*1|治疗药膏*1|净化药水*2|铁树枝干*2|智力斗篷*1","qqzb":"速度之靴*1|魔棒*1|空灵挂件*1","hxzb":"相位鞋*1|魔杖*1|血精石*1","hqsz":"希瓦的守护*1|邪恶镰刀*1|恐鳌之心*1|黑皇杖*1|梅肯斯姆*1|洞察烟斗*1","ljt":"http://www.dota2.com.cn/images/property/death_prophet.gif","path":"death_prophet","zymc":"夜魇","zytb":"http://www.dota2.com.cn/images/heropedia/dire.jpg","yxtp":"http://www.dota2.com.cn/images/others/death_prophet_big1.jpg","gjlxxj":"1","yxdwxj":"2|1|1","llsjsmz":"19","llsjsmhf":"0.03","mjsjhj":"1","mjsjgjsd":"1","zlsjmfz":"13","zlsjmfhf":"0.04","sjgjl":"1","pjsh":"50","gjsd":"114|120|148","gjms":"1.49","gjsh":"44-56","gjjl":"600|600|600","wlhj":"2","wlshkx":"15%","mfshkx":"25%","minitb":"http://www.dota2.com.cn/images/heroes/death_prophet_icon.png"},{"id":51,"zwm":"殁境神蚀者","ywm":"Outworld Devourer","jc":"黑鸟","xttx":"http://www.dota2.com.cn/images/heroes/obsidian_destroyer_full.png","dttx":"http://www.dota2.com.cn/images/heroes/obsidian_destroyer_vert.jpg","gjlx":"远程","yxlx":"智力","yxdw":"核心","zltb":"http://www.dota2.com.cn/images/info1301/tit_img01.gif","zljc":"26","zlsj":"3.3","mjtb":"http://www.dota2.com.cn/images/info1301/tit_img02.gif","mjjc":"24","mjsj":"2","lltb":"http://www.dota2.com.cn/images/info1301/tit_img03.gif","lljc":"19","llsj":"2.3","gjltb":"http://www.dota2.com.cn/images/info1301/tit_img06.gif","csgjl":"20-35","ydsdtb":"http://www.dota2.com.cn/images/info1301/tit_img05.gif","csydsd":"315","hjtb":"http://www.dota2.com.cn/images/info1301/tit_img04.gif","cshj":"5.36","yxbj":"一个高傲且强横的种族中的一员，先兆者，徘徊于虚空裂隙，他是整个世界与创世深渊之间唯一的卫士。在这充斥着星体残片的殁境中，他凝视着天穹，警觉的提防着繁星之外那无底深渊中的任何骚动。在他非凡的智慧中，深藏着对先兆的敏锐洞察力和强烈共鸣，他心中那曲黑暗的协奏曲暗示着：总有一天，在这深渊之中，在那造化之外，会有某种东西醒来，并且注意到我们的世界。由于太专注于监视星体，殁境神蚀者对太阳附近的事件并不关心。然而，随着遗迹发出战争的召唤，随着心中那潜在的危机感不断扩大，殁境神蚀者展开双翼，向着我们的世界飞来。在预言中，先兆者的地位不言而喻：他的出现即是灾厄的征兆。何况，他已然亲临。","dj":"1|15|25","smz":"511|1123|1940","mfz":"338|939|1628","gjl":"46-61|92-107|145-160","hj":"5|9|15","syfw":"1800/800","gjfw":"450","ddsd":"900","jdtj1":"http://www.dota2.com.cn/images/property/add/Outworld_Devourer.jpg","jdms1":"黑鸟是为数不多可以打后期的智力型英雄，这套加点适合打solo位置的黑鸟。星体禁锢是不错的技能，留人，救人，抽取智力都会有着不错的效果，前期最少加到两级，可以主禁锢，也可以主被动。可以更早的升级1级的奥术天球。","jdtj2":null,"jdms2":null,"cmzb":"铁树枝干*3|智力斗篷*1|树之祭祀*1|治疗药膏*1","qqzb":"魔棒*1|速度之靴*1|空灵挂件*1","hxzb":"动力鞋*1|魔杖*1|原力法杖*1|回城卷轴*1","hqsz":"阿哈利姆神杖*1|希瓦的守护*1|闪烁匕首*1|邪恶镰刀*1|纷争面纱*1","ljt":"http://www.dota2.com.cn/images/property/obsidian_destroyer.gif","path":"outworld_devourer","zymc":"夜魇","zytb":"http://www.dota2.com.cn/images/heropedia/dire.jpg","yxtp":"http://www.dota2.com.cn/images/others/obsidian_destroyer_big1.jpg","gjlxxj":"1","yxdwxj":"2","llsjsmz":"19","llsjsmhf":"0.03","mjsjhj":"1","mjsjgjsd":"1","zlsjmfz":"13","zlsjmfhf":"0.04","sjgjl":"1","pjsh":"53","gjsd":"124|132|172","gjms":"1.37","gjsh":"46-61","gjjl":"450|450|450","wlhj":"5","wlshkx":"24%","mfshkx":"25%","minitb":"http://www.dota2.com.cn/images/heroes/obsidian_destroyer_icon.png"},{"id":104,"zwm":"灰烬之灵","ywm":"Ember Spirit","jc":"火熊猫","xttx":"http://www.dota2.com.cn/images/heroes/ember_spirit_full.png","dttx":"http://www.dota2.com.cn/images/heroes/ember_spirit_vert.jpg","gjlx":"近战","yxlx":"敏捷","yxdw":"核心|爆发","zltb":"http://www.dota2.com.cn/images/info1301/tit_img01.gif","zljc":"20","zlsj":"1.8","mjtb":"http://www.dota2.com.cn/images/info1301/tit_img02.gif","mjjc":"22","mjsj":"1.8","lltb":"http://www.dota2.com.cn/images/info1301/tit_img03.gif","lljc":"19","llsj":"2","gjltb":"http://www.dota2.com.cn/images/info1301/tit_img06.gif","csgjl":"30-34","ydsdtb":"http://www.dota2.com.cn/images/info1301/tit_img05.gif","csydsd":"310","hjtb":"http://www.dota2.com.cn/images/info1301/tit_img04.gif","cshj":"1.08","yxbj":"在燃烧要塞中有一口玉石大釜，里面装满了灰烬，这是当年的战争诗人，炘的火葬之地。炘毕生都在卫火盟教导年轻的弟子。后来燃烧之神被炘的师德所打动，下凡来到要塞中，重新点燃了灰烬。余烬之中，炘的样子渐渐成型，四周环绕着火焰。他的面容一如既往的沉静，为了让知识之火燎原，为寻求指引的人提供方向，他已准备就绪。","dj":"1|15|25","smz":"511|1043|1803","mfz":"260|588|1082","gjl":"52-56|71-81|115-119","hj":"1|5|10","syfw":"1800/800","gjfw":"128","ddsd":"N/A","jdtj1":"http://www.dota2.com.cn/images/property/ember_spirit.jpg","jdms1":"由于烈火罩能持续造成伤害，所以可以进行主升，之后升级炎阳索，提升技能伤害，有大加大，最后升级无影拳，增加中后期带线和消耗的能力。","jdtj2":"","jdms2":"","cmzb":"治疗药膏*1|净化药水*2|铁树枝干*2|圆盾*1","qqzb":"速度之靴*1|魔棒*1|影之灵龛*1","hxzb":"奥术鞋*1|魔杖*1|先锋盾*1","hqsz":"代达罗斯之殇*1|恐鳌之心*1|蝴蝶*1|雷神之锤*1|狂战斧*2","ljt":"http://www.dota2.com.cn/images/property/ember_spirit.gif","path":"ember_spirit","zymc":"天辉","zytb":"http://www.dota2.com.cn/images/heropedia/radiant.jpg","yxtp":"http://www.dota2.com.cn/images/others/ember_spirit_big1.jpg","gjlxxj":"1","yxdwxj":"1|2","llsjsmz":"19","llsjsmhf":"0.03","mjsjhj":"1","mjsjgjsd":"1","zlsjmfz":"13","zlsjmfhf":"0.04","sjgjl":"1","pjsh":"54","gjsd":"122|129|165","gjms":"1.39","gjsh":"52-56","gjjl":"128|128|128","wlhj":"1","wlshkx":"6%","mfshkx":"25%","minitb":"http://www.dota2.com.cn/images/heroes/ember_spirit_icon.png"}],"videoList":[{"id":98,"spdz":"http://dota2.dl.wanmei.com/dota2/patch/storm_spirit_basic.flv","zwm":"风暴之灵","splx":"新手教学","createtime":null,"img":"http://www.dota2.com.cn/apps/dota2/images/video/raider/storm_spirit_basic.jpg","bfsc":"2:51","gxsj":"2013-10-30","spbb":"6.79","spdzm":"http://dota2.dl.wanmei.com/dota2/video/storm_spirit_basic.mp4"}],"recommendList":[{"id":31,"gldz":"http://www.dota2.com.cn/raiders/step/20131101/152805.shtml","tm":"Dota2风暴之灵大型攻略用流光照亮生命","sj":"2013-11-1","zwm":"风暴之灵","tp":"http://dota2.wanmei.com/resources/jpg/140210/10251391997138387.jpg","js":"Dota2风暴之灵在刚出来时是一个备受争议的角色，Dota中灵动可爱的熊猫摇身一变成为Dota2中滑稽搞笑的猥琐大叔。"},{"id":30,"gldz":"http://www.dota2.com.cn/raiders/step/20131029/152522.shtml","tm":"那个怪叔叔是谁DOTA2风暴之灵攻略","sj":"2013-10-29","zwm":"风暴之灵","tp":"http://dota2.wanmei.com/resources/jpg/140210/10251391997053058.jpg","js":"或许刚玩DOTA2的玩家还沉醉在DotA中那个英俊潇洒，风流倜傥的帅气小蓝猫。"}],"adapt_bkz_list":[{"id":53,"zwm":"帕格纳","ywm":"Pugna","jc":"骨法","xttx":"http://www.dota2.com.cn/images/heroes/pugna_full.png","dttx":"http://www.dota2.com.cn/images/heroes/pugna_vert.jpg","gjlx":"远程","yxlx":"智力","yxdw":"爆发|推进|辅助","zltb":"http://www.dota2.com.cn/images/info1301/tit_img01.gif","zljc":"26","zlsj":"4","mjtb":"http://www.dota2.com.cn/images/info1301/tit_img02.gif","mjjc":"16","mjsj":"1","lltb":"http://www.dota2.com.cn/images/info1301/tit_img03.gif","lljc":"17","llsj":"1.2","gjltb":"http://www.dota2.com.cn/images/info1301/tit_img06.gif","csgjl":"19-27","ydsdtb":"http://www.dota2.com.cn/images/info1301/tit_img05.gif","csydsd":"330","hjtb":"http://www.dota2.com.cn/images/info1301/tit_img04.gif","cshj":"1.24","yxbj":"在帕格纳的出生之境，三途川的发源地附近耸立着一座专门研究湮灭术的喇嘛寺，这座寺庙直接从河中汲取冥界的能量。寺庙的上师几年之前将自己湮灭撒手归西，留下一个无人管理的学院。在上师归西的同时，寺庙摄政者们就开始举行一个占卜仪式，来确定他们师傅的转世投胎，最终，所有标记都指向了紧挨他们的邻居。数个村庄坐落在寺庙的影子下，小巷与广场充满了孩童们的笑骂声。帕格纳，一个仅仅13个月大的幼儿，成为了当地的候选者之一，并且在提名日，他与另外两名有前途的幼儿被寺庙选中。喇嘛们给了他们一大杂用过的、属于前任上师的珍贵宝物。一个男孩伸手抓出一根原本属于喇嘛的斑岩手杖……然后把它插到他鼻孔里。一个调皮的女孩拉出一个原本也属于喇嘛的护符，然后立刻吞掉了。帕格纳冷静地注视着另外两人，愉快地笑了一下，接着用一团翠绿的火焰把他们烧成了灰。然后他从灰烬中夺回了手杖和护符，说到：“这些是我的！”摄政者们立刻将喜气洋洋的帕格纳架在肩上，给他套上了上师的法衣，在他心情变化前急忙把他抬上了宝座。五年内，这座庙宇本身成为了另一堆灰烬，让帕格纳愉悦不止。","dj":"1|15|25","smz":"473|792|1400","mfz":"338|1066|1846","gjl":"45-53|101-109|161-169","hj":"1|3|7","syfw":"1800/800","gjfw":"600","ddsd":"900","jdtj1":"http://www.dota2.com.cn/images/property/add/pugna.jpg","jdms1":"湮灭法师的加点路线主要有两种主幽冥爆轰副衰老或者副幽冥守卫，这一套是主衰老的加点，这套加点爆发高，用来打gank，打小范围团战的效果不错。","jdtj2":null,"jdms2":null,"cmzb":"力量手套*1|铁树枝干*2|净化药水*2|树之祭祀*1|治疗药膏*1","qqzb":"魔棒*1|速度之靴*1|护腕*1|王者之戒*1","hxzb":"魔杖*1|相位鞋*1|梅肯斯姆*1","hqsz":"阿哈利姆神杖*1|邪恶镰刀*1|希瓦的守护*1|达贡之神力*1|黑皇杖*1|韧鼓*1","ljt":"http://www.dota2.com.cn/images/property/pugna.gif","path":"pugna","zymc":"夜魇","zytb":"http://www.dota2.com.cn/images/heropedia/dire.jpg","yxtp":"http://www.dota2.com.cn/images/others/pugna_big1.jpg","gjlxxj":"1","yxdwxj":"2|1|1","llsjsmz":"19","llsjsmhf":"0.03","mjsjhj":"1","mjsjgjsd":"1","zlsjmfz":"13","zlsjmfhf":"0.04","sjgjl":"1","pjsh":"49","gjsd":"116|120|140","gjms":"1.47","gjsh":"45-53","gjjl":"600|600|600","wlhj":"1","wlshkx":"6%","mfshkx":"25%","minitb":"http://www.dota2.com.cn/images/heroes/pugna_icon.png"},{"id":47,"zwm":"力丸","ywm":"Riki","jc":"隐刺","xttx":"http://www.dota2.com.cn/images/heroes/riki_full.png","dttx":"http://www.dota2.com.cn/images/heroes/riki_vert.jpg","gjlx":"近战","yxlx":"敏捷","yxdw":"核心|逃生","zltb":"http://www.dota2.com.cn/images/info1301/tit_img01.gif","zljc":"14","zlsj":"1.3","mjtb":"http://www.dota2.com.cn/images/info1301/tit_img02.gif","mjjc":"34","mjsj":"2.9","lltb":"http://www.dota2.com.cn/images/info1301/tit_img03.gif","lljc":"17","llsj":"2","gjltb":"http://www.dota2.com.cn/images/info1301/tit_img06.gif","csgjl":"14-18","ydsdtb":"http://www.dota2.com.cn/images/info1301/tit_img05.gif","csydsd":"300","hjtb":"http://www.dota2.com.cn/images/info1301/tit_img04.gif","cshj":"5.76","yxbj":"力丸是伟大的塔林王朝的二皇子。他有一个将会继承王位的兄长，还有一个受到百般照顾的弟弟，而作为二子的力丸，则似乎生来就是隐形人。他自己很注意培养这一项特殊才能，在一个晚上，国家被叛徒所颠覆，他的家人被屠杀，只有力丸因为隐身技能活了下来。矮小而敏捷的力丸用烟雾做掩护，无比谨慎的逃离了，他也是唯一逃脱的皇族。善于突袭的他杀出了皇家庭院，无声地切开一个又一个敌人的喉咙。不再背负皇室治国之责以后，力丸开始运用他的天赋以谋生，他成为了一名隐形刺客。现在他于无声中将敌人杀死，不断精进自己的技术，期望有一天可以能够手刃那些杀死他家人，夺走他国家的叛徒。","dj":"1|15|25","smz":"473|1005|1765","mfz":"182|419|848","gjl":"48-52|89-93|138-142","hj":"6|11|18","syfw":"1800/800","gjfw":"128","ddsd":"N/A","jdtj1":"http://www.dota2.com.cn/images/property/add/riki.jpg","jdms1":"隐形刺客的加点比较灵活，1级可以点闪烁也可以点雾，雾有沉默效果关键时刻可以用来保命。背刺前期可以只点1级也可以主升，主要依据形势而定。闪烁是优先加满的技能，做为一名刺客，这还是必须拥有的看家本领。至于大招的升级，其实可以在其他技能点满之后再升级2、3级大招。如果处于劣势可以优先考虑，毕竟缩短进入隐身的时间还是很有用的。","jdtj2":"","jdms2":"","cmzb":"树之祭祀*2|治疗药膏*1|敏捷便鞋*1|铁树枝干*3","qqzb":"魔棒*1|速度之靴*1|穷鬼盾*1","hxzb":"动力鞋*1|魔杖*1|净魂之刃*1","hqsz":"蝴蝶*1|弗拉迪米尔的祭品*1|黑皇杖*1|强袭胸甲*1|散夜对剑*1","ljt":"http://www.dota2.com.cn/images/property/riki.gif","path":"riki","zymc":"天辉","zytb":"http://www.dota2.com.cn/images/heropedia/radiant.jpg","yxtp":"http://www.dota2.com.cn/images/others/riki_big1.jpg","gjlxxj":"1","yxdwxj":"2|1","llsjsmz":"19","llsjsmhf":"0.03","mjsjhj":"1","mjsjgjsd":"1","zlsjmfz":"13","zlsjmfhf":"0.04","sjgjl":"1","pjsh":"50","gjsd":"134|146|204","gjms":"1.27","gjsh":"48-52","gjjl":"128|128|128","wlhj":"5","wlshkx":"25%","mfshkx":"25%","minitb":"http://www.dota2.com.cn/images/heroes/riki_icon.png"},{"id":83,"zwm":"剃刀","ywm":"Razor","jc":"电棍","xttx":"http://www.dota2.com.cn/images/heroes/razor_full.png","dttx":"http://www.dota2.com.cn/images/heroes/razor_vert.jpg","gjlx":"远程","yxlx":"敏捷","yxdw":"核心|耐久|爆发","zltb":"http://www.dota2.com.cn/images/info1301/tit_img01.gif","zljc":"19","zlsj":"1.8","mjtb":"http://www.dota2.com.cn/images/info1301/tit_img02.gif","mjjc":"22","mjsj":"2","lltb":"http://www.dota2.com.cn/images/info1301/tit_img03.gif","lljc":"21","llsj":"1.7","gjltb":"http://www.dota2.com.cn/images/info1301/tit_img06.gif","csgjl":"23-25","ydsdtb":"http://www.dota2.com.cn/images/info1301/tit_img05.gif","csydsd":"295","hjtb":"http://www.dota2.com.cn/images/info1301/tit_img04.gif","cshj":"2.08","yxbj":"闪电幽魂-剃刀，是永劫之墟中最有代表性的可怕力量。他鞭打着闪电巡回在狭窄迷宫中，这是一个区分死者灵魂的迷宫，他们要靠生前的智慧、精明和毅力来通过其中变化莫测的网络通道。剃刀飘浮于迷宫上方，俯视着那些迷茫不前的灵魂，用闪电鞭打他们赶快前进去决定他们的命运，朝向光明的出口或者黑暗的地狱。剃刀是支配力量的永恒化身，他使用力量时残忍而客观。但他贵族般的气势暗示了他对工作那讽刺的满足。","dj":"1|15|25","smz":"549|1001|1704","mfz":"247|575|1069","gjl":"45-47|72-75|113-115","hj":"3|9|16","syfw":"1800/800","gjfw":"475","ddsd":"2000","jdtj1":"http://www.dota2.com.cn/images/property/add/razor.jpg","jdms1":"这是目前比较主流的电魂加点，主等离子场让电魂GANK，刷线都有不错的效果。前期优先升满不稳定电流让电魂增加机动性和逃生能力。","jdtj2":"","jdms2":"","cmzb":"守护指环*1|树之祭祀*1|治疗药膏*1|铁树枝干*2","qqzb":"魔棒*1|天鹰之戒*1|速度之靴*1","hxzb":"魔杖*1|动力鞋*1|先锋盾*1","hqsz":"散夜对剑*1|黯灭*1|恐鳌之心*1|蝴蝶*1|阿哈利姆神杖*1","ljt":"http://www.dota2.com.cn/images/property/razor.gif","path":"razor","zymc":"夜魇","zytb":"http://www.dota2.com.cn/images/heropedia/dire.jpg","yxtp":"http://www.dota2.com.cn/images/others/razor_big1.jpg","gjlxxj":"1","yxdwxj":"1|1|1","llsjsmz":"19","llsjsmhf":"0.03","mjsjhj":"1","mjsjgjsd":"1","zlsjmfz":"13","zlsjmfhf":"0.04","sjgjl":"1","pjsh":"46","gjsd":"122|130|170","gjms":"1.39","gjsh":"45-47","gjjl":"475|475|475","wlhj":"2","wlshkx":"11%","mfshkx":"25%","minitb":"http://www.dota2.com.cn/images/heroes/razor_icon.png"},{"id":82,"zwm":"死亡先知","ywm":"Death Prophet","jc":"DP","xttx":"http://www.dota2.com.cn/images/heroes/death_prophet_full.png","dttx":"http://www.dota2.com.cn/images/heroes/death_prophet_vert.jpg","gjlx":"远程","yxlx":"智力","yxdw":"推进|爆发|耐久","zltb":"http://www.dota2.com.cn/images/info1301/tit_img01.gif","zljc":"20","zlsj":"3","mjtb":"http://www.dota2.com.cn/images/info1301/tit_img02.gif","mjjc":"14","mjsj":"1.4","lltb":"http://www.dota2.com.cn/images/info1301/tit_img03.gif","lljc":"19","llsj":"1.9","gjltb":"http://www.dota2.com.cn/images/info1301/tit_img06.gif","csgjl":"24-36","ydsdtb":"http://www.dota2.com.cn/images/info1301/tit_img05.gif","csydsd":"280","hjtb":"http://www.dota2.com.cn/images/info1301/tit_img04.gif","cshj":"2.96","yxbj":"克萝贝露丝曾是一名死亡先知——她为那些希望透过迷雾看清未来的人预知死后的命运，当然只为其中的有钱人做预言。在多年为他人探寻命运后，她开始寻找自己命运的线索。当死亡拒绝向她透露它的秘密后，她便尝试用自己的生命来换取死亡的真相。但即使是这终极的代价也没有用。死亡一次又一次拒绝了她，将最深的秘密隐藏了起来。嫉妒开始在她心里滋长。其他人能够通过死亡来获得永恒——凭什么她不能？凭什么只有她必须不厌其烦的在生与死之间徘徊？凭什么她无法拥有其他所有生物都必有的一死？即使是这样，她也不会气馁。每次从坟墓中返回人间时，她都带回一点死亡气息。鬼魂像她破碎灵魂的碎片般跟着她；她的血液颜色日益稀薄并且散发出灵气；那些在幽暗之处肆意掠食的生物与她愈发亲密。每一次死亡，她都失去一点生命，似乎已经能够看到她的终结之日了。随着她对死亡的加倍追求，她不再为其他客人做预言，专心于自己的命运，克萝贝露丝更狂热地将自己投向死亡的深渊，决心要完成那一直在回避她的预言：某一天，死亡先知将不再从死亡中归来。","dj":"1|15|25","smz":"511|1096|1894","mfz":"260|806|1456","gjl":"44-56|86-98|136-148","hj":"3|6|10","syfw":"1800/800","gjfw":"600","ddsd":"1000","jdtj1":"http://www.dota2.com.cn/images/property/add/death_prophet.jpg","jdms1":"死亡先知的加点路线不多，前期毫无疑问是主蜂群，副被动，被动可以减少技能cd时间以及耗蓝量，性价比还是非常高的。如果对方强力技能英雄太多，或者是面对一些有逃生技能的英雄，可以优先加一点沉默。","jdtj2":null,"jdms2":null,"cmzb":"树之祭祀*1|治疗药膏*1|净化药水*2|铁树枝干*2|智力斗篷*1","qqzb":"速度之靴*1|魔棒*1|空灵挂件*1","hxzb":"相位鞋*1|魔杖*1|血精石*1","hqsz":"希瓦的守护*1|邪恶镰刀*1|恐鳌之心*1|黑皇杖*1|梅肯斯姆*1|洞察烟斗*1","ljt":"http://www.dota2.com.cn/images/property/death_prophet.gif","path":"death_prophet","zymc":"夜魇","zytb":"http://www.dota2.com.cn/images/heropedia/dire.jpg","yxtp":"http://www.dota2.com.cn/images/others/death_prophet_big1.jpg","gjlxxj":"1","yxdwxj":"2|1|1","llsjsmz":"19","llsjsmhf":"0.03","mjsjhj":"1","mjsjgjsd":"1","zlsjmfz":"13","zlsjmfhf":"0.04","sjgjl":"1","pjsh":"50","gjsd":"114|120|148","gjms":"1.49","gjsh":"44-56","gjjl":"600|600|600","wlhj":"2","wlshkx":"15%","mfshkx":"25%","minitb":"http://www.dota2.com.cn/images/heroes/death_prophet_icon.png"},{"id":61,"zwm":"龙骑士","ywm":"Dragon Knight","jc":"龙骑，DK","xttx":"http://www.dota2.com.cn/images/heroes/dragon_knight_full.png","dttx":"http://www.dota2.com.cn/images/heroes/dragon_knight_vert.jpg","gjlx":"近战","yxlx":"力量","yxdw":"核心|耐久|控制|推进","zltb":"http://www.dota2.com.cn/images/info1301/tit_img01.gif","zljc":"15","zlsj":"1.70","mjtb":"http://www.dota2.com.cn/images/info1301/tit_img02.gif","mjjc":"19","mjsj":"2.20","lltb":"http://www.dota2.com.cn/images/info1301/tit_img03.gif","lljc":"19","llsj":"2.80","gjltb":"http://www.dota2.com.cn/images/info1301/tit_img06.gif","csgjl":"27-33","ydsdtb":"http://www.dota2.com.cn/images/info1301/tit_img05.gif","csydsd":"290","hjtb":"http://www.dota2.com.cn/images/info1301/tit_img04.gif","cshj":"3.66","yxbj":"在与传说中的生命——厄尔多姆龙族试炼多年以后，骑士戴维安发现自己的对手愈发不能令他满意了：过去那个让人闻风丧胆的神龙斯莱瑞克已经变得苍老而脆弱，它的双翼已经残破，它所剩不多的龙鳞也开始腐烂，它的爪子变得肿大老化，它曾经引以为傲的火焰吐息现在威力和进水了的火柴差不多。戴维安觉得这样的屠龙行径已经不能给他带来任何荣誉，转身就要离开，让他的老对手安静的死去。但是他的脑海里传来了一个声音，斯莱瑞克低声的乞求着，让戴维安允许它光荣的战死。戴维安同意了，随即发现他的怜悯给他带来了意外的收获：当他将手中的锋刃刺入斯莱瑞克的胸膛时，龙使出最后的力量用龙爪刺穿了他的喉咙，随着他们血液的融合，斯莱瑞克将它所有的力量随着血液赐予了戴维安，也赐予了他龙族千万年来的智慧。龙的死去将他们的命运完全的绑定在了一起，龙骑士横空出世。古老的力量在龙骑士戴维安的身体里沉睡着，当他需要力量时则完全复苏。而龙族之力，也唤醒了骑士的所有力量...","dj":"1|15|25","smz":"511|1256|2168","mfz":"195|504|985","gjl":"46-52|85-91|133-139","hj":"4|8|14","syfw":"1800/800","gjfw":"128","ddsd":"900","jdtj1":"http://www.dota2.com.cn/images/property/add/dragon_knight.jpg","jdms1":"龙骑士现在的主流加点方式应该就是这个了，由于节奏快，所以龙骑士不光要能推塔更要能杀人，但是自己是C又不能冲得太猛怎么办只能用一技能去消耗对方的血量了，这个技能不光能喷兵对于车也有效果，这就让龙骑士收兵轻轻松松了。关于加点的前三级，可以根据场上的形式选择前后，当然主火是必然的，但是二三技能也要有一级。至于变龙最好是两级一起变，当然了如果对方把你们逼到了高地，还是早升级红龙毕竟有溅射效果的。","jdtj2":null,"jdms2":null,"cmzb":"树之祭祀*1|压制之刃*1|净化药水*1|力量手套*1|铁树枝干*1","qqzb":"速度之靴*1|魔棒*1|护腕*1","hxzb":"动力鞋*1|魔杖*1|支配头盔*1","hqsz":"黑皇杖*1|深渊之刃*1|恐鳌之心*1|强袭胸甲*1|撒旦之邪力*1|天堂之戟*1","ljt":"http://www.dota2.com.cn/images/property/dragon_knight.gif","path":"dragon_knight","zymc":"天辉","zytb":"http://www.dota2.com.cn/images/heropedia/radiant.jpg","yxtp":"http://www.dota2.com.cn/images/others/dragon_knight_big1.jpg","gjlxxj":"1","yxdwxj":"2|2|2|1","llsjsmz":"19","llsjsmhf":"0.03","mjsjhj":"1","mjsjgjsd":"1","zlsjmfz":"13","zlsjmfhf":"0.04","sjgjl":"1","pjsh":"49","gjsd":"119|128|172","gjms":"1.43","gjsh":"46-52","gjjl":"128|128|128","wlhj":"3.66","wlshkx":"18%","mfshkx":"25%","minitb":"http://www.dota2.com.cn/images/heroes/dragon_knight_icon.png"},{"id":81,"zwm":"斯温","ywm":"Sven","jc":"SV，流浪","xttx":"http://www.dota2.com.cn/images/heroes/sven_full.png","dttx":"http://www.dota2.com.cn/images/heroes/sven_vert.jpg","gjlx":"近战","yxlx":"力量","yxdw":"控制|先手|核心|辅助","zltb":"http://www.dota2.com.cn/images/info1301/tit_img01.gif","zljc":"16","zlsj":"1.30","mjtb":"http://www.dota2.com.cn/images/info1301/tit_img02.gif","mjjc":"21","mjsj":"2.00","lltb":"http://www.dota2.com.cn/images/info1301/tit_img03.gif","lljc":"23","llsj":"2.70","gjltb":"http://www.dota2.com.cn/images/info1301/tit_img06.gif","csgjl":"37-39","ydsdtb":"http://www.dota2.com.cn/images/info1301/tit_img05.gif","csydsd":"295","hjtb":"http://www.dota2.com.cn/images/info1301/tit_img04.gif","cshj":"1.94","yxbj":"斯温是一名守夜骑士的私生子，身怀苍白南海人的血统，在影承废墟长大。他父亲因为违背了守夜人法典而被处决，母亲又因为她的种族而被驱逐，这一切让斯温坚信所谓的社会法则中毫无荣誉可言——荣誉只存在于他心中。在照顾母亲走过弥留之际以后，他以新人的身份参加了守夜骑士团，并对自己的身份绝对保密。十三年来，他一直在他父亲当年的学校里学习，掌握那些仇视他出身的人所撰写的法则。接着，在他本该立誓成为守夜骑士的那天，他手持弃誓之刃，击碎神圣之盔，用守夜圣火烧毁了那所谓的法则。他大步流星的从守夜堡离开，注定了永世孤独，并向圣符起誓，只遵循他自己心中的法则。是的，他仍然是一名骑士，不过是只效忠于自己心中正义的...流浪剑客。","dj":"1|15|25","smz":"587|1305|2198","mfz":"208|445|874","gjl":"60-62|98-100|145-147","hj":"5|9|14","syfw":"1800/800","gjfw":"128","ddsd":"N/A","jdtj1":"http://www.dota2.com.cn/images/property/add/sven.jpg","jdms1":"这是一种比较常见的加点方式，首先流浪剑客的锤子是一个范围眩晕伤害技能，但是这个技能耗蓝比较高，前期加一点黄点是为了能多扔一个锤子。其次加的三技能是为了防止对方减价流而设置的，但是这个技能没有黄点的效果好。所以根据对方的技能来看是否加这个技能，因为这个技能一级就能有很好的作用了。最后就是二技能的取舍，因为流浪剑客不是带线英雄，所以这个英雄不需要早加这个技能，最后补满即可。大招因为是提高100%的攻击力，所以只要能加必须加起来，而且只有第一级才是100%，以后会越来越高呦。","jdtj2":null,"jdms2":null,"cmzb":"净化药水*1|治疗药膏*1|治疗药膏*1|力量手套*1|力量手套*1|铁树枝干*1","qqzb":"魔棒*1|护腕*1|速度之靴*1","hxzb":"魔杖*1|动力鞋*1|黑皇杖*1","hqsz":"闪烁匕首*1|韧鼓*1|恐鳌之心*1|强袭胸甲*1|疯狂面具*1|代达罗斯之殇*1","ljt":"http://www.dota2.com.cn/images/property/sven.gif","path":"sven","zymc":"天辉","zytb":"http://www.dota2.com.cn/images/heropedia/radiant.jpg","yxtp":"http://www.dota2.com.cn/images/others/sven_big1.jpg","gjlxxj":"1","yxdwxj":"2|1|1|1","llsjsmz":"19","llsjsmhf":"0.03","mjsjhj":"1","mjsjgjsd":"1","zlsjmfz":"13","zlsjmfhf":"0.04","sjgjl":"1","pjsh":"55","gjsd":"121|129|169","gjms":"1.4","gjsh":"60-62","gjjl":"128|128|128","wlhj":"4.94","wlshkx":"10%","mfshkx":"25%","minitb":"http://www.dota2.com.cn/images/heroes/sven_icon.png"},{"id":76,"zwm":"树精卫士","ywm":"Treant Protector","jc":"大树","xttx":"http://www.dota2.com.cn/images/heroes/treant_full.png","dttx":"http://www.dota2.com.cn/images/heroes/treant_vert.jpg","gjlx":"近战","yxlx":"力量","yxdw":"耐久|先手|对线辅助|控制","zltb":"http://www.dota2.com.cn/images/info1301/tit_img01.gif","zljc":"17","zlsj":"1.80","mjtb":"http://www.dota2.com.cn/images/info1301/tit_img02.gif","mjjc":"15","mjsj":"2.00","lltb":"http://www.dota2.com.cn/images/info1301/tit_img03.gif","lljc":"25","llsj":"3.30","gjltb":"http://www.dota2.com.cn/images/info1301/tit_img06.gif","csgjl":"56-64","ydsdtb":"http://www.dota2.com.cn/images/info1301/tit_img05.gif","csydsd":"300","hjtb":"http://www.dota2.com.cn/images/info1301/tit_img04.gif","cshj":"1.1","yxbj":"在遥远的西方之外，预兆之谷远方的群山中，蕴藏着一股强大的古老力量，一股隐藏在树木中，令人敬畏的力量之源。据说生长在这片区域的物种都很奇特。对于自然之力而言，这是一片神圣的土地，不为世人所知。这片土地上有着各种致命的陷阱和危险——吞噬一切的杂草，各式杂交的动物以及充满剧毒的花——不过这些都远远比不上强大的树精卫士。这些长生不老，体型巨大的生物终其一生都在维护这片土地的安静，保证没人能够侵犯这里，没人能够知道他们的秘密。他们已经守护这片圣地长达千万年，与外界秋毫无犯，对世界的变迁也不甚了了。然而不可避免的，外界逐渐的注意到了这片未开化的土地，随着时间的推移，外面世界的入侵者也愈发大胆。他们很快就带着工具来砍伐焚烧这片土地，而树精卫士们则在思考，这些脆弱却勤劳的生物到底是什么？那原本绿色的原野现在变成了什么样？数万年的疑问和怀疑通通浮现，从上古时期流传下来的传统开始被他们重新审视，同时，越来越多外面世界的人死在了这片土地上，成为了花草的养分。当所有的生物都商议完毕以后，他们达成了一致，对外界的好奇终究战胜了保守和审慎。他们决定：向外界派出一名树精卫士，肩负着将外界情况传达给他们的使命，观察外面那个变化的世界以及其中的生命，最重要的是，监视那些有可能威胁到他们神圣领地的一切危险。","dj":"1|15|25","smz":"625|1503|2510","mfz":"221|549|1043","gjl":"81-89|127-135|180-188","hj":"1|5|11","syfw":"1800/800","gjfw":"128","ddsd":"N/A","jdtj1":"http://www.dota2.com.cn/images/property/add/treant_protector.jpg","jdms1":"大树在改版之后比较imba，线上不虚任何英雄，可能你会说痛苦之源这样的英雄也有吸血，但是你能用这个技能去快速推线么，大树可以用自己的吸血推线。注意活体护甲技能的施法距离是全地图的，效果很明显。并且大树自己就算是比较硬了，出一个魂戒之后无限二级能很销魂的，能让对方英雄痛不欲生。再加上一技能的逃生，不过一技能释放之后会有延迟进入隐身，所以自己要注意一点。","jdtj2":null,"jdms2":null,"cmzb":"动物信使*1|树之祭祀*1|治疗药膏*1|净化药水*1|铁树枝干*3","qqzb":"魔棒*1|速度之靴*1|护腕*1|王者之戒*1","hxzb":"魔杖*1|奥术鞋*1|梅肯斯姆*1|侦查守卫*1","hqsz":"邪恶镰刀*1|希瓦的守护*1|恐鳌之心*1|刷新球*1|死灵书*1|韧鼓*1","ljt":"http://www.dota2.com.cn/images/property/treant.gif","path":"treant_protector","zymc":"天辉","zytb":"http://www.dota2.com.cn/images/heropedia/radiant.jpg","yxtp":"http://www.dota2.com.cn/images/others/treant_big1.jpg","gjlxxj":"1","yxdwxj":"2|2|2|1","llsjsmz":"19","llsjsmhf":"0.03","mjsjhj":"1","mjsjgjsd":"1","zlsjmfz":"13","zlsjmfhf":"0.04","sjgjl":"1","pjsh":"85","gjsd":"104|112|152","gjms":"1.65","gjsh":"81-89","gjjl":"128|128|128","wlhj":"1","wlshkx":"6%","mfshkx":"25%","minitb":"http://www.dota2.com.cn/images/heroes/treant_icon.png"},{"id":30,"zwm":"不朽尸王","ywm":"Undying","jc":"尸王","xttx":"http://www.dota2.com.cn/images/heroes/undying_full.png","dttx":"http://www.dota2.com.cn/images/heroes/undying_vert.jpg","gjlx":"近战","yxlx":"力量","yxdw":"耐久|推进|控制|先手","zltb":"http://www.dota2.com.cn/images/info1301/tit_img01.gif","zljc":"27","zlsj":"2.50","mjtb":"http://www.dota2.com.cn/images/info1301/tit_img02.gif","mjjc":"10","mjsj":"0.80","lltb":"http://www.dota2.com.cn/images/info1301/tit_img03.gif","lljc":"22","llsj":"2.10","gjltb":"http://www.dota2.com.cn/images/info1301/tit_img06.gif","csgjl":"35-43","ydsdtb":"http://www.dota2.com.cn/images/info1301/tit_img05.gif","csydsd":"310","hjtb":"http://www.dota2.com.cn/images/info1301/tit_img04.gif","cshj":"3.4","yxbj":"他残破的心，已经不再记得自己的名，也不记得已经过了多久。还依稀记得的，是盔甲，是战旗，是身边死去的兄弟。他还记得那场战役：一双给他带去痛苦和恐惧的苍白的手，将他从马上扯下。他还记得自己和兄弟们一起被扔进死亡之神那漆黑的深坑，还记得他被虚无吞噬时耳畔的挽歌。在深渊下的黑暗中，他们被时间遗弃，抛弃了思想，抛弃了理智，唯一尚存的，只有饥饿。他们以彼此残留的指甲和牙齿为食，唤醒了身体。这时挽歌传来，一开始很遥远，只是最轻微的感官体验，然后声音逐渐汇集，似乎铺天盖地永无止境，歌声似乎形成了一堵音墙，将他意识中所有想法都清除。随着自己被挽歌吞噬，他也向死亡之神张开了双臂，迎接自己的陨灭。然而死亡之神并没有选择毁掉他，而是让他投入战争，在一片惨然的虚无中，他被赋予了新的使命：让世界遍地哀鸿，让死者吞噬生命。他成为了不朽尸王，死亡之神的先驱，他的躯体永生不灭。在你的往生路上，会奏响他永恒的挽歌。","dj":"1|15|25","smz":"568|1127|1906","mfz":"351|715|1235","gjl":"57-65|86-94|127-135","hj":"3|5|9","syfw":"1800/800","gjfw":"128","ddsd":"N/A","jdtj1":"http://www.dota2.com.cn/images/property/add/undying.jpg","jdms1":"不朽尸王是一名曾经上过CW舞台的英雄，暴力速推进阵容中总是少不了尸王的存在。如今路人打法中比较普遍的是1、2对点，线上压制力较强。当然这里还是建议前期只点2级加血,3级加血抽取15个单位并不太可能。","jdtj2":null,"jdms2":null,"cmzb":"树之祭祀*2|圆盾*1|铁树枝干*3|净化药水*1","qqzb":"速度之靴*1|魔棒*1|影之灵龛*1","hxzb":"奥术鞋*1|魔杖*1|梅肯斯姆*1|侦查守卫*1","hqsz":"辉耀*1|恐鳌之心*1|刃甲*1|天堂之戟*1","ljt":"http://www.dota2.com.cn/images/property/undying.gif","path":"undying","zymc":"夜魇","zytb":"http://www.dota2.com.cn/images/heropedia/dire.jpg","yxtp":"http://www.dota2.com.cn/images/others/undying_big1.jpg","gjlxxj":"1","yxdwxj":"2|1|1|1","llsjsmz":"19","llsjsmhf":"0.03","mjsjhj":"1","mjsjgjsd":"1","zlsjmfz":"13","zlsjmfhf":"0.04","sjgjl":"1","pjsh":"61","gjsd":"110|113|129","gjms":"1.55","gjsh":"57-65","gjjl":"128|128|128","wlhj":"3","wlshkx":"16%","mfshkx":"25%","minitb":"http://www.dota2.com.cn/images/heroes/undying_icon.png"}],"honorList":[{"id":48,"zwm":"风暴之灵","msg":"暂无","createtime":null}],"adapt_zd_list":[{"id":13,"zwm":"陈","ywm":"Chen","jc":"Chen","xttx":"http://www.dota2.com.cn/images/heroes/chen_full.png","dttx":"http://www.dota2.com.cn/images/heroes/chen_vert.jpg","gjlx":"远程","yxlx":"智力","yxdw":"辅助|打野|推进","zltb":"http://www.dota2.com.cn/images/info1301/tit_img01.gif","zljc":"21","zlsj":"2.8","mjtb":"http://www.dota2.com.cn/images/info1301/tit_img02.gif","mjjc":"15","mjsj":"2.1","lltb":"http://www.dota2.com.cn/images/info1301/tit_img03.gif","lljc":"20","llsj":"1.5","gjltb":"http://www.dota2.com.cn/images/info1301/tit_img06.gif","csgjl":"22-32","ydsdtb":"http://www.dota2.com.cn/images/info1301/tit_img05.gif","csydsd":"300","hjtb":"http://www.dota2.com.cn/images/info1301/tit_img04.gif","cshj":"1.1","yxbj":"生于无信仰的哈扎达尔废墟，陈出生的年代正是那些沙漠中的游荡部落苦苦挣扎求生的时期。通过古老的动物奴役手段，陈的同胞们悉心的看护着沙漠中特有的掘地蜥，这是一种发育不良的掘地龙变种，能够将沙熔为集雨的玻璃管道——尽管两年才下一次雨。长期挣扎在饥荒和干旱的边缘，不停和周围的部落争斗，陈的部落做了一个错误的决定，在宿命注定的那一天，他们袭击了一个不该袭击的车队。在接下来的残酷战斗中，陈的部落完全处于下风。他们的袭击对象——全副武装的教会骑士，很快的清理掉了一大波攻击的掘地蜥。随着部落的神龙死去，族人们也接连被杀死。陈挣扎着，忍着刀伤，爬行着，几近死去。失败以后，他跪着准备接受充满羞辱的处决，引颈待戮。仲裁者被陈的勇气所打动，没有处死他。他给陈提供了一个选择：死亡还是转变信仰。陈开始执着的信仰神灵。他加入了教会，通过一次又一次血腥的改造，他逐渐赢得了自己的地位和武装。而现在，出于对改造他人信仰的狂热，力量达到巅峰的他，和他的动物奴役一起，寻找着那些无信仰之人，给予最终的“赏赐”。","dj":"1|15|25","smz":"530|929|1594","mfz":"273|783|1407","gjl":"43-53|82-92|130-140","hj":"1|5|11","syfw":"1800/800","gjfw":"600","ddsd":"1100","jdtj1":"http://www.dota2.com.cn/images/property/add/chen.jpg","jdms1":"如今的chen已经成为dota2中不ban即选的主流英雄，出色的打野能力，线上支援能力，推进能力，chen似乎越来越适合现在gank转推进的dota节奏，主神圣劝化，想要玩好chen不招宝宝怎么行，赎罪和忠诚考验中期可以选择一个主加，两个技能都不错，队内缺少控制留人技能主加e，缺少输出爆发则可以主加忠诚考验。","jdtj2":"","jdms2":"","cmzb":"树之祭祀*1|治疗药膏*1|净化药水*1|守护指环*1|动物信使*1","qqzb":"速度之靴*1|王者之戒*1|恢复头巾*1","hxzb":"奥术鞋*1|梅肯斯姆*1|侦查守卫*1","hqsz":"阿哈利姆神杖*1|弗拉迪米尔的祭品*1|邪恶镰刀*1|死灵书*1|韧鼓*1|幽魂权杖*1","ljt":"http://www.dota2.com.cn/images/property/chen.gif","path":"chen","zymc":"天辉","zytb":"http://www.dota2.com.cn/images/heropedia/radiant.jpg","yxtp":"http://www.dota2.com.cn/images/others/chen_big1.jpg","gjlxxj":"1","yxdwxj":"3|3|2","llsjsmz":"19","llsjsmhf":"0.03","mjsjhj":"1","mjsjgjsd":"1","zlsjmfz":"13","zlsjmfhf":"0.04","sjgjl":"1","pjsh":"48","gjsd":"115|123|165","gjms":"1.48","gjsh":"43-53","gjjl":"600|600|600","wlhj":"1","wlshkx":"6%","mfshkx":"25%","minitb":"http://www.dota2.com.cn/images/heroes/chen_icon.png"},{"id":5,"zwm":"光之守卫","ywm":"Keeper of the Light","jc":"光法、伊扎洛","xttx":"http://www.dota2.com.cn/images/heroes/keeper_of_the_light_full.png","dttx":"http://www.dota2.com.cn/images/heroes/keeper_of_the_light_vert.jpg","gjlx":"远程","yxlx":"智力","yxdw":"爆发|辅助|对线辅助","zltb":"http://www.dota2.com.cn/images/info1301/tit_img01.gif","zljc":"22","zlsj":"2.8","mjtb":"http://www.dota2.com.cn/images/info1301/tit_img02.gif","mjjc":"15","mjsj":"1.6","lltb":"http://www.dota2.com.cn/images/info1301/tit_img03.gif","lljc":"14","llsj":"1.8","gjltb":"http://www.dota2.com.cn/images/info1301/tit_img06.gif","csgjl":"18-32","ydsdtb":"http://www.dota2.com.cn/images/info1301/tit_img05.gif","csydsd":"315","hjtb":"http://www.dota2.com.cn/images/info1301/tit_img04.gif","cshj":"1.1","yxbj":"他座下是一骑白马，他是无尽千阳之辉，他就是光之守卫。早在许久以前，伊扎洛就挣脱了将他束缚在浩浩原初谐律之内的其他远古力量，从而由原始位面逃离，在宇宙的黎明，本是无形力量的他萌生了知觉。如今他高举承载着光之力量的辉光之杖，同时奔走在所有的位面，将追寻着他的混沌抛在身后。乍一看去，他似乎是一个在马上都坐不稳的衰朽老头，然而掩藏在这副外表下的却是他高贵的真身。只有在面对混沌或黑暗军团的挑战时，他的全部力量才会显现出来。原初之光从体内迸射而出的一刻，他也将再次化身为璀璨的力量之芒。","dj":"1|15|25","smz":"454|895|1617","mfz":"286|796|1420","gjl":"40-54|79-93|127-141","hj":"1|4|9","syfw":"1800/800","gjfw":"600","ddsd":"900","jdtj1":"http://www.dota2.com.cn/images/property/add/keeper_of_the_light.jpg","jdms1":"光之守卫在Dota2中也是有着一定出场率的英雄。无论是推进流还是防推进，光法都是一把好手。这套加点的进攻性更佳，1、2对点使光法在线上有很强的压制能力。本打法适用于路人局，在一些高端局中可以优先将法力流失升级起来，克制一些缺蓝的力量英雄有着不错的效果。","jdtj2":null,"jdms2":null,"cmzb":"树之祭祀*1|治疗药膏*1|力量手套*1|铁树枝干*1|动物信使*1","qqzb":"速度之靴*1|魔棒*1|护腕*1","hxzb":"静谧之鞋*1|魔杖*1|梅肯斯姆*1|侦查守卫*1|回城卷轴*1","hqsz":"阿哈利姆神杖*1|远行鞋*1|希瓦的守护*1|阿托斯之棍*1|邪恶镰刀*1|洞察烟斗*1|EUL的神圣法杖*1|原力法杖*1|死灵书*1|纷争面纱*1","ljt":"http://www.dota2.com.cn/images/property/keeper_of_the_light.gif","path":"keeper_of_the_light","zymc":"天辉","zytb":"http://www.dota2.com.cn/images/heropedia/radiant.jpg","yxtp":"http://www.dota2.com.cn/images/others/keeper_of_the_light_big1.jpg","gjlxxj":"1","yxdwxj":"2|2|2","llsjsmz":"19","llsjsmhf":"0.03","mjsjhj":"1","mjsjgjsd":"1","zlsjmfz":"13","zlsjmfhf":"0.04","sjgjl":"1","pjsh":"47","gjsd":"115|121|153","gjms":"1.48","gjsh":"40-54","gjjl":"600|600|600","wlhj":"1","wlshkx":"6%","mfshkx":"25%","minitb":"http://www.dota2.com.cn/images/heroes/keeper_of_the_light_icon.png"},{"id":73,"zwm":"噬魂鬼","ywm":"Lifestealer","jc":"小狗","xttx":"http://www.dota2.com.cn/images/heroes/life_stealer_full.png","dttx":"http://www.dota2.com.cn/images/heroes/life_stealer_vert.jpg","gjlx":"近战","yxlx":"力量","yxdw":"核心|耐久|打野|逃生","zltb":"http://www.dota2.com.cn/images/info1301/tit_img01.gif","zljc":"15","zlsj":"1.75","mjtb":"http://www.dota2.com.cn/images/info1301/tit_img02.gif","mjjc":"18","mjsj":"1.90","lltb":"http://www.dota2.com.cn/images/info1301/tit_img03.gif","lljc":"25","llsj":"2.40","gjltb":"http://www.dota2.com.cn/images/info1301/tit_img06.gif","csgjl":"32-42","ydsdtb":"http://www.dota2.com.cn/images/info1301/tit_img05.gif","csydsd":"315","hjtb":"http://www.dota2.com.cn/images/info1301/tit_img04.gif","cshj":"1.52","yxbj":"在德瓦克地下城中，关押着一个一心想要复仇的巫师，他正在密谋着如何逃跑。和他被关在同一间牢房的，是一个口齿不清的生物，一个名叫奈克斯的贼，它被邪恶议会施加了长命百岁的诅咒，这样才有足够的时间来尽可能多的惩罚它的偷窃和欺骗的行径。年复一年，它的枷锁已然被侵蚀得不成样子，它的思维也不再清醒；奈克斯已经完全忘记了以前的事情，也不再想着逃跑。巫师见状，觉得自己为逃跑大计找到了一个完美的牺牲品，于是对奈克斯施放了感染之咒，将自己的生命之力灌注到奈克斯的躯壳里，然后指使奈克斯制造暴乱，牺牲它的躯体来破坏囚牢，巫师随后就能返回自己的身体，然后神不知鬼不觉的逃跑。然而他的如意算盘并未实现，在进入奈克斯躯体以后，巫师发现他的神志被一个疯狂的旋涡所捕获，那个旋涡的力量强横无匹，抹掉了他所有的意识。由于其意识被一个鲜活生命的闯入刺激，奈克斯突然之间从它那疯狂的梦魇中清醒了过来，并且按着脑海中那个虚无的声音的唯一的指令行动：逃跑。也就是在那个时候，噬魂鬼正式诞生。这个生命体将自己的心智灌注到地下城里面的卫兵身体里，强迫他们打开牢笼，杀死其他卫兵，为噬魂鬼打开了一条畅通无阻的自由大道，而他们的生命也在被吞噬。现在，噬魂鬼仍然带着那串破碎的镣铐，似乎是在告诉世界没有人能够禁锢住他，但同时它心里还认为自己是个囚犯。两个意识共存于一个身体里——一个恶毒狡猾，阳奉阴违的生命。","dj":"1|15|25","smz":"625|1263|2099","mfz":"195|514|1001","gjl":"57-67|91-101|135-145","hj":"2|5|11","syfw":"1800/800","gjfw":"128","ddsd":"N/A","jdtj1":"http://www.dota2.com.cn/images/property/add/lifestealer.jpg","jdms1":"小狗的加点比较灵活，在不同的局势下前期加满任何一种技能都是可以的。建议3级的时候3个技能个点一级，然后再根据场上形势选择主次。","jdtj2":null,"jdms2":null,"cmzb":"树之祭祀*1|治疗药膏*1|圆盾*1|铁树枝干*3","qqzb":"速度之靴*1|魔棒*1","hxzb":"动力鞋*1|魔杖*1|莫尔迪基安的臂章*1|振奋宝石*1","hqsz":"雷神之锤*1|强袭胸甲*1|深渊之刃*1|黯灭*1|闪烁匕首*1|撒旦之邪力*1","ljt":"http://www.dota2.com.cn/images/property/life_stealer.gif","path":"lifestealer","zymc":"夜魇","zytb":"http://www.dota2.com.cn/images/heropedia/dire.jpg","yxtp":"http://www.dota2.com.cn/images/others/life_stealer_big1.jpg","gjlxxj":"1","yxdwxj":"2|2|1|1","llsjsmz":"19","llsjsmhf":"0.03","mjsjhj":"1","mjsjgjsd":"1","zlsjmfz":"13","zlsjmfhf":"0.04","sjgjl":"1","pjsh":"62","gjsd":"118|126|164","gjms":"1.44","gjsh":"57-67","gjjl":"128|128|128","wlhj":"1","wlshkx":"8%","mfshkx":"25%","minitb":"http://www.dota2.com.cn/images/heroes/life_lifestealer_icon.png"}],"hqszList":[{"goods":{"id":81,"bigtype":"升级物品","type":"法器","wpmc":"邪恶镰刀","wppz":"3","wptp":"http://www.dota2.com.cn/images/items/sheepstick_lg.png","jgtb":"http://www.dota2.com.cn/images/info1301/tit_img07.gif","jg":"5675","wpjs":"Vyse教徒最为宝贵的圣物，法师们最为垂涎的武器。","wpzyms":"","wpsyff":"主动：妖术-将一个单位变成无害的小动物，持续3.5秒。消灭幻象。","wpxg":"+ <span class=\"color_yellow\">10</span> 力量<br/>+ <span class=\"color_yellow\">10</span> 敏捷<br/>+ <span class=\"color_yellow\">35</span> 智力<br/>+ <span class=\"color_yellow\">150%</span> 魔法恢复","lqsjtb":"http://www.dota2.com.cn/images/info1301/ico2.gif","lqsj":"30","mfxhtb":"http://www.dota2.com.cn/images/info1301/ico1.gif","mfxh":"100","qzwptb":null,"wpzyms2":"立刻杀死幻象。<br>目标的基础移动速度为100，但是如果目标有满速状态则移速不受影响。<br>妖术将使伤害格挡和闪避无效。","item_en":"sheepstick"},"count":1},{"goods":{"id":101,"bigtype":"升级物品","type":"防具","wpmc":"血精石","wppz":"4","wptp":"http://www.dota2.com.cn/images/items/bloodstone_lg.png","jgtb":"http://www.dota2.com.cn/images/info1301/tit_img07.gif","jg":"4900","wpjs":"血精石鲜红的色彩在战场上绝对不会被看错，拥有者似乎有无限的生命力和精力。","wpzyms":"被动：血之契约 - 具有8点初始能量。1675范围内有敌方英雄死亡时获得1点能量。每点能量给予1点/秒的魔法回复，死亡时减少3秒重生时间。当持有者死亡时，回复周围1675范围内的友军单位500+30×能量点数的生命值，并失去1/3的能量。","wpsyff":"主动：绝地自尽 - 立刻原地自杀。","wpxg":"+ <span class=\"color_yellow\">500</span> 生命值<br/>+ <span class=\"color_yellow\">400</span> 魔法值<br/>+ <span class=\"color_yellow\">9</span> 生命恢复速率<br/>+ <span class=\"color_yellow\">200%</span> 魔法恢复","lqsjtb":"http://www.dota2.com.cn/images/info1301/ico2.gif","lqsj":"300","mfxhtb":"","mfxh":"","qzwptb":null,"wpzyms2":"如果英雄身上有多个血精石，只有第一个会获得点数。","item_en":"bloodstone"},"count":1},{"goods":{"id":102,"bigtype":"升级物品","type":"防具","wpmc":"林肯法球","wppz":"4","wptp":"http://www.dota2.com.cn/images/items/sphere_lg.png","jgtb":"http://www.dota2.com.cn/images/info1301/tit_img07.gif","jg":"5175","wpjs":"这个有魔力的球体曾经保护了一位历史上最有名的英雄。","wpzyms":"","wpsyff":"法术抵抗-每17秒被动抵挡一次大部分指向性法术。可以对友方单位使用，将抵挡状态暂时转移。","wpxg":"+ <span class=\"color_yellow\">15</span> 所有属性<br/>+ <span class=\"color_yellow\">6</span> 生命恢复速率<br/>+ <span class=\"color_yellow\">150%</span> 魔法恢复<br/>+ <span class=\"color_yellow\">10</span> 攻击力","lqsjtb":"http://www.dota2.com.cn/images/info1301/ico2.gif","lqsj":"17","mfxhtb":"","mfxh":"","qzwptb":"","wpzyms2":"","item_en":"sphere"},"count":1},{"goods":{"id":98,"bigtype":"升级物品","type":"防具","wpmc":"黑皇杖","wppz":"4","wptp":"http://www.dota2.com.cn/images/items/black_king_bar_lg.png","jgtb":"http://www.dota2.com.cn/images/info1301/tit_img07.gif","jg":"3975","wpjs":"渗透了巨人之力的强大法杖。","wpzyms":"","wpsyff":"主动：天神下凡-魔法免疫。持续时间和冷却时间每用一次都会降低。黑皇杖会使某些大招失效。","wpxg":"+ <span class=\"color_yellow\">10</span> 力量<br/>+ <span class=\"color_yellow\">24</span> 攻击力<br/>持续时间：<span class=\"color_yellow\">10/9/8/7/6/5/4</span>","lqsjtb":"http://www.dota2.com.cn/images/info1301/ico2.gif","lqsj":"80","mfxhtb":"","mfxh":"","qzwptb":null,"wpzyms2":"不能出售。<br>使用黑皇杖可以会使部分有益状态消失。","item_en":"black_king_bar"},"count":1},{"goods":{"id":75,"bigtype":"升级物品","type":"法器","wpmc":"达贡之神力","wppz":"3","wptp":"http://www.dota2.com.cn/images/items/dagon_lg.png","jgtb":"http://www.dota2.com.cn/images/info1301/tit_img07.gif","jg":"2800","wpjs":"越用威力就越大的次级法杖，让持有者的魔法从指尖喷涌而出。","wpzyms":"","wpsyff":"主动：能量冲击-以伤害性能量冲击敌方目标单位。可以升级。","wpxg":"+ <span class=\"color_yellow\">13</span>/16/19/22/25智力<br/>+ <span class=\"color_yellow\">3</span> 所有属性<br/>+ <span class=\"color_yellow\">9</span> 攻击力<br/>冲击伤害：<span class=\"color_yellow\">400</span>/500/600/700/800","lqsjtb":"http://www.dota2.com.cn/images/info1301/ico2.gif","lqsj":"35","mfxhtb":"http://www.dota2.com.cn/images/info1301/ico1.gif","mfxh":"180","qzwptb":null,"wpzyms2":"","item_en":"dagon"},"count":1},{"goods":{"id":99,"bigtype":"升级物品","type":"防具","wpmc":"希瓦的守护","wppz":"4","wptp":"http://www.dota2.com.cn/images/items/shivas_guard_lg.png","jgtb":"http://www.dota2.com.cn/images/info1301/tit_img07.gif","jg":"4700","wpjs":"据说曾经属于某位女神，至今仍保持大部分神力。","wpzyms":"多个霜冷光坏的效果无法叠加。","wpsyff":"主动：极寒冲击 - 发出一道寒冷的波动，对敌人造成200伤害并减速-40%持续4.0秒。<br>被动：霜冷光环 - 降低敌人攻击速度。","wpxg":"+ <span class=\"color_yellow\">30</span> 智力<br/>+ <span class=\"color_yellow\">15</span> 护甲<br/>光环攻速降低：<span class=\"color_yellow\">40</span>","lqsjtb":"http://www.dota2.com.cn/images/info1301/ico2.gif","lqsj":"30","mfxhtb":"http://www.dota2.com.cn/images/info1301/ico1.gif","mfxh":"100","qzwptb":"","wpzyms2":"极寒冲击的扩张速度为350，最大半径为900。 <br>极寒冲击将以施放者为中心。","item_en":"shivas_guard"},"count":1}],"hxzbList":[{"goods":{"id":50,"bigtype":"升级物品","type":"普通","wpmc":"魔杖","wppz":"2","wptp":"http://www.dota2.com.cn/images/items/magic_wand_lg.png","jgtb":"http://www.dota2.com.cn/images/info1301/tit_img07.gif","jg":"509","wpjs":"一个简易但实用的魔杖，能够补充使用者的能量--巫师学徒和高级术士都喜欢。","wpzyms":"","wpsyff":"主动：充能 - 每当周围有敌人施放技能都会自动充能（最多15点能量）。当使用时，每点能量为你回复生命值和魔法值。","wpxg":"+ <span class=\"color_yellow\">3</span> 所有属性<br/>每点能量回复：<span class=\"color_yellow\">15</span>","lqsjtb":"http://www.dota2.com.cn/images/info1301/ico2.gif","lqsj":"12","mfxhtb":"","mfxh":"","qzwptb":"","wpzyms2":"1200码视野范围内敌人使用技能就会获得点数。 <br>部分英雄技能和物品技能的施放将不会增加点数。","item_en":"magic_wand"},"count":1},{"goods":{"id":55,"bigtype":"升级物品","type":"普通","wpmc":"动力鞋","wppz":"2","wptp":"http://www.dota2.com.cn/images/items/power_treads_lg.png","jgtb":"http://www.dota2.com.cn/images/info1301/tit_img07.gif","jg":"1400","wpjs":"一双厚实的皮靴，能根据穿着者的需求切换属性。","wpzyms":"移动速度加成效果不与其他鞋类物品叠加。","wpsyff":"主动：属性切换-将附加属性在力量，敏捷以及智力三者间切换。","wpxg":"+ <span class=\"color_yellow\">50</span> 移动速度<br/>+ <span class=\"color_yellow\">8</span> 所选属性<br/>+ <span class=\"color_yellow\">25</span> 攻击速度","lqsjtb":"","lqsj":"","mfxhtb":"","mfxh":"","qzwptb":null,"wpzyms2":"","item_en":"power_treads"},"count":1},{"goods":{"id":11,"bigtype":"基础物品","type":"消耗品","wpmc":"魔瓶","wppz":"3","wptp":"http://www.dota2.com.cn/images/items/bottle_lg.png","jgtb":"http://www.dota2.com.cn/images/info1301/tit_img07.gif","jg":"700","wpjs":"一个流传至今的古老瓶子，内部空间随着时间的流逝逐渐拥有魔力。","wpzyms":"","wpsyff":"使用：恢复-恢复生命与魔法，受到攻击会驱散效果。魔瓶在靠近友方泉水时会被灌满。你也能用魔瓶装载神符以备用，但神符在2分钟后会自主激活并灌满魔瓶。如果使用信使运送空瓶，信使的速度将减缓30%。","wpxg":"生命回复量：<span class=\"color_yellow\">110</span><br/>魔法回复量：<span class=\"color_yellow\">70</span><br/>持续时间：<span class=\"color_yellow\">3</span>","lqsjtb":"","lqsj":"","mfxhtb":"","mfxh":"","qzwptb":null,"wpzyms2":"魔瓶可以共享。","item_en":"bottle"},"count":1}],"adapt_kz_list":[{"id":104,"zwm":"灰烬之灵","ywm":"Ember Spirit","jc":"火熊猫","xttx":"http://www.dota2.com.cn/images/heroes/ember_spirit_full.png","dttx":"http://www.dota2.com.cn/images/heroes/ember_spirit_vert.jpg","gjlx":"近战","yxlx":"敏捷","yxdw":"核心|爆发","zltb":"http://www.dota2.com.cn/images/info1301/tit_img01.gif","zljc":"20","zlsj":"1.8","mjtb":"http://www.dota2.com.cn/images/info1301/tit_img02.gif","mjjc":"22","mjsj":"1.8","lltb":"http://www.dota2.com.cn/images/info1301/tit_img03.gif","lljc":"19","llsj":"2","gjltb":"http://www.dota2.com.cn/images/info1301/tit_img06.gif","csgjl":"30-34","ydsdtb":"http://www.dota2.com.cn/images/info1301/tit_img05.gif","csydsd":"310","hjtb":"http://www.dota2.com.cn/images/info1301/tit_img04.gif","cshj":"1.08","yxbj":"在燃烧要塞中有一口玉石大釜，里面装满了灰烬，这是当年的战争诗人，炘的火葬之地。炘毕生都在卫火盟教导年轻的弟子。后来燃烧之神被炘的师德所打动，下凡来到要塞中，重新点燃了灰烬。余烬之中，炘的样子渐渐成型，四周环绕着火焰。他的面容一如既往的沉静，为了让知识之火燎原，为寻求指引的人提供方向，他已准备就绪。","dj":"1|15|25","smz":"511|1043|1803","mfz":"260|588|1082","gjl":"52-56|71-81|115-119","hj":"1|5|10","syfw":"1800/800","gjfw":"128","ddsd":"N/A","jdtj1":"http://www.dota2.com.cn/images/property/ember_spirit.jpg","jdms1":"由于烈火罩能持续造成伤害，所以可以进行主升，之后升级炎阳索，提升技能伤害，有大加大，最后升级无影拳，增加中后期带线和消耗的能力。","jdtj2":"","jdms2":"","cmzb":"治疗药膏*1|净化药水*2|铁树枝干*2|圆盾*1","qqzb":"速度之靴*1|魔棒*1|影之灵龛*1","hxzb":"奥术鞋*1|魔杖*1|先锋盾*1","hqsz":"代达罗斯之殇*1|恐鳌之心*1|蝴蝶*1|雷神之锤*1|狂战斧*2","ljt":"http://www.dota2.com.cn/images/property/ember_spirit.gif","path":"ember_spirit","zymc":"天辉","zytb":"http://www.dota2.com.cn/images/heropedia/radiant.jpg","yxtp":"http://www.dota2.com.cn/images/others/ember_spirit_big1.jpg","gjlxxj":"1","yxdwxj":"1|2","llsjsmz":"19","llsjsmhf":"0.03","mjsjhj":"1","mjsjgjsd":"1","zlsjmfz":"13","zlsjmfhf":"0.04","sjgjl":"1","pjsh":"54","gjsd":"122|129|165","gjms":"1.39","gjsh":"52-56","gjjl":"128|128|128","wlhj":"1","wlshkx":"6%","mfshkx":"25%","minitb":"http://www.dota2.com.cn/images/heroes/ember_spirit_icon.png"},{"id":90,"zwm":"先知","ywm":"Natures Prophet","jc":"FUR","xttx":"http://www.dota2.com.cn/images/heroes/furion_full.png","dttx":"http://www.dota2.com.cn/images/heroes/furion_vert.jpg","gjlx":"远程","yxlx":"智力","yxdw":"打野|推进|核心|逃生","zltb":"http://www.dota2.com.cn/images/info1301/tit_img01.gif","zljc":"21","zlsj":"2.9","mjtb":"http://www.dota2.com.cn/images/info1301/tit_img02.gif","mjjc":"18","mjsj":"1.9","lltb":"http://www.dota2.com.cn/images/info1301/tit_img03.gif","lljc":"19","llsj":"1.8","gjltb":"http://www.dota2.com.cn/images/info1301/tit_img06.gif","csgjl":"24-38","ydsdtb":"http://www.dota2.com.cn/images/info1301/tit_img05.gif","csydsd":"295","hjtb":"http://www.dota2.com.cn/images/info1301/tit_img04.gif","cshj":"3.52","yxbj":"在种子里埋入盘起的灵魂，从岩石深处引出缠绕的水流，起誓阳光会普照这生长的一切，当树木之神维萝迪希娅完成这一系列森林的创造后，她意识到自己的生命也到达终点，如一片命运已被她印在种子中的树叶一样飘落，无法看见自己的梦想结果。嫩芽尚未破土，即使破土，脆弱的嫩芽也很容易受到各种伤害，而她却即将辞世，无能为力，这让她无比痛心。然而她在种子袋中发现了一颗播种时漏掉的种子，在弥留之际，她将力量化作一字箴言，寄于此种，然后将其服下。在漫长的冬天，她巨大的身体逐渐分解，化为了幼苗来年春天的肥料。在春分的早晨，当其它种子还没有苏醒时，最后那颗种子在一瞬间成熟然后爆裂了。从中走出了自然的先知，他身披树叶，强壮且智慧，拥有树木之神维萝迪希娅的力量，能预见到森林最需要他的地方，同时他也很清楚，能作为他的盟友，是天赐的幸运。","dj":"1|15|25","smz":"511|990|1712","mfz":"273|801|1438","gjl":"45-59|86-100|135-149","hj":"4|7|13","syfw":"1800/800","gjfw":"600","ddsd":"1125","jdtj1":"http://www.dota2.com.cn/images/property/add/natures_prophet.jpg","jdms1":"先知是一个加点非常灵活的英雄，选择加点的不同扮演的角色也不相同，这套加点完美体现除了先知机动性高的特点。两级发芽长达3.75秒的控制时间已经足够，主传送，CD时间的简短，让先知可以随时进行支援，gank，中期补满树人开始带线推塔。这样加点的先知线上能力很强，支援能力，gank能力都非常强大。不过由于当前版本选先知大多需要初期参与推进，所以这种打法的出现频率较低。","jdtj2":"","jdms2":"","cmzb":"守护指环*1|净化药水*3|树之祭祀*3","qqzb":"魔棒*1|速度之靴*1|王者之戒*1","hxzb":"魔杖*1|动力鞋*1|邪恶镰刀*1","hqsz":"迈达斯之手*1|阿哈利姆神杖*1|紫怨*1|黯灭*1|死灵书*1|代达罗斯之殇*1","ljt":"http://www.dota2.com.cn/images/property/furion.gif","path":"natures_prophet","zymc":"天辉","zytb":"http://www.dota2.com.cn/images/heropedia/radiant.jpg","yxtp":"http://www.dota2.com.cn/images/others/furion_big1.jpg","gjlxxj":"1","yxdwxj":"2|2|1|1","llsjsmz":"19","llsjsmhf":"0.03","mjsjhj":"1","mjsjgjsd":"1","zlsjmfz":"13","zlsjmfhf":"0.04","sjgjl":"1","pjsh":"52","gjsd":"118|126|164","gjms":"1.44","gjsh":"45-59","gjjl":"600|600|600","wlhj":"3","wlshkx":"17%","mfshkx":"25%","minitb":"http://www.dota2.com.cn/images/heroes/furion_icon.png"},{"id":80,"zwm":"斯拉克","ywm":"Slark","jc":"小鱼人","xttx":"http://www.dota2.com.cn/images/heroes/slark_full.png","dttx":"http://www.dota2.com.cn/images/heroes/slark_vert.jpg","gjlx":"近战","yxlx":"敏捷","yxdw":"逃生","zltb":"http://www.dota2.com.cn/images/info1301/tit_img01.gif","zljc":"16","zlsj":"1.9","mjtb":"http://www.dota2.com.cn/images/info1301/tit_img02.gif","mjjc":"21","mjsj":"1.5","lltb":"http://www.dota2.com.cn/images/info1301/tit_img03.gif","lljc":"21","llsj":"1.8","gjltb":"http://www.dota2.com.cn/images/info1301/tit_img06.gif","csgjl":"33-41","ydsdtb":"http://www.dota2.com.cn/images/info1301/tit_img05.gif","csydsd":"305","hjtb":"http://www.dota2.com.cn/images/info1301/tit_img04.gif","cshj":"1.94","yxbj":"除了水下住民，暗黑之礁很少为世人所知晓，这是座沉没之牢，关押的都是犯下滔天罪行的海洋生物。这座监牢外围装满了倒钩，里面充斥着心狠手辣的鱼人，狡猾歹毒的深海住民还有嗜杀同类的南海人。在这阴暗的迷宫中，鳗鱼四处巡逻，巨大的海葵担任着守卫的工作，在里面想不死就只能为恶。斯拉克被投入暗黑之礁的罪名已经不得而知，他在里面待的半生泯灭了亲情和良知，信任的只有自己，信奉的生存之道是鬼祟的行动和冷酷的心肠，他的脑海中不断酝酿自己的想法和计划。当臭名昭著的暗黑之礁十二恶棍密谋着越狱时，他们完美地将计划保密，发现蛛丝马迹的人都被他们杀害-但是他们的阴谋不知怎么的被斯拉克发现了，他在这计划中给自己找到了容身之地。越狱过程中十个恶棍遭到击毙，剩下两个被擒获，押回了暗黑之礁，作为那里犯人们的消遣活动被处以极刑。但是斯拉克，无名的第十三个越狱犯，利用暴乱作掩护逃之夭夭；永获自由。现在斯拉克隐居在紧靠影承废墟南部的食肉红树林灌丛中，迄今为止，他仍是唯一成功从暗黑之礁越狱的逃犯。","dj":"1|15|25","smz":"549|1028|1750","mfz":"208|554|1061","gjl":"54-62|75-83|110-118","hj":"2|5|10","syfw":"1800/1800","gjfw":"128","ddsd":"N/A","jdtj1":"http://www.dota2.com.cn/images/property/add/slark.jpg","jdms1":"这是主黑暗契约的小鱼人加点，前期三个技能个点一级，然后优先将黑暗契约补满黑暗契约能收兵而且能接触很多效果，所以优先点满。至于吸属性1级足够。小鱼人的E突袭比较难于释放，所以对于大部分玩家还是主AOE较为稳妥。","jdtj2":"","jdms2":"","cmzb":"圆盾*1|铁树枝干*2|治疗药膏*1|净化药水*1|树之祭祀*1","qqzb":"魔棒*1|速度之靴*1|淬毒之珠*1","hxzb":"魔杖*1|动力鞋*1|韧鼓*1","hqsz":"黑皇杖*1|斯嘉蒂之眼*1|恐鳌之心*1|幻影斧*1|强袭胸甲*1|蝴蝶*1","ljt":"http://www.dota2.com.cn/images/property/slark.gif","path":"slark","zymc":"夜魇","zytb":"http://www.dota2.com.cn/images/heropedia/dire.jpg","yxtp":"http://www.dota2.com.cn/images/others/slark_big1.jpg","gjlxxj":"1","yxdwxj":"3","llsjsmz":"19","llsjsmhf":"0.03","mjsjhj":"1","mjsjgjsd":"1","zlsjmfz":"13","zlsjmfhf":"0.04","sjgjl":"1","pjsh":"48","gjsd":"121|127|157","gjms":"1.4","gjsh":"54-62","gjjl":"128|128|128","wlhj":"1","wlshkx":"10%","mfshkx":"25%","minitb":"http://www.dota2.com.cn/images/heroes/slark_icon.png"},{"id":52,"zwm":"娜迦海妖","ywm":"Naga Siren","jc":"小娜迦","xttx":"http://www.dota2.com.cn/images/heroes/naga_siren_full.png","dttx":"http://www.dota2.com.cn/images/heroes/naga_siren_vert.jpg","gjlx":"近战","yxlx":"敏捷","yxdw":"核心|控制|推进|逃生","zltb":"http://www.dota2.com.cn/images/info1301/tit_img01.gif","zljc":"18","zlsj":"1.95","mjtb":"http://www.dota2.com.cn/images/info1301/tit_img02.gif","mjjc":"21","mjsj":"2.75","lltb":"http://www.dota2.com.cn/images/info1301/tit_img03.gif","lljc":"21","llsj":"2.3","gjltb":"http://www.dota2.com.cn/images/info1301/tit_img06.gif","csgjl":"23-25","ydsdtb":"http://www.dota2.com.cn/images/info1301/tit_img05.gif","csydsd":"320","hjtb":"http://www.dota2.com.cn/images/info1301/tit_img04.gif","cshj":"5.94","yxbj":"在鱼人卫士团的誓言中，有一句誓词最广为流传：鱼人不能失败。事实上，这句话既是誓词，又是命令，所有失败的人都已经被放逐。鱼人族内不容败者。司里希丝曾经是她族群内最受尊敬的战士，多年来她一直指挥着一支军队，她最强力的武器就是她那让人畏惧的声音。强大，婉转，难以捉摸，她一直用她这一致命武器守卫着深海住民以及沉没之城中的财富。然而在克雷之役的最后一战中，在面对一帮想给他们的深渊之神献上财宝的狂热深海巨怪时，她的军队节节败退。在他们将敌人猛烈的攻击抵御下以后，开始清理战场，却发现宝藏中的镶嵌着珠宝的圣杯不见了。她的百人队中只有寥寥数人活了下来，然而同胞们的勇敢和牺牲却无关紧要了。重要的是他们的珍宝被拿走了。他们的荣誉被毁掉了。娜迦海妖被驱逐了，她被放逐去寻回失窃的圣杯。不管她能够做出多少倍的补偿，她也注定不会被原谅，除非她带回了失窃的宝藏。她所失去的荣誉，千金难抵。","dj":"1|15|25","smz":"549|1161|1978","mfz":"234|589|1102","gjl":"44-46|83-85|130-132","hj":"6|11|18","syfw":"1800/800","gjfw":"128","ddsd":"N/A","jdtj1":"http://www.dota2.com.cn/images/property/add/naga_siren.jpg","jdms1":"激流自从变成幻象也可以释放之后就成为了娜迦海妖的主加技能，当然特定情况下也有主加网或者分身的。前期幻象承受伤害过多，所以在装备没有累积之前，分身带来的增益效果不大。主激流也利于娜迦前期混线补刀拿人头。娜迦的网是无视BKB的，被网住的单位没法闪烁走，这点至关重要。","jdtj2":"","jdms2":"","cmzb":"树之祭祀*2|治疗药膏*1|敏捷便鞋*1|铁树枝干*3","qqzb":"魔棒*1|速度之靴*1|穷鬼盾*1","hxzb":"奥术鞋*1|魔杖*1|梅肯斯姆*1|","hqsz":"恐鳌之心*1|天堂之戟*1|幻影斧*1|净魂之刃*1|蝴蝶*1|","ljt":"http://www.dota2.com.cn/images/property/naga_siren.gif","path":"naga_siren","zymc":"夜魇","zytb":"http://www.dota2.com.cn/images/heropedia/dire.jpg","yxtp":"http://www.dota2.com.cn/images/others/naga_siren_big1.jpg","gjlxxj":"1","yxdwxj":"2|2|1|1","llsjsmz":"19","llsjsmhf":"0.03","mjsjhj":"1","mjsjgjsd":"1","zlsjmfz":"13","zlsjmfhf":"0.04","sjgjl":"1","pjsh":"45","gjsd":"121|132|187","gjms":"1.4","gjsh":"44-46","gjjl":"128|128|128","wlhj":"5","wlshkx":"26%","mfshkx":"25%","minitb":"http://www.dota2.com.cn/images/heroes/naga_siren_icon.png"},{"id":93,"zwm":"修补匠","ywm":"Tinker","jc":"TK","xttx":"http://www.dota2.com.cn/images/heroes/tinker_full.png","dttx":"http://www.dota2.com.cn/images/heroes/tinker_vert.jpg","gjlx":"远程","yxlx":"智力","yxdw":"爆发|推进","zltb":"http://www.dota2.com.cn/images/info1301/tit_img01.gif","zljc":"27","zlsj":"2.2","mjtb":"http://www.dota2.com.cn/images/info1301/tit_img02.gif","mjjc":"13","mjsj":"1.2","lltb":"http://www.dota2.com.cn/images/info1301/tit_img03.gif","lljc":"17","llsj":"2","gjltb":"http://www.dota2.com.cn/images/info1301/tit_img06.gif","csgjl":"22-28","ydsdtb":"http://www.dota2.com.cn/images/info1301/tit_img05.gif","csydsd":"305","hjtb":"http://www.dota2.com.cn/images/info1301/tit_img04.gif","cshj":"3.82","yxbj":"修补匠鲍什的矮小种族以他们独有的智慧、狡猾以及敌视魔法而闻名。出于自傲，他们完全凭借自己的智慧生存，只通过理性的科学方法来合理利用自然的力量。然而，即使是对魔法如此严令禁止，也给他们带来了很多麻烦，这一点鲍什深有体会。作为曾经的自然法则首席研究员，修补匠鲍什在传说中薄雾缭绕的紫罗兰高原建立了一座地下实验室，在那里领导了大量对自然运作规律的研究。出于对魔法师们给世界带来的伤害的鄙夷，鲍什和他的修补匠助手带着高傲，打开了一扇传送门，门的另一端是一个超越了凡人认知能力的国度，于是他们自食恶果。黑色的薄雾从紫罗兰高原的洞穴内升起，将高原覆盖在不断散发出恐怖声音的永恒黑暗中。机智的鲍什带着他的机关装置逃了出来，成了紫罗兰高原事故中唯一生还的修补匠。","dj":"1|15|25","smz":"473|1005|1765","mfz":"351|751|1297","gjl":"49-55|80-86|122-128","hj":"4|6|11","syfw":"1800/800","gjfw":"500","ddsd":"900","jdtj1":"http://www.dota2.com.cn/images/property/add/tinker.jpg","jdms1":"修补匠是一个中期爆发极高的英雄，这样的加点保证了修补匠拥有最大输出。至于2、3级大招的选择则应根据自身的需求、装备的提升进行调节。修补匠值得注意的是五级加点，五级选择激光可以做到最大单体输出，选择导弹则可以同时攻击两名英雄，技能选择最好还是依据场上形势来判断。最后，应当保证8至9级时的修补匠拥有1级的再装填。","jdtj2":"","jdms2":"","cmzb":"树之祭祀*3|治疗药膏*1|智力斗篷*1|铁树枝干*2","qqzb":"魔棒*1|速度之靴*1|护腕*1|魔瓶*1","hxzb":"魔杖*1|远行鞋*1|灵魂之戒*1","hqsz":"邪恶镰刀*1|希瓦的守护*1|Eul的神圣法杖*1|原力法杖*1|闪烁匕首*1|达贡之神力*1","ljt":"http://www.dota2.com.cn/images/property/tinker.gif","path":"tinker","zymc":"天辉","zytb":"http://www.dota2.com.cn/images/heropedia/radiant.jpg","yxtp":"http://www.dota2.com.cn/images/others/tinker_big1.jpg","gjlxxj":"1","yxdwxj":"3|1","llsjsmz":"19","llsjsmhf":"0.03","mjsjhj":"1","mjsjgjsd":"1","zlsjmfz":"13","zlsjmfhf":"0.04","sjgjl":"1","pjsh":"52","gjsd":"113|118|142","gjms":"1.5","gjsh":"49-55","gjjl":"500|500|500","wlhj":"3","wlshkx":"18%","mfshkx":"25%","minitb":"http://www.dota2.com.cn/images/heroes/tinker_icon.png"},{"id":17,"zwm":"发条技师","ywm":"Clockwerk","jc":"发条、CG","xttx":"http://www.dota2.com.cn/images/heroes/rattletrap_full.png","dttx":"http://www.dota2.com.cn/images/heroes/rattletrap_vert.jpg","gjlx":"近战","yxlx":"力量","yxdw":"先手|耐久","zltb":"http://www.dota2.com.cn/images/info1301/tit_img01.gif","zljc":"17","zlsj":"1.30","mjtb":"http://www.dota2.com.cn/images/info1301/tit_img02.gif","mjjc":"13","mjsj":"2.30","lltb":"http://www.dota2.com.cn/images/info1301/tit_img03.gif","lljc":"24","llsj":"2.70","gjltb":"http://www.dota2.com.cn/images/info1301/tit_img06.gif","csgjl":"31-33","ydsdtb":"http://www.dota2.com.cn/images/info1301/tit_img05.gif","csydsd":"315","hjtb":"http://www.dota2.com.cn/images/info1301/tit_img04.gif","cshj":"1.82","yxbj":"瑞托崔普和狙击手以及修补匠属于同一个分布广泛的种族，和其他许多敏感的族人一样，瑞托崔普用他的智慧和一些小玩意弥补了体型上的矮小。作为一个钟表匠的孙子，瑞托崔普在这个行业当了很多年的学徒，直到战争从山的另一边席卷而来，摧毁了这个从事着与战斗无关的行业的无辜村庄。祖先传下来的村庄变成了满是焦火和黑烟的废墟，\"你的新行业是战斗\"他的父亲临死前留下这样一句话。这个可怜的生意人责备他的工具无法用于战斗，但瑞托崔普从不找借口。在村庄的废墟中埋葬了父亲后，瑞托崔普开始着手将他自己转变为前所未见的最强大的战争道具。他发誓永远不再毫无防备的被抓住，瑞托崔普用他的智慧装配了一套强大的发条动力装甲，这使其它大陆的骑士在他面前就像易拉罐般渺小。现在瑞托崔普全身充满各种装置，小而强大的战士，他埋伏和破坏的技术已经达到了几乎自动化的高效水平。这个死亡工匠的机械可以迅速干掉不够谨慎的敌人，在这个战争时代宣告了新的曙光。是时候让你们见识见识发条技师的厉害了！","dj":"1|15|25","smz":"606|1324|2217","mfz":"221|458|887","gjl":"55-57|93-95|140-142","hj":"2|6|12","syfw":"1800/800","gjfw":"128","ddsd":"N/A","jdtj1":"http://www.dota2.com.cn/images/property/add/clockwerk.jpg","jdms1":"这个加点应该是中单或者优势路发条比较凶猛的一种加点了，一技能的高伤害配合一级导弹的开视野和大招能更好的单杀对方英雄，而且发条的战场插入能力也能让对方脆皮英雄或者后排英雄放不出技能就被秒杀。这种加点的优势就是暴力凶残，自己的输出就很高，但是缺点就是控制对方的时间不多，毕竟框住对方的时间在很长一段时间内都是3秒。","jdtj2":null,"jdms2":null,"cmzb":"树之祭祀*1|治疗药膏*1|圆盾*1|铁树枝干*3","qqzb":"速度之靴*1|护腕*1|魔瓶*1","hxzb":"相位鞋*1|魔杖*1|刃甲*1","hqsz":"阿哈利姆神杖*1|韧鼓*1|洞察烟斗*1|恐鳌之心*1|辉耀*1|希瓦的守护*1","ljt":"http://www.dota2.com.cn/images/property/clockwerk.gif","path":"clockwerk","zymc":"天辉","zytb":"http://www.dota2.com.cn/images/heropedia/radiant.jpg","yxtp":"http://www.dota2.com.cn/images/others/rattletrap_big1.jpg","gjlxxj":"1","yxdwxj":"1|1","llsjsmz":"19","llsjsmhf":"0.03","mjsjhj":"1","mjsjgjsd":"1","zlsjmfz":"13","zlsjmfhf":"0.04","sjgjl":"1","pjsh":"56","gjsd":"113|122|168","gjms":"1.5","gjsh":"55-57","gjjl":"128|128|128","wlhj":"1.82","wlshkx":"9%","mfshkx":"25%","minitb":"http://www.dota2.com.cn/images/heroes/rattletrap_icon.png"},{"id":33,"zwm":"远古冰魄","ywm":"Ancient Apparition","jc":"冰魂","xttx":"http://www.dota2.com.cn/images/heroes/ancient_apparition_full.png","dttx":"http://www.dota2.com.cn/images/heroes/ancient_apparition_vert.jpg","gjlx":"远程","yxlx":"智力","yxdw":"辅助|控制","zltb":"http://www.dota2.com.cn/images/info1301/tit_img01.gif","zljc":"25","zlsj":"2.6","mjtb":"http://www.dota2.com.cn/images/info1301/tit_img02.gif","mjjc":"20","mjsj":"2.2","lltb":"http://www.dota2.com.cn/images/info1301/tit_img03.gif","lljc":"18","llsj":"1.4","gjltb":"http://www.dota2.com.cn/images/info1301/tit_img06.gif","csgjl":"19-29","ydsdtb":"http://www.dota2.com.cn/images/info1301/tit_img05.gif","csydsd":"295","hjtb":"http://www.dota2.com.cn/images/info1301/tit_img04.gif","cshj":"1.8","yxbj":"卡尔德，远古冰魄，是时光之外的冰冷投影。他来自寒冷的无尽虚空，目睹宇宙诞生，见证宇宙终结。卡尔德是夕在，今在，永在的无上力量...我们的所有认知，所有自认为强大的事物，在永恒的卡尔德看来，不过是最细微最无力的附和。世间有这样的传言，随着宇宙的老化并走向衰亡，卡尔德的力量和光芒也将变得更强——远古冰魄将更加年轻，更加强大。他对冰霜的控制能够冻结一切事物，他的投影放出的光芒异常夺目。他将不再是魂魄，而是神！","dj":"1|15|25","smz":"492|864|1510","mfz":"325|798|1396","gjl":"44-54|80-90|126-136","hj":"2|6|12","syfw":"1800/1400","gjfw":"600","ddsd":"1250","jdtj1":"http://www.dota2.com.cn/images/property/add/ancient_apparition.jpg","jdms1":"冰魂曾经一段时间成为cw舞台中的热门英雄，不论团战，gank，对线冰魂都有着很强的实力。冰魂的加点也经历了你较多的版本演变，如今主寒霜之足的加点已经成为游戏中的主流，这套加点冰魂有极强的gank能力，配备一名后手控制英雄，往往能在团战中发挥极大作用。至于寒冰之触的选择则根据场上形势来觉得，爆发伤害不够时，可以优先加这个。","jdtj2":"","jdms2":"","cmzb":"铁树枝干*3|净化药水*3|树之祭祀*2|治疗药膏*1","qqzb":"影之灵龛*1|魔杖*1|速度之靴*1","hxzb":"动力鞋*1|Eul的神圣法杖*1|梅肯斯姆*1|侦查守卫*1","hqsz":"阿哈利姆神杖*1|邪恶镰刀*1|阿托斯之棍*1|原力法杖*1|斯嘉蒂之眼*1|林肯法球*1","ljt":"http://www.dota2.com.cn/images/property/ancient_apparition.gif","path":"ancient_apparition","zymc":"夜魇","zytb":"http://www.dota2.com.cn/images/heropedia/dire.jpg","yxtp":"http://www.dota2.com.cn/images/others/ancient_apparition_big1.jpg","gjlxxj":"1","yxdwxj":"2|1","llsjsmz":"19","llsjsmhf":"0.03","mjsjhj":"1","mjsjgjsd":"1","zlsjmfz":"13","zlsjmfhf":"0.04","sjgjl":"1","pjsh":"49","gjsd":"120|129|173","gjms":"1.42","gjsh":"44-54","gjjl":"600|600|600","wlhj":"1","wlshkx":"9%","mfshkx":"25%","minitb":"http://www.dota2.com.cn/images/heroes/ancient_apparition_icon.png"},{"id":59,"zwm":"赏金猎人","ywm":"Bounty Hunter","jc":"赏金,BH","xttx":"http://www.dota2.com.cn/images/heroes/bounty_hunter_full.png","dttx":"http://www.dota2.com.cn/images/heroes/bounty_hunter_vert.jpg","gjlx":"近战","yxlx":"敏捷","yxdw":"核心|逃生|爆发","zltb":"http://www.dota2.com.cn/images/info1301/tit_img01.gif","zljc":"19","zlsj":"1.4","mjtb":"http://www.dota2.com.cn/images/info1301/tit_img02.gif","mjjc":"21","mjsj":"3","lltb":"http://www.dota2.com.cn/images/info1301/tit_img03.gif","lljc":"17","llsj":"1.8","gjltb":"http://www.dota2.com.cn/images/info1301/tit_img06.gif","csgjl":"24-38","ydsdtb":"http://www.dota2.com.cn/images/info1301/tit_img05.gif","csydsd":"315","hjtb":"http://www.dota2.com.cn/images/info1301/tit_img04.gif","cshj":"5.94","yxbj":"关于赏金猎人刚铎，有很多真假难分的故事，唯一的共同点是，讲述这些故事的人都死了。在那些低语中，有的说他像工具一样被抛弃，为了生存而学习追踪术。另一种说法是他是战争中幸存的弃儿，被伟大的猎手索鲁克带走，并在阴暗的森林中教会他高超的猎人技巧。然而，另外一些人则相信他是贫民窟的捣蛋鬼，在一帮小偷扒手中混迹成人，擅长偷盗和误导。被刚铎追杀的人每次一提起他，恐惧就会剧增：他们说，那个追踪暴君伽夫多年，最后将其逼疯并杀死，割下其头颅拿走其权杖的人，就是刚铎。就是他，渗透进海西特反叛军营地，将传奇盗贼“白色海角”带回去接受审判。就是他，终结了猎手索鲁克的神话，让其为杀死王子的得力助手付出了代价。刚铎的传奇还在继续，每一个故事都比之前的更加不可思议，每一个猎物都比以前的更加难以捕杀。然而，只要出价够高，谁都无法躲开他；只要出价够高，即使是最强大的战士，想到刚铎，都会在阴影中颤抖。","dj":"1|15|25","smz":"473|952|1674","mfz":"247|502|944","gjl":"45-59|87-101|137-151","hj":"6|12|19","syfw":"1800/1000","gjfw":"128","ddsd":"N/A","jdtj1":"http://www.dota2.com.cn/images/property/add/bounty_hunter.jpg","jdms1":"赏金猎人是一名敏捷型后期英雄，赏金猎人的加点向来受人津津乐道，几乎每个职业选手选择对赏金猎人的加点都不相同，三个技能在特殊的局势下都可以选择优先加满。这是一个前期主加飞镖的加点路线，前期爆发高，唯一缺陷是过于缺蓝，不过可以考虑出魔瓶或者秘法鞋。","jdtj2":"","jdms2":"","cmzb":"圆盾*1|树之祭祀*1|治疗药膏*1|铁树枝干*3","qqzb":"速度之靴*1|穷鬼盾*1|魔棒*1","hxzb":"相位鞋*1|魔杖*1|狂战斧*1","hqsz":"勇气勋章*1|黯灭*1|金箍棒*1|弗拉迪米尔的祭品*1|强袭胸甲*1|净魂之刃*1","ljt":"http://www.dota2.com.cn/images/property/bounty_hunter.gif","path":"bounty_hunter","zymc":"天辉","zytb":"http://www.dota2.com.cn/images/heropedia/radiant.jpg","yxtp":"http://www.dota2.com.cn/images/others/bounty_hunter_big1.jpg","gjlxxj":"1","yxdwxj":"1|2|1","llsjsmz":"19","llsjsmhf":"0.03","mjsjhj":"1","mjsjgjsd":"1","zlsjmfz":"13","zlsjmfhf":"0.04","sjgjl":"1","pjsh":"52","gjsd":"121|133|193","gjms":"1.4","gjsh":"45-59","gjjl":"128|128|128","wlhj":"5","wlshkx":"26%","mfshkx":"25%","minitb":"http://www.dota2.com.cn/images/heroes/bounty_hunter_icon.png"}]}