{"hero":{"id":81,"zwm":"斯温","ywm":"Sven","jc":"SV，流浪","xttx":"http://www.dota2.com.cn/images/heroes/sven_full.png","dttx":"http://www.dota2.com.cn/images/heroes/sven_vert.jpg","gjlx":"近战","yxlx":"力量","yxdw":"控制-先手-核心-辅助","zltb":"http://www.dota2.com.cn/images/info1301/tit_img01.gif","zljc":"16","zlsj":"1.30","mjtb":"http://www.dota2.com.cn/images/info1301/tit_img02.gif","mjjc":"21","mjsj":"2.00","lltb":"http://www.dota2.com.cn/images/info1301/tit_img03.gif","lljc":"23","llsj":"2.70","gjltb":"http://www.dota2.com.cn/images/info1301/tit_img06.gif","csgjl":"37-39","ydsdtb":"http://www.dota2.com.cn/images/info1301/tit_img05.gif","csydsd":"295","hjtb":"http://www.dota2.com.cn/images/info1301/tit_img04.gif","cshj":"1.94","yxbj":"斯温是一名守夜骑士的私生子，身怀苍白南海人的血统，在影承废墟长大。他父亲因为违背了守夜人法典而被处决，母亲又因为她的种族而被驱逐，这一切让斯温坚信所谓的社会法则中毫无荣誉可言——荣誉只存在于他心中。在照顾母亲走过弥留之际以后，他以新人的身份参加了守夜骑士团，并对自己的身份绝对保密。十三年来，他一直在他父亲当年的学校里学习，掌握那些仇视他出身的人所撰写的法则。接着，在他本该立誓成为守夜骑士的那天，他手持弃誓之刃，击碎神圣之盔，用守夜圣火烧毁了那所谓的法则。他大步流星的从守夜堡离开，注定了永世孤独，并向圣符起誓，只遵循他自己心中的法则。是的，他仍然是一名骑士，不过是只效忠于自己心中正义的...流浪剑客。","dj":"1/15/25","smz":"587/1305/2198","mfz":"208/445/874","gjl":"60-62/98-100/145-147","hj":"5/9/14","syfw":"1800/800","gjfw":"128","ddsd":"N/A","jdtj1":"http://www.dota2.com.cn/images/property/add/sven.jpg","jdms1":"这是一种比较常见的加点方式，首先流浪剑客的锤子是一个范围眩晕伤害技能，但是这个技能耗蓝比较高，前期加一点黄点是为了能多扔一个锤子。其次加的三技能是为了防止对方减价流而设置的，但是这个技能没有黄点的效果好。所以根据对方的技能来看是否加这个技能，因为这个技能一级就能有很好的作用了。最后就是二技能的取舍，因为流浪剑客不是带线英雄，所以这个英雄不需要早加这个技能，最后补满即可。大招因为是提高100%的攻击力，所以只要能加必须加起来，而且只有第一级才是100%，以后会越来越高呦。","jdtj2":null,"jdms2":null,"cmzb":"净化药水*1|治疗药膏*1|治疗药膏*1|力量手套*1|力量手套*1|铁树枝干*1","qqzb":"魔棒*1|护腕*1|速度之靴*1","hxzb":"魔杖*1|动力鞋*1|黑皇杖*1","hqsz":"闪烁匕首*1|韧鼓*1|恐鳌之心*1|强袭胸甲*1|疯狂面具*1|代达罗斯之殇*1","ljt":"http://www.dota2.com.cn/images/property/sven.gif","path":"sven","zymc":"天辉","zytb":"http://www.dota2.com.cn/images/heropedia/radiant.jpg","yxtp":"http://www.dota2.com.cn/images/others/sven_big1.jpg","gjlxxj":"1","yxdwxj":"2-1-1-1","llsjsmz":"19","llsjsmhf":"0.03","mjsjhj":"1","mjsjgjsd":"1","zlsjmfz":"13","zlsjmfhf":"0.04","sjgjl":"1","pjsh":"55","gjsd":"121/129/169","gjms":"1.4","gjsh":"60-62","gjjl":"128/128/128","wlhj":"4.94","wlshkx":"10%","mfshkx":"25%","minitb":"http://www.dota2.com.cn/images/heroes/sven_icon.png"},"skillList":[{"id":357,"zwm":"斯温","jnmc":"风暴之锤","jntb":"http://www.dota2.com.cn/images/heroes/abilities/sven_storm_bolt_hp1.png","jnms":"斯温用他充满魔力的手套对敌人造成伤害和眩晕。","mftb":"http://www.dota2.com.cn/style/../images/info1301/ico2.gif","mfxh":"140","lqtb":"http://www.dota2.com.cn/style/../images/info1301/ico2.gif","lqsj":"13","jnxg":"<span class=\"color_white\">技能：</span>单位目标|<span class=\"color_white\">攻击力：</span>100/175/250/325|<span class=\"color_white\">影响：</span>敌方单位|<span class=\"color_white\">伤害类型：</span>魔法|<span class=\"color_white\">作用范围：</span>255|<span class=\"color_white\">无视技能免疫：</span>否","jnsp":"http://dota2.dl.wanmei.com/dota2/video/abilities/sven_storm_hammer_creeps.mp4","spms":"流浪剑客从他父亲的学校里取得的精铁护手能对敌人造成致命打击。","djjd":"1,3,5,7","ewms":""},{"id":358,"zwm":"斯温","jnmc":"巨力挥舞","jntb":"http://www.dota2.com.cn/images/heroes/abilities/sven_great_cleave_hp1.png","jnms":"斯温以巨力攻击，并对所有附近的敌方单位造成分裂攻击伤害。","mftb":"","mfxh":"0","lqtb":"","lqsj":"0","jnxg":"<span class=\"color_white\">技能：</span>被动|<span class=\"color_white\">作用范围：</span>300|<span class=\"color_white\">无视技能免疫：</span><span class=\"color_green\">是</span>|<span class=\"color_white\">溅射伤害：</span>30/42/54/66%","jnsp":"http://dota2.dl.wanmei.com/dota2/video/abilities/sven_great_cleave.mp4","spms":"守夜骑士团仍然在试图从斯温那里取回被偷走的弃誓之刃，一把能斩开低级勇士的利剑。","djjd":"12,13,14,15","ewms":"溅射伤害会根据护甲类型有所减少，但是与护甲数值无关。<br/>溅射伤害无视魔法免疫。<br/>溅射攻击将对斯温前方的圆形区域。"},{"id":359,"zwm":"斯温","jnmc":"战吼","jntb":"http://www.dota2.com.cn/images/heroes/abilities/sven_warcry_hp1.png","jnms":"斯温的战吼激励着同伴作战，提升他们的护甲和移动速度，持续8秒。","mftb":"http://www.dota2.com.cn/style/../images/info1301/ico2.gif","mfxh":"25/25/25/25","lqtb":"http://www.dota2.com.cn/style/../images/info1301/ico2.gif","lqsj":"32/26/20/14","jnxg":"<span class=\"color_white\">技能：</span>无目标|<span class=\"color_white\">护甲提升：</span>5/10/15/20|<span class=\"color_white\">速度提升：</span>12%|<span class=\"color_white\">作用范围：</span>900|<span class=\"color_white\">持续时间：</span>8","jnsp":"http://dota2.dl.wanmei.com/dota2/video/abilities/sven_warcry_running.mp4","spms":"吟诵守夜人法典的句子能够强化斯温对其流浪法则的遵从。太有诗意了！","djjd":"4,8,9,10","ewms":"与其他提升护甲和速度的技能完全叠加。"},{"id":360,"zwm":"斯温","jnmc":"神之力量","jntb":"http://www.dota2.com.cn/images/heroes/abilities/sven_gods_strength_hp1.png","jnms":"斯温爆发出他流浪剑客的力量，获得25秒的攻击力提升。 可用神杖升级。","mftb":"http://www.dota2.com.cn/style/../images/info1301/ico2.gif","mfxh":"100/150/200","lqtb":"http://www.dota2.com.cn/style/../images/info1301/ico2.gif","lqsj":"80","jnxg":"<span class=\"color_white\">技能：</span>无目标|<span class=\"color_white\">攻击力加成：</span>100%/150%/200%|<span class=\"color_green\">神杖升级队光环范围：</span>900|<span class=\"color_green\">神杖升级队友攻击力加成：</span>50%/75%/100%","jnsp":"http://dota2.dl.wanmei.com/dota2/video/abilities/sven_god_s_strength.mp4","spms":"凭借能够击碎神圣之盔的力量，流浪剑客在近身肉搏中未尝一败。","djjd":"6,11,16","ewms":"额外攻击力是基于斯温的基础攻击力和主属性数值。"}],"qqzbList":[{"goods":{"id":36,"bigtype":"基础物品","type":"奥术","wpmc":"魔棒","wppz":"1","wptp":"http://www.dota2.com.cn/images/items/magic_stick_lg.png","jgtb":"http://www.dota2.com.cn/images/info1301/tit_img07.gif","jg":"200","wpjs":"一个简易但实用的魔杖，能够补充使用者的能量--巫师学徒和高级术士都喜欢。","wpzyms":"","wpsyff":"主动：充能 - 每当周围有敌人施放技能都会自动充能（最多10点能量）。当使用时，每点能量为你回复生命值和魔法值。","wpxg":"每点能量回复：<span class=\"color_yellow\">15</span>","lqsjtb":"http://www.dota2.com.cn/images/info1301/ico2.gif","lqsj":"13","mfxhtb":"","mfxh":"","qzwptb":"","wpzyms2":"1200码视野范围内敌人使用技能就会获得点数。<br>部分英雄技能和物品技能的施放将不会增加点数。","item_en":"magic_stick"},"count":1},{"goods":{"id":51,"bigtype":"升级物品","type":"普通","wpmc":"护腕","wppz":"2","wptp":"http://www.dota2.com.cn/images/items/bracer_lg.png","jgtb":"http://www.dota2.com.cn/images/info1301/tit_img07.gif","jg":"525","wpjs":"护腕是一种常见的增强防御和延长寿命的选择。","wpzyms":"","wpsyff":"","wpxg":"+ <span class=\"color_yellow\">6</span> 力量<br/>+ <span class=\"color_yellow\">3</span> 敏捷<br/>+ <span class=\"color_yellow\">3</span> 智力<br/>+ <span class=\"color_yellow\">3</span> 攻击力","lqsjtb":"","lqsj":"","mfxhtb":"","mfxh":"","qzwptb":"","wpzyms2":"","item_en":"bracer"},"count":1},{"goods":{"id":39,"bigtype":"基础物品","type":"奥术","wpmc":"速度之靴","wppz":"1","wptp":"http://www.dota2.com.cn/images/items/boots_lg.png","jgtb":"http://www.dota2.com.cn/images/info1301/tit_img07.gif","jg":"450","wpjs":"穿双鞋子，跑的更快。","wpzyms":"移动速度提升效果不与其他鞋子叠加。","wpsyff":"","wpxg":"+ <span class=\"color_yellow\">50</span> 移动速度","lqsjtb":"","lqsj":"","mfxhtb":"","mfxh":"","qzwptb":"","wpzyms2":"","item_en":"boots"},"count":1}],"cmzbList":[{"goods":{"id":1,"bigtype":"基础物品","type":"消耗品","wpmc":"净化药水","wppz":"3","wptp":"http://www.dota2.com.cn/images/items/clarity_lg.png","jgtb":"http://www.dota2.com.cn/images/info1301/tit_img07.gif","jg":"50","wpjs":"能增强冥想能力的清水。","wpzyms":"","wpsyff":"使用：持续恢复魔法值，受攻击会驱散效果。","wpxg":"持续时间：<span class=\"color_yellow\">40</span><br/>魔法回复量：<span class=\"color_yellow\">135</span>","lqsjtb":"","lqsj":"","mfxhtb":"","mfxh":"","qzwptb":"","wpzyms2":"净化药水可以共享。","item_en":"clarity"},"count":1},{"goods":{"id":3,"bigtype":"基础物品","type":"消耗品","wpmc":"治疗药膏","wppz":"3","wptp":"http://www.dota2.com.cn/images/items/flask_lg.png","jgtb":"http://www.dota2.com.cn/images/info1301/tit_img07.gif","jg":"115","wpjs":"即使最严重的伤口也能快速治愈的魔法药膏。","wpzyms":"","wpsyff":"使用：恢复 - 持续恢复生命值，受到攻击会驱散效果。","wpxg":"持续时间：<span class=\"color_yellow\">10</span><br/>生命回复量：<span class=\"color_yellow\">400</span>","lqsjtb":"","lqsj":"","mfxhtb":"","mfxh":"","qzwptb":"","wpzyms2":"治疗药膏可以共享。","item_en":"flask"},"count":1},{"goods":{"id":3,"bigtype":"基础物品","type":"消耗品","wpmc":"治疗药膏","wppz":"3","wptp":"http://www.dota2.com.cn/images/items/flask_lg.png","jgtb":"http://www.dota2.com.cn/images/info1301/tit_img07.gif","jg":"115","wpjs":"即使最严重的伤口也能快速治愈的魔法药膏。","wpzyms":"","wpsyff":"使用：恢复 - 持续恢复生命值，受到攻击会驱散效果。","wpxg":"持续时间：<span class=\"color_yellow\">10</span><br/>生命回复量：<span class=\"color_yellow\">400</span>","lqsjtb":"","lqsj":"","mfxhtb":"","mfxh":"","qzwptb":"","wpzyms2":"治疗药膏可以共享。","item_en":"flask"},"count":1},{"goods":{"id":13,"bigtype":"基础物品","type":"属性","wpmc":"力量手套","wppz":"1","wptp":"http://www.dota2.com.cn/images/items/gauntlets_lg.png","jgtb":"http://www.dota2.com.cn/images/info1301/tit_img07.gif","jg":"150","wpjs":"带来野兽般力量的钉饰皮革手套。","wpzyms":"","wpsyff":"","wpxg":"+ <span class=\"color_yellow\">3</span> 力量","lqsjtb":"","lqsj":"","mfxhtb":"","mfxh":"","qzwptb":"","wpzyms2":"","item_en":"gauntlets"},"count":1},{"goods":{"id":13,"bigtype":"基础物品","type":"属性","wpmc":"力量手套","wppz":"1","wptp":"http://www.dota2.com.cn/images/items/gauntlets_lg.png","jgtb":"http://www.dota2.com.cn/images/info1301/tit_img07.gif","jg":"150","wpjs":"带来野兽般力量的钉饰皮革手套。","wpzyms":"","wpsyff":"","wpxg":"+ <span class=\"color_yellow\">3</span> 力量","lqsjtb":"","lqsj":"","mfxhtb":"","mfxh":"","qzwptb":"","wpzyms2":"","item_en":"gauntlets"},"count":1},{"goods":{"id":12,"bigtype":"基础物品","type":"属性","wpmc":"铁树枝干","wppz":"1","wptp":"http://www.dota2.com.cn/images/items/branches_lg.png","jgtb":"http://www.dota2.com.cn/images/info1301/tit_img07.gif","jg":"50","wpjs":"一根看起来很普通的树枝，它如铁般坚硬的品质赋予持有者好运。","wpzyms":"","wpsyff":"","wpxg":"+ <span class=\"color_yellow\">1</span> 所有属性","lqsjtb":"","lqsj":"","mfxhtb":"","mfxh":"","qzwptb":"","wpzyms2":"","item_en":"branches"},"count":1}],"adapt_type_list":[{"id":58,"zwm":"沙王","ywm":"Sand King","jc":"SK","xttx":"http://www.dota2.com.cn/images/heroes/sand_king_full.png","dttx":"http://www.dota2.com.cn/images/heroes/sand_king_vert.jpg","gjlx":"近战","yxlx":"力量","yxdw":"先手|控制|爆发","zltb":"http://www.dota2.com.cn/images/info1301/tit_img01.gif","zljc":"16","zlsj":"1.80","mjtb":"http://www.dota2.com.cn/images/info1301/tit_img02.gif","mjjc":"19","mjsj":"2.10","lltb":"http://www.dota2.com.cn/images/info1301/tit_img03.gif","lljc":"18","llsj":"2.60","gjltb":"http://www.dota2.com.cn/images/info1301/tit_img06.gif","csgjl":"25-41","ydsdtb":"http://www.dota2.com.cn/images/info1301/tit_img05.gif","csydsd":"300","hjtb":"http://www.dota2.com.cn/images/info1301/tit_img04.gif","cshj":"2.66","yxbj":"闪烁荒原的沙漠是有知觉的活物，它与自我对话，思考着只有这广阔的沙漠能包容的思想。当它必须要寻找一种和那些有限的存在交流的方式时，它解放了一块它的碎片，填入一块由狡猾的卡尔丁灯神创造的魔法甲壳中。这个存在称它自己为克里瑟历斯，意为\"沙之魂\"，不过世人都称他为沙王。沙王那巨大蛛形生物的外形源自闪烁荒地那些渺小但无处不及的居民，这身形真实地展示了他残忍的天性。沙王无法与赐予他生命的无限沙漠分开，他是这片沙漠的守卫者、战士、使节。","dj":"1|15|25","smz":"492|1184|2058","mfz":"208|536|1030","gjl":"43-59|79-95|125-141","hj":"3|7|13","syfw":"1800/800","gjfw":"128","ddsd":"N/A","jdtj1":"http://www.dota2.com.cn/images/property/add/sand_king.jpg","jdms1":"沙王的加点变化不多，主要有两种就是沙尘暴与腐蚀毒的选择。主升穿刺是毫无疑问的，这套加点选择的是沙王辅升级沙尘暴，在线上压力大的情况下，沙王可以利用沙尘暴做到躲技能压制对手。","jdtj2":null,"jdms2":null,"cmzb":"力量手套*2|治疗药膏*2|净化药水*1|铁树枝干*1","qqzb":"魔棒*1|速度之靴*1|护腕*1","hxzb":"魔杖*1|奥术鞋*1|闪烁匕首*1","hqsz":"阿哈利姆神杖*1|纷争面纱*1|刃甲*1|希瓦的守护*1|黑皇杖*1|恐鳌之心*1","ljt":"http://www.dota2.com.cn/images/property/sand_king.gif","path":"sand_king","zymc":"夜魇","zytb":"http://www.dota2.com.cn/images/heropedia/dire.jpg","yxtp":"http://www.dota2.com.cn/images/others/sand_king_big1.jpg","gjlxxj":"1","yxdwxj":"3|2|1","llsjsmz":"19","llsjsmhf":"0.03","mjsjhj":"1","mjsjgjsd":"1","zlsjmfz":"13","zlsjmfhf":"0.04","sjgjl":"1","pjsh":"51","gjsd":"119|127|169","gjms":"1.43","gjsh":"43-59","gjjl":"128|128|128","wlhj":"2","wlshkx":"13%","mfshkx":"25%","minitb":"http://www.dota2.com.cn/images/heroes/sand_king_icon.png"},{"id":79,"zwm":"斯拉达","ywm":"Slardar","jc":"大鱼人","xttx":"http://www.dota2.com.cn/images/heroes/slardar_full.png","dttx":"http://www.dota2.com.cn/images/heroes/slardar_vert.jpg","gjlx":"近战","yxlx":"力量","yxdw":"核心|耐久|控制|先手","zltb":"http://www.dota2.com.cn/images/info1301/tit_img01.gif","zljc":"15","zlsj":"1.50","mjtb":"http://www.dota2.com.cn/images/info1301/tit_img02.gif","mjjc":"17","mjsj":"2.40","lltb":"http://www.dota2.com.cn/images/info1301/tit_img03.gif","lljc":"21","llsj":"2.80","gjltb":"http://www.dota2.com.cn/images/info1301/tit_img06.gif","csgjl":"30-38","ydsdtb":"http://www.dota2.com.cn/images/info1301/tit_img05.gif","csydsd":"300","hjtb":"http://www.dota2.com.cn/images/info1301/tit_img04.gif","cshj":"5.38","yxbj":"斯拉达是个鱼人，一位深海住民，他守卫着沉没的城市和其中埋藏的古老宝藏。在海底深渊那黑暗的海沟中，鱼人守卫带着作为诱饵的光源穿梭在藏有宝物的密室中。陆地上贪婪的巫师们派下去的潜水盗贼被他看似友善的光亮吸引，然后一去不返。他对海洋绝对忠诚，沉默寡言的性格有效的隐藏了海洋最秘密场所的位置。有时他会上浮到浅海侦查，不顾光亮造成的痛苦，确保没人在对深海进行谋划。有时他会无情的追杀那些极少数设法从沉没宝库偷取了一件宝物的家伙。由于斯拉达的一生都生活在深海中，承受着海洋巨大的水压，因此鱼人守卫的力量无比强大。","dj":"1|15|25","smz":"549|1294|2206","mfz":"195|468|923","gjl":"51-59|90-98|138-148","hj":"5|10|16","syfw":"1800/800","gjfw":"128","ddsd":"N/A","jdtj1":"http://www.dota2.com.cn/images/property/add/slardar.jpg","jdms1":"鱼人守卫，曾经有一段时间风靡CW舞台，很多战队都爱使用它。有控制，够肉，打得了输出。鱼人的加点也变化不多，被动虽然imba但是鱼人蛋疼的攻击速度，前期点被动的性价比着实不高。冲锋学满反而大大增加了鱼人守卫的机动性。","jdtj2":null,"jdms2":null,"cmzb":"圆盾*1|治疗药膏*1|树之祭祀*1|净化药水*1|铁树枝干*2","qqzb":"魔棒*1|速度之靴*1|治疗指环*1","hxzb":"魔杖*1|动力鞋*1|先锋盾*1","hqsz":"黑皇杖*1|闪烁匕首*1|恐鳌之心*1|黯灭*1|强袭胸甲*1|撒旦之邪力*1","ljt":"http://www.dota2.com.cn/images/property/slardar.gif","path":"slardar","zymc":"夜魇","zytb":"http://www.dota2.com.cn/images/heropedia/dire.jpg","yxtp":"http://www.dota2.com.cn/images/others/slardar_big1.jpg","gjlxxj":"1","yxdwxj":"2|2|2|1","llsjsmz":"19","llsjsmhf":"0.03","mjsjhj":"1","mjsjgjsd":"1","zlsjmfz":"13","zlsjmfhf":"0.04","sjgjl":"1","pjsh":"55","gjsd":"117|127|175","gjms":"1.45","gjsh":"51-59","gjjl":"128|128|128","wlhj":"5","wlshkx":"24%","mfshkx":"25%","minitb":"http://www.dota2.com.cn/images/heroes/slardar_icon.png"},{"id":2,"zwm":"复仇之魂","ywm":"Vengeful Spirit","jc":"VS、仙德尔莎?丝木","xttx":"http://www.dota2.com.cn/images/heroes/vengefulspirit_full.png","dttx":"http://www.dota2.com.cn/images/heroes/vengefulspirit_vert.jpg","gjlx":"远程","yxlx":"敏捷","yxdw":"辅助|控制|对线辅助|先手","zltb":"http://www.dota2.com.cn/images/info1301/tit_img01.gif","zljc":"15","zlsj":"1.75","mjtb":"http://www.dota2.com.cn/images/info1301/tit_img02.gif","mjjc":"27","mjsj":"3.3","lltb":"http://www.dota2.com.cn/images/info1301/tit_img03.gif","lljc":"18","llsj":"2.6","gjltb":"http://www.dota2.com.cn/images/info1301/tit_img06.gif","csgjl":"12月26日","ydsdtb":"http://www.dota2.com.cn/images/info1301/tit_img05.gif","csydsd":"300","hjtb":"http://www.dota2.com.cn/images/info1301/tit_img04.gif","cshj":"3.78","yxbj":"天怒一族这种生物，即使最满足最安心的时候脾气也很暴躁，他们天生就会为了最微不足道的侮辱寻求复仇。然而复仇本来就是复仇之魂的本质所在。曾经作为一个自傲而残暴的天怒之子，仙德尔莎是苍白之巢的第一继承人，直到一个姐妹背叛了她，夺走了她的继承权.被暗杀者的陷阱困住以后，仙德尔莎以双翼为代价，逃出生天。用对于这一族最丢脸的方式：步行，颠簸逃离了。仙德尔莎明白天怒一族再也不会接受失去翅膀的她作为统治者。而且对于处于最高处的苍白之巢，没有能够飞翔的翅膀是无法接近的，她将无法碰到她的姐妹。不甘作为一个无法飞翔的废物苟活，她对于复仇的渴望超越了所有的俗世欲望，堕落的公主向女神丝奎奥克乞求：放弃了她残破的身体，化为了一种靠复仇驱动，能够对物质世界做出巨大破坏的不朽精神能量。她或许永远都不能飞翔了，但她的复仇将永远持续下去。","dj":"1|15|25","smz":"492|1184|2058","mfz":"195|514|1001","gjl":"39-53|85-99|138-152","hj":"4|10|18","syfw":"1800/800","gjfw":"400","ddsd":"1500","jdtj1":"http://www.dota2.com.cn/images/property/add/vengeful_spirit.jpg","jdms1":"这套加点主魔法箭副加恐怖波动，适合全gank位置复仇之魂选择，魔法箭等级增加伤害增加，恐怖波动减甲开视野的效果明显，前期光环提升作用并非很大。","jdtj2":null,"jdms2":null,"cmzb":"树之祭祀*1|治疗药膏*1|净化药水*1|圆环*1|动物信使*1","qqzb":"魔棒*1|速度之靴*1|天鹰之戒*1","hxzb":"魔杖*1|动力鞋*1|勇气勋章*1|侦查守卫*1|回城卷轴*1","hqsz":"阿哈利姆神杖*1|原力法杖*1|闪烁匕首*1|黯灭*1|蝴蝶*1|幻影斧*1|恐鳌之心*1|韧鼓*1|炎阳纹章*1|微光披风*1","ljt":"http://www.dota2.com.cn/images/property/vengefulspirit.gif","path":"vengeful_spirit","zymc":"天辉","zytb":"http://www.dota2.com.cn/images/heropedia/radiant.jpg","yxtp":"http://www.dota2.com.cn/images/others/vengefulspirit_big1.jpg","gjlxxj":"1","yxdwxj":"2|2|1|1","llsjsmz":"19","llsjsmhf":"0.03","mjsjhj":"1","mjsjgjsd":"1","zlsjmfz":"13","zlsjmfhf":"0.04","sjgjl":"1","pjsh":"46","gjsd":"127|166|194","gjms":"1.34","gjsh":"39-53","gjjl":"400|400|400","wlhj":"3","wlshkx":"18%","mfshkx":"25%","minitb":"http://www.dota2.com.cn/images/heroes/vengefulspirit_icon.png"},{"id":102,"zwm":"卓尔游侠","ywm":"Drow Ranger","jc":"小黑、崔希丝","xttx":"http://www.dota2.com.cn/images/heroes/drow_ranger_full.png","dttx":"http://www.dota2.com.cn/images/heroes/drow_ranger_vert.jpg","gjlx":"远程","yxlx":"敏捷","yxdw":"核心","zltb":"http://www.dota2.com.cn/images/info1301/tit_img01.gif","zljc":"15","zlsj":"1.4","mjtb":"http://www.dota2.com.cn/images/info1301/tit_img02.gif","mjjc":"26","mjsj":"1.9","lltb":"http://www.dota2.com.cn/images/info1301/tit_img03.gif","lljc":"17","llsj":"1.9","gjltb":"http://www.dota2.com.cn/images/info1301/tit_img06.gif","csgjl":"18-29","ydsdtb":"http://www.dota2.com.cn/images/info1301/tit_img05.gif","csydsd":"300","hjtb":"http://www.dota2.com.cn/images/info1301/tit_img04.gif","cshj":"0.64","yxbj":"卓尔游侠名叫崔希丝，这个名字很适合矮小、有点像侏儒、令人生厌的卓尔人。但崔希丝并不是卓尔人。她的双亲在坐大篷车旅行时受到土匪的袭击，滥杀无辜的土匪激怒了附近爱好和平的卓尔人。战斗结束后，卓尔人发现了一个藏在马车残骸中的小女孩，他们一致同意不能让这个失去父母的孩子被抛弃。还是孩童时，崔希丝就展现出了她对那些卓尔人引以为傲的技术的天赋：隐秘、沉默、敏锐。如果不看身体，在精神上她就像一个被拐走后又回到自己真正家中的卓尔人孩童。但随着她的成长，她的个头比她的家人高了不少，她因此认为自己是个丑陋的卓尔人。即使她皮肤光滑且长的匀称，完全没有卓尔人的肉疣和粗糙的髯须。与收养她的部族疏远后，她独自居住在森林中。许多在森林中寻路的旅行者都说他们见过一个美丽得难以置信的游侠在树林深处凝视他们，而当他们试图接近时，她又消失的无影无踪。轻盈、隐秘的冷美人，她像无声的迷雾般移动。你听到的森林低语，其实是她命中敌人心脏的霜冻箭矢的破空之声。","dj":"1|15|25","smz":"473|978|1719","mfz":"195|450|892","gjl":"44-55|71-82|110-121","hj":"1|4|10","syfw":"1800/1700","gjfw":"625","ddsd":"1250","jdtj1":"http://www.dota2.com.cn/images/property/add/drow_ranger.jpg","jdms1":"卓尔游侠是一名敏捷型后期英雄，卓尔游侠的加点选择也非常多，这种是前期主加冰箭的，满级冰箭50%的减速效果还是非常恶心人的，也成为前期对线的一大利器。值得注意的就是前期务必要加一点沉默，往往在击杀或者被gank时有着意想不到的效果。","jdtj2":"","jdms2":"","cmzb":"治疗药膏*1|树之祭祀*1|敏捷便鞋*2|铁树枝干*2","qqzb":"速度之靴*1|魔棒*1|怨灵系带*2","hxzb":"魔杖*1|动力鞋*1|幻影斧*1","hqsz":"影刃*1|蝴蝶*1|代达罗斯之殇*1|黑皇杖*1|撒旦之邪力*1","ljt":"http://www.dota2.com.cn/images/property/drow_ranger.gif","path":"drow_ranger","zymc":"天辉","zytb":"http://www.dota2.com.cn/images/heropedia/radiant.jpg","yxtp":"http://www.dota2.com.cn/images/others/drow_ranger_big1.jpg","gjlxxj":"1","yxdwxj":"2","llsjsmz":"19","llsjsmhf":"0.03","mjsjhj":"1","mjsjgjsd":"1","zlsjmfz":"13","zlsjmfhf":"0.04","sjgjl":"1","pjsh":"49","gjsd":"126|134|172","gjms":"1.35","gjsh":"44-55","gjjl":"625|625|625","wlhj":"0","wlshkx":"3%","mfshkx":"25%","minitb":"http://www.dota2.com.cn/images/heroes/drow_ranger_icon.png"}],"videoList":[{"id":24,"spdz":"http://dota2.dl.wanmei.com/dota2/patch/sven_basic.flv","zwm":"斯温","splx":"新手教学","createtime":null,"img":"http://www.dota2.com.cn/apps/dota2/images/video/raider/sven_basic.jpg","bfsc":"2:45","gxsj":"2013-10-30","spbb":"6.79","spdzm":"http://dota2.dl.wanmei.com/dota2/video/sven_basic.mp4"}],"recommendList":[{"id":123,"gldz":"http://www.dota2.com.cn/raiders/step/20131028/152394.shtml","tm":"大型DOTA2攻略之流浪剑客斯温","sj":"2013-10-28","zwm":"斯温","tp":"http://dota2.wanmei.com/resources/jpg/140214/10251392367374833.jpg","js":"斯温是一名守夜骑士的私生子，出生于苍白林地，成长于影承废墟。他父亲因为违背了守夜人法典而被处决，母亲又因为她的种族而被驱逐"}],"adapt_bkz_list":[{"id":36,"zwm":"狙击手","ywm":"Sniper","jc":"火枪，传说哥","xttx":"http://www.dota2.com.cn/images/heroes/sniper_full.png","dttx":"http://www.dota2.com.cn/images/heroes/sniper_vert.jpg","gjlx":"远程","yxlx":"敏捷","yxdw":"核心","zltb":"http://www.dota2.com.cn/images/info1301/tit_img01.gif","zljc":"15","zlsj":"2.6","mjtb":"http://www.dota2.com.cn/images/info1301/tit_img02.gif","mjjc":"21","mjsj":"2.5","lltb":"http://www.dota2.com.cn/images/info1301/tit_img03.gif","lljc":"16","llsj":"1.7","gjltb":"http://www.dota2.com.cn/images/info1301/tit_img06.gif","csgjl":"15-21","ydsdtb":"http://www.dota2.com.cn/images/info1301/tit_img05.gif","csydsd":"290","hjtb":"http://www.dota2.com.cn/images/info1301/tit_img04.gif","cshj":"1.94","yxbj":"卡德尔·鹰眼出生在诺伦山脉的山谷中，这里的住民从太古以来就靠猎杀居住在村庄上方悬崖上的一种奇怪生物为生，他们从远距离杀死这种叫峭壁潜行兽的生物，然后收集他们掉下来的尸体。鹰眼是这些怪异住民中其中最棒的射手之一，对他来说，枪械是他身体的一部分，射击就和触摸一样自然。在征召之日，他即将在村庄中获得完全的地位时，他经历了古老的考验：从谷底一击射下一头悬崖上的潜行兽。打空则是耻辱。在全体村民的注视下，鹰眼射击了。一头潜行兽掉下来了；人群欢呼了。但当尸体被收起时，整个村子都沉默了，长老发现子弹穿过了潜行兽中间的眼睛后，紧紧的卡在了它的下颚骨中。这个凶兆正是黑暗预言的开端所描述的，按预言中所说，射出这发子弹的枪手将成为伟大的人，但也将被流放。狙击手鹰眼因此离开了他的人民，被他自己的技术所诅咒，在剩下的预言实现前不得回来，他必须成为战场上的传说。","dj":"1|15|25","smz":"454|906|1609","mfz":"195|668|1266","gjl":"36-42|77-83|126-132","hj":"2|8|14","syfw":"1800/1000","gjfw":"550","ddsd":"3000","jdtj1":"http://www.dota2.com.cn/images/property/add/sniper.jpg","jdms1":"狙击手的加点主要有两种，主加散弹和不加散弹，这套加点是主加散弹和射程，散弹的范围伤害很高，并有减速效果还能对塔造成伤害，性价比还是很不错的。","jdtj2":null,"jdms2":null,"cmzb":"树之祭祀*1|净化药水*1|敏捷便鞋*2|铁树枝干*2","qqzb":"速度之靴*1|怨灵系带*1","hxzb":"魔杖*1|动力鞋*1|影刃*1","hqsz":"幻影斧*1|黯灭*1|蝴蝶*1|雷神之锤*1|斯嘉蒂之眼*1|撒旦之邪力*1","ljt":"http://www.dota2.com.cn/images/property/sniper.gif","path":"sniper","zymc":"天辉","zytb":"http://www.dota2.com.cn/images/heropedia/radiant.jpg","yxtp":"http://www.dota2.com.cn/images/others/sniper_big1.jpg","gjlxxj":"1","yxdwxj":"2","llsjsmz":"19","llsjsmhf":"0.03","mjsjhj":"1","mjsjgjsd":"1","zlsjmfz":"13","zlsjmfhf":"0.04","sjgjl":"1","pjsh":"39","gjsd":"121|133|191","gjms":"1.4","gjsh":"36-42","gjjl":"550|550|550","wlhj":"1","wlshkx":"10%","mfshkx":"25%","minitb":"http://www.dota2.com.cn/images/heroes/sniper_icon.png"},{"id":102,"zwm":"卓尔游侠","ywm":"Drow Ranger","jc":"小黑、崔希丝","xttx":"http://www.dota2.com.cn/images/heroes/drow_ranger_full.png","dttx":"http://www.dota2.com.cn/images/heroes/drow_ranger_vert.jpg","gjlx":"远程","yxlx":"敏捷","yxdw":"核心","zltb":"http://www.dota2.com.cn/images/info1301/tit_img01.gif","zljc":"15","zlsj":"1.4","mjtb":"http://www.dota2.com.cn/images/info1301/tit_img02.gif","mjjc":"26","mjsj":"1.9","lltb":"http://www.dota2.com.cn/images/info1301/tit_img03.gif","lljc":"17","llsj":"1.9","gjltb":"http://www.dota2.com.cn/images/info1301/tit_img06.gif","csgjl":"18-29","ydsdtb":"http://www.dota2.com.cn/images/info1301/tit_img05.gif","csydsd":"300","hjtb":"http://www.dota2.com.cn/images/info1301/tit_img04.gif","cshj":"0.64","yxbj":"卓尔游侠名叫崔希丝，这个名字很适合矮小、有点像侏儒、令人生厌的卓尔人。但崔希丝并不是卓尔人。她的双亲在坐大篷车旅行时受到土匪的袭击，滥杀无辜的土匪激怒了附近爱好和平的卓尔人。战斗结束后，卓尔人发现了一个藏在马车残骸中的小女孩，他们一致同意不能让这个失去父母的孩子被抛弃。还是孩童时，崔希丝就展现出了她对那些卓尔人引以为傲的技术的天赋：隐秘、沉默、敏锐。如果不看身体，在精神上她就像一个被拐走后又回到自己真正家中的卓尔人孩童。但随着她的成长，她的个头比她的家人高了不少，她因此认为自己是个丑陋的卓尔人。即使她皮肤光滑且长的匀称，完全没有卓尔人的肉疣和粗糙的髯须。与收养她的部族疏远后，她独自居住在森林中。许多在森林中寻路的旅行者都说他们见过一个美丽得难以置信的游侠在树林深处凝视他们，而当他们试图接近时，她又消失的无影无踪。轻盈、隐秘的冷美人，她像无声的迷雾般移动。你听到的森林低语，其实是她命中敌人心脏的霜冻箭矢的破空之声。","dj":"1|15|25","smz":"473|978|1719","mfz":"195|450|892","gjl":"44-55|71-82|110-121","hj":"1|4|10","syfw":"1800/1700","gjfw":"625","ddsd":"1250","jdtj1":"http://www.dota2.com.cn/images/property/add/drow_ranger.jpg","jdms1":"卓尔游侠是一名敏捷型后期英雄，卓尔游侠的加点选择也非常多，这种是前期主加冰箭的，满级冰箭50%的减速效果还是非常恶心人的，也成为前期对线的一大利器。值得注意的就是前期务必要加一点沉默，往往在击杀或者被gank时有着意想不到的效果。","jdtj2":"","jdms2":"","cmzb":"治疗药膏*1|树之祭祀*1|敏捷便鞋*2|铁树枝干*2","qqzb":"速度之靴*1|魔棒*1|怨灵系带*2","hxzb":"魔杖*1|动力鞋*1|幻影斧*1","hqsz":"影刃*1|蝴蝶*1|代达罗斯之殇*1|黑皇杖*1|撒旦之邪力*1","ljt":"http://www.dota2.com.cn/images/property/drow_ranger.gif","path":"drow_ranger","zymc":"天辉","zytb":"http://www.dota2.com.cn/images/heropedia/radiant.jpg","yxtp":"http://www.dota2.com.cn/images/others/drow_ranger_big1.jpg","gjlxxj":"1","yxdwxj":"2","llsjsmz":"19","llsjsmhf":"0.03","mjsjhj":"1","mjsjgjsd":"1","zlsjmfz":"13","zlsjmfhf":"0.04","sjgjl":"1","pjsh":"49","gjsd":"126|134|172","gjms":"1.35","gjsh":"44-55","gjjl":"625|625|625","wlhj":"0","wlshkx":"3%","mfshkx":"25%","minitb":"http://www.dota2.com.cn/images/heroes/drow_ranger_icon.png"},{"id":64,"zwm":"美杜莎","ywm":"Medusa","jc":"1姐","xttx":"http://www.dota2.com.cn/images/heroes/medusa_full.png","dttx":"http://www.dota2.com.cn/images/heroes/medusa_vert.jpg","gjlx":"远程","yxlx":"敏捷","yxdw":"核心","zltb":"http://www.dota2.com.cn/images/info1301/tit_img01.gif","zljc":"19","zlsj":"1.85","mjtb":"http://www.dota2.com.cn/images/info1301/tit_img02.gif","mjjc":"20","mjsj":"2.5","lltb":"http://www.dota2.com.cn/images/info1301/tit_img03.gif","lljc":"14","llsj":"1.65","gjltb":"http://www.dota2.com.cn/images/info1301/tit_img06.gif","csgjl":"24-30","ydsdtb":"http://www.dota2.com.cn/images/info1301/tit_img05.gif","csydsd":"290","hjtb":"http://www.dota2.com.cn/images/info1301/tit_img04.gif","cshj":"1.8","yxbj":"无上的力量即为绝伦的美貌。美杜莎的心中一直靠着这样的想法得以慰藉——她在蛇发女妖三姐妹中年纪最小，也是海洋女神的女儿中最为可人的尤物——因为只有她跟姐妹们不一样，她是凡人。这反而救了她的命，那一天，一群蒙面之徒侵入了蛇发女妖居住的领域，将她两个不朽之身的姐姐从家里拖走，对她们的美貌还是泪水都无动于衷。其中一个入侵者也抓住了美杜莎，但是厌恶地看了一眼后就推向了一旁：\"这女的散发着凡胎的臭味。我们可不要。\"美杜莎受尽了凌辱，满腔愤懑地逃向了母亲所在的神庙，在女神面前哭诉自己的遭遇。\"您拒绝赐予我永生—因此我乞求您，赐予我力量！有了力量我就可以去拯救姐姐们，为受到的不公复仇！\"经过长时间的考虑，女神接受了她女儿的请求，美杜莎无与伦比的娇美相貌变成了象征着可怕力量的脸孔。但是她一刻也没有对自己的抉择后悔。她明白，睥睨万物才是值得拥有的美貌—这才是能够改变世界的力量。","dj":"1|15|25","smz":"416|855|1548","mfz":"247|584|1084","gjl":"44-50|79-85|124-130","hj":"2|7|13","syfw":"1800/800","gjfw":"600","ddsd":"1200","jdtj1":"http://www.dota2.com.cn/images/property/add/medusa.jpg","jdms1":"这是一种刷钱流打法的美杜莎加点，前期对秘术异蛇这个技能理解深刻的玩家可以很好的在线上补刀和压制。不过在有人保护的情况下前期不建议使用秘术异蛇，对控线不利。前期美杜莎没有多少输出能力，所以分裂箭可以暂时不学。","jdtj2":"","jdms2":"","cmzb":"敏捷便鞋*2|树之祭祀*1|治疗药膏*1|净化药水*1|铁树枝干*1","qqzb":"魔棒*1|速度之靴*1|天鹰之戒*1","hxzb":"魔杖*1|相位鞋*1|林肯法球*1|","hqsz":"幻影斧*1|蝴蝶*1|邪恶镰刀*1|撒旦之邪力*1|斯嘉蒂之眼*1","ljt":"http://www.dota2.com.cn/images/property/medusa.gif","path":"medusa","zymc":"夜魇","zytb":"http://www.dota2.com.cn/images/heropedia/dire.jpg","yxtp":"http://www.dota2.com.cn/images/others/medusa_big1.jpg","gjlxxj":"1","yxdwxj":"3","llsjsmz":"19","llsjsmhf":"0.03","mjsjhj":"1","mjsjgjsd":"1","zlsjmfz":"13","zlsjmfhf":"0.04","sjgjl":"1","pjsh":"47","gjsd":"120|130|180","gjms":"1.42","gjsh":"44-50","gjjl":"600|600|600","wlhj":"1","wlshkx":"9%","mfshkx":"25%","minitb":"http://www.dota2.com.cn/images/heroes/medusa_icon.png"},{"id":69,"zwm":"冥界亚龙","ywm":"Viper","jc":"VIP，毒龙","xttx":"http://www.dota2.com.cn/images/heroes/viper_full.png","dttx":"http://www.dota2.com.cn/images/heroes/viper_vert.jpg","gjlx":"远程","yxlx":"敏捷","yxdw":"核心|耐久","zltb":"http://www.dota2.com.cn/images/info1301/tit_img01.gif","zljc":"15","zlsj":"1.8","mjtb":"http://www.dota2.com.cn/images/info1301/tit_img02.gif","mjjc":"21","mjsj":"2.9","lltb":"http://www.dota2.com.cn/images/info1301/tit_img03.gif","lljc":"20","llsj":"1.9","gjltb":"http://www.dota2.com.cn/images/info1301/tit_img06.gif","csgjl":"23-25","ydsdtb":"http://www.dota2.com.cn/images/info1301/tit_img05.gif","csydsd":"285","hjtb":"http://www.dota2.com.cn/images/info1301/tit_img04.gif","cshj":"1.94","yxbj":"一个暴虐凶残的巫师捕获了蝮蛇，希望驯服它作为自己的凶狠宠物，好奇的蝮蛇很乐意被带离那封闭不化的三途川，那是一块在地壳滑移中被封闭的幽冥龙穴，它的种族在那里已经居住了成千上万年。蝮蛇一开始还试着花时间来理解并服从巫师的命令，希望能学到他最高超的黑暗魔法。但它很快就发现，没有多少咒语比它与生俱来的毒液更致命。蝮蛇流出的酸液很快就腐蚀掉了它笼子上的铁柱，冥界亚龙挣脱出了巫师的囚禁，将它的毒液喷在了老巫师眼睛里杀死了它，蝮蛇翱翔在空中，向世界宣告它的来临。","dj":"1|15|25","smz":"530|1035|1776","mfz":"195|523|1017","gjl":"44-46|85-87|134-136","hj":"2|7|13","syfw":"1800/800","gjfw":"575","ddsd":"1200","jdtj1":"http://www.dota2.com.cn/images/property/add/viper.jpg","jdms1":"由于手动施放毒性攻击可以无仇恨地消耗对手，冥界亚龙一般都会选择在5级时将一技能加到3级。此时的毒性攻击没有CD，搭配合理的走位有很大机会单杀对手。副加的技能可以根据局势在幽冥剧毒（重视输出）和毒性皮肤（重视生存）中选择。如果采用强调输出的打法，可以在3级毒性攻击之后主加幽冥剧毒。升级蝮蛇突袭可以显著缩短技能CD，因此有大点大基本没有争议。最后，亚龙的技能成长性较好，常规打法倾向于主动GANK，前期中期都不推荐以补黄点的方式撑高属性。","jdtj2":null,"jdms2":null,"cmzb":"树之祭祀*1|敏捷便鞋*2|治疗药膏*1|铁树枝干*2","qqzb":"魔棒*1|速度之靴*1|怨灵系带*1|怨灵系带*1","hxzb":"魔杖*1|动力鞋*1|先锋盾*1","hqsz":"幻影斧*1|黑皇杖*1|金箍棒*1|影刃*1|蝴蝶*1|紫怨*1","ljt":"http://www.dota2.com.cn/images/property/viper.gif","path":"viper","zymc":"夜魇","zytb":"http://www.dota2.com.cn/images/heropedia/dire.jpg","yxtp":"http://www.dota2.com.cn/images/others/viper_big1.jpg","gjlxxj":"1","yxdwxj":"1|1","llsjsmz":"19","llsjsmhf":"0.03","mjsjhj":"1","mjsjgjsd":"1","zlsjmfz":"13","zlsjmfhf":"0.04","sjgjl":"1","pjsh":"45","gjsd":"121|131|181","gjms":"1.4","gjsh":"44-46","gjjl":"575|575|575","wlhj":"1","wlshkx":"10%","mfshkx":"25%","minitb":"http://www.dota2.com.cn/images/heroes/viper_icon.png"},{"id":47,"zwm":"力丸","ywm":"Riki","jc":"隐刺","xttx":"http://www.dota2.com.cn/images/heroes/riki_full.png","dttx":"http://www.dota2.com.cn/images/heroes/riki_vert.jpg","gjlx":"近战","yxlx":"敏捷","yxdw":"核心|逃生","zltb":"http://www.dota2.com.cn/images/info1301/tit_img01.gif","zljc":"14","zlsj":"1.3","mjtb":"http://www.dota2.com.cn/images/info1301/tit_img02.gif","mjjc":"34","mjsj":"2.9","lltb":"http://www.dota2.com.cn/images/info1301/tit_img03.gif","lljc":"17","llsj":"2","gjltb":"http://www.dota2.com.cn/images/info1301/tit_img06.gif","csgjl":"14-18","ydsdtb":"http://www.dota2.com.cn/images/info1301/tit_img05.gif","csydsd":"300","hjtb":"http://www.dota2.com.cn/images/info1301/tit_img04.gif","cshj":"5.76","yxbj":"力丸是伟大的塔林王朝的二皇子。他有一个将会继承王位的兄长，还有一个受到百般照顾的弟弟，而作为二子的力丸，则似乎生来就是隐形人。他自己很注意培养这一项特殊才能，在一个晚上，国家被叛徒所颠覆，他的家人被屠杀，只有力丸因为隐身技能活了下来。矮小而敏捷的力丸用烟雾做掩护，无比谨慎的逃离了，他也是唯一逃脱的皇族。善于突袭的他杀出了皇家庭院，无声地切开一个又一个敌人的喉咙。不再背负皇室治国之责以后，力丸开始运用他的天赋以谋生，他成为了一名隐形刺客。现在他于无声中将敌人杀死，不断精进自己的技术，期望有一天可以能够手刃那些杀死他家人，夺走他国家的叛徒。","dj":"1|15|25","smz":"473|1005|1765","mfz":"182|419|848","gjl":"48-52|89-93|138-142","hj":"6|11|18","syfw":"1800/800","gjfw":"128","ddsd":"N/A","jdtj1":"http://www.dota2.com.cn/images/property/add/riki.jpg","jdms1":"隐形刺客的加点比较灵活，1级可以点闪烁也可以点雾，雾有沉默效果关键时刻可以用来保命。背刺前期可以只点1级也可以主升，主要依据形势而定。闪烁是优先加满的技能，做为一名刺客，这还是必须拥有的看家本领。至于大招的升级，其实可以在其他技能点满之后再升级2、3级大招。如果处于劣势可以优先考虑，毕竟缩短进入隐身的时间还是很有用的。","jdtj2":"","jdms2":"","cmzb":"树之祭祀*2|治疗药膏*1|敏捷便鞋*1|铁树枝干*3","qqzb":"魔棒*1|速度之靴*1|穷鬼盾*1","hxzb":"动力鞋*1|魔杖*1|净魂之刃*1","hqsz":"蝴蝶*1|弗拉迪米尔的祭品*1|黑皇杖*1|强袭胸甲*1|散夜对剑*1","ljt":"http://www.dota2.com.cn/images/property/riki.gif","path":"riki","zymc":"天辉","zytb":"http://www.dota2.com.cn/images/heropedia/radiant.jpg","yxtp":"http://www.dota2.com.cn/images/others/riki_big1.jpg","gjlxxj":"1","yxdwxj":"2|1","llsjsmz":"19","llsjsmhf":"0.03","mjsjhj":"1","mjsjgjsd":"1","zlsjmfz":"13","zlsjmfhf":"0.04","sjgjl":"1","pjsh":"50","gjsd":"134|146|204","gjms":"1.27","gjsh":"48-52","gjjl":"128|128|128","wlhj":"5","wlshkx":"25%","mfshkx":"25%","minitb":"http://www.dota2.com.cn/images/heroes/riki_icon.png"},{"id":41,"zwm":"冥魂大帝","ywm":"Wraith King","jc":"SNK、骷髅王","xttx":"http://www.dota2.com.cn/images/heroes/skeleton_king_full.png","dttx":"http://www.dota2.com.cn/images/heroes/skeleton_king_vert.jpg","gjlx":"近战","yxlx":"力量","yxdw":"耐久|核心|控制","zltb":"http://www.dota2.com.cn/images/info1301/tit_img01.gif","zljc":"18","zlsj":"1.60","mjtb":"http://www.dota2.com.cn/images/info1301/tit_img02.gif","mjjc":"18","mjsj":"1.70","lltb":"http://www.dota2.com.cn/images/info1301/tit_img03.gif","lljc":"22","llsj":"2.90","gjltb":"http://www.dota2.com.cn/images/info1301/tit_img06.gif","csgjl":"39-41","ydsdtb":"http://www.dota2.com.cn/images/info1301/tit_img05.gif","csydsd":"300","hjtb":"http://www.dota2.com.cn/images/info1301/tit_img04.gif","cshj":"2.52","yxbj":"奥斯塔里昂大帝那建造在敌人骸骨上的庞大帝国已经屹立了无数个年头了，他对自己的统治有着无尽的狂热，希望自己的集权统治能够永生不灭。他坚信，只要自己宫殿里的的白骨高塔建成，他就将万古不朽。然后他最终还是意识到自己这一想法的荒谬...白骨也会腐坏。出于对血肉之躯的不屑，他找到了一个更为长久的办法来维持自己的统治，冥魂之力，一种在某些黑暗生物死亡时释放出的纯粹的精神力量。出于国王的骄傲，在计划将冥魂精华灌入自己体内时，他认为最好自己也能拥有一副光耀不灭的躯体。在千年一遇的至日，冥魂之夜那一天，他启动了仪式，命令他的手下收集足够多的灵魂来完成他自己的不朽。王上终不朽，将士万骨枯。现在，冥魂大帝已不再迷恋他那闪光的王座——他拔出自己的巨剑外出征伐，被他征服的人，要献上自己无惧死亡的绝对忠诚。","dj":"1|15|25","smz":"568|1339|2270","mfz":"234|525|993","gjl":"61-63|102-104|151-153","hj":"3|6|11","syfw":"1800/800","gjfw":"128","ddsd":"N/A","jdtj1":"http://www.dota2.com.cn/images/property/add/skeleton_king.jpg","jdms1":"这是一种比较常见的骷髅王加点，骷髅是个弱智英雄，前期蓝量只够仍一次锤子，所以前期加黄点对骷髅的性价比非常高。","jdtj2":null,"jdms2":null,"cmzb":"树之祭祀*1|治疗药膏*1|净化药水*1|铁树枝干*2|压制之刃*1","qqzb":"魔棒*1|速度之靴*1|铁意头盔*1","hxzb":"魔杖*1|动力鞋*1|莫尔迪基安的臂章*1","hqsz":"黯灭*1|黑皇杖*1|强袭胸甲*1|深渊之刃*1|恐鳌之心*1|天堂之戟*1","ljt":"http://www.dota2.com.cn/images/property/skeleton_king.gif","path":"wraith_king","zymc":"夜魇","zytb":"http://www.dota2.com.cn/images/heropedia/dire.jpg","yxtp":"http://www.dota2.com.cn/images/others/skeleton_king_big1.jpg","gjlxxj":"1","yxdwxj":"3|2|2","llsjsmz":"19","llsjsmhf":"0.03","mjsjhj":"1","mjsjgjsd":"1","zlsjmfz":"13","zlsjmfhf":"0.04","sjgjl":"1","pjsh":"55","gjsd":"118|125|159","gjms":"1.44","gjsh":"54-56","gjjl":"128|128|128","wlhj":"3","wlshkx":"17%","mfshkx":"25%","minitb":"http://www.dota2.com.cn/images/heroes/skeleton_king_icon.png"},{"id":12,"zwm":"沉默术士","ywm":"Silencer","jc":"沉默、诺崇","xttx":"http://www.dota2.com.cn/images/heroes/silencer_full.png","dttx":"http://www.dota2.com.cn/images/heroes/silencer_vert.jpg","gjlx":"远程","yxlx":"智力","yxdw":"辅助|核心|先手","zltb":"http://www.dota2.com.cn/images/info1301/tit_img01.gif","zljc":"27","zlsj":"2.5","mjtb":"http://www.dota2.com.cn/images/info1301/tit_img02.gif","mjjc":"16","mjsj":"2.1","lltb":"http://www.dota2.com.cn/images/info1301/tit_img03.gif","lljc":"17","llsj":"2.2","gjltb":"http://www.dota2.com.cn/images/info1301/tit_img06.gif","csgjl":"16-30","ydsdtb":"http://www.dota2.com.cn/images/info1301/tit_img05.gif","csydsd":"295","hjtb":"http://www.dota2.com.cn/images/info1301/tit_img04.gif","cshj":"1.24","yxbj":"作为一支精心呵护的传承血脉中第七代也是最后一代的成员，诺崇从小就被一个叫做风蚀之寒的古老组织抚养，为的是让他成为世界上技艺空前的大魔法师。他就是预言中那个天选者，两百年来，先人在配偶和繁衍时谨慎无比，积累了数代的优秀血统，就是要培养出一个能够为组织带来无上荣誉的战斗法师，同时，毁灭他们的死敌：教会骑士团。组织在哈扎达尔废墟旁的山上的一个隐秘营地中抚养着一群和诺崇一样年轻的法师，导师们一直在等着诺崇展现自己独特的天赋。然而，就当其他学徒都开始施展并提升自己的火系、冰系、变形系魔法的时候，诺崇仍然是沉默的坐在那里，其貌不扬，连变形术都不会。随着最终考核日的临近，他身上仍然一点魔力都没有。导师们厌恶地斥责了他，其他人则大声的嘲笑着。“你根本不是法师。”组织的领袖大声的宣布。然而，诺崇并没有灰溜溜的走掉。他进入了比赛场，俯视着那些嘲笑他的年轻法师们，随后，他让这些人以及他们的导师们明白了一个重要的道理：魔法之极，唯寂方至。诺崇将那些所谓的天才法师们一个接一个的沉默，让他们不得不和他近身搏斗，直到最后，赛场中站着的只有他一个人，正如预言所说，他是风蚀之寒的首席法师。随后，他走出群山，走进大陆，现在的他有一个全新的名字：沉默术士，一切魔法，遭遇了他，都将归于寂静。","dj":"1|15|25","smz":"473|1058|1856","mfz":"351|806|1391","gjl":"43-57|78-92|123-137","hj":"1|5|11","syfw":"1800/800","gjfw":"600","ddsd":"1000","jdtj1":"http://www.dota2.com.cn/images/property/add/silencer.jpg","jdms1":"主静默诅咒的沉默在之前版本中一直是主流加点方式，线上强大的压制力，对于技能cd长，蓝量少的英雄来说简直犹如噩梦。最后遗言在团战中也能发挥出重要作用，应注意用来干扰敌方关键英雄的技能combo。同时也能弥补较晚升级智慧之刃造成的输出缺口。","jdtj2":null,"jdms2":null,"cmzb":"树之祭祀*1|治疗药膏*1|净化药水*1|圆环*1|智力斗篷*1","qqzb":"速度之靴*1|魔棒*1|空灵挂件*1|回城卷轴*1","hxzb":"动力鞋*1|原力法杖*1|魔杖*1|梅肯斯姆*1|回城卷轴*1","hqsz":"邪恶镰刀*1|阿托斯之棍*1|希瓦的守护*1|Eul的神圣法杖*1|紫怨*1|黑皇杖*1","ljt":"http://www.dota2.com.cn/images/property/silencer.gif","path":"silencer","zymc":"天辉","zytb":"http://www.dota2.com.cn/images/heropedia/radiant.jpg","yxtp":"http://www.dota2.com.cn/images/others/silencer_big1.jpg","gjlxxj":"1","yxdwxj":"1|1|1","llsjsmz":"19","llsjsmhf":"0.03","mjsjhj":"1","mjsjgjsd":"1","zlsjmfz":"13","zlsjmfhf":"0.04","sjgjl":"1","pjsh":"50","gjsd":"116|124|166","gjms":"1.47","gjsh":"43-57","gjjl":"600|600|600","wlhj":"1","wlshkx":"6%","mfshkx":"25%","minitb":"http://www.dota2.com.cn/images/heroes/silencer_icon.png"},{"id":57,"zwm":"全能骑士","ywm":"Omniknight","jc":"全能","xttx":"http://www.dota2.com.cn/images/heroes/omniknight_full.png","dttx":"http://www.dota2.com.cn/images/heroes/omniknight_vert.jpg","gjlx":"近战","yxlx":"力量","yxdw":"耐久|对线辅助|辅助","zltb":"http://www.dota2.com.cn/images/info1301/tit_img01.gif","zljc":"17","zlsj":"1.80","mjtb":"http://www.dota2.com.cn/images/info1301/tit_img02.gif","mjjc":"15","mjsj":"1.75","lltb":"http://www.dota2.com.cn/images/info1301/tit_img03.gif","lljc":"20","llsj":"2.65","gjltb":"http://www.dota2.com.cn/images/info1301/tit_img06.gif","csgjl":"31-41","ydsdtb":"http://www.dota2.com.cn/images/info1301/tit_img05.gif","csydsd":"305","hjtb":"http://www.dota2.com.cn/images/info1301/tit_img04.gif","cshj":"5.1","yxbj":"普利斯特·雷霆之怒是一名见多识广、勇于拼搏、无比虔诚的骑士，他被声望极高的骑士团长老抚养长大，作为他们的贴身侍卫，立誓遵守他们的命令。他将一生都献给了全知全能的神。骑士团毕生都在进行艰苦的圣战，而普利斯特也至死不渝的履行着他的职责，奉献他的力量以及那年轻人特有的热忱，从未有过怀疑。然而，多年的远征让他的长辈和上级都已经归于尘土，带着悔恨和愧疚，被埋葬在远征路上的墓穴里，他亲如兄弟的战友，在同那些拒绝臣服于全能之神的野蛮人的战斗中陨落，而他自己的亲卫，也被伏击、瘟疫吞噬，于是他开始质疑自己誓言的意义——远征的意义。经过了深刻的冥想，他离开了他的军队，长途跋涉回到了晴雪城——传说中的圣城，在那里，他对全能之神的祭司们发出了质问。从来没有哪个骑士胆敢如此，祭司们试图将他投入献祭之渊，然而普利斯特却如山一般无法撼动。因为当他俯视着祭司时，全身闪耀着圣洁之光，祭司们看到全能之神选择了他作为其显圣之身。年长的大祭司见状，便亲自花费了数周的时间，指引他前往圣城深处的密室，世间最为圣洁之地，在那里等着他的，并不是一些充满智慧的晦涩抽象的书籍，也不是什么供人信奉的洞窟遗迹，而是全能之神本尊。神在这个密室里已经居住了千万年，并且创造了世间万物，在星球周围创造了巨大的保护外壳，抵御来自其他世界的邪恶。全能之神告诉普利斯特，他创造了世界，并且给予了教徒世间的真理。骑士没有办法驳斥这个故事。也许全能之神只是一个被关在石牢里面的骗子，根本不是什么创世者，但是全能骑士也不再质疑他的信仰。他的战斗终于有了意义，毫无疑问，他身体里面涌动着神圣的光明之力，而他在战斗中带给战友的力量，更是不容置疑。","dj":"1|15|25","smz":"530|1235|2118","mfz":"221|549|1043","gjl":"51-61|88-98|135-145","hj":"4|8|13","syfw":"1800/800","gjfw":"128","ddsd":"N/A","jdtj1":"http://www.dota2.com.cn/images/property/add/omniknight.jpg","jdms1":"不管是中单还是边路的全能骑士都是这么加点，因为这个英雄本身就是一个奶妈级别的英雄，所以这么加点不仅能保证自己的生存还能让队友有更长的生存时间。其次说一下光环和加血的取舍，基本上dota有一个共通点就是很多技能都是1级收益最大，所以一级的魔免能让你躲过对方的集火就可以了，次要升级光环是因为这个光环黏人的效果很明显，都是百分比的减少对方的攻击速度和移动速度，虽然只有300码，但是只要黏住就能给队友创造击杀的机会。","jdtj2":null,"jdms2":null,"cmzb":"治疗药膏*1|净化药水*2|铁树枝干*2|守护指环*1|树之祭祀*1","qqzb":"速度之靴*1|魔棒*1|王者之戒*1","hxzb":"灵魂之戒*1|奥术鞋*1|魔杖*1|侦查守卫*1|回城卷轴*1","hqsz":"阿哈利姆神杖*1|梅肯斯姆*1|邪恶镰刀*1|希瓦的守护*1|远行鞋*1|弗拉迪米尔的祭品*1","ljt":"http://www.dota2.com.cn/images/property/omniknight.gif","path":"omniknight","zymc":"天辉","zytb":"http://www.dota2.com.cn/images/heropedia/radiant.jpg","yxtp":"http://www.dota2.com.cn/images/others/omniknight_big1.jpg","gjlxxj":"1","yxdwxj":"2|1|1","llsjsmz":"19","llsjsmhf":"0.03","mjsjhj":"1","mjsjgjsd":"1","zlsjmfz":"13","zlsjmfhf":"0.04","sjgjl":"1","pjsh":"56","gjsd":"115|122|157","gjms":"1.48","gjsh":"51-61","gjjl":"128|128|128","wlhj":"5.1","wlshkx":"19%","mfshkx":"25%","minitb":"http://www.dota2.com.cn/images/heroes/omniknight_icon.png"}],"honorList":[{"id":49,"zwm":"斯温","msg":"暂无","createtime":null}],"adapt_zd_list":[{"id":48,"zwm":"莉娜","ywm":"Lina","jc":"火女","xttx":"http://www.dota2.com.cn/images/heroes/lina_full.png","dttx":"http://www.dota2.com.cn/images/heroes/lina_vert.jpg","gjlx":"远程","yxlx":"智力","yxdw":"爆发|控制|辅助","zltb":"http://www.dota2.com.cn/images/info1301/tit_img01.gif","zljc":"27","zlsj":"3.2","mjtb":"http://www.dota2.com.cn/images/info1301/tit_img02.gif","mjjc":"16","mjsj":"1.5","lltb":"http://www.dota2.com.cn/images/info1301/tit_img03.gif","lljc":"18","llsj":"1.5","gjltb":"http://www.dota2.com.cn/images/info1301/tit_img06.gif","csgjl":"13-31","ydsdtb":"http://www.dota2.com.cn/images/info1301/tit_img05.gif","csydsd":"295","hjtb":"http://www.dota2.com.cn/images/info1301/tit_img04.gif","cshj":"1.24","yxbj":"秀逗魔导士莉娜和她妹妹水晶室女莉莱从小就合不来，她们从童年开始就你来我往的争斗成为了当地人津津乐道的传奇故事。莉娜总是占上风，如果说水晶室女的天性纯良而诚实，那么莉娜则是火爆中带着放纵和聪慧。在两人分别用冰和火毁掉了一大半房子以后，她们气急败坏的父母终于意识到两人必须分开。作为姐姐，莉娜被送到了遥远的南方，纷争之国的燃烧沙漠，和她有耐心的姑妈一起生活，这里的气候对这位火爆的魔导士来说其实更舒服。她的到来让一潭死水的当地泛起了不小的涟漪，许多男人试图追求她，最后却拖着烧焦的手指头或者只剩半边的眉毛以及被摧毁的自信心狼狈离开。莉娜非常自信且骄傲，没有任何事物能抑制她的火焰。","dj":"1|15|25","smz":"492|891|1556","mfz":"351|933|1609","gjl":"40-58|85-103|137-155","hj":"1|4|9","syfw":"1800/800","gjfw":"650","ddsd":"900","jdtj1":"http://www.dota2.com.cn/images/property/add/lina.jpg","jdms1":"火女的光击阵的眩晕时间并不会随技能等级而提高，增加的只是伤害，所以莉娜一般以主1技能龙破斩居多，而且后者的CD时间和施法难度也小于光击阵。光击阵这个非指向性控制技需要练习几次才能掌握。值得一提的是，你可以通过按S键来取消施法动作，进而取消掉技能，在对手试图通过走位躲掉你的光击阵的时候十分有用。一级时注意先升一级光击阵配合队友。神灭斩的伤害非常高，如果你要秒掉一个英雄，请尽可能早地丢出大招，以免浪费输出。7级的火女基本上可以秒杀一个血量在800左右的敌人。","jdtj2":"","jdms2":"","cmzb":"树之祭祀*1|净化药水*2|治疗药膏*1|铁树枝干*3|动物信使*1","qqzb":"魔棒*1|速度之靴*1|护腕*1","hxzb":"魔杖*1|奥术鞋*1|闪烁匕首*1|侦查守卫*1","hqsz":"韧鼓*1|邪恶镰刀*1|血精石*1|阿哈利姆神杖*1|希瓦的守护*1|Eul的神圣法杖*1","ljt":"http://www.dota2.com.cn/images/property/lina.gif","path":"lina","zymc":"天辉","zytb":"http://www.dota2.com.cn/images/heropedia/radiant.jpg","yxtp":"http://www.dota2.com.cn/images/others/lina_big1.jpg","gjlxxj":"1","yxdwxj":"3|1|1","llsjsmz":"19","llsjsmhf":"0.03","mjsjhj":"1","mjsjgjsd":"1","zlsjmfz":"13","zlsjmfhf":"0.04","sjgjl":"1","pjsh":"49","gjsd":"116|122|152","gjms":"1.47","gjsh":"40-58","gjjl":"650|650|650","wlhj":"1","wlshkx":"6%","mfshkx":"25%","minitb":"http://www.dota2.com.cn/images/heroes/lina_icon.png"},{"id":44,"zwm":"拉席克","ywm":"Leshrac","jc":"老鹿，光鹿","xttx":"http://www.dota2.com.cn/images/heroes/leshrac_full.png","dttx":"http://www.dota2.com.cn/images/heroes/leshrac_vert.jpg","gjlx":"远程","yxlx":"智力","yxdw":"爆发|推进|控制|辅助","zltb":"http://www.dota2.com.cn/images/info1301/tit_img01.gif","zljc":"26","zlsj":"3","mjtb":"http://www.dota2.com.cn/images/info1301/tit_img02.gif","mjjc":"23","mjsj":"1.7","lltb":"http://www.dota2.com.cn/images/info1301/tit_img03.gif","lljc":"16","llsj":"1.5","gjltb":"http://www.dota2.com.cn/images/info1301/tit_img06.gif","csgjl":"15-19","ydsdtb":"http://www.dota2.com.cn/images/info1301/tit_img05.gif","csydsd":"320","hjtb":"http://www.dota2.com.cn/images/info1301/tit_img04.gif","cshj":"3.22","yxbj":"拉席克，受折磨的灵魂，是一个从人性之中被撕裂出来的存在，他身体的一半存在于物质面，另外一半存在于非物质面。他敏锐的智慧使他能觉察到任何生物心中的最细微的恐惧。作为一个曾经毕生寻求存在意义的伟大哲学家，他用时光水晶探视了人性的最深处，在那里，他被展示在他面前的神秘的丑恶永远地改变了。傲慢与自负点燃了他内心最黑暗的深渊。和其他元素生命一样，他也是个完全随天性而行的人，但他的天性中只有邪恶和恐怖。他是唯一一个看到现实世界邪恶真理的存在，对那些相信上苍会对善举做出回馈的人，拉席克无疑是最大的反面例子。","dj":"1|15|25","smz":"454|853|1518","mfz":"338|884|1534","gjl":"41-44|83-87|133-137","hj":"3|7|12","syfw":"1800/900","gjfw":"600","ddsd":"900","jdtj1":"http://www.dota2.com.cn/images/property/add/leshrac.jpg","jdms1":"光鹿可以说是现在Dota2中最炙手可热的英雄之一，关于光鹿的加点则比较多元化，前期主加晕撕裂大地的，主加恶魔赦令的，主加闪电的都有，大部分是看个人对英雄的理解和习惯，在控制多的情况下，主加撕裂大地和恶魔赦令能打出很高的爆发，这套加点前期撕裂大地只加一点，主加恶魔赦令和闪电拥有很高的爆发和推进能力，但是需要队友提供稳定的先手控制。","jdtj2":null,"jdms2":null,"cmzb":"树之祭祀*1|净化药水*2|治疗药膏*1|力量手套*1|动物信使*1","qqzb":"魔棒*1|速度之靴*1|护腕*1|侦查守卫*1","hxzb":"魔杖*1|相位鞋*1|血精石*1","hqsz":"血精石*1|黑皇杖*1|邪恶镰刀*1|阿哈利姆神杖*1|闪烁匕首*1|希瓦的守护*1","ljt":"http://www.dota2.com.cn/images/property/leshrac.gif","path":"leshrac","zymc":"夜魇","zytb":"http://www.dota2.com.cn/images/heropedia/dire.jpg","yxtp":"http://www.dota2.com.cn/images/others/leshrac_big1.jpg","gjlxxj":"1","yxdwxj":"3|3|1|1","llsjsmz":"19","llsjsmhf":"0.03","mjsjhj":"1","mjsjgjsd":"1","zlsjmfz":"13","zlsjmfhf":"0.04","sjgjl":"1","pjsh":"43","gjsd":"123|130|164","gjms":"1.38","gjsh":"41-45","gjjl":"600|600|600","wlhj":"3","wlshkx":"16%","mfshkx":"25%","minitb":"http://www.dota2.com.cn/images/heroes/leshrac_icon.png"},{"id":34,"zwm":"杰奇洛","ywm":"Jakiro","jc":"双头龙","xttx":"http://www.dota2.com.cn/images/heroes/jakiro_full.png","dttx":"http://www.dota2.com.cn/images/heroes/jakiro_vert.jpg","gjlx":"远程","yxlx":"智力","yxdw":"爆发|推进|对线辅助|控制","zltb":"http://www.dota2.com.cn/images/info1301/tit_img01.gif","zljc":"28","zlsj":"2.8","mjtb":"http://www.dota2.com.cn/images/info1301/tit_img02.gif","mjjc":"10","mjsj":"1.2","lltb":"http://www.dota2.com.cn/images/info1301/tit_img03.gif","lljc":"25","llsj":"2.3","gjltb":"http://www.dota2.com.cn/images/info1301/tit_img06.gif","csgjl":"18-26","ydsdtb":"http://www.dota2.com.cn/images/info1301/tit_img05.gif","csydsd":"290","hjtb":"http://www.dota2.com.cn/images/info1301/tit_img04.gif","cshj":"2.4","yxbj":"即使是在那些奇怪的魔法生物中，双头龙也算是一头怪物。同时拥有着冰火之力，狡黠且狂猛，被称为杰奇洛的双头龙在战场上空肆意的灼烧大地，冰封敌人，将胆敢和它对抗的任何事物变成废墟。灼霜龙族的窝中从来都是有两只幼龙。与生俱来的凶残使它们闻名于世，这一种族中，新孵化的幼龙在出生伊始就会努力的杀死自己的兄弟姐妹。强者生存。这就是灼霜龙族维系其强大力量的办法。在一次意外中，怪胎杰奇洛从一个龙蛋里孵化出来了，在这一头幼龙的身体里有着灼霜龙族所有的力量。在它那厚重的龙鳞内，蕴含着冰火之力，在这样的力量面前，随时可能丧命。","dj":"1|15|25","smz":"606|1218|2035","mfz":"364|874|1438","gjl":"46-54|85-93|133-141","hj":"2|5|9","syfw":"1800/800","gjfw":"400","ddsd":"1100","jdtj1":"http://www.dota2.com.cn/images/property/add/jakiro.jpg","jdms1":"这种复古的打法在双头龙的冰封路径重做之后成为了当下最为凶猛的加点，大范围AOE加控制型的双头龙又回来了。鉴于强大的新版冰封路径，我们完全可以把那个被动液态火放到最后去加。","jdtj2":null,"jdms2":null,"cmzb":"动物信使*1|树之祭祀*1|治疗药膏*1|净化药水*1|铁树枝干*3","qqzb":"速度之靴*1|魔棒*1|王者之戒*1","hxzb":"魔杖*1|梅肯斯姆*1|奥术鞋*1|侦查守卫*1","hqsz":"纷争面纱*1|希瓦的守护*1|邪恶镰刀*1|洞察烟斗*1|Eul的神圣法杖*1|阿哈利姆神杖*1","ljt":"http://www.dota2.com.cn/images/property/jakiro.gif","path":"jakiro","zymc":"天辉","zytb":"http://www.dota2.com.cn/images/heropedia/radiant.jpg","yxtp":"http://www.dota2.com.cn/images/others/jakiro_big1.jpg","gjlxxj":"1","yxdwxj":"2|2|2|1","llsjsmz":"19","llsjsmhf":"0.03","mjsjhj":"1","mjsjgjsd":"1","zlsjmfz":"13","zlsjmfhf":"0.04","sjgjl":"1","pjsh":"50","gjsd":"110|115|139","gjms":"1.55","gjsh":"46-54","gjjl":"400|400|400","wlhj":"2","wlshkx":"12%","mfshkx":"25%","minitb":"http://www.dota2.com.cn/images/heroes/jakiro_icon.png"},{"id":42,"zwm":"昆卡","ywm":"Kunkka","jc":"船长","xttx":"http://www.dota2.com.cn/images/heroes/kunkka_full.png","dttx":"http://www.dota2.com.cn/images/heroes/kunkka_vert.jpg","gjlx":"近战","yxlx":"力量","yxdw":"控制|先手|核心|耐久","zltb":"http://www.dota2.com.cn/images/info1301/tit_img01.gif","zljc":"18","zlsj":"1.50","mjtb":"http://www.dota2.com.cn/images/info1301/tit_img02.gif","mjjc":"14","mjsj":"1.30","lltb":"http://www.dota2.com.cn/images/info1301/tit_img03.gif","lljc":"24","llsj":"3.00","gjltb":"http://www.dota2.com.cn/images/info1301/tit_img06.gif","csgjl":"26-36","ydsdtb":"http://www.dota2.com.cn/images/info1301/tit_img05.gif","csydsd":"300","hjtb":"http://www.dota2.com.cn/images/info1301/tit_img04.gif","cshj":"1.96","yxbj":"洪流恶魔一直都在计划抢夺人类的土地，而作为强大的铁帆海军的舰队指挥官，昆卡则担负着守卫他祖国小岛的使命。在恶魔多年的小规模突击和越来越大胆的毁灭性攻击后，恶魔的舰队终于包围了战栗之岛。绝望之下，铁帆舰队的魔法师使用了自杀性的终极杀招，召唤了一群不分敌我的先祖灵魂来保护舰队。这刚好能够扭转与恶魔对峙的局势。昆卡看着他的战舰一艘接一艘被击沉的同时，先祖也在慢慢消耗掉恶魔的舰队，这让他感到很满意。但在战斗最激烈的时候，人类、恶魔、先祖灵魂的冲突惹恼了沉睡在深海的第四股势力。残留不多的舰队旁喷出了高耸的海浪，深渊触手——麦尔朗恩在战场中出现了。他的触须在船只间移动，把人类和恶魔的舰船拖卷在一起，水和风被搅动成狂怒的混沌。没有人能说清那场严酷的风暴中到底发生了什么。洪流恶魔放弃了进攻，怒吼着逃入了虚空。昆卡则晋升为海军上将，但他只有一艘船，一艘不断重演它最终毁灭场面的幽灵船。然而谁都说不准他是否还活着。即使是麦尔朗恩的召唤者潮汐猎人，也不能确定。","dj":"1|15|25","smz":"606|1404|2354","mfz":"234|507|962","gjl":"50-60|92-102|142-152","hj":"2|5|9","syfw":"1800/800","gjfw":"128","ddsd":"N/A","jdtj1":"http://www.dota2.com.cn/images/property/add/kunkka.jpg","jdms1":"这种加点是船长高伤害的加点方式，因为4级的洪流能减速4秒，如果释放的准确的话能够配合队友很好的击杀对面英雄。当然也有人喜欢主加潮汐使者也就是大家所说的水刀。这个加点可以很好的消耗对方的血量，这两种加点都可以的。主要是后面的标记需要在8级的时候加两点，这个时候大家等级都不是很低了，保命技能和保命装备也多了，配合标记能让你的洪流成为必中的技能，所以这个时候主加洪流就体现了它的优势了。","jdtj2":null,"jdms2":null,"cmzb":"净化药水*1|树之祭祀*1|治疗药膏*1|力量手套*2|铁树枝干*1","qqzb":"速度之靴*1|魔棒*1|护腕*1|治疗指环*1","hxzb":"相位鞋*1|魔杖*1|先锋盾*1|影刃*1","hqsz":"黑皇杖*1|代达罗斯之殇*1|强袭胸甲*1|恐鳌之心*1|狂战斧*1","ljt":"http://www.dota2.com.cn/images/property/kunkka.gif","path":"kunkka","zymc":"天辉","zytb":"http://www.dota2.com.cn/images/heropedia/radiant.jpg","yxtp":"http://www.dota2.com.cn/images/others/kunkka_big1.jpg","gjlxxj":"1","yxdwxj":"1|1|1|1","llsjsmz":"19","llsjsmhf":"0.03","mjsjhj":"1","mjsjgjsd":"1","zlsjmfz":"13","zlsjmfhf":"0.04","sjgjl":"1","pjsh":"55","gjsd":"114|119|145","gjms":"1.49","gjsh":"50-60","gjjl":"128|128|128","wlhj":"1.96","wlshkx":"10%","mfshkx":"25%","minitb":"http://www.dota2.com.cn/images/heroes/kunkka_icon.png"}],"hqszList":[{"goods":{"id":46,"bigtype":"基础物品","type":"奥术","wpmc":"闪烁匕首","wppz":"1","wptp":"http://www.dota2.com.cn/images/items/blink_lg.png","jgtb":"http://www.dota2.com.cn/images/info1301/tit_img07.gif","jg":"2250","wpjs":"传说中这块大陆上来去如风的刺客使用的匕首。","wpzyms":"","wpsyff":"主动：闪烁 - 传送到最远1200距离的位置。如果受到攻击，闪烁匕首将在3秒内无法使用。","wpxg":"","lqsjtb":"http://www.dota2.com.cn/images/info1301/ico2.gif","lqsj":"12","mfxhtb":"","mfxh":"","qzwptb":null,"wpzyms2":"快速点击两次会将自己往已方泉水方向传送。","item_en":"blink"},"count":1},{"goods":{"id":68,"bigtype":"升级物品","type":"辅助","wpmc":"韧鼓","wppz":"3","wptp":"http://www.dota2.com.cn/images/items/ancient_janggo_lg.png","jgtb":"http://www.dota2.com.cn/images/info1301/tit_img07.gif","jg":"1875","wpjs":"在危难时刻能鼓舞周围人士气的遗物。","wpzyms":"同类物品光环效果不能叠加。","wpsyff":"主动：坚韧-为附近友军提供+10的攻速加成和+10%的移动速度加成。","wpxg":"+ <span class=\"color_yellow\">9</span> 所有属性<br/>+ <span class=\"color_yellow\">3</span> 攻击力<br/>光环增益攻速：<span class=\"color_yellow\">5</span><br/>移动速度提升：<span class=\"color_yellow\">5%</span>","lqsjtb":"http://www.dota2.com.cn/images/info1301/ico2.gif","lqsj":"30","mfxhtb":"","mfxh":"","qzwptb":"","wpzyms2":"","item_en":"ancient_janggo"},"count":1},{"goods":{"id":104,"bigtype":"升级物品","type":"防具","wpmc":"恐鳌之心","wppz":"4","wptp":"http://www.dota2.com.cn/images/items/heart_lg.png","jgtb":"http://www.dota2.com.cn/images/info1301/tit_img07.gif","jg":"5500","wpjs":"已经绝种的怪物的心脏，能提升携带者的耐久力。","wpzyms":"如果你的英雄最近4秒（远程英雄6秒）内受到敌方英雄或Roshan的攻击，此被动将失效。","wpsyff":"被动：生命恢复 - 每秒恢复正比于你最大生命值的生命。","wpxg":"+ <span class=\"color_yellow\">40</span> 力量<br/>+ <span class=\"color_yellow\">300</span> 生命值<br/>生命回复量：<span class=\"color_yellow\">4%</span>","lqsjtb":"http://www.dota2.com.cn/images/info1301/ico2.gif","lqsj":"6","mfxhtb":"","mfxh":"","qzwptb":null,"wpzyms2":"","item_en":"heart"},"count":1},{"goods":{"id":103,"bigtype":"升级物品","type":"防具","wpmc":"强袭胸甲","wppz":"4","wptp":"http://www.dota2.com.cn/images/items/assault_lg.png","jgtb":"http://www.dota2.com.cn/images/info1301/tit_img07.gif","jg":"5250","wpjs":"在幽冥地带的深渊锻造，这件地狱盔甲提高整支军队的护甲和攻击速度。","wpzyms":"多个强袭光环的效果不会叠加。","wpsyff":"被动：强袭光环 - 提升附近友军单位的攻击速度和护甲，削弱附近敌军的护甲。","wpxg":"+ <span class=\"color_yellow\">35</span> 攻击速度<br/>+ <span class=\"color_yellow\">10</span> 护甲<br/>光环提升攻击速度：<span class=\"color_yellow\">20</span><br/>光环提升护甲：<span class=\"color_yellow\">5</span><br/>护甲削弱：<span class=\"color_yellow\">5</span>","lqsjtb":"","lqsj":"","mfxhtb":"","mfxh":"","qzwptb":"","wpzyms2":"强袭护甲光环可以和其他类型护甲光环（王者之戒、天鹰之戒、弗拉迪米尔的祭品）叠加。","item_en":"assault"},"count":1},{"goods":{"id":106,"bigtype":"升级物品","type":"圣物","wpmc":"疯狂面具","wppz":"5","wptp":"http://www.dota2.com.cn/images/items/mask_of_madness_lg.png","jgtb":"http://www.dota2.com.cn/images/info1301/tit_img07.gif","jg":"1800","wpjs":"一旦戴上这个面具，持有者就会变成无法控制的好战分子。","wpzyms":"疯狂面具是攻击特效，不与其它攻击特效叠加。","wpsyff":"主动：狂热-攻击速度提升100，移动速度提升30%，但受到30%额外伤害。持续12秒。<br/>被动：吸血-攻击带有吸血效果。","wpxg":"吸血百分比：<span class=\"color_yellow\">20%</span>","lqsjtb":"http://www.dota2.com.cn/images/info1301/ico2.gif","lqsj":"25","mfxhtb":"http://www.dota2.com.cn/images/info1301/ico1.gif","mfxh":"25","qzwptb":null,"wpzyms2":"","item_en":"mask_of_madness"},"count":1},{"goods":{"id":90,"bigtype":"升级物品","type":"武器","wpmc":"代达罗斯之殇","wppz":"4","wptp":"http://www.dota2.com.cn/images/items/greater_crit_lg.png","jgtb":"http://www.dota2.com.cn/images/info1301/tit_img07.gif","jg":"5550","wpjs":"这件武器有着惊人的力量，即使是最强的战士也难以掌控它。","wpzyms":"","wpsyff":"被动：致命一击-普通攻击有一定概率造成致命伤害。","wpxg":"+ <span class=\"color_yellow\">81</span> 攻击力<br/>致命一击概率：<span class=\"color_yellow\">25%</span><br/>致命一击伤害：<span class=\"color_yellow\">240%</span>","lqsjtb":"","lqsj":"","mfxhtb":"","mfxh":"","qzwptb":"","wpzyms2":"","item_en":"greater_crit"},"count":1}],"hxzbList":[{"goods":{"id":50,"bigtype":"升级物品","type":"普通","wpmc":"魔杖","wppz":"2","wptp":"http://www.dota2.com.cn/images/items/magic_wand_lg.png","jgtb":"http://www.dota2.com.cn/images/info1301/tit_img07.gif","jg":"509","wpjs":"一个简易但实用的魔杖，能够补充使用者的能量--巫师学徒和高级术士都喜欢。","wpzyms":"","wpsyff":"主动：充能 - 每当周围有敌人施放技能都会自动充能（最多15点能量）。当使用时，每点能量为你回复生命值和魔法值。","wpxg":"+ <span class=\"color_yellow\">3</span> 所有属性<br/>每点能量回复：<span class=\"color_yellow\">15</span>","lqsjtb":"http://www.dota2.com.cn/images/info1301/ico2.gif","lqsj":"12","mfxhtb":"","mfxh":"","qzwptb":"","wpzyms2":"1200码视野范围内敌人使用技能就会获得点数。 <br>部分英雄技能和物品技能的施放将不会增加点数。","item_en":"magic_wand"},"count":1},{"goods":{"id":55,"bigtype":"升级物品","type":"普通","wpmc":"动力鞋","wppz":"2","wptp":"http://www.dota2.com.cn/images/items/power_treads_lg.png","jgtb":"http://www.dota2.com.cn/images/info1301/tit_img07.gif","jg":"1400","wpjs":"一双厚实的皮靴，能根据穿着者的需求切换属性。","wpzyms":"移动速度加成效果不与其他鞋类物品叠加。","wpsyff":"主动：属性切换-将附加属性在力量，敏捷以及智力三者间切换。","wpxg":"+ <span class=\"color_yellow\">50</span> 移动速度<br/>+ <span class=\"color_yellow\">8</span> 所选属性<br/>+ <span class=\"color_yellow\">25</span> 攻击速度","lqsjtb":"","lqsj":"","mfxhtb":"","mfxh":"","qzwptb":null,"wpzyms2":"","item_en":"power_treads"},"count":1},{"goods":{"id":98,"bigtype":"升级物品","type":"防具","wpmc":"黑皇杖","wppz":"4","wptp":"http://www.dota2.com.cn/images/items/black_king_bar_lg.png","jgtb":"http://www.dota2.com.cn/images/info1301/tit_img07.gif","jg":"3975","wpjs":"渗透了巨人之力的强大法杖。","wpzyms":"","wpsyff":"主动：天神下凡-魔法免疫。持续时间和冷却时间每用一次都会降低。黑皇杖会使某些大招失效。","wpxg":"+ <span class=\"color_yellow\">10</span> 力量<br/>+ <span class=\"color_yellow\">24</span> 攻击力<br/>持续时间：<span class=\"color_yellow\">10/9/8/7/6/5/4</span>","lqsjtb":"http://www.dota2.com.cn/images/info1301/ico2.gif","lqsj":"80","mfxhtb":"","mfxh":"","qzwptb":null,"wpzyms2":"不能出售。<br>使用黑皇杖可以会使部分有益状态消失。","item_en":"black_king_bar"},"count":1}],"adapt_kz_list":[{"id":67,"zwm":"米波","ywm":"Meepo","jc":"地卜","xttx":"http://www.dota2.com.cn/images/heroes/meepo_full.png","dttx":"http://www.dota2.com.cn/images/heroes/meepo_vert.jpg","gjlx":"近战","yxlx":"敏捷","yxdw":"核心|控制|先手","zltb":"http://www.dota2.com.cn/images/info1301/tit_img01.gif","zljc":"20","zlsj":"1.6","mjtb":"http://www.dota2.com.cn/images/info1301/tit_img02.gif","mjjc":"23","mjsj":"1.9","lltb":"http://www.dota2.com.cn/images/info1301/tit_img03.gif","lljc":"23","llsj":"1.6","gjltb":"http://www.dota2.com.cn/images/info1301/tit_img06.gif","csgjl":"16-22","ydsdtb":"http://www.dota2.com.cn/images/info1301/tit_img05.gif","csydsd":"305","hjtb":"http://www.dota2.com.cn/images/info1301/tit_img04.gif","cshj":"4.22","yxbj":"对我而言，生活就是你所知和所能发现的一切。当你住在裂影荒墟时，想要找到食物并不是一件容易的事。因此，你需要走捷径，你需要会忽悠，你需要对自己的能力充分了解。有些野兽能够杀掉你，那么你就需要躲开强壮的，捕杀弱小的。在荒墟之上，有过一段往事，一段对某些人意义重大的往事。曾经那里有个宫殿，他们在宫殿里面举行黑暗的仪式，非常邪恶。如果你从仪式中幸存下来，他们还会以击碎水晶的方式将你的灵魂撕裂成碎片。不过他们的艺术成就也很高，比如雕塑之类的。记住这点：如果你在某个时候发现了这些雕塑，一定把他们全拿到市场上去卖掉，然后你接下来的一周都不会饿肚子。如果你走运的话，你可能会发现影墟水晶，那赶紧找人帮你估价，多问问，总有人能帮你找到需要这玩意的疯子买主的。就算别人都不要，你也可以卖给城里的魔导师，他们喜欢这玩意。不过，不管你怎么做，一定要小心这些水晶，这玩意要是在你身上炸开，可是很疼的。","dj":"1|15|25","smz":"587|1013|1697","mfz":"260|551|1019","gjl":"39-45|66-72|105-111","hj":"4|8|13","syfw":"1800/800","gjfw":"128","ddsd":"N/A","jdtj1":"http://www.dota2.com.cn/images/property/add/meepo.jpg","jdms1":"这是目前地卜师最主流的加点路线，前期主忽悠保证高伤害高输出。被动前期点一级就已经够用了，之后优先将网升满，高等级的网对施放距离的加成对于地卜师来说还是非常重要的。大招自然不用多说，有大点大。","jdtj2":"","jdms2":"","cmzb":"树之祭祀*1|力量手套*2|治疗药膏*1|铁树枝干*2","qqzb":"治疗指环*1|魔棒*1|速度之靴*1|王者之戒*1","hxzb":"魔杖*1|动力鞋*1|梅肯斯姆*1","hqsz":"阿哈利姆神杖*1|弗拉迪米尔的祭品*1|邪恶镰刀*1|强袭胸甲*1|恐鳌之心*1|希瓦的守护*1","ljt":"http://www.dota2.com.cn/images/property/meepo.gif","path":"meepo","zymc":"夜魇","zytb":"http://www.dota2.com.cn/images/heropedia/dire.jpg","yxtp":"http://www.dota2.com.cn/images/others/meepo_big1.jpg","gjlxxj":"1","yxdwxj":"1|1|1","llsjsmz":"19","llsjsmhf":"0.03","mjsjhj":"1","mjsjgjsd":"1","zlsjmfz":"13","zlsjmfhf":"0.04","sjgjl":"1","pjsh":"42","gjsd":"123|131|169","gjms":"1.38","gjsh":"39-45","gjjl":"128|128|128","wlhj":"4","wlshkx":"20%","mfshkx":"35%","minitb":"http://www.dota2.com.cn/images/heroes/meepo_icon.png"},{"id":31,"zwm":"混沌骑士","ywm":"Chaos Knight","jc":"混沌","xttx":"http://www.dota2.com.cn/images/heroes/chaos_knight_full.png","dttx":"http://www.dota2.com.cn/images/heroes/chaos_knight_vert.jpg","gjlx":"近战","yxlx":"力量","yxdw":"核心|控制|耐久|推进","zltb":"http://www.dota2.com.cn/images/info1301/tit_img01.gif","zljc":"16","zlsj":"1.20","mjtb":"http://www.dota2.com.cn/images/info1301/tit_img02.gif","mjjc":"14","mjsj":"2.10","lltb":"http://www.dota2.com.cn/images/info1301/tit_img03.gif","lljc":"20","llsj":"2.90","gjltb":"http://www.dota2.com.cn/images/info1301/tit_img06.gif","csgjl":"29-59","ydsdtb":"http://www.dota2.com.cn/images/info1301/tit_img05.gif","csydsd":"325","hjtb":"http://www.dota2.com.cn/images/info1301/tit_img04.gif","cshj":"3.96","yxbj":"作为一名被上千个世界中无数战斗洗礼过的战斗大师，混沌骑士来自一个遥远的上层位面，在那里，宇宙的基本法则都能被直接感知到。在所有的法则中，混沌是最古老且最不知疲倦的——永无休止的搜寻着被他称为“光”的存在。很久以前,“光”违抗初始之契约离开了起源的世界，在其他世界开始了他的旅途。现在混沌骑士在一个个位面之间穿梭，无论到哪里，他永远都在搜寻然后抹杀“光”的存在 ，将其无数次的抹杀，然后进入下一个位面继续他的搜索。带着自己的铁甲战马“天劫”，带着疯狂的暴怒冲进战场，从宇宙的混乱中吸取力量。他就是混沌在物理位面的化身，并在有需要的时候他会召唤其他位面的自己，这群黑暗骑兵的齐冲如同自然之力一般无法阻挡。只有当一个世界中所有“光”的存在都被彻底消灭，他的搜寻才会结束。混沌骑士的铁蹄所到之处，死亡随之同行。","dj":"1|15|25","smz":"530|1301|2232","mfz":"208|426|842","gjl":"49-79|90-120|139-169","hj":"4|8|14","syfw":"1800/800","gjfw":"128","ddsd":"N/A","jdtj1":"http://www.dota2.com.cn/images/property/add/chaos_knight.jpg","jdms1":"这是混沌骑士最主流的加点，混沌是一名较为缺魔的英雄，所以前期除了特定的情况下，一般不会升级大招。前期一定的RP对于混沌骑士也非常重要。新改动中为混乱之箭添加了一个速度为1000的施法弹道速度，混乱之箭也不再是不可躲避的技能了。","jdtj2":null,"jdms2":null,"cmzb":"树之祭祀*1|治疗药膏*1|力量手套*1|铁树枝干*3","qqzb":"速度之靴*1|魔棒*1|护腕*1","hxzb":"动力鞋*1|魔杖*1|莫尔迪基安的臂章*1|韧鼓*1","hqsz":"辉耀*1|恐鳌之心*1|黑皇杖*1|天堂之戟*1","ljt":"http://www.dota2.com.cn/images/property/chaos_knight.gif","path":"chaos_knight","zymc":"夜魇","zytb":"http://www.dota2.com.cn/images/heropedia/dire.jpg","yxtp":"http://www.dota2.com.cn/images/others/chaos_knight_big1.jpg","gjlxxj":"1","yxdwxj":"2|2|1|1","llsjsmz":"19","llsjsmhf":"0.03","mjsjhj":"1","mjsjgjsd":"1","zlsjmfz":"13","zlsjmfhf":"0.04","sjgjl":"1","pjsh":"64","gjsd":"114|122|164","gjms":"1.49","gjsh":"49-79","gjjl":"128|128|128","wlhj":"3","wlshkx":"19%","mfshkx":"25%","minitb":"http://www.dota2.com.cn/images/heroes/chaos_knight_icon.png"},{"id":30,"zwm":"不朽尸王","ywm":"Undying","jc":"尸王","xttx":"http://www.dota2.com.cn/images/heroes/undying_full.png","dttx":"http://www.dota2.com.cn/images/heroes/undying_vert.jpg","gjlx":"近战","yxlx":"力量","yxdw":"耐久|推进|控制|先手","zltb":"http://www.dota2.com.cn/images/info1301/tit_img01.gif","zljc":"27","zlsj":"2.50","mjtb":"http://www.dota2.com.cn/images/info1301/tit_img02.gif","mjjc":"10","mjsj":"0.80","lltb":"http://www.dota2.com.cn/images/info1301/tit_img03.gif","lljc":"22","llsj":"2.10","gjltb":"http://www.dota2.com.cn/images/info1301/tit_img06.gif","csgjl":"35-43","ydsdtb":"http://www.dota2.com.cn/images/info1301/tit_img05.gif","csydsd":"310","hjtb":"http://www.dota2.com.cn/images/info1301/tit_img04.gif","cshj":"3.4","yxbj":"他残破的心，已经不再记得自己的名，也不记得已经过了多久。还依稀记得的，是盔甲，是战旗，是身边死去的兄弟。他还记得那场战役：一双给他带去痛苦和恐惧的苍白的手，将他从马上扯下。他还记得自己和兄弟们一起被扔进死亡之神那漆黑的深坑，还记得他被虚无吞噬时耳畔的挽歌。在深渊下的黑暗中，他们被时间遗弃，抛弃了思想，抛弃了理智，唯一尚存的，只有饥饿。他们以彼此残留的指甲和牙齿为食，唤醒了身体。这时挽歌传来，一开始很遥远，只是最轻微的感官体验，然后声音逐渐汇集，似乎铺天盖地永无止境，歌声似乎形成了一堵音墙，将他意识中所有想法都清除。随着自己被挽歌吞噬，他也向死亡之神张开了双臂，迎接自己的陨灭。然而死亡之神并没有选择毁掉他，而是让他投入战争，在一片惨然的虚无中，他被赋予了新的使命：让世界遍地哀鸿，让死者吞噬生命。他成为了不朽尸王，死亡之神的先驱，他的躯体永生不灭。在你的往生路上，会奏响他永恒的挽歌。","dj":"1|15|25","smz":"568|1127|1906","mfz":"351|715|1235","gjl":"57-65|86-94|127-135","hj":"3|5|9","syfw":"1800/800","gjfw":"128","ddsd":"N/A","jdtj1":"http://www.dota2.com.cn/images/property/add/undying.jpg","jdms1":"不朽尸王是一名曾经上过CW舞台的英雄，暴力速推进阵容中总是少不了尸王的存在。如今路人打法中比较普遍的是1、2对点，线上压制力较强。当然这里还是建议前期只点2级加血,3级加血抽取15个单位并不太可能。","jdtj2":null,"jdms2":null,"cmzb":"树之祭祀*2|圆盾*1|铁树枝干*3|净化药水*1","qqzb":"速度之靴*1|魔棒*1|影之灵龛*1","hxzb":"奥术鞋*1|魔杖*1|梅肯斯姆*1|侦查守卫*1","hqsz":"辉耀*1|恐鳌之心*1|刃甲*1|天堂之戟*1","ljt":"http://www.dota2.com.cn/images/property/undying.gif","path":"undying","zymc":"夜魇","zytb":"http://www.dota2.com.cn/images/heropedia/dire.jpg","yxtp":"http://www.dota2.com.cn/images/others/undying_big1.jpg","gjlxxj":"1","yxdwxj":"2|1|1|1","llsjsmz":"19","llsjsmhf":"0.03","mjsjhj":"1","mjsjgjsd":"1","zlsjmfz":"13","zlsjmfhf":"0.04","sjgjl":"1","pjsh":"61","gjsd":"110|113|129","gjms":"1.55","gjsh":"57-65","gjjl":"128|128|128","wlhj":"3","wlshkx":"16%","mfshkx":"25%","minitb":"http://www.dota2.com.cn/images/heroes/undying_icon.png"},{"id":52,"zwm":"娜迦海妖","ywm":"Naga Siren","jc":"小娜迦","xttx":"http://www.dota2.com.cn/images/heroes/naga_siren_full.png","dttx":"http://www.dota2.com.cn/images/heroes/naga_siren_vert.jpg","gjlx":"近战","yxlx":"敏捷","yxdw":"核心|控制|推进|逃生","zltb":"http://www.dota2.com.cn/images/info1301/tit_img01.gif","zljc":"18","zlsj":"1.95","mjtb":"http://www.dota2.com.cn/images/info1301/tit_img02.gif","mjjc":"21","mjsj":"2.75","lltb":"http://www.dota2.com.cn/images/info1301/tit_img03.gif","lljc":"21","llsj":"2.3","gjltb":"http://www.dota2.com.cn/images/info1301/tit_img06.gif","csgjl":"23-25","ydsdtb":"http://www.dota2.com.cn/images/info1301/tit_img05.gif","csydsd":"320","hjtb":"http://www.dota2.com.cn/images/info1301/tit_img04.gif","cshj":"5.94","yxbj":"在鱼人卫士团的誓言中，有一句誓词最广为流传：鱼人不能失败。事实上，这句话既是誓词，又是命令，所有失败的人都已经被放逐。鱼人族内不容败者。司里希丝曾经是她族群内最受尊敬的战士，多年来她一直指挥着一支军队，她最强力的武器就是她那让人畏惧的声音。强大，婉转，难以捉摸，她一直用她这一致命武器守卫着深海住民以及沉没之城中的财富。然而在克雷之役的最后一战中，在面对一帮想给他们的深渊之神献上财宝的狂热深海巨怪时，她的军队节节败退。在他们将敌人猛烈的攻击抵御下以后，开始清理战场，却发现宝藏中的镶嵌着珠宝的圣杯不见了。她的百人队中只有寥寥数人活了下来，然而同胞们的勇敢和牺牲却无关紧要了。重要的是他们的珍宝被拿走了。他们的荣誉被毁掉了。娜迦海妖被驱逐了，她被放逐去寻回失窃的圣杯。不管她能够做出多少倍的补偿，她也注定不会被原谅，除非她带回了失窃的宝藏。她所失去的荣誉，千金难抵。","dj":"1|15|25","smz":"549|1161|1978","mfz":"234|589|1102","gjl":"44-46|83-85|130-132","hj":"6|11|18","syfw":"1800/800","gjfw":"128","ddsd":"N/A","jdtj1":"http://www.dota2.com.cn/images/property/add/naga_siren.jpg","jdms1":"激流自从变成幻象也可以释放之后就成为了娜迦海妖的主加技能，当然特定情况下也有主加网或者分身的。前期幻象承受伤害过多，所以在装备没有累积之前，分身带来的增益效果不大。主激流也利于娜迦前期混线补刀拿人头。娜迦的网是无视BKB的，被网住的单位没法闪烁走，这点至关重要。","jdtj2":"","jdms2":"","cmzb":"树之祭祀*2|治疗药膏*1|敏捷便鞋*1|铁树枝干*3","qqzb":"魔棒*1|速度之靴*1|穷鬼盾*1","hxzb":"奥术鞋*1|魔杖*1|梅肯斯姆*1|","hqsz":"恐鳌之心*1|天堂之戟*1|幻影斧*1|净魂之刃*1|蝴蝶*1|","ljt":"http://www.dota2.com.cn/images/property/naga_siren.gif","path":"naga_siren","zymc":"夜魇","zytb":"http://www.dota2.com.cn/images/heropedia/dire.jpg","yxtp":"http://www.dota2.com.cn/images/others/naga_siren_big1.jpg","gjlxxj":"1","yxdwxj":"2|2|1|1","llsjsmz":"19","llsjsmhf":"0.03","mjsjhj":"1","mjsjgjsd":"1","zlsjmfz":"13","zlsjmfhf":"0.04","sjgjl":"1","pjsh":"45","gjsd":"121|132|187","gjms":"1.4","gjsh":"44-46","gjjl":"128|128|128","wlhj":"5","wlshkx":"26%","mfshkx":"25%","minitb":"http://www.dota2.com.cn/images/heroes/naga_siren_icon.png"},{"id":46,"zwm":"狼人","ywm":"Lycan","jc":"Lyc","xttx":"http://www.dota2.com.cn/images/heroes/lycan_full.png","dttx":"http://www.dota2.com.cn/images/heroes/lycan_vert.jpg","gjlx":"近战","yxlx":"力量","yxdw":"核心|打野|推进|耐久","zltb":"http://www.dota2.com.cn/images/info1301/tit_img01.gif","zljc":"17","zlsj":"1.55","mjtb":"http://www.dota2.com.cn/images/info1301/tit_img02.gif","mjjc":"16","mjsj":"1.90","lltb":"http://www.dota2.com.cn/images/info1301/tit_img03.gif","lljc":"22","llsj":"3.0","gjltb":"http://www.dota2.com.cn/images/info1301/tit_img06.gif","csgjl":"36-41","ydsdtb":"http://www.dota2.com.cn/images/info1301/tit_img05.gif","csydsd":"305","hjtb":"http://www.dota2.com.cn/images/info1301/tit_img04.gif","cshj":"3.24","yxbj":"贝恩霍勒出生在高贵的安布里家族——古老的斯洛姆王国中最伟大的贵族。在凋零之秋以前，国王的欲望愈发的奇怪，朝廷也逐渐被法师和江湖术士占领，而安布里家族则第一个起来反对王权的贪得无厌。他们不再对国王效忠，不再对国家纳贡，而是派出了一支六千人的军队去进攻王城，结果，在史称\"变节者之殇\"的大屠杀中，这些人被尽数除掉。接下来发生的就完全印证了古语中常说的：打蛇打七寸，擒贼先擒王：叛变将国王激怒了，他将安布里家族的家主和其幼子贝恩霍勒抓住，然后将所有安布里家族的人杀得一干二净。在皇家法庭的审判中，国王命令他的法师将安布里领主的幼子施法变成狼，然后咬断他父亲的喉咙。\"动手！\"国王下令，\"这样他也能尝尝被人背叛的滋味！\"强大的魔法被施放到了贝恩霍勒身上，这个孩子当时就变成了狼。然而，尽管躯体转变，他的心智尚存，他将看守撕成了碎片。为了将这只猛兽赶走，国王付出了一队骑士的生命。安布里领主在加锁中大笑着，甚至当国王将剑刺入其身体后仍狂笑不止。现在，安布里家族唯一的子嗣，贝恩霍勒，以狼人的形态游荡着，半狼半人，追寻着，他所失去的公义。","dj":"1|15|25","smz":"568|1366|2316","mfz":"221|503|965","gjl":"58-63|100-105|150-155","hj":"3|7|12","syfw":"1800/800","gjfw":"128","ddsd":"N/A","jdtj1":"http://www.dota2.com.cn/images/property/add/lycanthrope.jpg","jdms1":"这是比较主流的一套狼人加点，在没有改版之前100个狼人中有99个会选择如此加点，前期混野区，无论经验还是金钱都不会比线上来的差，狼人线上能力不强，前期在没有装备和大招的情况下，狼人很难再团战中起到作用，反而移动速度超快的召唤狼会成为将有们的噩梦。","jdtj2":null,"jdms2":null,"cmzb":"治疗药膏*1|树之祭祀*1|压制之刃*1|守护指环*1","qqzb":"速度之靴*1|弗拉迪米尔的祭品*1","hxzb":"动力鞋*1|黑皇杖*1|勇气勋章*1","hqsz":"强袭胸甲*1|黯灭*1|死灵书*1|天堂之戟*1|恐鳌之心*1|深渊之刃*1","ljt":"http://www.dota2.com.cn/images/property/lycan.gif","path":"lycan","zymc":"夜魇","zytb":"http://www.dota2.com.cn/images/heropedia/dire.jpg","yxtp":"http://www.dota2.com.cn/images/others/lycan_big1.jpg","gjlxxj":"1","yxdwxj":"2|2|2|1","llsjsmz":"19","llsjsmhf":"0.03","mjsjhj":"1","mjsjgjsd":"1","zlsjmfz":"13","zlsjmfhf":"0.04","sjgjl":"1","pjsh":"60","gjsd":"116|124|162","gjms":"1.47","gjsh":"58-63","gjjl":"128|128|128","wlhj":"3","wlshkx":"16%","mfshkx":"25%","minitb":"http://www.dota2.com.cn/images/heroes/lycan_icon.png"},{"id":104,"zwm":"灰烬之灵","ywm":"Ember Spirit","jc":"火熊猫","xttx":"http://www.dota2.com.cn/images/heroes/ember_spirit_full.png","dttx":"http://www.dota2.com.cn/images/heroes/ember_spirit_vert.jpg","gjlx":"近战","yxlx":"敏捷","yxdw":"核心|爆发","zltb":"http://www.dota2.com.cn/images/info1301/tit_img01.gif","zljc":"20","zlsj":"1.8","mjtb":"http://www.dota2.com.cn/images/info1301/tit_img02.gif","mjjc":"22","mjsj":"1.8","lltb":"http://www.dota2.com.cn/images/info1301/tit_img03.gif","lljc":"19","llsj":"2","gjltb":"http://www.dota2.com.cn/images/info1301/tit_img06.gif","csgjl":"30-34","ydsdtb":"http://www.dota2.com.cn/images/info1301/tit_img05.gif","csydsd":"310","hjtb":"http://www.dota2.com.cn/images/info1301/tit_img04.gif","cshj":"1.08","yxbj":"在燃烧要塞中有一口玉石大釜，里面装满了灰烬，这是当年的战争诗人，炘的火葬之地。炘毕生都在卫火盟教导年轻的弟子。后来燃烧之神被炘的师德所打动，下凡来到要塞中，重新点燃了灰烬。余烬之中，炘的样子渐渐成型，四周环绕着火焰。他的面容一如既往的沉静，为了让知识之火燎原，为寻求指引的人提供方向，他已准备就绪。","dj":"1|15|25","smz":"511|1043|1803","mfz":"260|588|1082","gjl":"52-56|71-81|115-119","hj":"1|5|10","syfw":"1800/800","gjfw":"128","ddsd":"N/A","jdtj1":"http://www.dota2.com.cn/images/property/ember_spirit.jpg","jdms1":"由于烈火罩能持续造成伤害，所以可以进行主升，之后升级炎阳索，提升技能伤害，有大加大，最后升级无影拳，增加中后期带线和消耗的能力。","jdtj2":"","jdms2":"","cmzb":"治疗药膏*1|净化药水*2|铁树枝干*2|圆盾*1","qqzb":"速度之靴*1|魔棒*1|影之灵龛*1","hxzb":"奥术鞋*1|魔杖*1|先锋盾*1","hqsz":"代达罗斯之殇*1|恐鳌之心*1|蝴蝶*1|雷神之锤*1|狂战斧*2","ljt":"http://www.dota2.com.cn/images/property/ember_spirit.gif","path":"ember_spirit","zymc":"天辉","zytb":"http://www.dota2.com.cn/images/heropedia/radiant.jpg","yxtp":"http://www.dota2.com.cn/images/others/ember_spirit_big1.jpg","gjlxxj":"1","yxdwxj":"1|2","llsjsmz":"19","llsjsmhf":"0.03","mjsjhj":"1","mjsjgjsd":"1","zlsjmfz":"13","zlsjmfhf":"0.04","sjgjl":"1","pjsh":"54","gjsd":"122|129|165","gjms":"1.39","gjsh":"52-56","gjjl":"128|128|128","wlhj":"1","wlshkx":"6%","mfshkx":"25%","minitb":"http://www.dota2.com.cn/images/heroes/ember_spirit_icon.png"},{"id":19,"zwm":"风暴之灵","ywm":"Storm Spirit","jc":"蓝猫","xttx":"http://www.dota2.com.cn/images/heroes/storm_spirit_full.png","dttx":"http://www.dota2.com.cn/images/heroes/storm_spirit_vert.jpg","gjlx":"远程","yxlx":"智力","yxdw":"核心|先手|逃生|控制","zltb":"http://www.dota2.com.cn/images/info1301/tit_img01.gif","zljc":"23","zlsj":"2.6","mjtb":"http://www.dota2.com.cn/images/info1301/tit_img02.gif","mjjc":"22","mjsj":"1.8","lltb":"http://www.dota2.com.cn/images/info1301/tit_img03.gif","lljc":"19","llsj":"1.5","gjltb":"http://www.dota2.com.cn/images/info1301/tit_img06.gif","csgjl":"22-32","ydsdtb":"http://www.dota2.com.cn/images/info1301/tit_img05.gif","csydsd":"285","hjtb":"http://www.dota2.com.cn/images/info1301/tit_img04.gif","cshj":"5.08","yxbj":"风暴之灵，正如其名，是狂风和暴雨的野性凝成人形的自然之力。他狂放，乐天，恣意挥洒！就像个受人喜爱的大叔一样，他给所到之处充满欢乐的能量。但事实上，创造出他的是一起灾难。几个世代前，在悲叹山脉远处的平原上，很多人正因干旱和饥荒而挨饿。一个名叫风暴烈酒的元素使，使用禁忌的咒语召唤了风暴之灵，天真的向他祈求雨水。被称为雷神的暴风雨天神对这个凡人的放肆感到愤怒，打算用狂风和洪水把这片土地化为荒地。风暴烈酒完全不是天神的对手，直到最后他用了一个自杀性的咒语，将他和雷神的命运融在了一起，他用自己的身体作为牢笼捕获了雷神。被困在一起后，风暴烈酒那无限的幽默感与雷神疯狂的能量融合了，创造了乐天的雷神·风暴烈酒，一个以物质形态行于世间的天神。","dj":"1|15|25","smz":"511|910|1575","mfz":"299|772|1370","gjl":"45-55|81-91|127-137","hj":"5|9|14","syfw":"1800/800","gjfw":"480","ddsd":"1100","jdtj1":"http://www.dota2.com.cn/images/property/add/storm_spirit.jpg","jdms1":"风暴之灵的加点比较灵活多变，完全根据使用者习惯和场上局势来选择，一种是主残影，在补刀，gank，线上压制上都有着不错的效果，而且aoe高，爆发强，适用于中路solo带节奏，或者混野区打野的风暴之灵。","jdtj2":null,"jdms2":null,"cmzb":"树之祭祀*1|治疗药膏*1|净化药水*2|智力斗篷*2","qqzb":"魔棒*1|速度之靴*1|空灵挂件*1|空灵挂件*1","hxzb":"魔杖*1|动力鞋*1|魔瓶*1","hqsz":"邪恶镰刀*1|血精石*1|林肯法球*1|黑皇杖*1|达贡之神力*1|希瓦的守护*1","ljt":"http://www.dota2.com.cn/images/property/storm_spirit.gif","path":"storm_spirit","zymc":"天辉","zytb":"http://www.dota2.com.cn/images/heropedia/radiant.jpg","yxtp":"http://www.dota2.com.cn/images/others/storm_spirit_big1.jpg","gjlxxj":"1","yxdwxj":"2|2|2|1","llsjsmz":"19","llsjsmhf":"0.03","mjsjhj":"1","mjsjgjsd":"1","zlsjmfz":"13","zlsjmfhf":"0.04","sjgjl":"1","pjsh":"50","gjsd":"122|129|165","gjms":"1.39","gjsh":"45-55","gjjl":"480|480|480","wlhj":"5","wlshkx":"23%","mfshkx":"25%","minitb":"http://www.dota2.com.cn/images/heroes/storm_spirit_icon.png"},{"id":10,"zwm":"幻影长矛手","ywm":"Phantom Lancer","jc":"猴子、阿兹瑞斯","xttx":"http://www.dota2.com.cn/images/heroes/phantom_lancer_full.png","dttx":"http://www.dota2.com.cn/images/heroes/phantom_lancer_vert.jpg","gjlx":"近战","yxlx":"敏捷","yxdw":"核心|逃生|推进","zltb":"http://www.dota2.com.cn/images/info1301/tit_img01.gif","zljc":"21","zlsj":"2.0","mjtb":"http://www.dota2.com.cn/images/info1301/tit_img02.gif","mjjc":"29","mjsj":"2.6","lltb":"http://www.dota2.com.cn/images/info1301/tit_img03.gif","lljc":"21","llsj":"1.7","gjltb":"http://www.dota2.com.cn/images/info1301/tit_img06.gif","csgjl":"22-44","ydsdtb":"http://www.dota2.com.cn/images/info1301/tit_img05.gif","csydsd":"290","hjtb":"http://www.dota2.com.cn/images/info1301/tit_img04.gif","cshj":"4.06","yxbj":"遥远的极地村庄对于王国中心地带肆虐的战火一无所知。对于那里的村民们来说，用长矛刺鱼、一家人聚餐就是生活的全部。但是战争还是到来了。征兵令传来后，出身卑微的长矛手阿兹瑞斯作为一个身体健全的士兵，加入了军队，宣誓给王国带来和平，这样做也是为了给他的村庄带来和平。他和他的族人在对抗恐怖巫师沃恩的最终进攻中被安排为前锋，这使他们付出了几乎全灭的代价。当前锋队一路战斗到敌人的堡垒下时，长矛手的族人已经只剩阿兹瑞斯一个人了，他作为最后一人，成功地潜入了巫师的城堡。族人的死激怒了阿兹瑞斯，他闯过了巫师设置的每一个死亡陷阱，打败了所有巫师召唤的幻象守卫。很快，这个出身低微的渔夫抵达了沃恩的高塔圣所。两人激战了一整晚，长矛和法杖的对决掀起了狂怒的混沌，最终在一声震耳欲聋的嘶吼中，阿兹瑞斯的长矛刺穿了巫师的身体。但是巫师并没有单纯的死去；他爆裂成无数光影的碎片，以巨大的力量穿透了杀死他的阿兹瑞斯。尘埃落定，战斗激起的烟雾散去后，阿兹瑞斯发现他站在一群他的族人之中。每个人都穿的和他一样，每个人都拿着和他一样的武器，而且他能感觉到每个人都和他在进行同样的思考。意识到王国军在接近，阿兹瑞斯希望这些幻影赶快藏起来，于是他们就一个接一个遁入了虚无。士兵们到达塔顶后发现巫师已经被阿兹瑞斯打倒了。当他们靠近这位战士时，长矛手突然消失了。刚才站在他们面前的长矛手只是一个幻影而已。真正的阿兹瑞斯早已逃离了战场，为他的怒火而羞愧，为他失去的同胞而痛心，他坚定了要用今后的战斗为村人带来和平的决心。","dj":"1|15|25","smz":"549|1001|1704","mfz":"273|637|1157","gjl":"51-73|87-109|133-155","hj":"4|9|16","syfw":"1800/800","gjfw":"128","ddsd":"N/A","jdtj1":"http://www.dota2.com.cn/images/property/add/phantom_lancer.jpg","jdms1":"猴子推荐主加灵魂之矛，其它的比较灵活，可以根据个人打法和战场局势灵活处理。不过至少要有1级的神出鬼没，关键时刻用来逃生，而且隐身升级高了之后耗蓝比较少，还是很划得来的。","jdtj2":null,"jdms2":null,"cmzb":"树之祭祀*1|治疗药膏*1|铁树枝干*3|圆盾*1","qqzb":"魔棒*1|速度之靴*1|天鹰之戒*1","hxzb":"魔杖*1|静谧之鞋*1|净魂之刃*1","hqsz":"恐鳌之心*1|幻影斧*1|蝴蝶*1|深渊之刃*1","ljt":"http://www.dota2.com.cn/images/property/phantom_lancer.gif","path":"phantom_lancer","zymc":"天辉","zytb":"http://www.dota2.com.cn/images/heropedia/radiant.jpg","yxtp":"http://www.dota2.com.cn/images/others/phantom_lancer_big1.jpg","gjlxxj":"1","yxdwxj":"2|2|1","llsjsmz":"19","llsjsmhf":"0.03","mjsjhj":"1","mjsjgjsd":"1","zlsjmfz":"13","zlsjmfhf":"0.04","sjgjl":"1","pjsh":"56","gjsd":"123|140|224","gjms":"1.38","gjsh":"51-73","gjjl":"128|128|128","wlhj":"4","wlshkx":"16%","mfshkx":"25%","minitb":"http://www.dota2.com.cn/images/heroes/phantom_lancer_icon.png"}]}