{"hero":{"id":108,"zwm":"工程师","ywm":"Techies","jc":"炸弹人、拉登","xttx":"http://www.dota2.com.cn/images/heroes/techies_full.png","dttx":"http://www.dota2.com.cn/images/heroes/techies_vert.jpg","gjlx":"远程","yxlx":"智力","yxdw":"爆发-辅助-控制","zltb":"http://www.dota2.com.cn/images/info1301/tit_img01.gif","zljc":"22","zlsj":"2.9","mjtb":"http://www.dota2.com.cn/images/info1301/tit_img02.gif","mjjc":"14","mjsj":"1.3","lltb":"http://www.dota2.com.cn/images/info1301/tit_img03.gif","lljc":"17","llsj":"2.0","gjltb":"http://www.dota2.com.cn/images/info1301/tit_img06.gif","csgjl":"7-9","ydsdtb":"http://www.dota2.com.cn/images/info1301/tit_img05.gif","csydsd":"270","hjtb":"http://www.dota2.com.cn/images/info1301/tit_img04.gif","cshj":"6.96","yxbj":"在矿工湾流传很广的冒险故事里，背负最多骂名的莫过于爆破工程师。然后，矿工湾就在人世间消失了。还有起重港。还有猎手镇。事实上，如果稍微研究一下爆破工程师的历史，不难发现工程师只要出现在哪个城镇，这个城镇不久就会不复存在。<br>\n就跟工程师周围所有注定的灾难一样，矿工湾的消失是从一个发明开始的。爆破奇才斯奎、斯布林和斯布恩三人负责为地下矿井设计安全的引爆方式，他们发明了最为古怪的东西：一个按钮，摁下就能使远处的装置点燃引线。<br>\n由于他们急于测试自己的发明，三人用火盐炸药装了一桶又一桶，狭小的工坊里每个角落都堆满了刚研发的遥控炸弹。他们胡乱从炸弹堆里扯出一桶，埋到一个离得很远的地方。接着他们躲进了附近的壕沟，蜷缩着瑟瑟发抖。斯布林按下了引爆的按钮。然而过了一会儿，什么也没发生。他非常困惑，站了起来，反复地摁下按钮，终于，地上炸出了一个洞。斯奎和斯布林顿时欣喜若狂，可正当他们转身时，工坊方向传来了巨大的能量声波，他们直接被震倒在地。<br>\n出人意料的爆炸让他们耳鸣不已，也非常迷茫。他们走进灰暗的烟雾中，眼前只见工坊已经变成了冒烟的废墟。木材和石头一直在大块大块地掉落，前方的地洞越来越大，慢慢变成了一座深坑。整个矿工湾开始震颤，惊慌失措的居民四处奔逃，而城镇徐徐地滑入了地下矿井。而他们就坐在悬崖上，看着故乡沉没，三人张开嘴开始傻笑，也不在乎来嘲笑他们的邻居是否注意到了他们。他们想知道的只有一件事情：这么强力的爆炸他们究竟是如何引发的？","dj":"1/15/25","smz":"473/1005/1765","mfz":"286/814/1451","gjl":"29-31/70-72/119-121","hj":"7/10/14","syfw":"1800/800","gjfw":"700","ddsd":"900","jdtj1":"","jdms1":"","jdtj2":null,"jdms2":null,"cmzb":"树之祭祀*1|净化药水*1|净化药水*1|净化药水*1|动物信使*1","qqzb":"静谧之鞋*1|灵魂之戒*1|回城卷轴*1","hxzb":"EUL的神圣法杖*1|阿哈利姆神杖*1","hqsz":"血精石*1|幽魂权杖*1|邪恶镰刀*1|希瓦的守护*1|原力法杖*1|死灵书*1","ljt":"","path":"techies","zymc":"天辉","zytb":"http://www.dota2.com.cn/images/heropedia/radiant.jpg","yxtp":"http://www.dota2.com.cn/images/others/techies_big1.jpg","gjlxxj":"5","yxdwxj":"","llsjsmz":"19","llsjsmhf":"0.03","mjsjhj":"1","mjsjgjsd":"1","zlsjmfz":"13","zlsjmfhf":"0.04","sjgjl":"1","pjsh":"30","gjsd":"114/132/145","gjms":"1.49","gjsh":"29-31","gjjl":"700/700/700","wlhj":"6","wlshkx":"29%","mfshkx":"35%","minitb":"http://www.dota2.com.cn/images/heroes/techies_icon.png"},"skillList":[{"id":479,"zwm":"工程师","jnmc":"埋布地雷","jntb":"http://www.dota2.com.cn/images/heroes/abilities/techies_land_mines_hp1.png","jnms":"埋布隐形的地雷，当有敌方单位靠近时会自动爆炸。离爆心较远的单位受到的伤害也较少。地雷被触发后需经过0.3秒才会爆炸。埋布地雷数达到上限后，再埋布地雷将会引爆最早埋布的地雷。地雷能够使建筑物受到伤害。","mftb":"http://www.dota2.com.cn/style/../images/info1301/ico1.gif","mfxh":"125/150/175/205","lqtb":"http://www.dota2.com.cn/style/../images/info1301/ico2.gif","lqsj":"19/16/13/10","jnxg":"<span class=\"color_white\">技能：</span>点目标|<span class=\"color_white\">伤害：</span>150/190/225/260|<span class=\"color_white\">伤害类型：</span>物理|<span class=\"color_white\">全额伤害作用范围：</span>200|<span class=\"color_white\">无视技能免疫：</span>是|<span class=\"color_white\">半额伤害作用范围：</span>500|<span class=\"color_white\">地雷启动时间：</span>0.5|<span class=\"color_white\">地雷渐隐时间：</span>2","jnsp":"","spms":"起重港的噩梦！","djjd":"1,3,5,7","ewms":"即使将地雷摧毁依然会使其爆炸。<br>地雷持续时间没有上限，除非爆炸。<br>隐形单位也能触发地雷。<br>飞行单位不会触发地雷。<br>敌方英雄摧毁地雷可以获得10金钱。"},{"id":480,"zwm":"工程师","jnmc":"麻痹陷阱","jntb":"http://www.dota2.com.cn/images/heroes/abilities/techies_stasis_trap_hp1.png","jnms":"埋设一个隐形的陷阱，当有敌方单位靠近时会自动触发，造成眩晕。","mftb":"http://www.dota2.com.cn/style/../images/info1301/ico1.gif","mfxh":"80/110/140/160","lqtb":"http://www.dota2.com.cn/style/../images/info1301/ico2.gif","lqsj":"20/16/13/10","jnxg":"<span class=\"color_white\">技能：</span>点目标|<span class=\"color_white\">触发陷阱范围：</span>450|<span class=\"color_white\">无视技能免疫：</span>否|<span class=\"color_white\">启动延迟时间：</span>1.5|<span class=\"color_white\">眩晕持续时间：</span>2.5/3/3.5/4|<span class=\"color_white\">陷阱启动时间：</span>1.5|<span class=\"color_white\">陷阱渐隐时间：</span>2|<span class=\"color_white\">陷阱持续时间：</span>360","jnsp":"","spms":"猎手镇的灾难！","djjd":"10,12,13,14","ewms":"麻痹陷阱触发后将摧毁作用范围内的其他麻痹陷阱。<br>隐形单位不会触发麻痹陷阱。"},{"id":481,"zwm":"工程师","jnmc":"自杀攻击！","jntb":"http://www.dota2.com.cn/images/heroes/abilities/techies_suicide_hp1.png","jnms":"工程师牺牲小我完成大我，造成巨额范围伤害。越靠近工程师所受的伤害也越高。自爆后工程师的复活时间将减少50%。","mftb":"http://www.dota2.com.cn/style/../images/info1301/ico1.gif","mfxh":"100/125/150/175","lqtb":"http://www.dota2.com.cn/style/../images/info1301/ico2.gif","lqsj":"160/140/120/100","jnxg":"<span class=\"color_white\">技能：</span>单位目标, 点目标|<span class=\"color_white\">全额伤害作用范围：</span>200|<span class=\"color_white\">影响：</span>敌方单位|<span class=\"color_white\">小额伤害作用范围：</span>500|<span class=\"color_white\">伤害类型：</span>物理|<span class=\"color_white\">全额伤害：</span>500/650/850/1150|<span class=\"color_white\">无视技能免疫：</span>是|<span class=\"color_white\">小额伤害：</span>260/300/340/380","jnsp":"","spms":"这个按钮是干嘛的？","djjd":"2,4,8,9","ewms":"使用本技能将视为自杀，敌方英雄将不会获得金钱和经验。<br>工程师能够获得自杀攻击杀死的敌方英雄对应的经验值。<br>自杀攻击将摧毁树木。"},{"id":482,"zwm":"工程师","jnmc":"集中引爆","jntb":"http://www.dota2.com.cn/images/heroes/abilities/techies_focused_detonate_hp1.png","jnms":"直接引爆目标区域内所有遥控炸弹。","mftb":"http://www.dota2.com.cn/style/../images/info1301/ico1.gif","mfxh":"-","lqtb":"http://www.dota2.com.cn/style/../images/info1301/ico2.gif","lqsj":"1","jnxg":"<span class=\"color_white\">技能：</span>点目标|<span class=\"color_white\">伤害类型：</span>魔法|<span class=\"color_white\">作用范围：</span>700","jnsp":"","spms":"既然能点燃所有引线那干嘛只点一根？","djjd":"-","ewms":""},{"id":483,"zwm":"工程师","jnmc":"雷区标识","jntb":"http://www.dota2.com.cn/images/heroes/abilities/techies_minefield_sign_hp1.png","jnms":"在指定地点放置警示牌，提醒敌人前方有雷。一次只能出现一个标识，放下新的标识后旧标识将消失。","mftb":"http://www.dota2.com.cn/style/../images/info1301/ico1.gif","mfxh":"-","lqtb":"http://www.dota2.com.cn/style/../images/info1301/ico2.gif","lqsj":"120","jnxg":"<span class=\"color_white\">技能：</span>点目标|<span class=\"color_white\">伤害类型：</span>无","jnsp":"","spms":"别四处乱跑！","djjd":"-","ewms":""},{"id":484,"zwm":"工程师","jnmc":"遥控炸弹","jntb":"http://www.dota2.com.cn/images/heroes/abilities/techies_remote_mines_hp1.png","jnms":"埋设一颗隐形的炸弹，只有在你的控制下才会引爆。爆炸对建筑无效。 可用神杖升级。","mftb":"http://www.dota2.com.cn/style/../images/info1301/ico1.gif","mfxh":"200/240/300","lqtb":"http://www.dota2.com.cn/style/../images/info1301/ico2.gif","lqsj":"10","jnxg":"<span class=\"color_white\">技能：</span>点目标|<span class=\"color_white\">伤害：</span>300/450/600|<span class=\"color_white\">伤害类型：</span>魔法|<span class=\"color_white\">爆炸范围：</span>425|<span class=\"color_white\">无视技能免疫：</span>否|<span class=\"color_white\">启动延迟时间：</span>2|<span class=\"color_white\">炸弹持续时间：</span>600|<span class=\"color_white\">施法距离：</span>500|<span class=\"color_green\">神杖升级伤害：</span>450/600/750|<span class=\"color_green\">神杖升级施法距离：</span>700","jnsp":"","spms":"矿工湾的陷落！","djjd":"6,11,16","ewms":""}],"qqzbList":[{"goods":{"id":65,"bigtype":"升级物品","type":"辅助","wpmc":"静谧之鞋","wppz":"3","wptp":"http://www.dota2.com.cn/images/items/tranquil_boots_lg.png","jgtb":"http://www.dota2.com.cn/images/info1301/tit_img07.gif","jg":"975","wpjs":"虽然延长了穿戴者的寿命，但这鞋子其实并不可靠。","wpzyms":"","wpsyff":"被动：破损 - 只要攻击或受到攻击，静谧之鞋将损失回复效果和25点移动速度，持续13秒。","wpxg":"+ <span class=\"color_yellow\">90</span> 移动速度<br/>+ <span class=\"color_yellow\">4</span> 护甲<br/>+ <span class=\"color_yellow\">12</span> 生命恢复速率","lqsjtb":"http://www.dota2.com.cn/images/info1301/ico2.gif","lqsj":"13","mfxhtb":"","mfxh":"","qzwptb":"","wpzyms2":"","item_en":"tranquil_boots"},"count":1},{"goods":{"id":53,"bigtype":"升级物品","type":"普通","wpmc":"灵魂之戒","wppz":"2","wptp":"http://www.dota2.com.cn/images/items/soul_ring_lg.png","jgtb":"http://www.dota2.com.cn/images/info1301/tit_img07.gif","jg":"800","wpjs":"一个能吞噬周围灵魂的戒指。","wpzyms":"","wpsyff":"主动：牺牲-消耗150生命值来暂时获取150魔法值。持续10秒。","wpxg":"+ <span class=\"color_yellow\">3</span> 生命恢复速率<br/>+ <span class=\"color_yellow\">50%</span> 魔法恢复","lqsjtb":"http://www.dota2.com.cn/images/info1301/ico2.gif","lqsj":"30","mfxhtb":"","mfxh":"","qzwptb":"","wpzyms2":"如果获取的魔法值超过了魔法上限，将会变成缓冲魔法，直接加在魔法上限上，使用时将优先进行消耗。如果在持续时间结束时没有使用，额外的魔法将会消失。","item_en":"soul_ring"},"count":1},{"goods":{"id":5,"bigtype":"基础物品","type":"消耗品","wpmc":"回城卷轴","wppz":"3","wptp":"http://www.dota2.com.cn/images/items/tpscroll_lg.png","jgtb":"http://www.dota2.com.cn/images/info1301/tit_img07.gif","jg":"75","wpjs":"","wpzyms":"","wpsyff":"使用：传送-将你传送到一个指定的友方建筑。","wpxg":"","lqsjtb":"http://www.dota2.com.cn/images/info1301/ico2.gif","lqsj":"65","mfxhtb":"http://www.dota2.com.cn/images/info1301/ico1.gif","mfxh":"75","qzwptb":null,"wpzyms2":"","item_en":"tpscroll"},"count":1}],"cmzbList":[{"goods":{"id":2,"bigtype":"基础物品","type":"消耗品","wpmc":"树之祭祀","wppz":"3","wptp":"http://www.dota2.com.cn/images/items/tango_lg.png","jgtb":"http://www.dota2.com.cn/images/info1301/tit_img07.gif","jg":"125","wpjs":"战场上的救命稻草。","wpzyms":"","wpsyff":"使用：吃树-吃掉一棵树来恢复生命值。可以使用4次。","wpxg":"持续时间：<span class=\"color_yellow\">16</span><br/>生命恢复量：<span class=\"color_yellow\">115</span>","lqsjtb":"","lqsj":"","mfxhtb":"","mfxh":"","qzwptb":"","wpzyms2":"","item_en":"tango"},"count":1},{"goods":{"id":1,"bigtype":"基础物品","type":"消耗品","wpmc":"净化药水","wppz":"3","wptp":"http://www.dota2.com.cn/images/items/clarity_lg.png","jgtb":"http://www.dota2.com.cn/images/info1301/tit_img07.gif","jg":"50","wpjs":"能增强冥想能力的清水。","wpzyms":"","wpsyff":"使用：持续恢复魔法值，受攻击会驱散效果。","wpxg":"持续时间：<span class=\"color_yellow\">40</span><br/>魔法回复量：<span class=\"color_yellow\">135</span>","lqsjtb":"","lqsj":"","mfxhtb":"","mfxh":"","qzwptb":"","wpzyms2":"净化药水可以共享。","item_en":"clarity"},"count":1},{"goods":{"id":1,"bigtype":"基础物品","type":"消耗品","wpmc":"净化药水","wppz":"3","wptp":"http://www.dota2.com.cn/images/items/clarity_lg.png","jgtb":"http://www.dota2.com.cn/images/info1301/tit_img07.gif","jg":"50","wpjs":"能增强冥想能力的清水。","wpzyms":"","wpsyff":"使用：持续恢复魔法值，受攻击会驱散效果。","wpxg":"持续时间：<span class=\"color_yellow\">40</span><br/>魔法回复量：<span class=\"color_yellow\">135</span>","lqsjtb":"","lqsj":"","mfxhtb":"","mfxh":"","qzwptb":"","wpzyms2":"净化药水可以共享。","item_en":"clarity"},"count":1},{"goods":{"id":1,"bigtype":"基础物品","type":"消耗品","wpmc":"净化药水","wppz":"3","wptp":"http://www.dota2.com.cn/images/items/clarity_lg.png","jgtb":"http://www.dota2.com.cn/images/info1301/tit_img07.gif","jg":"50","wpjs":"能增强冥想能力的清水。","wpzyms":"","wpsyff":"使用：持续恢复魔法值，受攻击会驱散效果。","wpxg":"持续时间：<span class=\"color_yellow\">40</span><br/>魔法回复量：<span class=\"color_yellow\">135</span>","lqsjtb":"","lqsj":"","mfxhtb":"","mfxh":"","qzwptb":"","wpzyms2":"净化药水可以共享。","item_en":"clarity"},"count":1},{"goods":{"id":7,"bigtype":"基础物品","type":"消耗品","wpmc":"动物信使","wppz":"3","wptp":"http://www.dota2.com.cn/images/items/courier_lg.png","jgtb":"http://www.dota2.com.cn/images/info1301/tit_img07.gif","jg":"150","wpjs":"弄丢驴子会被判处死亡的惩罚。","wpzyms":"","wpsyff":"可以运载物品往返于基地的生物。","wpxg":"","lqsjtb":"","lqsj":"","mfxhtb":"","mfxh":"","qzwptb":"","wpzyms2":"","item_en":"courier"},"count":1}],"adapt_type_list":[{"id":91,"zwm":"小小","ywm":"Tiny","jc":"山岭","xttx":"http://www.dota2.com.cn/images/heroes/tiny_full.png","dttx":"http://www.dota2.com.cn/images/heroes/tiny_vert.jpg","gjlx":"近战","yxlx":"力量","yxdw":"控制|爆发|先手|耐久","zltb":"http://www.dota2.com.cn/images/info1301/tit_img01.gif","zljc":"17","zlsj":"1.60","mjtb":"http://www.dota2.com.cn/images/info1301/tit_img02.gif","mjjc":"9","mjsj":"0.90","lltb":"http://www.dota2.com.cn/images/info1301/tit_img03.gif","lljc":"26","llsj":"3.00","gjltb":"http://www.dota2.com.cn/images/info1301/tit_img06.gif","csgjl":"37-43","ydsdtb":"http://www.dota2.com.cn/images/info1301/tit_img05.gif","csydsd":"285","hjtb":"http://www.dota2.com.cn/images/info1301/tit_img04.gif","cshj":"0.26","yxbj":"以一团石头的形式出现的生命体，小小不断思索他的起源，但这始终是个谜。现在的他是个石巨人，但过去是什么呢？从土傀儡的脚后跟掉落的碎片？从制造石像鬼的工房被打扫出来的碎屑？神圣预言石的表层之砂？受到强烈的好奇心驱使，他不知疲倦的环游世界，寻找着他的起源，他的出身，和他的种族。在旅途中，他变得越来越庞大，不过路上的风雨吹打掉了他身上的石头，所以他不停的吸收新的岩石，永远在长大。","dj":"1|15|25","smz":"644|1442|2392","mfz":"221|512|980","gjl":"63-69|105-111|155-161","hj":"0|2|6","syfw":"1800/800","gjfw":"128","ddsd":"N/A","jdtj1":"http://www.dota2.com.cn/images/property/add/tiny.jpg","jdms1":"鉴于lv1-3的V每级伤害提升80，一旦打出两次V的伤害，就相当于每级伤害提升了160。单级伤害提升如此之大，全dota无人能出其右。所以5级时要保证lv3的V。","jdtj2":null,"jdms2":null,"cmzb":"净化药水*1|树之祭祀*2|铁树枝干*3|圆环*1","qqzb":"魔棒*1|速度之靴*1|护腕*1|魔瓶*1","hxzb":"魔杖*1|奥术鞋*1|闪烁匕首*1","hqsz":"阿哈利姆神杖*1|强袭胸甲*1|韧鼓*1|恐鳌之心*1|邪恶镰刀*1|希瓦的守护*1","ljt":"http://www.dota2.com.cn/images/property/tiny.gif","path":"tiny","zymc":"天辉","zytb":"http://www.dota2.com.cn/images/heropedia/radiant.jpg","yxtp":"http://www.dota2.com.cn/images/others/tiny_big1.jpg","gjlxxj":"1","yxdwxj":"2|2|1|1","llsjsmz":"19","llsjsmhf":"0.03","mjsjhj":"1","mjsjgjsd":"1","zlsjmfz":"13","zlsjmfhf":"0.04","sjgjl":"1","pjsh":"64","gjsd":"109|113|131","gjms":"1.56","gjsh":"61-67","gjjl":"128|128|128","wlhj":"0.26","wlshkx":"1%","mfshkx":"25%","minitb":"http://www.dota2.com.cn/images/heroes/tiny_icon.png"},{"id":85,"zwm":"痛苦女王","ywm":"Queen of Pain","jc":"QOP","xttx":"http://www.dota2.com.cn/images/heroes/queenofpain_full.png","dttx":"http://www.dota2.com.cn/images/heroes/queenofpain_vert.jpg","gjlx":"远程","yxlx":"智力","yxdw":"远程|爆发|逃生|核心","zltb":"http://www.dota2.com.cn/images/info1301/tit_img01.gif","zljc":"24","zlsj":"2.5","mjtb":"http://www.dota2.com.cn/images/info1301/tit_img02.gif","mjjc":"18","mjsj":"2","lltb":"http://www.dota2.com.cn/images/info1301/tit_img03.gif","lljc":"16","llsj":"1.7","gjltb":"http://www.dota2.com.cn/images/info1301/tit_img06.gif","csgjl":"25-33","ydsdtb":"http://www.dota2.com.cn/images/info1301/tit_img05.gif","csydsd":"295","hjtb":"http://www.dota2.com.cn/images/info1301/tit_img04.gif","cshj":"1.52","yxbj":"厄泽王庭的教皇有个隐秘的受虐癖——以品尝禁忌之痛为乐。即便是对那些普通政客而言这都是愚蠢至极的，而对于教皇而言，这种私欲已经威胁到了神权本身的纯洁和完整。于是他只好偷偷的去他的地牢里，求助于那一帮恶魔学识大师，承诺只要有人召唤一名完全为他服务的痛苦女妖，那就能获得自由。旋即魔女降世，名为阿卡莎，她给教皇带去了无与伦比的痛苦和刺激，教皇随即赐其隐秘皇后之位，并将所有闲暇时间用于享受她带来的花样百出的痛苦——最终，为了追求这种只有阿卡莎能带给他的痛苦，教皇放弃了他的所有职责。痛苦女王能让他体验濒死之欢愉，并因为受符文的限制而无法杀死他。终于，教皇的不理朝政引发了起义，他被愤怒的人们从密室里拖出来，然后从祈灵塔上扔了下去。然而，他的死亡却让痛苦女王获得了自由，不再被奴役，她将恣意的向世界挥洒她的痛苦。","dj":"1|15|25","smz":"454|906|1609","mfz":"312|767|1352","gjl":"49-57|84-92|129-137","hj":"2|5|11","syfw":"1800/800","gjfw":"550","ddsd":"1500","jdtj1":"http://www.dota2.com.cn/images/property/add/queen_of_pain.jpg","jdms1":"qop加点路线有很多种，主要还是格局个人习惯和场上局势，主毒还是主叫视对线情况而定。主叫爆发会很高，主毒的话线上压制力会很强，女王在大招CD的情况下可以适当farm，但是有大招的时候最好让出兵线而寻找机会gank。","jdtj2":null,"jdms2":null,"cmzb":"治疗药膏*1|树之祭祀*1|智力斗篷*2|铁树枝干*2","qqzb":"速度之靴*1|魔瓶*1|魔棒*1|空灵挂件*1|空灵挂件*1","hxzb":"动力鞋*1|魔杖*1|邪恶镰刀*1","hqsz":"斯嘉蒂之眼*1|雷神之锤*1|希瓦的守护*1|阿哈利姆神杖*1|纷争面纱*1|死灵书*1","ljt":"http://www.dota2.com.cn/images/property/queenofpain.gif","path":"queen_of_pain","zymc":"夜魇","zytb":"http://www.dota2.com.cn/images/heropedia/dire.jpg","yxtp":"http://www.dota2.com.cn/images/others/queenofpain_big1.jpg","gjlxxj":"1","yxdwxj":"3|3|1","llsjsmz":"19","llsjsmhf":"0.03","mjsjhj":"1","mjsjgjsd":"1","zlsjmfz":"13","zlsjmfhf":"0.04","sjgjl":"1","pjsh":"53","gjsd":"118|126|166","gjms":"1.6","gjsh":"49-57","gjjl":"550|550|550","wlhj":"1","wlshkx":"8%","mfshkx":"25%","minitb":"http://www.dota2.com.cn/images/heroes/queenofpain_icon.png"},{"id":56,"zwm":"祈求者","ywm":"Invoker","jc":"卡尔、加若、Invoker","xttx":"http://www.dota2.com.cn/images/heroes/invoker_full.png","dttx":"http://www.dota2.com.cn/images/heroes/invoker_vert.jpg","gjlx":"远程","yxlx":"智力","yxdw":"核心|爆发|先手|逃生","zltb":"http://www.dota2.com.cn/images/info1301/tit_img01.gif","zljc":"22","zlsj":"4","mjtb":"http://www.dota2.com.cn/images/info1301/tit_img02.gif","mjjc":"20","mjsj":"1.9","lltb":"http://www.dota2.com.cn/images/info1301/tit_img03.gif","lljc":"19","llsj":"1.7","gjltb":"http://www.dota2.com.cn/images/info1301/tit_img06.gif","csgjl":"13-19","ydsdtb":"http://www.dota2.com.cn/images/info1301/tit_img05.gif","csydsd":"280","hjtb":"http://www.dota2.com.cn/images/info1301/tit_img04.gif","cshj":"1.8","yxbj":"在创立之初，魔法本质上是一门记忆的艺术，有些人认为这才是其最强力的形式。它无需任何科技，也无需魔杖或者其他施法媒介，只需要你有一颗魔法师的心。所有的那些祭祀里面的象形符号也仅仅是帮助记忆的手段，初衷是为了让施法者能够回想起施放法术时那大量的细节以及步骤。在那个年代，最伟大的法师就是记忆天赋最高的人，然而魔法祈唤实在是太过艰深，因此所有的法师不得不有所专攻。即使是最刻苦的法师，将一辈子奉献给魔法，最多也只能掌握三到四个法术。普通的法师能掌握两个就心满意足了，而对于那些乡下的法师来说，只掌握一个法术也再正常不过——即使这样，在极少的真正需要使用魔法的场合，他还得借助魔典才能战胜自己的健忘。然而，在那些早期的施法者中，有一个例外，一个智力超群，记忆力惊人的天才，以祈求者的名字为人们所知。在年少时，祈求者就已经掌握了不下十种法术。是的，不是四五个，也不是七个，而是十个，而且他还能毫不费力的施放这些法术。他学到过更多的法术，但是因为觉得没用，试过一次以后就彻底从脑中遗忘，这样才能为其他更为有用的法术留出空间。这些法术就是包括永生之术——能让施法者永生的法术，那些在世界之初吟唱了这个法术的人现在还活得好好的（除非他们被物质毁灭了）。而大多数这样的准不朽者都低调的生活在我们中间，害怕他们的秘密泄露：然而祈求者不是一个喜欢隐藏自己的天赋的人。他来自远古，比任何人都要博学，而他的心智还有余力让他去思考他无穷的自我价值...以及更多的法术——他在世界毁灭之时的漫长暮色中用来自娱自乐的法术。","dj":"1|15|25","smz":"511|963|1666","mfz":"286|1014|1794","gjl":"35-41|91-97|151-197","hj":"2|6|11","syfw":"1800/800","gjfw":"600","ddsd":"900","jdtj1":"http://www.dota2.com.cn/images/property/add/invoker.jpg","jdms1":"卡尔的加点方式非常多，不同的玩法有不同的加点方法，冰雷，雷火，冰火以及全系卡尔都有。这套加点是极限的冰雷卡，控制能力非常强大，唯一欠缺的是爆发力，在团队爆发足缺控制的情况下可以选择此套加点。如果生存条件不是十分恶劣，可以在冰加到3级时开始主雷副火。","jdtj2":null,"jdms2":null,"cmzb":"树之祭祀*1|治疗药膏*1|圆环*1|力量手套*1|铁树枝干*1","qqzb":"速度之靴*1|魔棒*1|护腕*1","hxzb":"相位鞋*1|韧鼓*1|魔杖*1|原力法杖*1","hqsz":"邪恶镰刀*1|闪烁匕首*1|阿哈利姆神杖*1|Eul的神圣法杖*1|黑皇杖*1|斯嘉蒂之眼*1","ljt":"http://www.dota2.com.cn/images/property/invoker.gif","path":"invoker","zymc":"夜魇","zytb":"http://www.dota2.com.cn/images/heropedia/dire.jpg","yxtp":"http://www.dota2.com.cn/images/others/invoker_big1.jpg","gjlxxj":"1","yxdwxj":"1|1|1|1","llsjsmz":"19","llsjsmhf":"0.03","mjsjhj":"1","mjsjgjsd":"1","zlsjmfz":"13","zlsjmfhf":"0.04","sjgjl":"1","pjsh":"38","gjsd":"120|147|180","gjms":"1.42","gjsh":"35-41","gjjl":"600|600|600","wlhj":"1","wlshkx":"9%","mfshkx":"25%","minitb":"http://www.dota2.com.cn/images/heroes/invoker_icon.png"},{"id":67,"zwm":"米波","ywm":"Meepo","jc":"地卜","xttx":"http://www.dota2.com.cn/images/heroes/meepo_full.png","dttx":"http://www.dota2.com.cn/images/heroes/meepo_vert.jpg","gjlx":"近战","yxlx":"敏捷","yxdw":"核心|控制|先手","zltb":"http://www.dota2.com.cn/images/info1301/tit_img01.gif","zljc":"20","zlsj":"1.6","mjtb":"http://www.dota2.com.cn/images/info1301/tit_img02.gif","mjjc":"23","mjsj":"1.9","lltb":"http://www.dota2.com.cn/images/info1301/tit_img03.gif","lljc":"23","llsj":"1.6","gjltb":"http://www.dota2.com.cn/images/info1301/tit_img06.gif","csgjl":"16-22","ydsdtb":"http://www.dota2.com.cn/images/info1301/tit_img05.gif","csydsd":"305","hjtb":"http://www.dota2.com.cn/images/info1301/tit_img04.gif","cshj":"4.22","yxbj":"对我而言，生活就是你所知和所能发现的一切。当你住在裂影荒墟时，想要找到食物并不是一件容易的事。因此，你需要走捷径，你需要会忽悠，你需要对自己的能力充分了解。有些野兽能够杀掉你，那么你就需要躲开强壮的，捕杀弱小的。在荒墟之上，有过一段往事，一段对某些人意义重大的往事。曾经那里有个宫殿，他们在宫殿里面举行黑暗的仪式，非常邪恶。如果你从仪式中幸存下来，他们还会以击碎水晶的方式将你的灵魂撕裂成碎片。不过他们的艺术成就也很高，比如雕塑之类的。记住这点：如果你在某个时候发现了这些雕塑，一定把他们全拿到市场上去卖掉，然后你接下来的一周都不会饿肚子。如果你走运的话，你可能会发现影墟水晶，那赶紧找人帮你估价，多问问，总有人能帮你找到需要这玩意的疯子买主的。就算别人都不要，你也可以卖给城里的魔导师，他们喜欢这玩意。不过，不管你怎么做，一定要小心这些水晶，这玩意要是在你身上炸开，可是很疼的。","dj":"1|15|25","smz":"587|1013|1697","mfz":"260|551|1019","gjl":"39-45|66-72|105-111","hj":"4|8|13","syfw":"1800/800","gjfw":"128","ddsd":"N/A","jdtj1":"http://www.dota2.com.cn/images/property/add/meepo.jpg","jdms1":"这是目前地卜师最主流的加点路线，前期主忽悠保证高伤害高输出。被动前期点一级就已经够用了，之后优先将网升满，高等级的网对施放距离的加成对于地卜师来说还是非常重要的。大招自然不用多说，有大点大。","jdtj2":"","jdms2":"","cmzb":"树之祭祀*1|力量手套*2|治疗药膏*1|铁树枝干*2","qqzb":"治疗指环*1|魔棒*1|速度之靴*1|王者之戒*1","hxzb":"魔杖*1|动力鞋*1|梅肯斯姆*1","hqsz":"阿哈利姆神杖*1|弗拉迪米尔的祭品*1|邪恶镰刀*1|强袭胸甲*1|恐鳌之心*1|希瓦的守护*1","ljt":"http://www.dota2.com.cn/images/property/meepo.gif","path":"meepo","zymc":"夜魇","zytb":"http://www.dota2.com.cn/images/heropedia/dire.jpg","yxtp":"http://www.dota2.com.cn/images/others/meepo_big1.jpg","gjlxxj":"1","yxdwxj":"1|1|1","llsjsmz":"19","llsjsmhf":"0.03","mjsjhj":"1","mjsjgjsd":"1","zlsjmfz":"13","zlsjmfhf":"0.04","sjgjl":"1","pjsh":"42","gjsd":"123|131|169","gjms":"1.38","gjsh":"39-45","gjjl":"128|128|128","wlhj":"4","wlshkx":"20%","mfshkx":"35%","minitb":"http://www.dota2.com.cn/images/heroes/meepo_icon.png"}],"videoList":[],"recommendList":[],"adapt_bkz_list":[{"id":24,"zwm":"暗影恶魔","ywm":"Shadow Demon","jc":"毒狗","xttx":"http://www.dota2.com.cn/images/heroes/shadow_demon_full.png","dttx":"http://www.dota2.com.cn/images/heroes/shadow_demon_vert.jpg","gjlx":"远程","yxlx":"智力","yxdw":"辅助|控制|爆发","zltb":"http://www.dota2.com.cn/images/info1301/tit_img01.gif","zljc":"26","zlsj":"2.7","mjtb":"http://www.dota2.com.cn/images/info1301/tit_img02.gif","mjjc":"18","mjsj":"2.2","lltb":"http://www.dota2.com.cn/images/info1301/tit_img03.gif","lljc":"17","llsj":"1.9","gjltb":"http://www.dota2.com.cn/images/info1301/tit_img06.gif","csgjl":"27-31","ydsdtb":"http://www.dota2.com.cn/images/info1301/tit_img05.gif","csydsd":"295","hjtb":"http://www.dota2.com.cn/images/info1301/tit_img04.gif","cshj":"2.52","yxbj":"在那些能够直接进入现实世界肆虐的强大恶魔中，末日使者几乎不理会那些低等物种的琐事，影魔来到世间只是为了他的灵魂收集。而暗影恶魔则一向对这个世界有着浓厚的兴趣，他似乎觉察到对两个世界之间坚定联系的掌握可能是统治整个物质世界的关键所在。一开始，暗影恶魔是被一些低级巫师召唤的，他满足了他们所有的愿望，展现出惊人的法力，直到一些高级恶魔学家注意到他的存在，进而一些试图通过巫术来维持他们世俗统治的暴君、独裁者们也开始利用他的恶魔之力。暗影恶魔的欺诈之术高明至极，以至于那些召唤他的人都认为自己是主人，暗影恶魔只是他们的奴仆；而就在同时，暗影恶魔不停地吞噬着他们的神智，并为己所用。到了最后，那些召唤过他的人，都成了他的傀儡，为他那邪恶的意志卖命。没人能猜到暗影恶魔下一步究竟想要做什么，然而就在那时，影魔偶然间吞噬了一个充满着恶臭的灵魂，发现里面竟然有着暗影恶魔的痕迹。在意识到暗影恶魔即将对他们的统治造成威胁，依靠阴影契约维持的古老的平衡已经不复存在以后，末日使者和影魔立刻加入到摧毁暗影恶魔傀儡大军的力量中。在他们那不可思议的力量面前，暗影恶魔几百年的精心谋划毁于一旦，他的傀儡大军也遭到瓦解——所有人都被杀死了。到最后，只有他自己的一点碎片残留了下来。然而，即使是一点碎片，也足以让他卷土重来。在接下来的几百年里，他开始缓慢的重新凝聚。他的碎片将触碰到的一切事物感染，而这种感染则逐渐滋生壮大。那些以前被撕裂的，现在被感染的部分通过一片混沌结合在一起，重新连接，给予了暗影恶魔一个比以前更加强大的形态。他几乎已经凝聚完成，而他那永久统治世界的计划也更加的周密。虽然我们的世界似乎不可能出现一个如此邪恶和恶毒的存在，这将是对所有生命的巨大威胁……然而，暗影恶魔的信徒，依然众多。","dj":"1|15|25","smz":"473|978|1719","mfz":"338|829|1440","gjl":"55-57|91-95|138-142","hj":"3|7|13","syfw":"1800/800","gjfw":"500","ddsd":"900","jdtj1":"http://www.dota2.com.cn/images/property/add/shadow_demon.jpg","jdms1":"这种主加禁锢副加灵魂猎手的暗影恶魔是纯辅助打法，并且克制对面成型较快的dps，特定情况下选择会有奇效，弱点是对线时强势技能不明显。","jdtj2":"","jdms2":"","cmzb":"铁树枝干*3|智力斗篷*1|树之祭祀*1|治疗药膏*1","qqzb":"魔棒*1|速度之靴*1|空灵挂件*1","hxzb":"魔杖*1|奥术鞋*1|原力法杖*1|回城卷轴*1","hqsz":"洞察烟斗*1|希瓦的守护*1|死灵书*1|梅肯斯姆*1|Eul的神圣法杖*1|邪恶镰刀*1","ljt":"http://www.dota2.com.cn/images/property/shadow_demon.gif","path":"shadow_demon","zymc":"夜魇","zytb":"http://www.dota2.com.cn/images/heropedia/dire.jpg","yxtp":"http://www.dota2.com.cn/images/others/shadow_demon_big1.jpg","gjlxxj":"1","yxdwxj":"1|1|1","llsjsmz":"19","llsjsmhf":"0.03","mjsjhj":"1","mjsjgjsd":"1","zlsjmfz":"13","zlsjmfhf":"0.04","sjgjl":"1","pjsh":"52","gjsd":"118|127|171","gjms":"1.44","gjsh":"50-54","gjjl":"500|500|500","wlhj":"2","wlshkx":"13%","mfshkx":"25%","minitb":"http://www.dota2.com.cn/images/heroes/shadow_demon_icon.png"},{"id":8,"zwm":"黑暗贤者","ywm":"Dark Seer","jc":"兔子、黑贤、DS","xttx":"http://www.dota2.com.cn/images/heroes/dark_seer_full.png","dttx":"http://www.dota2.com.cn/images/heroes/dark_seer_vert.jpg","gjlx":"近战","yxlx":"智力","yxdw":"先手|爆发|逃生","zltb":"http://www.dota2.com.cn/images/info1301/tit_img01.gif","zljc":"27","zlsj":"2.7","mjtb":"http://www.dota2.com.cn/images/info1301/tit_img02.gif","mjjc":"12","mjsj":"1.2","lltb":"http://www.dota2.com.cn/images/info1301/tit_img03.gif","lljc":"22","llsj":"2.3","gjltb":"http://www.dota2.com.cn/images/info1301/tit_img06.gif","csgjl":"31-37","ydsdtb":"http://www.dota2.com.cn/images/info1301/tit_img05.gif","csydsd":"300","hjtb":"http://www.dota2.com.cn/images/info1301/tit_img04.gif","cshj":"6.68","yxbj":"迅捷如风，足智多谋，黑暗贤者依什卡菲尔并不需要多么锋利的武器来搏斗，他总是运用强大的心灵之力来征服敌人。他有着颠覆战局使之对己方有利的天才。迎着欢呼和敬意，他从一个叫做幻墙之末的世界走了出来，并不热衷于这个世界的纷争——他是一个来自现实世界之外的勇者。曾经，黑暗贤者是备受人民尊敬的将军，是神王达玛瑞克斯麾下英勇的保卫者，然而他的军队在边境大战的最后几天，被一股更为强大的力量悉数歼灭。面临如此惨败，他绝望的做出了最后一个决定：引诱着敌军进入了幻墙迷宫。在他即将被捕的前一刻，他穿过幻墙，释放出强大的黑暗能量，将幻墙永远的封印起来。当飞扬的尘土归于平静以后，他发现他成功的拯救了自己的人民，而自己却沐浴在另一个世界的阳光下，亦真亦幻，无法回到现实世界。现在，他决心以一名战略家的身份来证明自己的价值，并且立誓要让这个新的世界见识他那伟大的谋略。","dj":"1|15|25","smz":"568|1180|1997","mfz":"351|842|1453","gjl":"58-64|96-102|143-149","hj":"6|8|13","syfw":"1800/800","gjfw":"128","ddsd":"N/A","jdtj1":"http://www.dota2.com.cn/images/property/add/dark_seer.jpg","jdms1":"Dota2中黑暗贤者的出场率很高，他能够配合很多英雄打出精彩比赛，无论团控英雄，还是站桩输出英雄都很喜欢与黑贤配合。这套加点的黑贤可以前期混野，不占线上资源。劣势路单的黑贤也可以很好的混到等级，金钱。前期过于劣势的情况下可以多加一点奔腾用于保命。","jdtj2":null,"jdms2":null,"cmzb":"树之祭祀*1|治疗药膏*1|净化药水*1|圆盾*1|铁树枝干*1","qqzb":"魔棒*1|速度之靴*1|灵魂之戒*1","hxzb":"魔杖*1|奥术鞋*1|梅肯斯姆*1|回城卷轴*1","hqsz":"赤红甲*1|阿哈利姆神杖*1|挑战头巾*1|洞察烟斗*1|闪烁匕首*1|邪恶镰刀*1|希瓦的守护*1|恐鳌之心*1|刷新球*1|卫士胫甲*1","ljt":"http://www.dota2.com.cn/images/property/dragon_knight.gif","path":"dark_seer","zymc":"夜魇","zytb":"http://www.dota2.com.cn/images/heropedia/dire.jpg","yxtp":"http://www.dota2.com.cn/images/others/dark_seer_big1.jpg","gjlxxj":"1","yxdwxj":"1|1|1","llsjsmz":"19","llsjsmhf":"0.03","mjsjhj":"1","mjsjgjsd":"1","zlsjmfz":"13","zlsjmfhf":"0.04","sjgjl":"1","pjsh":"63","gjsd":"112|117|141","gjms":"1.52","gjsh":"60-66","gjjl":"128|128|128","wlhj":"6.68","wlshkx":"25%","mfshkx":"25%","minitb":"http://www.dota2.com.cn/images/heroes/dark_seer_icon.png"},{"id":6,"zwm":"哈斯卡","ywm":"Huskar","jc":"神灵、神灵武士","xttx":"http://www.dota2.com.cn/images/heroes/huskar_full.png","dttx":"http://www.dota2.com.cn/images/heroes/huskar_vert.jpg","gjlx":"远程","yxlx":"力量","yxdw":"核心|先手|耐久","zltb":"http://www.dota2.com.cn/images/info1301/tit_img01.gif","zljc":"18","zlsj":"1.50","mjtb":"http://www.dota2.com.cn/images/info1301/tit_img02.gif","mjjc":"15","mjsj":"1.40","lltb":"http://www.dota2.com.cn/images/info1301/tit_img03.gif","lljc":"21","llsj":"2.40","gjltb":"http://www.dota2.com.cn/images/info1301/tit_img06.gif","csgjl":"21-30","ydsdtb":"http://www.dota2.com.cn/images/info1301/tit_img05.gif","csydsd":"300","hjtb":"http://www.dota2.com.cn/images/info1301/tit_img04.gif","cshj":"1.1","yxbj":"从虚无之境带给他的剧痛中逃离后，哈斯卡终于睁开了双眼，醒来的第一件事却是发现暗影牧师戴泽正在对他吟唱一个艰深的咒语。哈斯卡的灵魂从永恒虚无中被救了出来，这是违背了德尊教团古老仪式的准则的，然而和其他去过虚无之境的人一样，哈斯卡也发现自己的身体被那里所彻底改变了。他不再怜悯凡人的肉体，他的生命之血成为了强大的力量源泉，每一滴鲜血都给他成倍的狂暴的、灼热的能量。然而，这一新生的天赋却激怒了哈斯卡，因为在拯救他逃离虚无之境时，戴泽拒绝让他进入神灵之地。他的自我牺牲也被拒绝。当教团的的长老们试图寻找一个扩大自己影响的方法时，他们一致认为哈斯卡将成为他们在战争中最可怕的武器。然而，成为教团的武器让哈斯卡更加愤怒，因为他们不仅利用他，还否定了他与生俱来的权利。于是在战争打响之际，他逃离了家乡，去寻找新的盟友，寻找那些值得他牺牲自己，释放强大力量的盟友。","dj":"1|15|25","smz":"549|1187|2023","mfz":"234|507|962","gjl":"42-51|76-85|120-129","hj":"2|7|13","syfw":"1800/800","gjfw":"400","ddsd":"1400","jdtj1":"http://www.dota2.com.cn/images/property/add/huskar.jpg","jdms1":"这种就是比较老一点的神灵的加点，也是比较稳妥的一种。上来有火箭去消耗对方的血，之后有三级能的加攻击让自己成为最强悍的男人。这种加点需要第二个技能补充活血术，这是为了在团战或者小范围团战中能有持续的高输出，这样才是神灵的真谛，真男人是时间持续的久。","jdtj2":null,"jdms2":null,"cmzb":"治疗药膏*1|树之祭祀*1|力量手套*2|铁树枝干*1","qqzb":"速度之靴*1|魔棒*1|影之灵龛*1","hxzb":"动力鞋*1|魔杖*1|莫尔迪基安的臂章*1|支配头盔*1|回城卷轴*1","hqsz":"黑皇杖*1|撒旦之邪力*1|恐鳌之心*1|强袭胸甲*1|阿哈利姆神杖*1|影刃*1|天堂之戟*1|梅肯斯姆*1|白银之锋*1","ljt":"http://www.dota2.com.cn/images/property/huskar.gif","path":"huskar","zymc":"天辉","zytb":"http://www.dota2.com.cn/images/heropedia/radiant.jpg","yxtp":"http://www.dota2.com.cn/images/others/huskar_big1.jpg","gjlxxj":"1","yxdwxj":"1|1|1","llsjsmz":"19","llsjsmhf":"0.03","mjsjhj":"1","mjsjgjsd":"1","zlsjmfz":"13","zlsjmfhf":"0.04","sjgjl":"1","pjsh":"46","gjsd":"121|127|155","gjms":"1.39","gjsh":"42-51","gjjl":"400|400|400","wlhj":"1.1","wlshkx":"6%","mfshkx":"25%","minitb":"http://www.dota2.com.cn/images/heroes/huskar_icon.png"},{"id":99,"zwm":"育母蜘蛛","ywm":"Broodmother","jc":"蜘蛛","xttx":"http://www.dota2.com.cn/images/heroes/broodmother_full.png","dttx":"http://www.dota2.com.cn/images/heroes/broodmother_vert.jpg","gjlx":"近战","yxlx":"敏捷","yxdw":"辅助|爆发|先手|推进","zltb":"http://www.dota2.com.cn/images/info1301/tit_img01.gif","zljc":"18","zlsj":"2","mjtb":"http://www.dota2.com.cn/images/info1301/tit_img02.gif","mjjc":"18","mjsj":"2.2","lltb":"http://www.dota2.com.cn/images/info1301/tit_img03.gif","lljc":"17","llsj":"2.5","gjltb":"http://www.dota2.com.cn/images/info1301/tit_img06.gif","csgjl":"26-32","ydsdtb":"http://www.dota2.com.cn/images/info1301/tit_img05.gif","csydsd":"295","hjtb":"http://www.dota2.com.cn/images/info1301/tit_img04.gif","cshj":"2.52","yxbj":"几个世纪以来，育母蜘蛛布蕾克·艾拉齐娜一直潜伏在灼神山的火山口岩洞中，悉心的照料着数以百万计的幼虫，保证他们能够安全的存活到去地上世界捕食的年龄。直到后来，索罗普瑟斯，一个贪婪的权臣，在死火山的火山口修建了他的私人庙塔，因为他知道，就算有人觊觎他的财富，也不能活着穿越那条蜘蛛出没的死亡之路。在安享了几百年的安宁后，布蕾克·艾拉齐娜发现一些不速之客不停的在干扰着她的生活，毛手毛脚的小偷、有勇无谋的骑士，以及出生贵族的年轻人——诚然，他们都是美味的食物，但是他们的到来切实的影响到了她照料她那“无辜”的后代。忍无可忍之时，她去造访了索罗普瑟斯，而这个权臣却不愿意妥协，于是她用蛛丝将他裹起来，扔到一边，留给那些即将出生的小崽子们美味一顿。不幸的是，庙塔主人的失踪却让更多的人壮着胆子前来骚扰。而当她的一名新生儿被一个冒失的探险者踩死时，她终于爆发了。育母蜘蛛向着地上世界前进，誓要清洗掉世界上所有可能对她的孩子有威胁的入侵者，即使是英雄也不例外，直到确保她能够为她那珍贵的小蜘蛛们提供一个安全健康的温床。","dj":"1|15|25","smz":"473|1138|1993","mfz":"234|598|1118","gjl":"44-50|75-81|117-123","hj":"3|7|13","syfw":"1800/800","gjfw":"128","ddsd":"N/A","jdtj1":"http://www.dota2.com.cn/images/property/add/broodmother.jpg","jdms1":"育母蜘蛛最大的特点就是牵制和推进，说她是个战术英雄更加靠谱，往往在你们与对面缠斗的时候，育母蜘蛛就可以孤身一人推掉你的高地。由于前期有蛛网的存在，没有真眼的情况下很难将蜘蛛击杀。","jdtj2":"","jdms2":"","cmzb":"治疗药膏*1|树之祭祀*1|净化药水*1|铁树枝干*2|守护指环*1","qqzb":"速度之靴*1|灵魂之戒*1|天鹰之戒*1","hxzb":"动力鞋*1|紫怨*1","hqsz":"黑皇杖*1|弗拉迪米尔的祭品*1|蝴蝶*1|金箍棒*1|强袭胸甲*1|辉耀*1","ljt":"http://www.dota2.com.cn/images/property/broodmother.gif","path":"broodmother","zymc":"夜魇","zytb":"http://www.dota2.com.cn/images/heropedia/dire.jpg","yxtp":"http://www.dota2.com.cn/images/others/broodmother_big1.jpg","gjlxxj":"1","yxdwxj":"3|1|1","llsjsmz":"19","llsjsmhf":"0.03","mjsjhj":"1","mjsjgjsd":"1","zlsjmfz":"13","zlsjmfhf":"0.04","sjgjl":"1","pjsh":"47","gjsd":"118|127|171","gjms":"1.44","gjsh":"44-50","gjjl":"128|128|128","wlhj":"2","wlshkx":"13%","mfshkx":"25%","minitb":"http://www.dota2.com.cn/images/heroes/broodmother_icon.png"},{"id":74,"zwm":"兽王","ywm":"Beastmaster","jc":"BM","xttx":"http://www.dota2.com.cn/images/heroes/beastmaster_full.png","dttx":"http://www.dota2.com.cn/images/heroes/beastmaster_vert.jpg","gjlx":"近战","yxlx":"力量","yxdw":"先手|控制|耐久","zltb":"http://www.dota2.com.cn/images/info1301/tit_img01.gif","zljc":"16","zlsj":"1.90","mjtb":"http://www.dota2.com.cn/images/info1301/tit_img02.gif","mjjc":"18","mjsj":"1.60","lltb":"http://www.dota2.com.cn/images/info1301/tit_img03.gif","lljc":"23","llsj":"2.20","gjltb":"http://www.dota2.com.cn/images/info1301/tit_img06.gif","csgjl":"33-37","ydsdtb":"http://www.dota2.com.cn/images/info1301/tit_img05.gif","csydsd":"310","hjtb":"http://www.dota2.com.cn/images/info1301/tit_img04.gif","cshj":"4.52","yxbj":"卡洛克自出生伊始就被当做兽婴。他的母亲在他出生时就死去；他的父亲是斯洛姆末代帝王的马蹄铁匠，在他五岁时被马群践踏致死。后来，卡洛克将自己卖到国王的动物园干活，在那里，他和宫廷里面饲养的狮子，猩猩，野鹿以及其他一些很少见的甚至传说中的野兽一起长大。在他七岁那年，一个冒险者带着一只没人见过的野兽来觐见国王。当这只野兽被国王的链条锁住的时候，它说话了，乞求自由，然而它的嘴并没有张开。国王大笑，命令野兽表演助兴，遭到拒绝以后，国王用他的疯狂权杖狠狠的抽打了野兽，并把它关在了兽栏里面。接下来的几个月里，卡洛克每天都给这个受伤的野兽偷偷的带去食物和药物，然而这一切只能减缓野兽的死亡。这只野兽和卡洛克开始了交流，无言的交流，他们之间的情感纽带也随着时间的推移而加深，最后卡洛克发现他竟然能够和宫廷动物园里面的所有动物交流。在那只野兽死去的晚上，卡洛克狂怒无比，他煽动了所有的动物一起反叛，并且将它们的笼子打开，在宫廷广场上大开杀戒。末代帝王在动乱中受伤。在混乱之中，一只皇家雄鹿在这个救了它的男孩面前屈膝，让他以兽王的身份骑上它，带他跃过了堡垒的高墙，逃出生天。现在，兽王卡洛克已经成长为一个男子汉，并且仍然能够自由的和野生动物交谈。他已经成为了拥有自然狂猛野性的战士。","dj":"1|15|25","smz":"587|1172|1970","mfz":"208|554|1061","gjl":"56-60|87-91|129-133","hj":"5|8|13","syfw":"1800/800","gjfw":"128","ddsd":"N/A","jdtj1":"http://www.dota2.com.cn/images/property/add/beastmaster.jpg","jdms1":"这个加点是老一点版本兽王的加点。首先一技能是物理伤害，无视魔法免疫跟护甲有关，前期大家护甲都低，所以兽王的一技能能够很好的去消耗对方的血量，从而创造出击杀对方的机会。其次就是两级的二级能，一级二级能出战鹰帮助团队控符，二级的时候出豪猪，为了是追杀效果，猪的毒针能让对方根本走不动。最后说一下光环，8、9级的时候补上两级为了是能够很好的推塔，现在DOTA的节奏快了，8、9级推塔很正常了。后面的光环和召唤可以根据场上的情况加点，如果优势大需要一直推塔就光环，如果均势可以加召唤技能让隐形的战鹰开视野gank对方。","jdtj2":null,"jdms2":null,"cmzb":"树之祭祀*1|治疗药膏*1|净化药水*1|力量手套*2|铁树枝干*1","qqzb":"魔棒*1|速度之靴*1|护腕*1","hxzb":"魔杖*1|动力鞋*1|韧鼓*1","hqsz":"洞察烟斗*1|死灵书*1|阿哈利姆神杖*1|闪烁匕首*1|恐鳌之心*1|强袭胸甲*1","ljt":"http://www.dota2.com.cn/images/property/beastmaster.gif","path":"beastmaster","zymc":"天辉","zytb":"http://www.dota2.com.cn/images/heropedia/radiant.jpg","yxtp":"http://www.dota2.com.cn/images/others/beastmaster_big1.jpg","gjlxxj":"1","yxdwxj":"2|2|2","llsjsmz":"19","llsjsmhf":"0.03","mjsjhj":"1","mjsjgjsd":"1","zlsjmfz":"13","zlsjmfhf":"0.04","sjgjl":"1","pjsh":"58","gjsd":"118|124|156","gjms":"1.44","gjsh":"56-60","gjjl":"128|128|128","wlhj":"4.52","wlshkx":"21%","mfshkx":"25%","minitb":"http://www.dota2.com.cn/images/heroes/beastmaster_icon.png"},{"id":76,"zwm":"树精卫士","ywm":"Treant Protector","jc":"大树","xttx":"http://www.dota2.com.cn/images/heroes/treant_full.png","dttx":"http://www.dota2.com.cn/images/heroes/treant_vert.jpg","gjlx":"近战","yxlx":"力量","yxdw":"耐久|先手|对线辅助|控制","zltb":"http://www.dota2.com.cn/images/info1301/tit_img01.gif","zljc":"17","zlsj":"1.80","mjtb":"http://www.dota2.com.cn/images/info1301/tit_img02.gif","mjjc":"15","mjsj":"2.00","lltb":"http://www.dota2.com.cn/images/info1301/tit_img03.gif","lljc":"25","llsj":"3.30","gjltb":"http://www.dota2.com.cn/images/info1301/tit_img06.gif","csgjl":"56-64","ydsdtb":"http://www.dota2.com.cn/images/info1301/tit_img05.gif","csydsd":"300","hjtb":"http://www.dota2.com.cn/images/info1301/tit_img04.gif","cshj":"1.1","yxbj":"在遥远的西方之外，预兆之谷远方的群山中，蕴藏着一股强大的古老力量，一股隐藏在树木中，令人敬畏的力量之源。据说生长在这片区域的物种都很奇特。对于自然之力而言，这是一片神圣的土地，不为世人所知。这片土地上有着各种致命的陷阱和危险——吞噬一切的杂草，各式杂交的动物以及充满剧毒的花——不过这些都远远比不上强大的树精卫士。这些长生不老，体型巨大的生物终其一生都在维护这片土地的安静，保证没人能够侵犯这里，没人能够知道他们的秘密。他们已经守护这片圣地长达千万年，与外界秋毫无犯，对世界的变迁也不甚了了。然而不可避免的，外界逐渐的注意到了这片未开化的土地，随着时间的推移，外面世界的入侵者也愈发大胆。他们很快就带着工具来砍伐焚烧这片土地，而树精卫士们则在思考，这些脆弱却勤劳的生物到底是什么？那原本绿色的原野现在变成了什么样？数万年的疑问和怀疑通通浮现，从上古时期流传下来的传统开始被他们重新审视，同时，越来越多外面世界的人死在了这片土地上，成为了花草的养分。当所有的生物都商议完毕以后，他们达成了一致，对外界的好奇终究战胜了保守和审慎。他们决定：向外界派出一名树精卫士，肩负着将外界情况传达给他们的使命，观察外面那个变化的世界以及其中的生命，最重要的是，监视那些有可能威胁到他们神圣领地的一切危险。","dj":"1|15|25","smz":"625|1503|2510","mfz":"221|549|1043","gjl":"81-89|127-135|180-188","hj":"1|5|11","syfw":"1800/800","gjfw":"128","ddsd":"N/A","jdtj1":"http://www.dota2.com.cn/images/property/add/treant_protector.jpg","jdms1":"大树在改版之后比较imba，线上不虚任何英雄，可能你会说痛苦之源这样的英雄也有吸血，但是你能用这个技能去快速推线么，大树可以用自己的吸血推线。注意活体护甲技能的施法距离是全地图的，效果很明显。并且大树自己就算是比较硬了，出一个魂戒之后无限二级能很销魂的，能让对方英雄痛不欲生。再加上一技能的逃生，不过一技能释放之后会有延迟进入隐身，所以自己要注意一点。","jdtj2":null,"jdms2":null,"cmzb":"动物信使*1|树之祭祀*1|治疗药膏*1|净化药水*1|铁树枝干*3","qqzb":"魔棒*1|速度之靴*1|护腕*1|王者之戒*1","hxzb":"魔杖*1|奥术鞋*1|梅肯斯姆*1|侦查守卫*1","hqsz":"邪恶镰刀*1|希瓦的守护*1|恐鳌之心*1|刷新球*1|死灵书*1|韧鼓*1","ljt":"http://www.dota2.com.cn/images/property/treant.gif","path":"treant_protector","zymc":"天辉","zytb":"http://www.dota2.com.cn/images/heropedia/radiant.jpg","yxtp":"http://www.dota2.com.cn/images/others/treant_big1.jpg","gjlxxj":"1","yxdwxj":"2|2|2|1","llsjsmz":"19","llsjsmhf":"0.03","mjsjhj":"1","mjsjgjsd":"1","zlsjmfz":"13","zlsjmfhf":"0.04","sjgjl":"1","pjsh":"85","gjsd":"104|112|152","gjms":"1.65","gjsh":"81-89","gjjl":"128|128|128","wlhj":"1","wlshkx":"6%","mfshkx":"25%","minitb":"http://www.dota2.com.cn/images/heroes/treant_icon.png"}],"honorList":[{"id":121,"zwm":"工程师","msg":"暂无","createtime":null}],"adapt_zd_list":[{"id":91,"zwm":"小小","ywm":"Tiny","jc":"山岭","xttx":"http://www.dota2.com.cn/images/heroes/tiny_full.png","dttx":"http://www.dota2.com.cn/images/heroes/tiny_vert.jpg","gjlx":"近战","yxlx":"力量","yxdw":"控制|爆发|先手|耐久","zltb":"http://www.dota2.com.cn/images/info1301/tit_img01.gif","zljc":"17","zlsj":"1.60","mjtb":"http://www.dota2.com.cn/images/info1301/tit_img02.gif","mjjc":"9","mjsj":"0.90","lltb":"http://www.dota2.com.cn/images/info1301/tit_img03.gif","lljc":"26","llsj":"3.00","gjltb":"http://www.dota2.com.cn/images/info1301/tit_img06.gif","csgjl":"37-43","ydsdtb":"http://www.dota2.com.cn/images/info1301/tit_img05.gif","csydsd":"285","hjtb":"http://www.dota2.com.cn/images/info1301/tit_img04.gif","cshj":"0.26","yxbj":"以一团石头的形式出现的生命体，小小不断思索他的起源，但这始终是个谜。现在的他是个石巨人，但过去是什么呢？从土傀儡的脚后跟掉落的碎片？从制造石像鬼的工房被打扫出来的碎屑？神圣预言石的表层之砂？受到强烈的好奇心驱使，他不知疲倦的环游世界，寻找着他的起源，他的出身，和他的种族。在旅途中，他变得越来越庞大，不过路上的风雨吹打掉了他身上的石头，所以他不停的吸收新的岩石，永远在长大。","dj":"1|15|25","smz":"644|1442|2392","mfz":"221|512|980","gjl":"63-69|105-111|155-161","hj":"0|2|6","syfw":"1800/800","gjfw":"128","ddsd":"N/A","jdtj1":"http://www.dota2.com.cn/images/property/add/tiny.jpg","jdms1":"鉴于lv1-3的V每级伤害提升80，一旦打出两次V的伤害，就相当于每级伤害提升了160。单级伤害提升如此之大，全dota无人能出其右。所以5级时要保证lv3的V。","jdtj2":null,"jdms2":null,"cmzb":"净化药水*1|树之祭祀*2|铁树枝干*3|圆环*1","qqzb":"魔棒*1|速度之靴*1|护腕*1|魔瓶*1","hxzb":"魔杖*1|奥术鞋*1|闪烁匕首*1","hqsz":"阿哈利姆神杖*1|强袭胸甲*1|韧鼓*1|恐鳌之心*1|邪恶镰刀*1|希瓦的守护*1","ljt":"http://www.dota2.com.cn/images/property/tiny.gif","path":"tiny","zymc":"天辉","zytb":"http://www.dota2.com.cn/images/heropedia/radiant.jpg","yxtp":"http://www.dota2.com.cn/images/others/tiny_big1.jpg","gjlxxj":"1","yxdwxj":"2|2|1|1","llsjsmz":"19","llsjsmhf":"0.03","mjsjhj":"1","mjsjgjsd":"1","zlsjmfz":"13","zlsjmfhf":"0.04","sjgjl":"1","pjsh":"64","gjsd":"109|113|131","gjms":"1.56","gjsh":"61-67","gjjl":"128|128|128","wlhj":"0.26","wlshkx":"1%","mfshkx":"25%","minitb":"http://www.dota2.com.cn/images/heroes/tiny_icon.png"},{"id":8,"zwm":"黑暗贤者","ywm":"Dark Seer","jc":"兔子、黑贤、DS","xttx":"http://www.dota2.com.cn/images/heroes/dark_seer_full.png","dttx":"http://www.dota2.com.cn/images/heroes/dark_seer_vert.jpg","gjlx":"近战","yxlx":"智力","yxdw":"先手|爆发|逃生","zltb":"http://www.dota2.com.cn/images/info1301/tit_img01.gif","zljc":"27","zlsj":"2.7","mjtb":"http://www.dota2.com.cn/images/info1301/tit_img02.gif","mjjc":"12","mjsj":"1.2","lltb":"http://www.dota2.com.cn/images/info1301/tit_img03.gif","lljc":"22","llsj":"2.3","gjltb":"http://www.dota2.com.cn/images/info1301/tit_img06.gif","csgjl":"31-37","ydsdtb":"http://www.dota2.com.cn/images/info1301/tit_img05.gif","csydsd":"300","hjtb":"http://www.dota2.com.cn/images/info1301/tit_img04.gif","cshj":"6.68","yxbj":"迅捷如风，足智多谋，黑暗贤者依什卡菲尔并不需要多么锋利的武器来搏斗，他总是运用强大的心灵之力来征服敌人。他有着颠覆战局使之对己方有利的天才。迎着欢呼和敬意，他从一个叫做幻墙之末的世界走了出来，并不热衷于这个世界的纷争——他是一个来自现实世界之外的勇者。曾经，黑暗贤者是备受人民尊敬的将军，是神王达玛瑞克斯麾下英勇的保卫者，然而他的军队在边境大战的最后几天，被一股更为强大的力量悉数歼灭。面临如此惨败，他绝望的做出了最后一个决定：引诱着敌军进入了幻墙迷宫。在他即将被捕的前一刻，他穿过幻墙，释放出强大的黑暗能量，将幻墙永远的封印起来。当飞扬的尘土归于平静以后，他发现他成功的拯救了自己的人民，而自己却沐浴在另一个世界的阳光下，亦真亦幻，无法回到现实世界。现在，他决心以一名战略家的身份来证明自己的价值，并且立誓要让这个新的世界见识他那伟大的谋略。","dj":"1|15|25","smz":"568|1180|1997","mfz":"351|842|1453","gjl":"58-64|96-102|143-149","hj":"6|8|13","syfw":"1800/800","gjfw":"128","ddsd":"N/A","jdtj1":"http://www.dota2.com.cn/images/property/add/dark_seer.jpg","jdms1":"Dota2中黑暗贤者的出场率很高，他能够配合很多英雄打出精彩比赛，无论团控英雄，还是站桩输出英雄都很喜欢与黑贤配合。这套加点的黑贤可以前期混野，不占线上资源。劣势路单的黑贤也可以很好的混到等级，金钱。前期过于劣势的情况下可以多加一点奔腾用于保命。","jdtj2":null,"jdms2":null,"cmzb":"树之祭祀*1|治疗药膏*1|净化药水*1|圆盾*1|铁树枝干*1","qqzb":"魔棒*1|速度之靴*1|灵魂之戒*1","hxzb":"魔杖*1|奥术鞋*1|梅肯斯姆*1|回城卷轴*1","hqsz":"赤红甲*1|阿哈利姆神杖*1|挑战头巾*1|洞察烟斗*1|闪烁匕首*1|邪恶镰刀*1|希瓦的守护*1|恐鳌之心*1|刷新球*1|卫士胫甲*1","ljt":"http://www.dota2.com.cn/images/property/dragon_knight.gif","path":"dark_seer","zymc":"夜魇","zytb":"http://www.dota2.com.cn/images/heropedia/dire.jpg","yxtp":"http://www.dota2.com.cn/images/others/dark_seer_big1.jpg","gjlxxj":"1","yxdwxj":"1|1|1","llsjsmz":"19","llsjsmhf":"0.03","mjsjhj":"1","mjsjgjsd":"1","zlsjmfz":"13","zlsjmfhf":"0.04","sjgjl":"1","pjsh":"63","gjsd":"112|117|141","gjms":"1.52","gjsh":"60-66","gjjl":"128|128|128","wlhj":"6.68","wlshkx":"25%","mfshkx":"25%","minitb":"http://www.dota2.com.cn/images/heroes/dark_seer_icon.png"},{"id":54,"zwm":"帕吉","ywm":"Pudge","jc":"屠夫，胖子","xttx":"http://www.dota2.com.cn/images/heroes/pudge_full.png","dttx":"http://www.dota2.com.cn/images/heroes/pudge_vert.jpg","gjlx":"近战","yxlx":"力量","yxdw":"耐久|控制","zltb":"http://www.dota2.com.cn/images/info1301/tit_img01.gif","zljc":"14","zlsj":"1.50","mjtb":"http://www.dota2.com.cn/images/info1301/tit_img02.gif","mjjc":"14","mjsj":"1.50","lltb":"http://www.dota2.com.cn/images/info1301/tit_img03.gif","lljc":"25","llsj":"3.20","gjltb":"http://www.dota2.com.cn/images/info1301/tit_img06.gif","csgjl":"27-33","ydsdtb":"http://www.dota2.com.cn/images/info1301/tit_img05.gif","csydsd":"285","hjtb":"http://www.dota2.com.cn/images/info1301/tit_img04.gif","cshj":"0.96","yxbj":"在与囚尸岭南部遥遥相望的戮尽之地，一个肥胖的身影在夜晚不知疲倦地工作着——肢解、开膛、堆积死人的四肢和内脏，一切都是为了在黎明前把战场打扫干净。在这个被诅咒的区域，尸体不会腐烂或者分解，虽然不会复活，但无论你把坟墓挖的多深，它们都会返回地面。屠夫帕吉的身边总是围绕着一群食腐鸟类，他为它们切好大小能够塞进鸟嘴的肉块，时间久了，他的技术也越来越成熟。嗖嗖嗖...嗖嗖嗖...唰...肉块就从骨头上掉下来，肌腱和韧带像湿纸一样被剥离。帕吉的兴趣在一开始只是屠宰，但时间一长，他对食尸也产生了兴趣。刚开始时只是这里吃一小块肉，那里小嗫一口血...但很快他就开始了自己的饕餮盛举，即使是躯干上最硬的部位他也津津有味的品尝。就算是那些在面对掠夺者时都毫无惧色的人们，看到屠夫，也是异常恐惧。","dj":"1|15|25","smz":"625|1476|2464","mfz":"182|455|910","gjl":"52-58|97-103|149-155","hj":"1|4|9","syfw":"1800/800","gjfw":"128","ddsd":"N/A","jdtj1":"http://www.dota2.com.cn/images/property/add/pudge.jpg","jdms1":"屠夫的加点没有太多的变化，优先将钩子升满，然后辅腐烂。前期建议做到输出最大化，而不着急升级堆积腐肉，毕竟前期杀人的力量后期会还给屠夫。出门建议一级升级腐烂，这样配合队友，或者可以拿下一血。","jdtj2":null,"jdms2":null,"cmzb":"力量手套*2|治疗药膏*2|净化药水*1|铁树枝干*1","qqzb":"魔棒*1|速度之靴*1|护腕*1|魔瓶*1","hxzb":"魔杖*1|相位鞋*1|挑战头巾*1","hqsz":"洞察烟斗*1|恐鳌之心*1|阿哈利姆神杖*1|希瓦的守护*1|原力法杖*1|韧鼓*1","ljt":"http://www.dota2.com.cn/images/property/pudge.gif","path":"pudge","zymc":"夜魇","zytb":"http://www.dota2.com.cn/images/heropedia/dire.jpg","yxtp":"http://www.dota2.com.cn/images/others/pudge_big1.jpg","gjlxxj":"1","yxdwxj":"3|1","llsjsmz":"19","llsjsmhf":"0.03","mjsjhj":"1","mjsjgjsd":"1","zlsjmfz":"13","zlsjmfhf":"0.04","sjgjl":"1","pjsh":"55","gjsd":"114|120|150","gjms":"1.49","gjsh":"52-58","gjjl":"128|128|128","wlhj":"0","wlshkx":"5%","mfshkx":"25%","minitb":"http://www.dota2.com.cn/images/heroes/pudge_icon.png"},{"id":63,"zwm":"马格纳斯","ywm":"Magnus","jc":"猛犸","xttx":"http://www.dota2.com.cn/images/heroes/magnataur_full.png","dttx":"http://www.dota2.com.cn/images/heroes/magnataur_vert.jpg","gjlx":"近战","yxlx":"力量","yxdw":"先手|控制|爆发|核心","zltb":"http://www.dota2.com.cn/images/info1301/tit_img01.gif","zljc":"17","zlsj":"1.65","mjtb":"http://www.dota2.com.cn/images/info1301/tit_img02.gif","mjjc":"15","mjsj":"2.50","lltb":"http://www.dota2.com.cn/images/info1301/tit_img03.gif","lljc":"21","llsj":"2.75","gjltb":"http://www.dota2.com.cn/images/info1301/tit_img06.gif","csgjl":"28-40","ydsdtb":"http://www.dota2.com.cn/images/info1301/tit_img05.gif","csydsd":"315","hjtb":"http://www.dota2.com.cn/images/info1301/tit_img04.gif","cshj":"4.1","yxbj":"杰尔拉克山的铸造大师们只对一件事达成了共识：半人犀牛的角比任何合金都要珍贵。而这些角中，形状最大、最为锋利的角属于被称作马格纳斯的野兽。在半个世代以来，马格纳斯的运动就是用角冲撞那些前来猎取他同胞的猎人。每次他回到洞穴，蹄上和角上都是血迹斑斑，直到族里的女族长要求他和他的族人在山脉阴影之外的北边寻找避难的居所，但是马格纳斯对此嗤之以鼻，他从未在守卫族人时倒下。他决定，半人犀牛将留在这个地方，因为他们从不相信侥幸...抑或是改变自己的主意。但是在杰尔拉克山毫无预兆地喷发时，他一半的族人都消失在烈火和烟尘中，马格纳斯终究还是改变了想法。幸存的族人开始向北边进发，结果遇到了由上百名装备着铁甲和弓箭的猎人组成的封锁线。马格纳斯不希望族人有伤亡，他率领着最为勇猛的兄弟姐妹向敌人发起冲锋，战斗中透着的那股狠劲儿只有他身后冒着熊熊烈火的火山才能相提并论。与此同时族里的老弱妇孺纷纷消失在战场的沙尘中。对于之后发生的故事铸造大师们众说纷纭。有人说他统一了他的族人，而其他人则声称他受了致命伤，倒在了女族长的身旁憾然离世。这些说法都不正确。他的确发誓要使族人重聚...但是要在找到使杰尔拉克山喷发的罪魁祸首，看着他们在自己的角上死去之后，因为半人犀牛从不相信侥幸或偶然。","dj":"1|15|25","smz":"549|1281|2183","mfz":"221|521|996","gjl":"49-61|88-100|135-147","hj":"4|9|15","syfw":"1800/800","gjfw":"128","ddsd":"N/A","jdtj1":"http://www.dota2.com.cn/images/property/add/magnus.jpg","jdms1":"这是目前猛犸最主流的加点路线，前期高等级的巨角冲撞可以代替跳刀，强大的切入和逃生能力不容小视。这种加点的猛犸主动性很强，一套技能的AOE伤害也非常可观。","jdtj2":null,"jdms2":null,"cmzb":"力量手套*2|治疗药膏*2|净化药水*1|铁树枝干*1","qqzb":"魔棒*1|速度之靴*1|魔瓶*1","hxzb":"魔杖*1|奥术鞋*1|闪烁匕首*1","hqsz":"恐鳌之心*1|狂战斧*1|希瓦的守护*1|强袭胸甲*1|刷新球*1|疯狂面具*1","ljt":"http://www.dota2.com.cn/images/property/magnataur.gif","path":"magnus","zymc":"夜魇","zytb":"http://www.dota2.com.cn/images/heropedia/dire.jpg","yxtp":"http://www.dota2.com.cn/images/others/magnataur_big1.jpg","gjlxxj":"1","yxdwxj":"3|1|1|1","llsjsmz":"19","llsjsmhf":"0.03","mjsjhj":"1","mjsjgjsd":"1","zlsjmfz":"13","zlsjmfhf":"0.04","sjgjl":"1","pjsh":"55","gjsd":"115|125|175","gjms":"1.48","gjsh":"49-61","gjjl":"128|128|128","wlhj":"4","wlshkx":"19%","mfshkx":"25%","minitb":"http://www.dota2.com.cn/images/heroes/magnataur_icon.png"},{"id":52,"zwm":"娜迦海妖","ywm":"Naga Siren","jc":"小娜迦","xttx":"http://www.dota2.com.cn/images/heroes/naga_siren_full.png","dttx":"http://www.dota2.com.cn/images/heroes/naga_siren_vert.jpg","gjlx":"近战","yxlx":"敏捷","yxdw":"核心|控制|推进|逃生","zltb":"http://www.dota2.com.cn/images/info1301/tit_img01.gif","zljc":"18","zlsj":"1.95","mjtb":"http://www.dota2.com.cn/images/info1301/tit_img02.gif","mjjc":"21","mjsj":"2.75","lltb":"http://www.dota2.com.cn/images/info1301/tit_img03.gif","lljc":"21","llsj":"2.3","gjltb":"http://www.dota2.com.cn/images/info1301/tit_img06.gif","csgjl":"23-25","ydsdtb":"http://www.dota2.com.cn/images/info1301/tit_img05.gif","csydsd":"320","hjtb":"http://www.dota2.com.cn/images/info1301/tit_img04.gif","cshj":"5.94","yxbj":"在鱼人卫士团的誓言中，有一句誓词最广为流传：鱼人不能失败。事实上，这句话既是誓词，又是命令，所有失败的人都已经被放逐。鱼人族内不容败者。司里希丝曾经是她族群内最受尊敬的战士，多年来她一直指挥着一支军队，她最强力的武器就是她那让人畏惧的声音。强大，婉转，难以捉摸，她一直用她这一致命武器守卫着深海住民以及沉没之城中的财富。然而在克雷之役的最后一战中，在面对一帮想给他们的深渊之神献上财宝的狂热深海巨怪时，她的军队节节败退。在他们将敌人猛烈的攻击抵御下以后，开始清理战场，却发现宝藏中的镶嵌着珠宝的圣杯不见了。她的百人队中只有寥寥数人活了下来，然而同胞们的勇敢和牺牲却无关紧要了。重要的是他们的珍宝被拿走了。他们的荣誉被毁掉了。娜迦海妖被驱逐了，她被放逐去寻回失窃的圣杯。不管她能够做出多少倍的补偿，她也注定不会被原谅，除非她带回了失窃的宝藏。她所失去的荣誉，千金难抵。","dj":"1|15|25","smz":"549|1161|1978","mfz":"234|589|1102","gjl":"44-46|83-85|130-132","hj":"6|11|18","syfw":"1800/800","gjfw":"128","ddsd":"N/A","jdtj1":"http://www.dota2.com.cn/images/property/add/naga_siren.jpg","jdms1":"激流自从变成幻象也可以释放之后就成为了娜迦海妖的主加技能，当然特定情况下也有主加网或者分身的。前期幻象承受伤害过多，所以在装备没有累积之前，分身带来的增益效果不大。主激流也利于娜迦前期混线补刀拿人头。娜迦的网是无视BKB的，被网住的单位没法闪烁走，这点至关重要。","jdtj2":"","jdms2":"","cmzb":"树之祭祀*2|治疗药膏*1|敏捷便鞋*1|铁树枝干*3","qqzb":"魔棒*1|速度之靴*1|穷鬼盾*1","hxzb":"奥术鞋*1|魔杖*1|梅肯斯姆*1|","hqsz":"恐鳌之心*1|天堂之戟*1|幻影斧*1|净魂之刃*1|蝴蝶*1|","ljt":"http://www.dota2.com.cn/images/property/naga_siren.gif","path":"naga_siren","zymc":"夜魇","zytb":"http://www.dota2.com.cn/images/heropedia/dire.jpg","yxtp":"http://www.dota2.com.cn/images/others/naga_siren_big1.jpg","gjlxxj":"1","yxdwxj":"2|2|1|1","llsjsmz":"19","llsjsmhf":"0.03","mjsjhj":"1","mjsjgjsd":"1","zlsjmfz":"13","zlsjmfhf":"0.04","sjgjl":"1","pjsh":"45","gjsd":"121|132|187","gjms":"1.4","gjsh":"44-46","gjjl":"128|128|128","wlhj":"5","wlshkx":"26%","mfshkx":"25%","minitb":"http://www.dota2.com.cn/images/heroes/naga_siren_icon.png"},{"id":28,"zwm":"蝙蝠骑士","ywm":"Batrider","jc":"蝙蝠","xttx":"http://www.dota2.com.cn/images/heroes/batrider_full.png","dttx":"http://www.dota2.com.cn/images/heroes/batrider_vert.jpg","gjlx":"远程","yxlx":"智力","yxdw":"先手|控制|爆发|逃生","zltb":"http://www.dota2.com.cn/images/info1301/tit_img01.gif","zljc":"24","zlsj":"2.5","mjtb":"http://www.dota2.com.cn/images/info1301/tit_img02.gif","mjjc":"15","mjsj":"1.5","lltb":"http://www.dota2.com.cn/images/info1301/tit_img03.gif","lljc":"23","llsj":"2.4","gjltb":"http://www.dota2.com.cn/images/info1301/tit_img06.gif","csgjl":"14-18","ydsdtb":"http://www.dota2.com.cn/images/info1301/tit_img05.gif","csydsd":"290","hjtb":"http://www.dota2.com.cn/images/info1301/tit_img04.gif","cshj":"2.1","yxbj":"那些生活在荒狱丛林中的生物根本不知道什么叫和平共处。它们只知道用牙咬，用爪挠，用蛰刺，用蹄踩，即使稍微露怯也能让你立马死去。据说蝙蝠骑士在被外出觅食的食人蝠带走之前，只是一个普通农家的孩子，正在地里帮忙做农活。然而被带走后，他立刻想出了好点子，翻身骑上了抓住他的蝙蝠的后背，转眼间蝙蝠就成了他的工具。当他从那些血腥的尸骸中走出来时，他已经沉醉于战斗给他带来的兴奋和刺激，男孩终于意识到了自己内心深处的渴望。随着他的成长，每个夏天他都会回到家里的农田中，经常外出躲在草丛中，期望能够找回当年的血盆大口和致命的下坠给他带来的面对死亡的兴奋。时间一年年的过去，他的渴望变得愈发强烈。为了快速成长，他参加了每一次的远征，直到他找到了蝙蝠洞穴的路。据说在一个灼热仲夏的前夜，骑手只带了一捆绳索、一瓶壮胆酒以及灼热的决心，为了再次感受到天空，他只身跳入洞穴...","dj":"1|15|25","smz":"587|1225|2061","mfz":"312|767|1352","gjl":"38-42|73-77|118-122","hj":"2|5|10","syfw":"1200/800","gjfw":"375","ddsd":"900","jdtj1":"http://www.dota2.com.cn/images/property/add/batrider.jpg","jdms1":"如今的蝙蝠CW中出场的机会越来越少了，但是在路人局中还是能经常看见的。蝙蝠加点依然是前期主燃油，副火焰，线上无限叠油，累积到一定层数，强杀。唯一值得注意的地方是，现在蝙蝠前期很早的时候要用一级R（烈焰破击）用来打断回城，团战中也可以打乱地方阵型。","jdtj2":"","jdms2":"","cmzb":"树之祭祀*2|圆盾*1|铁树枝干*3","qqzb":"速度之靴*1|魔棒*1|影之灵龛*1","hxzb":"动力鞋*1|闪烁匕首*1|先锋盾*1|魔杖*1|回城卷轴*1","hqsz":"挑战头巾*1|Eul的神圣法杖*1|邪恶镰刀*1|洞察烟斗*1|希瓦的守护*1|原力法杖*1","ljt":"http://www.dota2.com.cn/images/property/beastmaster.gif","path":"batrider","zymc":"夜魇","zytb":"http://www.dota2.com.cn/images/heropedia/dire.jpg","yxtp":"http://www.dota2.com.cn/images/others/batrider_big1.jpg","gjlxxj":"1","yxdwxj":"2|1|1|1","llsjsmz":"19","llsjsmhf":"0.03","mjsjhj":"1","mjsjgjsd":"1","zlsjmfz":"13","zlsjmfhf":"0.04","sjgjl":"1","pjsh":"40","gjsd":"115|121|151","gjms":"1.48","gjsh":"38-42","gjjl":"375|375|375","wlhj":"2","wlshkx":"11%","mfshkx":"25%","minitb":"http://www.dota2.com.cn/images/heroes/batrider_icon.png"}],"hqszList":[{"goods":{"id":101,"bigtype":"升级物品","type":"防具","wpmc":"血精石","wppz":"4","wptp":"http://www.dota2.com.cn/images/items/bloodstone_lg.png","jgtb":"http://www.dota2.com.cn/images/info1301/tit_img07.gif","jg":"4900","wpjs":"血精石鲜红的色彩在战场上绝对不会被看错，拥有者似乎有无限的生命力和精力。","wpzyms":"被动：血之契约 - 具有8点初始能量。1675范围内有敌方英雄死亡时获得1点能量。每点能量给予1点/秒的魔法回复，死亡时减少3秒重生时间。当持有者死亡时，回复周围1675范围内的友军单位500+30×能量点数的生命值，并失去1/3的能量。","wpsyff":"主动：绝地自尽 - 立刻原地自杀。","wpxg":"+ <span class=\"color_yellow\">500</span> 生命值<br/>+ <span class=\"color_yellow\">400</span> 魔法值<br/>+ <span class=\"color_yellow\">9</span> 生命恢复速率<br/>+ <span class=\"color_yellow\">200%</span> 魔法恢复","lqsjtb":"http://www.dota2.com.cn/images/info1301/ico2.gif","lqsj":"300","mfxhtb":"","mfxh":"","qzwptb":null,"wpzyms2":"如果英雄身上有多个血精石，只有第一个会获得点数。","item_en":"bloodstone"},"count":1},{"goods":{"id":44,"bigtype":"基础物品","type":"奥术","wpmc":"幽魂权杖","wppz":"1","wptp":"http://www.dota2.com.cn/images/items/ghost_lg.png","jgtb":"http://www.dota2.com.cn/images/info1301/tit_img07.gif","jg":"1600","wpjs":"赐予使用者幽灵般的姿态，让他们避开物理性的伤害。","wpzyms":"","wpsyff":"主动：幽灵形态-进入幽灵形态，无法进行普通攻击也无法被普通攻击，但会受到-40%额外魔法伤害。使用回城卷轴或远行鞋会解除幽灵形态。","wpxg":"+ <span class=\"color_yellow\">7</span> 所有属性<br/>幽灵形态持续时间：<span class=\"color_yellow\">4</span>","lqsjtb":"http://www.dota2.com.cn/images/info1301/ico2.gif","lqsj":"30","mfxhtb":"","mfxh":"","qzwptb":"","wpzyms2":"如果在开启期间进入魔法免疫状态，幽魂效果将会终止。如果在魔法免疫状态下开启权杖将不会拥有幽魂效果。<br>与虚灵之刃共享冷却时间。","item_en":"ghost"},"count":1},{"goods":{"id":81,"bigtype":"升级物品","type":"法器","wpmc":"邪恶镰刀","wppz":"3","wptp":"http://www.dota2.com.cn/images/items/sheepstick_lg.png","jgtb":"http://www.dota2.com.cn/images/info1301/tit_img07.gif","jg":"5675","wpjs":"Vyse教徒最为宝贵的圣物，法师们最为垂涎的武器。","wpzyms":"","wpsyff":"主动：妖术-将一个单位变成无害的小动物，持续3.5秒。消灭幻象。","wpxg":"+ <span class=\"color_yellow\">10</span> 力量<br/>+ <span class=\"color_yellow\">10</span> 敏捷<br/>+ <span class=\"color_yellow\">35</span> 智力<br/>+ <span class=\"color_yellow\">150%</span> 魔法恢复","lqsjtb":"http://www.dota2.com.cn/images/info1301/ico2.gif","lqsj":"30","mfxhtb":"http://www.dota2.com.cn/images/info1301/ico1.gif","mfxh":"100","qzwptb":null,"wpzyms2":"立刻杀死幻象。<br>目标的基础移动速度为100，但是如果目标有满速状态则移速不受影响。<br>妖术将使伤害格挡和闪避无效。","item_en":"sheepstick"},"count":1},{"goods":{"id":99,"bigtype":"升级物品","type":"防具","wpmc":"希瓦的守护","wppz":"4","wptp":"http://www.dota2.com.cn/images/items/shivas_guard_lg.png","jgtb":"http://www.dota2.com.cn/images/info1301/tit_img07.gif","jg":"4700","wpjs":"据说曾经属于某位女神，至今仍保持大部分神力。","wpzyms":"多个霜冷光坏的效果无法叠加。","wpsyff":"主动：极寒冲击 - 发出一道寒冷的波动，对敌人造成200伤害并减速-40%持续4.0秒。<br>被动：霜冷光环 - 降低敌人攻击速度。","wpxg":"+ <span class=\"color_yellow\">30</span> 智力<br/>+ <span class=\"color_yellow\">15</span> 护甲<br/>光环攻速降低：<span class=\"color_yellow\">40</span>","lqsjtb":"http://www.dota2.com.cn/images/info1301/ico2.gif","lqsj":"30","mfxhtb":"http://www.dota2.com.cn/images/info1301/ico1.gif","mfxh":"100","qzwptb":"","wpzyms2":"极寒冲击的扩张速度为350，最大半径为900。 <br>极寒冲击将以施放者为中心。","item_en":"shivas_guard"},"count":1},{"goods":{"id":72,"bigtype":"升级物品","type":"法器","wpmc":"原力法杖","wppz":"3","wptp":"http://www.dota2.com.cn/images/items/force_staff_lg.png","jgtb":"http://www.dota2.com.cn/images/info1301/tit_img07.gif","jg":"2250","wpjs":"让你可以操纵他人，不论出于善或恶。","wpzyms":"","wpsyff":"主动：原力-将任何目标单位向其面对方向推进600距离。双击对自身使用。","wpxg":"+ <span class=\"color_yellow\">10</span> 智力<br/>+ <span class=\"color_yellow\">3</span> 生命恢复速率","lqsjtb":"http://www.dota2.com.cn/images/info1301/ico2.gif","lqsj":"20","mfxhtb":"http://www.dota2.com.cn/images/info1301/ico1.gif","mfxh":"25","qzwptb":"","wpzyms2":"快速点击两次可以对自身施放原力。<br>原力法杖不会打断目标的动作。<br>对时间结界或黑洞内的单位无效。","item_en":"force_staff"},"count":1},{"goods":{"id":73,"bigtype":"升级物品","type":"法器","wpmc":"死灵书","wppz":"3","wptp":"http://www.dota2.com.cn/images/items/necronomicon_lg.png","jgtb":"http://www.dota2.com.cn/images/info1301/tit_img07.gif","jg":"2700","wpjs":"借助圣杯上关于亡灵和恶魔的记载，将强大的邪恶力量封印在书内。","wpzyms":"","wpsyff":"主动：召唤死灵 - 召唤一个死灵战士和死灵射手为你作战。它们的力量和技能随死灵书等级提升而提升。持续40秒。","wpxg":"+ <span class=\"color_yellow\">15</span>/21/24智力<br/>+ <span class=\"color_yellow\">8</span>/12/16力量","lqsjtb":"http://www.dota2.com.cn/images/info1301/ico2.gif","lqsj":"95","mfxhtb":"http://www.dota2.com.cn/images/info1301/ico1.gif","mfxh":"50","qzwptb":null,"wpzyms2":"死亡战士和射手的生命值为700/800/900点。","item_en":"necronomicon"},"count":1}],"hxzbList":[{"goods":{"id":74,"bigtype":"升级物品","type":"法器","wpmc":"EUL的神圣法杖","wppz":"3","wptp":"http://www.dota2.com.cn/images/items/cyclone_lg.png","jgtb":"http://www.dota2.com.cn/images/info1301/tit_img07.gif","jg":"2700","wpjs":"一支从久远年代流传下来的神秘权杖，能招来破坏性的龙卷风行善或作恶。","wpzyms":"移动速度提升效果无法与其他Eul的神杖叠加。","wpsyff":"主动：龙卷风 - 将目标单位吹起至空中，持续2.5秒，在空中为无敌状态。可以对自己使用龙卷风。敌方单位落地后将受到50点魔法伤害。","wpxg":"+ <span class=\"color_yellow\">10</span> 智力<br/>+ <span class=\"color_yellow\">150%</span> 魔法恢复<br/>+ <span class=\"color_yellow\">40</span> 移动速度","lqsjtb":"http://www.dota2.com.cn/images/info1301/ico2.gif","lqsj":"23","mfxhtb":"http://www.dota2.com.cn/images/info1301/ico1.gif","mfxh":"75","qzwptb":"","wpzyms2":"不能对队友使用龙卷风。","item_en":"cyclone"},"count":1},{"goods":{"id":78,"bigtype":"升级物品","type":"法器","wpmc":"阿哈利姆神杖","wppz":"3","wptp":"http://www.dota2.com.cn/images/items/ultimate_scepter_lg.png","jgtb":"http://www.dota2.com.cn/images/info1301/tit_img07.gif","jg":"4200","wpjs":"拥有半神之力的法师的权杖。","wpzyms":"","wpsyff":"被动：终极技能升级 - 能提升某些英雄终极技能。","wpxg":"+ <span class=\"color_yellow\">10</span> 所有属性<br/>+ <span class=\"color_yellow\">200</span> 生命值<br/>+ <span class=\"color_yellow\">150</span> 魔法值","lqsjtb":"","lqsj":"","mfxhtb":"","mfxh":"","qzwptb":"","wpzyms2":"","item_en":"ultimate_scepter"},"count":1}],"adapt_kz_list":[{"id":97,"zwm":"影魔","ywm":"ShadowFiend","jc":"SF","xttx":"http://www.dota2.com.cn/images/heroes/nevermore_full.png","dttx":"http://www.dota2.com.cn/images/heroes/nevermore_vert.jpg","gjlx":"远程","yxlx":"敏捷","yxdw":"远程|核心|爆发","zltb":"http://www.dota2.com.cn/images/info1301/tit_img01.gif","zljc":"18","zlsj":"2","mjtb":"http://www.dota2.com.cn/images/info1301/tit_img02.gif","mjjc":"20","mjsj":"2.9","lltb":"http://www.dota2.com.cn/images/info1301/tit_img03.gif","lljc":"15","llsj":"2","gjltb":"http://www.dota2.com.cn/images/info1301/tit_img06.gif","csgjl":"15-21","ydsdtb":"http://www.dota2.com.cn/images/info1301/tit_img05.gif","csydsd":"305","hjtb":"http://www.dota2.com.cn/images/info1301/tit_img04.gif","cshj":"1.8","yxbj":"据说影魔奈文摩尔有着一个诗人的灵魂，事实上，他吞噬的诗人灵魂早已成千上万。千百年来，他收集了各式各样的灵魂，包括诗人，牧师，帝王，乞丐，奴隶，哲人，罪犯，当然，还有英雄。他拥有着世间所有种类的灵魂。然而没人知道他收集这些灵魂作何之用。从来没有人得以窥视影魔的魂渊之秘，他从魂渊中伸出灵魂触须，蔓延在精神位面。他是把灵魂一个个吞噬了？还是把灵魂堆积在他的影惧神殿里？又或是将灵魂浸在死灵之池中？难道他仅仅是一个被恶魔傀儡大师操纵着，通过位面裂口进入世界的傀儡？尽管众说纷纭，但根本没有人能看透他那黑暗光环下的层层邪恶。然而，如果你实在是很想知道那些灵魂的归宿，有个办法能帮你达成心愿：凡人，将你的灵魂奉献给影魔，或者等待魔王的收割！","dj":"1|15|25","smz":"435|967|1727","mfz":"234|598|1118","gjl":"35-41|76-82|125-131","hj":"3|9|16","syfw":"1800/800","gjfw":"500","ddsd":"1200","jdtj1":"http://www.dota2.com.cn/images/property/add/shadow_fiend.jpg","jdms1":"这是最主流的影魔加点，前期主支配死灵和影压这是毫无疑问的。大招伤害和死灵数量成正比，所以在支配死灵之后选择升级大招是不错的选择。","jdtj2":"","jdms2":"","cmzb":"治疗药膏*1|树之祭祀*1|敏捷便鞋*2|铁树枝干*2","qqzb":"魔棒*1|速度之靴*1|天鹰之戒*1","hxzb":"魔杖*1|动力鞋*1|闪烁匕首*1|黑皇杖*1","hqsz":"影刃*1|强袭胸甲*1|代达罗斯之殇*1|黯灭*1|蝴蝶*1|金箍棒*1","ljt":"http://www.dota2.com.cn/images/property/nevermore.gif","path":"shadow_fiend","zymc":"夜魇","zytb":"http://www.dota2.com.cn/images/heropedia/dire.jpg","yxtp":"http://www.dota2.com.cn/images/others/nevermore_big1.jpg","gjlxxj":"1","yxdwxj":"2|2","llsjsmz":"19","llsjsmhf":"0.03","mjsjhj":"1","mjsjgjsd":"1","zlsjmfz":"13","zlsjmfhf":"0.04","sjgjl":"1","pjsh":"38","gjsd":"120|132|190","gjms":"1.42","gjsh":"35-41","gjjl":"500|500|500","wlhj":"1","wlshkx":"9%","mfshkx":"25%","minitb":"http://www.dota2.com.cn/images/heroes/nevermore_icon.png"},{"id":15,"zwm":"德鲁伊","ywm":"Lone Druid","jc":"LD、熊德、DLY、小德","xttx":"http://www.dota2.com.cn/images/heroes/lone_druid_full.png","dttx":"http://www.dota2.com.cn/images/heroes/lone_druid_vert.jpg","gjlx":"远程","yxlx":"敏捷","yxdw":"核心|耐久|推进|打野","zltb":"http://www.dota2.com.cn/images/info1301/tit_img01.gif","zljc":"13","zlsj":"1.4","mjtb":"http://www.dota2.com.cn/images/info1301/tit_img02.gif","mjjc":"24","mjsj":"2.7","lltb":"http://www.dota2.com.cn/images/info1301/tit_img03.gif","lljc":"17","llsj":"2.1","gjltb":"http://www.dota2.com.cn/images/info1301/tit_img06.gif","csgjl":"22-26","ydsdtb":"http://www.dota2.com.cn/images/info1301/tit_img05.gif","csydsd":"325","hjtb":"http://www.dota2.com.cn/images/info1301/tit_img04.gif","cshj":"3.36","yxbj":"早在有史可考的年代之前，德鲁伊巨熊部落就已经形成了。他们天生就是智者，专注于探索和理解自然秩序。自然之力注意到了他们，并找到了他们中最有学识的一位，睿智的老悉拉，巨熊部落的先知和仲裁者，脱颖而出。它走到悉拉面前，将生命之种交给了他，并且告诉他：“当世界变得昏暗，当文明不再繁荣，当荒漠延伸到世界的尽头，那就种下这粒种子。”获得了自然之力的信任以后，悉拉感到自己的活力又回来了，岁月的痕迹也消失无踪，他原本渊博的学识更加广袤。同时，他发现自己能够将自己的意愿变成现实，甚至，在专注的情况下，能够改变自己的物质形态。然而，关于生命之种的谣言却给他的部落和人民带来了灾难，恐怖的战争席卷了整个部落，将其毁于一旦。家园被毁，悉拉带着自己的责任，逃到了荒野。随着时间的流逝，巨熊部落以及生命之种的故事已经在岁月长河中被人遗忘。几万年来，悉拉一直在等待，等待神谕，等待永世争斗的结束，等待他流浪宿命的终结，等待他神圣使命的实现，同时准备着消灭那些敢于阻挠他的事物。","dj":"1|15|25","smz":"473|1032|1811","mfz":"169|424|866","gjl":"46-50|84-88|131-135","hj":"3|9|15","syfw":"1800/1000","gjfw":"550","ddsd":"900","jdtj1":"http://www.dota2.com.cn/images/property/add/lone_druid.jpg","jdms1":"德鲁伊是一名敏捷型英雄，强大push推进能力，后期无与伦比的输出能力，德鲁伊一度被授予Dota第一后期的头衔。这是大多数德鲁伊的主流加点。熊灵是德鲁伊最好的伙伴，熟练对熊灵的使用是用好德鲁伊的关键。","jdtj2":"","jdms2":"","cmzb":"铁树枝干*3|树之祭祀*1|守护指环*1","qqzb":"魔棒*1|速度之靴*1","hxzb":"魔杖*1|静谧之鞋*1","hqsz":"狂战斧*1|幻影斧*1|深渊之刃*1|蝴蝶*1|恐鳌之心*1|弗拉迪米尔的祭品*1|","ljt":"http://www.dota2.com.cn/images/property/lone_druid.gif","path":"lone_druid","zymc":"天辉","zytb":"http://www.dota2.com.cn/images/heropedia/radiant.jpg","yxtp":"http://www.dota2.com.cn/images/others/lone_druid_big1.jpg","gjlxxj":"1","yxdwxj":"2|2|2|1","llsjsmz":"19","llsjsmhf":"0.03","mjsjhj":"1","mjsjgjsd":"1","zlsjmfz":"13","zlsjmfhf":"0.04","sjgjl":"1","pjsh":"48","gjsd":"124|135|189","gjms":"1.37","gjsh":"46-50","gjjl":"550|550|550","wlhj":"3","wlshkx":"16%","mfshkx":"25%","minitb":"http://www.dota2.com.cn/images/heroes/lone_druid_icon.png"},{"id":49,"zwm":"炼金术士","ywm":"Alchemist","jc":"炼金","xttx":"http://www.dota2.com.cn/images/heroes/alchemist_full.png","dttx":"http://www.dota2.com.cn/images/heroes/alchemist_vert.jpg","gjlx":"近战","yxlx":"力量","yxdw":"耐久|核心|控制","zltb":"http://www.dota2.com.cn/images/info1301/tit_img01.gif","zljc":"25","zlsj":"1.80","mjtb":"http://www.dota2.com.cn/images/info1301/tit_img02.gif","mjjc":"11","mjsj":"1.20","lltb":"http://www.dota2.com.cn/images/info1301/tit_img03.gif","lljc":"25","llsj":"1.80","gjltb":"http://www.dota2.com.cn/images/info1301/tit_img06.gif","csgjl":"24-33","ydsdtb":"http://www.dota2.com.cn/images/info1301/tit_img05.gif","csydsd":"295","hjtb":"http://www.dota2.com.cn/images/info1301/tit_img04.gif","cshj":"1.54","yxbj":"投身神圣的化学事业是黑酿家族的传统，但是年轻的拉泽尔无论是野心、创造力还是执着都超出了家族中的任何一人。然而在他成年以后，他却将家族事业置之不顾，开始试着用炼金术制造黄金。如他大胆的名声所述，有一次他宣布要把一整座山全部变成金子。在浪费了二十年时间进行研究和准备后，他的炼金术在众人面前壮观地失败了，实验造成了大面积的破坏，很快他就被囚禁了。然后拉泽尔从不轻易退步，他一直在寻找机会逃出去继续他的研究。当他的牢房来了一个凶猛的食人魔狱友后，他发现机会来了。说服食人魔不要吃他后，拉泽尔用牢房石地上生长的霉菌和苔藓为原料，仔细地调和着一种药酊，准备给食人魔喝。花了一周不到的时间，药酊似乎完成了。当食人魔喝下药剂后，它突然变得狂怒起来，像个无法阻挡的狂战士般，破坏了监狱的铁栏，冲破了墙壁和狱卒。很快他们就发现自己在城市外围的森林中迷路了，虽然留下了一路破坏的踪迹，但没有追兵的迹象。受到药剂后遗症的作用，食人魔显得很安详、快乐，也更热心了。决定合伙后，这对搭档再次出发去寻找拉泽尔炼金术试验所需要的材料。","dj":"1|15|25","smz":"625|1104|1826","mfz":"325|653|1147","gjl":"49-58|74-83|112-121","hj":"2|4|8","syfw":"1800/800","gjfw":"128","ddsd":"N/A","jdtj1":"http://www.dota2.com.cn/images/property/add/alchemist.jpg","jdms1":"炼金这个英雄出装备会非常快，所以需要这个英雄好好的去打钱。首先3技能就是为了让自己更快的打钱，其次就是主升级1技能，起到一个线上压制的作用，而且满级的毒雾基本上很快可以杀死远程兵，在推塔的时候也能让对方英雄不敢来防守塔。配合着回血回蓝的大招，基本上技能可以一直释放，学习一级晕是为了帮助队友gank或者反gank。","jdtj2":null,"jdms2":null,"cmzb":"树之祭祀*1|治疗药膏*1|铁树枝干*3|圆盾*1","qqzb":"速度之靴*1|魔棒*1|治疗指环*1|王者之戒*1","hxzb":"相位鞋*1|魔杖*1|先锋盾*1","hqsz":"","ljt":"http://www.dota2.com.cn/images/property/alchemist.gif","path":"alchemist","zymc":"天辉","zytb":"http://www.dota2.com.cn/images/heropedia/radiant.jpg","yxtp":"http://www.dota2.com.cn/images/others/alchemist_big1.jpg","gjlxxj":"1","yxdwxj":"2|1|1","llsjsmz":"19","llsjsmhf":"0.03","mjsjhj":"1","mjsjgjsd":"1","zlsjmfz":"13","zlsjmfhf":"0.04","sjgjl":"1","pjsh":"53","gjsd":"111|116|140","gjms":"1.53","gjsh":"49-58","gjjl":"128|128|128","wlhj":"1","wlshkx":"8%","mfshkx":"25%","minitb":"http://www.dota2.com.cn/images/heroes/alchemist_icon.png"},{"id":104,"zwm":"灰烬之灵","ywm":"Ember Spirit","jc":"火熊猫","xttx":"http://www.dota2.com.cn/images/heroes/ember_spirit_full.png","dttx":"http://www.dota2.com.cn/images/heroes/ember_spirit_vert.jpg","gjlx":"近战","yxlx":"敏捷","yxdw":"核心|爆发","zltb":"http://www.dota2.com.cn/images/info1301/tit_img01.gif","zljc":"20","zlsj":"1.8","mjtb":"http://www.dota2.com.cn/images/info1301/tit_img02.gif","mjjc":"22","mjsj":"1.8","lltb":"http://www.dota2.com.cn/images/info1301/tit_img03.gif","lljc":"19","llsj":"2","gjltb":"http://www.dota2.com.cn/images/info1301/tit_img06.gif","csgjl":"30-34","ydsdtb":"http://www.dota2.com.cn/images/info1301/tit_img05.gif","csydsd":"310","hjtb":"http://www.dota2.com.cn/images/info1301/tit_img04.gif","cshj":"1.08","yxbj":"在燃烧要塞中有一口玉石大釜，里面装满了灰烬，这是当年的战争诗人，炘的火葬之地。炘毕生都在卫火盟教导年轻的弟子。后来燃烧之神被炘的师德所打动，下凡来到要塞中，重新点燃了灰烬。余烬之中，炘的样子渐渐成型，四周环绕着火焰。他的面容一如既往的沉静，为了让知识之火燎原，为寻求指引的人提供方向，他已准备就绪。","dj":"1|15|25","smz":"511|1043|1803","mfz":"260|588|1082","gjl":"52-56|71-81|115-119","hj":"1|5|10","syfw":"1800/800","gjfw":"128","ddsd":"N/A","jdtj1":"http://www.dota2.com.cn/images/property/ember_spirit.jpg","jdms1":"由于烈火罩能持续造成伤害，所以可以进行主升，之后升级炎阳索，提升技能伤害，有大加大，最后升级无影拳，增加中后期带线和消耗的能力。","jdtj2":"","jdms2":"","cmzb":"治疗药膏*1|净化药水*2|铁树枝干*2|圆盾*1","qqzb":"速度之靴*1|魔棒*1|影之灵龛*1","hxzb":"奥术鞋*1|魔杖*1|先锋盾*1","hqsz":"代达罗斯之殇*1|恐鳌之心*1|蝴蝶*1|雷神之锤*1|狂战斧*2","ljt":"http://www.dota2.com.cn/images/property/ember_spirit.gif","path":"ember_spirit","zymc":"天辉","zytb":"http://www.dota2.com.cn/images/heropedia/radiant.jpg","yxtp":"http://www.dota2.com.cn/images/others/ember_spirit_big1.jpg","gjlxxj":"1","yxdwxj":"1|2","llsjsmz":"19","llsjsmhf":"0.03","mjsjhj":"1","mjsjgjsd":"1","zlsjmfz":"13","zlsjmfhf":"0.04","sjgjl":"1","pjsh":"54","gjsd":"122|129|165","gjms":"1.39","gjsh":"52-56","gjjl":"128|128|128","wlhj":"1","wlshkx":"6%","mfshkx":"25%","minitb":"http://www.dota2.com.cn/images/heroes/ember_spirit_icon.png"},{"id":44,"zwm":"拉席克","ywm":"Leshrac","jc":"老鹿，光鹿","xttx":"http://www.dota2.com.cn/images/heroes/leshrac_full.png","dttx":"http://www.dota2.com.cn/images/heroes/leshrac_vert.jpg","gjlx":"远程","yxlx":"智力","yxdw":"爆发|推进|控制|辅助","zltb":"http://www.dota2.com.cn/images/info1301/tit_img01.gif","zljc":"26","zlsj":"3","mjtb":"http://www.dota2.com.cn/images/info1301/tit_img02.gif","mjjc":"23","mjsj":"1.7","lltb":"http://www.dota2.com.cn/images/info1301/tit_img03.gif","lljc":"16","llsj":"1.5","gjltb":"http://www.dota2.com.cn/images/info1301/tit_img06.gif","csgjl":"15-19","ydsdtb":"http://www.dota2.com.cn/images/info1301/tit_img05.gif","csydsd":"320","hjtb":"http://www.dota2.com.cn/images/info1301/tit_img04.gif","cshj":"3.22","yxbj":"拉席克，受折磨的灵魂，是一个从人性之中被撕裂出来的存在，他身体的一半存在于物质面，另外一半存在于非物质面。他敏锐的智慧使他能觉察到任何生物心中的最细微的恐惧。作为一个曾经毕生寻求存在意义的伟大哲学家，他用时光水晶探视了人性的最深处，在那里，他被展示在他面前的神秘的丑恶永远地改变了。傲慢与自负点燃了他内心最黑暗的深渊。和其他元素生命一样，他也是个完全随天性而行的人，但他的天性中只有邪恶和恐怖。他是唯一一个看到现实世界邪恶真理的存在，对那些相信上苍会对善举做出回馈的人，拉席克无疑是最大的反面例子。","dj":"1|15|25","smz":"454|853|1518","mfz":"338|884|1534","gjl":"41-44|83-87|133-137","hj":"3|7|12","syfw":"1800/900","gjfw":"600","ddsd":"900","jdtj1":"http://www.dota2.com.cn/images/property/add/leshrac.jpg","jdms1":"光鹿可以说是现在Dota2中最炙手可热的英雄之一，关于光鹿的加点则比较多元化，前期主加晕撕裂大地的，主加恶魔赦令的，主加闪电的都有，大部分是看个人对英雄的理解和习惯，在控制多的情况下，主加撕裂大地和恶魔赦令能打出很高的爆发，这套加点前期撕裂大地只加一点，主加恶魔赦令和闪电拥有很高的爆发和推进能力，但是需要队友提供稳定的先手控制。","jdtj2":null,"jdms2":null,"cmzb":"树之祭祀*1|净化药水*2|治疗药膏*1|力量手套*1|动物信使*1","qqzb":"魔棒*1|速度之靴*1|护腕*1|侦查守卫*1","hxzb":"魔杖*1|相位鞋*1|血精石*1","hqsz":"血精石*1|黑皇杖*1|邪恶镰刀*1|阿哈利姆神杖*1|闪烁匕首*1|希瓦的守护*1","ljt":"http://www.dota2.com.cn/images/property/leshrac.gif","path":"leshrac","zymc":"夜魇","zytb":"http://www.dota2.com.cn/images/heropedia/dire.jpg","yxtp":"http://www.dota2.com.cn/images/others/leshrac_big1.jpg","gjlxxj":"1","yxdwxj":"3|3|1|1","llsjsmz":"19","llsjsmhf":"0.03","mjsjhj":"1","mjsjgjsd":"1","zlsjmfz":"13","zlsjmfhf":"0.04","sjgjl":"1","pjsh":"43","gjsd":"123|130|164","gjms":"1.38","gjsh":"41-45","gjjl":"600|600|600","wlhj":"3","wlshkx":"16%","mfshkx":"25%","minitb":"http://www.dota2.com.cn/images/heroes/leshrac_icon.png"},{"id":103,"zwm":"大地之灵","ywm":"Earth Spirit","jc":"土熊猫","xttx":"http://www.dota2.com.cn/images/heroes/earth_spirit_full.png","dttx":"http://www.dota2.com.cn/images/heroes/earth_spirit_vert.jpg","gjlx":"近战","yxlx":"力量","yxdw":"核心|爆发","zltb":"http://www.dota2.com.cn/images/info1301/tit_img01.gif","zljc":"18","zlsj":"2.40","mjtb":"http://www.dota2.com.cn/images/info1301/tit_img02.gif","mjjc":"17","mjsj":"1.50","lltb":"http://www.dota2.com.cn/images/info1301/tit_img03.gif","lljc":"21","llsj":"2.90","gjltb":"http://www.dota2.com.cn/images/info1301/tit_img06.gif","csgjl":"25-35","ydsdtb":"http://www.dota2.com.cn/images/info1301/tit_img05.gif","csydsd":"305","hjtb":"http://www.dota2.com.cn/images/info1301/tit_img04.gif","cshj":"3.38","yxbj":"地底深埋着一支兵马俑，数以万计，兵种齐全。在军队方阵前面的是考林将军的雕像，由神圣的玉石打造而成。这支军队在大地的怀抱中沉睡了上千年后，玉石雕像中大地本身的力量经过不停的流转，不断的汇聚，已经幻化成灵，冲破了玉石的束缚。现在，伟大的大地之灵考林从容地行走在地面之上，召唤着地底的军队，横扫一切敌人。","dj":"1|15|25","smz":"549|1320|2251","mfz":"234|671|1243","gjl":"46-56|87-97|136-146","hj":"3|6|11","syfw":"1800/800","gjfw":"128","ddsd":"N/A","jdtj1":"http://www.dota2.com.cn/images/property/earth_spirit.jpg","jdms1":"由于地磁之握只提升眩晕时间，所以前期主加巨石冲击能给敌人造成较多伤害，之后升级地磁之握提高眩晕效果，有大加大，最后升级巨石翻滚。","jdtj2":null,"jdms2":null,"cmzb":"治疗药膏*1|净化药水*2|铁树枝干*2|圆盾*1","qqzb":"速度之靴*1|魔棒*1|影之灵龛*1","hxzb":"奥术鞋*1|魔杖*1|梅肯斯姆*1","hqsz":"天堂之戟*1|洞察烟斗*1|黑皇杖*1|恐鳌之心*1|希瓦的守护*1","ljt":"http://www.dota2.com.cn/images/property/earth_spirit.gif","path":"earth_spirit","zymc":"天辉","zytb":"http://www.dota2.com.cn/images/heropedia/radiant.jpg","yxtp":"http://www.dota2.com.cn/images/others/earth_spirit_big1.jpg","gjlxxj":"1","yxdwxj":"1|2","llsjsmz":"19","llsjsmhf":"0.03","mjsjhj":"1","mjsjgjsd":"1","zlsjmfz":"13","zlsjmfhf":"0.04","sjgjl":"1","pjsh":"51","gjsd":"117|123|153","gjms":"1.45","gjsh":"46-56","gjjl":"128|128|128","wlhj":"3","wlshkx":"16%","mfshkx":"25%","minitb":"http://www.dota2.com.cn/images/heroes/earth_spirit_icon.png"}]}