{"hero":{"id":93,"zwm":"修补匠","ywm":"Tinker","jc":"TK","xttx":"http://www.dota2.com.cn/images/heroes/tinker_full.png","dttx":"http://www.dota2.com.cn/images/heroes/tinker_vert.jpg","gjlx":"远程","yxlx":"智力","yxdw":"爆发-推进","zltb":"http://www.dota2.com.cn/images/info1301/tit_img01.gif","zljc":"27","zlsj":"2.2","mjtb":"http://www.dota2.com.cn/images/info1301/tit_img02.gif","mjjc":"13","mjsj":"1.2","lltb":"http://www.dota2.com.cn/images/info1301/tit_img03.gif","lljc":"17","llsj":"2","gjltb":"http://www.dota2.com.cn/images/info1301/tit_img06.gif","csgjl":"22-28","ydsdtb":"http://www.dota2.com.cn/images/info1301/tit_img05.gif","csydsd":"305","hjtb":"http://www.dota2.com.cn/images/info1301/tit_img04.gif","cshj":"3.82","yxbj":"修补匠鲍什的矮小种族以他们独有的智慧、狡猾以及敌视魔法而闻名。出于自傲，他们完全凭借自己的智慧生存，只通过理性的科学方法来合理利用自然的力量。然而，即使是对魔法如此严令禁止，也给他们带来了很多麻烦，这一点鲍什深有体会。作为曾经的自然法则首席研究员，修补匠鲍什在传说中薄雾缭绕的紫罗兰高原建立了一座地下实验室，在那里领导了大量对自然运作规律的研究。出于对魔法师们给世界带来的伤害的鄙夷，鲍什和他的修补匠助手带着高傲，打开了一扇传送门，门的另一端是一个超越了凡人认知能力的国度，于是他们自食恶果。黑色的薄雾从紫罗兰高原的洞穴内升起，将高原覆盖在不断散发出恐怖声音的永恒黑暗中。机智的鲍什带着他的机关装置逃了出来，成了紫罗兰高原事故中唯一生还的修补匠。","dj":"1/15/25","smz":"473/1005/1765","mfz":"351/751/1297","gjl":"49-55/80-86/122-128","hj":"4/6/11","syfw":"1800/800","gjfw":"500","ddsd":"900","jdtj1":"http://www.dota2.com.cn/images/property/add/tinker.jpg","jdms1":"修补匠是一个中期爆发极高的英雄，这样的加点保证了修补匠拥有最大输出。至于2、3级大招的选择则应根据自身的需求、装备的提升进行调节。修补匠值得注意的是五级加点，五级选择激光可以做到最大单体输出，选择导弹则可以同时攻击两名英雄，技能选择最好还是依据场上形势来判断。最后，应当保证8至9级时的修补匠拥有1级的再装填。","jdtj2":"","jdms2":"","cmzb":"树之祭祀*3|治疗药膏*1|智力斗篷*1|铁树枝干*2","qqzb":"魔棒*1|速度之靴*1|护腕*1|魔瓶*1","hxzb":"魔杖*1|远行鞋*1|灵魂之戒*1","hqsz":"邪恶镰刀*1|希瓦的守护*1|Eul的神圣法杖*1|原力法杖*1|闪烁匕首*1|达贡之神力*1","ljt":"http://www.dota2.com.cn/images/property/tinker.gif","path":"tinker","zymc":"天辉","zytb":"http://www.dota2.com.cn/images/heropedia/radiant.jpg","yxtp":"http://www.dota2.com.cn/images/others/tinker_big1.jpg","gjlxxj":"1","yxdwxj":"3-1","llsjsmz":"19","llsjsmhf":"0.03","mjsjhj":"1","mjsjgjsd":"1","zlsjmfz":"13","zlsjmfhf":"0.04","sjgjl":"1","pjsh":"52","gjsd":"113/118/142","gjms":"1.5","gjsh":"49-55","gjjl":"500/500/500","wlhj":"3","wlshkx":"18%","mfshkx":"25%","minitb":"http://www.dota2.com.cn/images/heroes/tinker_icon.png"},"skillList":[{"id":405,"zwm":"修补匠","jnmc":"激光","jntb":"http://www.dota2.com.cn/images/heroes/abilities/tinker_laser_hp1.png","jnms":"发射强烈的能量光束，对目标造成伤害和致盲效果，使他的所有物理攻击都落空。 可用神杖升级，使激光折射给550范围内所有可见的敌方英雄。","mftb":"http://www.dota2.com.cn/style/../images/info1301/ico2.gif","mfxh":"95/120/145/170","lqtb":"http://www.dota2.com.cn/style/../images/info1301/ico2.gif","lqsj":"14","jnxg":"<span class=\"color_white\">技能：</span>单位目标|<span class=\"color_white\">攻击力：</span>80/160/240/320|<span class=\"color_white\">影响：</span>敌方单位|<span class=\"color_white\">致盲后丢失概率：</span>100%/100%/100%/100%|<span class=\"color_white\">伤害类型：</span>纯粹|<span class=\"color_white\">英雄致盲持续时间：</span>3/3.5/4/4.5|<span class=\"color_white\">小兵致盲持续时间：</span>6/6/6/6|<span class=\"color_white\">无视技能免疫：</span>否|<span class=\"color_white\">施法距离：</span>550","jnsp":"http://dota2.dl.wanmei.com/dota2/video/abilities/tinker_laser.mp4","spms":"鲍什在他的地下实验室完善了这把激光岩石切割器，从没考虑过它的作战效用。","djjd":"1,3,5,7","ewms":""},{"id":406,"zwm":"修补匠","jnmc":"热导飞弹","jntb":"http://www.dota2.com.cn/images/heroes/abilities/tinker_heat_seeking_missile_hp1.png","jnms":"发射一对火箭，攻击2500范围内可见的最近的敌方英雄。装备阿哈利姆神杖后导弹数量将会加倍。","mftb":"http://www.dota2.com.cn/style/../images/info1301/ico2.gif","mfxh":"120/140/160/180","lqtb":"http://www.dota2.com.cn/style/../images/info1301/ico2.gif","lqsj":"25","jnxg":"<span class=\"color_white\">技能：</span>无目标|<span class=\"color_white\">攻击力：</span>125/200/275/350|<span class=\"color_white\">伤害类型：</span>魔法|<span class=\"color_white\">无视技能免疫：</span>否|<span class=\"color_white\">目标数：</span>2","jnsp":"http://dota2.dl.wanmei.com/dota2/video/abilities/tinker_heat-seeking_missile_long.mp4","spms":"鲍什最后救下来的玩意儿，是一个改造过的制导式火箭筒。","djjd":"2,4,6,8","ewms":""},{"id":407,"zwm":"修补匠","jnmc":"机器人的进军","jntb":"http://www.dota2.com.cn/images/heroes/abilities/tinker_march_of_the_machines_hp1.png","jnms":"征募一支机器人军队，摧毁修补匠周围的敌方单位。","mftb":"http://www.dota2.com.cn/style/../images/info1301/ico2.gif","mfxh":"145/150/165/190","lqtb":"http://www.dota2.com.cn/style/../images/info1301/ico2.gif","lqsj":"35","jnxg":"<span class=\"color_white\">技能：</span>点目标|<span class=\"color_white\">攻击力：</span>16/24/32/40|<span class=\"color_white\">伤害类型：</span>魔法|<span class=\"color_white\">作用范围：</span>900|<span class=\"color_white\">无视技能免疫：</span>否|<span class=\"color_white\">持续时间：</span>6/6/6/6","jnsp":"http://dota2.dl.wanmei.com/dota2/video/abilities/tinker_march_of_the_machines_horizontal.mp4","spms":"就算实验室最后被封锁了，呼叫机械兵锋的无线电还是通的。","djjd":"10,11,12,13","ewms":"机器人的产生速率是每秒24个。"},{"id":408,"zwm":"修补匠","jnmc":"再装填","jntb":"http://www.dota2.com.cn/images/heroes/abilities/tinker_rearm_hp1.png","jnms":"持续施法 - 重置修补匠的大多数物品和技能的冷却时间。","mftb":"http://www.dota2.com.cn/style/../images/info1301/ico2.gif","mfxh":"125/225/325","lqtb":"http://www.dota2.com.cn/style/../images/info1301/ico2.gif","lqsj":"0","jnxg":"<span class=\"color_white\">技能：</span>无目标, 持续施法|<span class=\"color_white\">再装填所需时间：</span>3/2/1","jnsp":"http://dota2.dl.wanmei.com/dota2/video/abilities/tinker_rearm.mp4","spms":"这儿换块新电池，那儿塞几枚火箭弹，鲍什不断改进现有的技术。","djjd":"9,15,16","ewms":"再装填不能刷新的物品有黑黄杖，奥术鞋，支配头盔，迈达斯之手，刷新球，林肯法球和死灵书。"}],"qqzbList":[{"goods":{"id":36,"bigtype":"基础物品","type":"奥术","wpmc":"魔棒","wppz":"1","wptp":"http://www.dota2.com.cn/images/items/magic_stick_lg.png","jgtb":"http://www.dota2.com.cn/images/info1301/tit_img07.gif","jg":"200","wpjs":"一个简易但实用的魔杖，能够补充使用者的能量--巫师学徒和高级术士都喜欢。","wpzyms":"","wpsyff":"主动：充能 - 每当周围有敌人施放技能都会自动充能（最多10点能量）。当使用时，每点能量为你回复生命值和魔法值。","wpxg":"每点能量回复：<span class=\"color_yellow\">15</span>","lqsjtb":"http://www.dota2.com.cn/images/info1301/ico2.gif","lqsj":"13","mfxhtb":"","mfxh":"","qzwptb":"","wpzyms2":"1200码视野范围内敌人使用技能就会获得点数。<br>部分英雄技能和物品技能的施放将不会增加点数。","item_en":"magic_stick"},"count":1},{"goods":{"id":39,"bigtype":"基础物品","type":"奥术","wpmc":"速度之靴","wppz":"1","wptp":"http://www.dota2.com.cn/images/items/boots_lg.png","jgtb":"http://www.dota2.com.cn/images/info1301/tit_img07.gif","jg":"450","wpjs":"穿双鞋子，跑的更快。","wpzyms":"移动速度提升效果不与其他鞋子叠加。","wpsyff":"","wpxg":"+ <span class=\"color_yellow\">50</span> 移动速度","lqsjtb":"","lqsj":"","mfxhtb":"","mfxh":"","qzwptb":"","wpzyms2":"","item_en":"boots"},"count":1},{"goods":{"id":51,"bigtype":"升级物品","type":"普通","wpmc":"护腕","wppz":"2","wptp":"http://www.dota2.com.cn/images/items/bracer_lg.png","jgtb":"http://www.dota2.com.cn/images/info1301/tit_img07.gif","jg":"525","wpjs":"护腕是一种常见的增强防御和延长寿命的选择。","wpzyms":"","wpsyff":"","wpxg":"+ <span class=\"color_yellow\">6</span> 力量<br/>+ <span class=\"color_yellow\">3</span> 敏捷<br/>+ <span class=\"color_yellow\">3</span> 智力<br/>+ <span class=\"color_yellow\">3</span> 攻击力","lqsjtb":"","lqsj":"","mfxhtb":"","mfxh":"","qzwptb":"","wpzyms2":"","item_en":"bracer"},"count":1},{"goods":{"id":11,"bigtype":"基础物品","type":"消耗品","wpmc":"魔瓶","wppz":"3","wptp":"http://www.dota2.com.cn/images/items/bottle_lg.png","jgtb":"http://www.dota2.com.cn/images/info1301/tit_img07.gif","jg":"700","wpjs":"一个流传至今的古老瓶子，内部空间随着时间的流逝逐渐拥有魔力。","wpzyms":"","wpsyff":"使用：恢复-恢复生命与魔法，受到攻击会驱散效果。魔瓶在靠近友方泉水时会被灌满。你也能用魔瓶装载神符以备用，但神符在2分钟后会自主激活并灌满魔瓶。如果使用信使运送空瓶，信使的速度将减缓30%。","wpxg":"生命回复量：<span class=\"color_yellow\">110</span><br/>魔法回复量：<span class=\"color_yellow\">70</span><br/>持续时间：<span class=\"color_yellow\">3</span>","lqsjtb":"","lqsj":"","mfxhtb":"","mfxh":"","qzwptb":null,"wpzyms2":"魔瓶可以共享。","item_en":"bottle"},"count":1}],"cmzbList":[{"goods":{"id":2,"bigtype":"基础物品","type":"消耗品","wpmc":"树之祭祀","wppz":"3","wptp":"http://www.dota2.com.cn/images/items/tango_lg.png","jgtb":"http://www.dota2.com.cn/images/info1301/tit_img07.gif","jg":"125","wpjs":"战场上的救命稻草。","wpzyms":"","wpsyff":"使用：吃树-吃掉一棵树来恢复生命值。可以使用4次。","wpxg":"持续时间：<span class=\"color_yellow\">16</span><br/>生命恢复量：<span class=\"color_yellow\">115</span>","lqsjtb":"","lqsj":"","mfxhtb":"","mfxh":"","qzwptb":"","wpzyms2":"","item_en":"tango"},"count":3},{"goods":{"id":3,"bigtype":"基础物品","type":"消耗品","wpmc":"治疗药膏","wppz":"3","wptp":"http://www.dota2.com.cn/images/items/flask_lg.png","jgtb":"http://www.dota2.com.cn/images/info1301/tit_img07.gif","jg":"115","wpjs":"即使最严重的伤口也能快速治愈的魔法药膏。","wpzyms":"","wpsyff":"使用：恢复 - 持续恢复生命值，受到攻击会驱散效果。","wpxg":"持续时间：<span class=\"color_yellow\">10</span><br/>生命回复量：<span class=\"color_yellow\">400</span>","lqsjtb":"","lqsj":"","mfxhtb":"","mfxh":"","qzwptb":"","wpzyms2":"治疗药膏可以共享。","item_en":"flask"},"count":1},{"goods":{"id":15,"bigtype":"基础物品","type":"属性","wpmc":"智力斗篷","wppz":"1","wptp":"http://www.dota2.com.cn/images/items/mantle_lg.png","jgtb":"http://www.dota2.com.cn/images/info1301/tit_img07.gif","jg":"150","wpjs":"历代女王所穿的，镶有蓝宝石的漂亮斗篷。","wpzyms":"","wpsyff":"","wpxg":"+ <span class=\"color_yellow\">3</span> 智力","lqsjtb":"","lqsj":"","mfxhtb":"","mfxh":"","qzwptb":"","wpzyms2":"","item_en":"mantle"},"count":1},{"goods":{"id":12,"bigtype":"基础物品","type":"属性","wpmc":"铁树枝干","wppz":"1","wptp":"http://www.dota2.com.cn/images/items/branches_lg.png","jgtb":"http://www.dota2.com.cn/images/info1301/tit_img07.gif","jg":"50","wpjs":"一根看起来很普通的树枝，它如铁般坚硬的品质赋予持有者好运。","wpzyms":"","wpsyff":"","wpxg":"+ <span class=\"color_yellow\">1</span> 所有属性","lqsjtb":"","lqsj":"","mfxhtb":"","mfxh":"","qzwptb":"","wpzyms2":"","item_en":"branches"},"count":2}],"adapt_type_list":[{"id":85,"zwm":"痛苦女王","ywm":"Queen of Pain","jc":"QOP","xttx":"http://www.dota2.com.cn/images/heroes/queenofpain_full.png","dttx":"http://www.dota2.com.cn/images/heroes/queenofpain_vert.jpg","gjlx":"远程","yxlx":"智力","yxdw":"远程|爆发|逃生|核心","zltb":"http://www.dota2.com.cn/images/info1301/tit_img01.gif","zljc":"24","zlsj":"2.5","mjtb":"http://www.dota2.com.cn/images/info1301/tit_img02.gif","mjjc":"18","mjsj":"2","lltb":"http://www.dota2.com.cn/images/info1301/tit_img03.gif","lljc":"16","llsj":"1.7","gjltb":"http://www.dota2.com.cn/images/info1301/tit_img06.gif","csgjl":"25-33","ydsdtb":"http://www.dota2.com.cn/images/info1301/tit_img05.gif","csydsd":"295","hjtb":"http://www.dota2.com.cn/images/info1301/tit_img04.gif","cshj":"1.52","yxbj":"厄泽王庭的教皇有个隐秘的受虐癖——以品尝禁忌之痛为乐。即便是对那些普通政客而言这都是愚蠢至极的，而对于教皇而言，这种私欲已经威胁到了神权本身的纯洁和完整。于是他只好偷偷的去他的地牢里，求助于那一帮恶魔学识大师，承诺只要有人召唤一名完全为他服务的痛苦女妖，那就能获得自由。旋即魔女降世，名为阿卡莎，她给教皇带去了无与伦比的痛苦和刺激，教皇随即赐其隐秘皇后之位，并将所有闲暇时间用于享受她带来的花样百出的痛苦——最终，为了追求这种只有阿卡莎能带给他的痛苦，教皇放弃了他的所有职责。痛苦女王能让他体验濒死之欢愉，并因为受符文的限制而无法杀死他。终于，教皇的不理朝政引发了起义，他被愤怒的人们从密室里拖出来，然后从祈灵塔上扔了下去。然而，他的死亡却让痛苦女王获得了自由，不再被奴役，她将恣意的向世界挥洒她的痛苦。","dj":"1|15|25","smz":"454|906|1609","mfz":"312|767|1352","gjl":"49-57|84-92|129-137","hj":"2|5|11","syfw":"1800/800","gjfw":"550","ddsd":"1500","jdtj1":"http://www.dota2.com.cn/images/property/add/queen_of_pain.jpg","jdms1":"qop加点路线有很多种，主要还是格局个人习惯和场上局势，主毒还是主叫视对线情况而定。主叫爆发会很高，主毒的话线上压制力会很强，女王在大招CD的情况下可以适当farm，但是有大招的时候最好让出兵线而寻找机会gank。","jdtj2":null,"jdms2":null,"cmzb":"治疗药膏*1|树之祭祀*1|智力斗篷*2|铁树枝干*2","qqzb":"速度之靴*1|魔瓶*1|魔棒*1|空灵挂件*1|空灵挂件*1","hxzb":"动力鞋*1|魔杖*1|邪恶镰刀*1","hqsz":"斯嘉蒂之眼*1|雷神之锤*1|希瓦的守护*1|阿哈利姆神杖*1|纷争面纱*1|死灵书*1","ljt":"http://www.dota2.com.cn/images/property/queenofpain.gif","path":"queen_of_pain","zymc":"夜魇","zytb":"http://www.dota2.com.cn/images/heropedia/dire.jpg","yxtp":"http://www.dota2.com.cn/images/others/queenofpain_big1.jpg","gjlxxj":"1","yxdwxj":"3|3|1","llsjsmz":"19","llsjsmhf":"0.03","mjsjhj":"1","mjsjgjsd":"1","zlsjmfz":"13","zlsjmfhf":"0.04","sjgjl":"1","pjsh":"53","gjsd":"118|126|166","gjms":"1.6","gjsh":"49-57","gjjl":"550|550|550","wlhj":"1","wlshkx":"8%","mfshkx":"25%","minitb":"http://www.dota2.com.cn/images/heroes/queenofpain_icon.png"},{"id":82,"zwm":"死亡先知","ywm":"Death Prophet","jc":"DP","xttx":"http://www.dota2.com.cn/images/heroes/death_prophet_full.png","dttx":"http://www.dota2.com.cn/images/heroes/death_prophet_vert.jpg","gjlx":"远程","yxlx":"智力","yxdw":"推进|爆发|耐久","zltb":"http://www.dota2.com.cn/images/info1301/tit_img01.gif","zljc":"20","zlsj":"3","mjtb":"http://www.dota2.com.cn/images/info1301/tit_img02.gif","mjjc":"14","mjsj":"1.4","lltb":"http://www.dota2.com.cn/images/info1301/tit_img03.gif","lljc":"19","llsj":"1.9","gjltb":"http://www.dota2.com.cn/images/info1301/tit_img06.gif","csgjl":"24-36","ydsdtb":"http://www.dota2.com.cn/images/info1301/tit_img05.gif","csydsd":"280","hjtb":"http://www.dota2.com.cn/images/info1301/tit_img04.gif","cshj":"2.96","yxbj":"克萝贝露丝曾是一名死亡先知——她为那些希望透过迷雾看清未来的人预知死后的命运，当然只为其中的有钱人做预言。在多年为他人探寻命运后，她开始寻找自己命运的线索。当死亡拒绝向她透露它的秘密后，她便尝试用自己的生命来换取死亡的真相。但即使是这终极的代价也没有用。死亡一次又一次拒绝了她，将最深的秘密隐藏了起来。嫉妒开始在她心里滋长。其他人能够通过死亡来获得永恒——凭什么她不能？凭什么只有她必须不厌其烦的在生与死之间徘徊？凭什么她无法拥有其他所有生物都必有的一死？即使是这样，她也不会气馁。每次从坟墓中返回人间时，她都带回一点死亡气息。鬼魂像她破碎灵魂的碎片般跟着她；她的血液颜色日益稀薄并且散发出灵气；那些在幽暗之处肆意掠食的生物与她愈发亲密。每一次死亡，她都失去一点生命，似乎已经能够看到她的终结之日了。随着她对死亡的加倍追求，她不再为其他客人做预言，专心于自己的命运，克萝贝露丝更狂热地将自己投向死亡的深渊，决心要完成那一直在回避她的预言：某一天，死亡先知将不再从死亡中归来。","dj":"1|15|25","smz":"511|1096|1894","mfz":"260|806|1456","gjl":"44-56|86-98|136-148","hj":"3|6|10","syfw":"1800/800","gjfw":"600","ddsd":"1000","jdtj1":"http://www.dota2.com.cn/images/property/add/death_prophet.jpg","jdms1":"死亡先知的加点路线不多，前期毫无疑问是主蜂群，副被动，被动可以减少技能cd时间以及耗蓝量，性价比还是非常高的。如果对方强力技能英雄太多，或者是面对一些有逃生技能的英雄，可以优先加一点沉默。","jdtj2":null,"jdms2":null,"cmzb":"树之祭祀*1|治疗药膏*1|净化药水*2|铁树枝干*2|智力斗篷*1","qqzb":"速度之靴*1|魔棒*1|空灵挂件*1","hxzb":"相位鞋*1|魔杖*1|血精石*1","hqsz":"希瓦的守护*1|邪恶镰刀*1|恐鳌之心*1|黑皇杖*1|梅肯斯姆*1|洞察烟斗*1","ljt":"http://www.dota2.com.cn/images/property/death_prophet.gif","path":"death_prophet","zymc":"夜魇","zytb":"http://www.dota2.com.cn/images/heropedia/dire.jpg","yxtp":"http://www.dota2.com.cn/images/others/death_prophet_big1.jpg","gjlxxj":"1","yxdwxj":"2|1|1","llsjsmz":"19","llsjsmhf":"0.03","mjsjhj":"1","mjsjgjsd":"1","zlsjmfz":"13","zlsjmfhf":"0.04","sjgjl":"1","pjsh":"50","gjsd":"114|120|148","gjms":"1.49","gjsh":"44-56","gjjl":"600|600|600","wlhj":"2","wlshkx":"15%","mfshkx":"25%","minitb":"http://www.dota2.com.cn/images/heroes/death_prophet_icon.png"},{"id":91,"zwm":"小小","ywm":"Tiny","jc":"山岭","xttx":"http://www.dota2.com.cn/images/heroes/tiny_full.png","dttx":"http://www.dota2.com.cn/images/heroes/tiny_vert.jpg","gjlx":"近战","yxlx":"力量","yxdw":"控制|爆发|先手|耐久","zltb":"http://www.dota2.com.cn/images/info1301/tit_img01.gif","zljc":"17","zlsj":"1.60","mjtb":"http://www.dota2.com.cn/images/info1301/tit_img02.gif","mjjc":"9","mjsj":"0.90","lltb":"http://www.dota2.com.cn/images/info1301/tit_img03.gif","lljc":"26","llsj":"3.00","gjltb":"http://www.dota2.com.cn/images/info1301/tit_img06.gif","csgjl":"37-43","ydsdtb":"http://www.dota2.com.cn/images/info1301/tit_img05.gif","csydsd":"285","hjtb":"http://www.dota2.com.cn/images/info1301/tit_img04.gif","cshj":"0.26","yxbj":"以一团石头的形式出现的生命体，小小不断思索他的起源，但这始终是个谜。现在的他是个石巨人，但过去是什么呢？从土傀儡的脚后跟掉落的碎片？从制造石像鬼的工房被打扫出来的碎屑？神圣预言石的表层之砂？受到强烈的好奇心驱使，他不知疲倦的环游世界，寻找着他的起源，他的出身，和他的种族。在旅途中，他变得越来越庞大，不过路上的风雨吹打掉了他身上的石头，所以他不停的吸收新的岩石，永远在长大。","dj":"1|15|25","smz":"644|1442|2392","mfz":"221|512|980","gjl":"63-69|105-111|155-161","hj":"0|2|6","syfw":"1800/800","gjfw":"128","ddsd":"N/A","jdtj1":"http://www.dota2.com.cn/images/property/add/tiny.jpg","jdms1":"鉴于lv1-3的V每级伤害提升80，一旦打出两次V的伤害，就相当于每级伤害提升了160。单级伤害提升如此之大，全dota无人能出其右。所以5级时要保证lv3的V。","jdtj2":null,"jdms2":null,"cmzb":"净化药水*1|树之祭祀*2|铁树枝干*3|圆环*1","qqzb":"魔棒*1|速度之靴*1|护腕*1|魔瓶*1","hxzb":"魔杖*1|奥术鞋*1|闪烁匕首*1","hqsz":"阿哈利姆神杖*1|强袭胸甲*1|韧鼓*1|恐鳌之心*1|邪恶镰刀*1|希瓦的守护*1","ljt":"http://www.dota2.com.cn/images/property/tiny.gif","path":"tiny","zymc":"天辉","zytb":"http://www.dota2.com.cn/images/heropedia/radiant.jpg","yxtp":"http://www.dota2.com.cn/images/others/tiny_big1.jpg","gjlxxj":"1","yxdwxj":"2|2|1|1","llsjsmz":"19","llsjsmhf":"0.03","mjsjhj":"1","mjsjgjsd":"1","zlsjmfz":"13","zlsjmfhf":"0.04","sjgjl":"1","pjsh":"64","gjsd":"109|113|131","gjms":"1.56","gjsh":"61-67","gjjl":"128|128|128","wlhj":"0.26","wlshkx":"1%","mfshkx":"25%","minitb":"http://www.dota2.com.cn/images/heroes/tiny_icon.png"}],"videoList":[{"id":92,"spdz":"http://dota2.dl.wanmei.com/dota2/patch/tinker_basic.flv","zwm":"修补匠","splx":"新手教学","createtime":null,"img":"http://www.dota2.com.cn/apps/dota2/images/video/raider/tinker_basic.jpg","bfsc":"2:15","gxsj":"2013-10-30","spbb":"6.79","spdzm":"http://dota2.dl.wanmei.com/dota2/video/tinker_basic.mp4"}],"recommendList":[{"id":143,"gldz":"http://www.dota2.com.cn/raiders/newer/20131101/152762.shtml","tm":"DOTA2地精修补匠Tinker原创攻略：基础篇","sj":"2013-11-1","zwm":"修补匠","tp":"http://dota2.wanmei.com/resources/jpg/140217/10251392625184450.jpg","js":"修补匠鲍什的矮小种族以他们独有的智慧、狡猾以及敌视魔法而闻名。出于自傲，他们完全凭借自己的智慧生存，只通过理性的科学方法来合理利用自然的力量。"},{"id":144,"gldz":"http://www.dota2.com.cn/raiders/step/20131101/152764.shtml","tm":"DOTA2地精修补匠Tinker攻略：来无影去无踪","sj":"2013-11-1","zwm":"修补匠","tp":"http://dota2.wanmei.com/resources/jpg/140217/10251392625266351.jpg","js":"TINKER这个英雄可以说是老牌的CW英雄了，也是除了有法球的诸如沉默，黑鸟之外有强大后期能力的后期英雄。"}],"adapt_bkz_list":[{"id":54,"zwm":"帕吉","ywm":"Pudge","jc":"屠夫，胖子","xttx":"http://www.dota2.com.cn/images/heroes/pudge_full.png","dttx":"http://www.dota2.com.cn/images/heroes/pudge_vert.jpg","gjlx":"近战","yxlx":"力量","yxdw":"耐久|控制","zltb":"http://www.dota2.com.cn/images/info1301/tit_img01.gif","zljc":"14","zlsj":"1.50","mjtb":"http://www.dota2.com.cn/images/info1301/tit_img02.gif","mjjc":"14","mjsj":"1.50","lltb":"http://www.dota2.com.cn/images/info1301/tit_img03.gif","lljc":"25","llsj":"3.20","gjltb":"http://www.dota2.com.cn/images/info1301/tit_img06.gif","csgjl":"27-33","ydsdtb":"http://www.dota2.com.cn/images/info1301/tit_img05.gif","csydsd":"285","hjtb":"http://www.dota2.com.cn/images/info1301/tit_img04.gif","cshj":"0.96","yxbj":"在与囚尸岭南部遥遥相望的戮尽之地，一个肥胖的身影在夜晚不知疲倦地工作着——肢解、开膛、堆积死人的四肢和内脏，一切都是为了在黎明前把战场打扫干净。在这个被诅咒的区域，尸体不会腐烂或者分解，虽然不会复活，但无论你把坟墓挖的多深，它们都会返回地面。屠夫帕吉的身边总是围绕着一群食腐鸟类，他为它们切好大小能够塞进鸟嘴的肉块，时间久了，他的技术也越来越成熟。嗖嗖嗖...嗖嗖嗖...唰...肉块就从骨头上掉下来，肌腱和韧带像湿纸一样被剥离。帕吉的兴趣在一开始只是屠宰，但时间一长，他对食尸也产生了兴趣。刚开始时只是这里吃一小块肉，那里小嗫一口血...但很快他就开始了自己的饕餮盛举，即使是躯干上最硬的部位他也津津有味的品尝。就算是那些在面对掠夺者时都毫无惧色的人们，看到屠夫，也是异常恐惧。","dj":"1|15|25","smz":"625|1476|2464","mfz":"182|455|910","gjl":"52-58|97-103|149-155","hj":"1|4|9","syfw":"1800/800","gjfw":"128","ddsd":"N/A","jdtj1":"http://www.dota2.com.cn/images/property/add/pudge.jpg","jdms1":"屠夫的加点没有太多的变化，优先将钩子升满，然后辅腐烂。前期建议做到输出最大化，而不着急升级堆积腐肉，毕竟前期杀人的力量后期会还给屠夫。出门建议一级升级腐烂，这样配合队友，或者可以拿下一血。","jdtj2":null,"jdms2":null,"cmzb":"力量手套*2|治疗药膏*2|净化药水*1|铁树枝干*1","qqzb":"魔棒*1|速度之靴*1|护腕*1|魔瓶*1","hxzb":"魔杖*1|相位鞋*1|挑战头巾*1","hqsz":"洞察烟斗*1|恐鳌之心*1|阿哈利姆神杖*1|希瓦的守护*1|原力法杖*1|韧鼓*1","ljt":"http://www.dota2.com.cn/images/property/pudge.gif","path":"pudge","zymc":"夜魇","zytb":"http://www.dota2.com.cn/images/heropedia/dire.jpg","yxtp":"http://www.dota2.com.cn/images/others/pudge_big1.jpg","gjlxxj":"1","yxdwxj":"3|1","llsjsmz":"19","llsjsmhf":"0.03","mjsjhj":"1","mjsjgjsd":"1","zlsjmfz":"13","zlsjmfhf":"0.04","sjgjl":"1","pjsh":"55","gjsd":"114|120|150","gjms":"1.49","gjsh":"52-58","gjjl":"128|128|128","wlhj":"0","wlshkx":"5%","mfshkx":"25%","minitb":"http://www.dota2.com.cn/images/heroes/pudge_icon.png"},{"id":16,"zwm":"敌法师","ywm":"Anti Mage","jc":"AM、敌法","xttx":"http://www.dota2.com.cn/images/heroes/antimage_full.png","dttx":"http://www.dota2.com.cn/images/heroes/antimage_vert.jpg","gjlx":"近战","yxlx":"敏捷","yxdw":"核心|逃生","zltb":"http://www.dota2.com.cn/images/info1301/tit_img01.gif","zljc":"15","zlsj":"1.8","mjtb":"http://www.dota2.com.cn/images/info1301/tit_img02.gif","mjjc":"22","mjsj":"2.8","lltb":"http://www.dota2.com.cn/images/info1301/tit_img03.gif","lljc":"22","llsj":"1.2","gjltb":"http://www.dota2.com.cn/images/info1301/tit_img06.gif","csgjl":"27-31","ydsdtb":"http://www.dota2.com.cn/images/info1301/tit_img05.gif","csydsd":"315","hjtb":"http://www.dota2.com.cn/images/info1301/tit_img04.gif","cshj":"2.08","yxbj":"当山下的王国被潮水般的侵略者们横扫的时候，星隐寺的僧侣们只是在山上默默的注视着那崎岖的山谷。苦行且务实的他们在偏远高山的寺院里，独自沉浸在远离尘嚣的冥想中，不受任何魔法元素或者神灵的干扰。然而，死亡之神的军队来了，带着摧毁所有信仰，并让当地人转而信奉死亡之神的虚无主义。带着他们千年的战乱和血雨腥风，死亡军团将他们打败的敌人的灵魂和尸骨撕裂，用这种恐怖来摧毁星隐寺的信仰。面对此等攻击，寺院只坚持了不到两个星期，甚至还有一些刚从冥想中醒来的僧侣认为，这些入侵者不过是恶魔用来干扰他们冥想的幻象，于是他们死在了自己的冥想垫上。只有一个人幸免于难，他是来星隐寺寻求智慧，却尚未得到寺院认可的侍僧。他惊恐的看着自己曾经侍奉过的僧侣们被杀，然后又被复活成为死亡之神的祭司。带着星隐寺残存的珍贵教义卷轴，他艰难的到达了一个相对安全的地方，他发誓，不仅要消灭死亡之神的魔法师，更要将“魔法”这个词从世上抹去。","dj":"1|15|25","smz":"530|849|1457","mfz":"195|523|1017","gjl":"49-53|88-92|136-140","hj":"2|8|14","syfw":"1800/800","gjfw":"128","ddsd":"N/A","jdtj1":"http://www.dota2.com.cn/images/property/add/anti_mage.jpg","jdms1":"敌法师是一名敏捷型后期英雄，敌法师的加点向来受人津津乐道，几乎每个职业选手选择对敌法师的加点都不相同，三个技能在特殊的局势下都可以选择优先加满，这一套加点是优先加满闪烁，这样的敌法师机动性很强，关键时刻收割或者逃生保命都有不错的效果。法球和被动的选择依据场上形势来选择。以前敌法师前期是不加大招的，但是如今随着cw比赛节奏越来越快，一些比赛中的敌法师也是第一时间将大招升起来。","jdtj2":null,"jdms2":null,"cmzb":"树之祭祀*1|治疗药膏*1|铁树枝干*3|圆盾*1","qqzb":"速度之靴*1|魔棒*1|治疗指环*1","hxzb":"动力鞋*1|魔杖*1|先锋盾*1|夜叉*1|回城卷轴*1","hqsz":"强袭胸甲*1|远行鞋*1|深渊之刃*1|蝴蝶*1|恐鳌之心*1|弗拉迪米尔的祭品*1","ljt":"http://www.dota2.com.cn/images/property/antimage.gif","path":"anti_mage","zymc":"天辉","zytb":"http://www.dota2.com.cn/images/heropedia/radiant.jpg","yxtp":"http://www.dota2.com.cn/images/others/antimage_big1.jpg","gjlxxj":"1","yxdwxj":"2|3","llsjsmz":"19","llsjsmhf":"0.03","mjsjhj":"1","mjsjgjsd":"1","zlsjmfz":"13","zlsjmfhf":"0.04","sjgjl":"1","pjsh":"51","gjsd":"139|150|206","gjms":"1.19","gjsh":"49-53","gjjl":"128|128|128","wlhj":"2","wlshkx":"11%","mfshkx":"25%","minitb":"http://www.dota2.com.cn/images/heroes/antimage_icon.png"},{"id":78,"zwm":"司夜刺客","ywm":"Nyx Assassin","jc":"NA，小强","xttx":"http://www.dota2.com.cn/images/heroes/nyx_assassin_full.png","dttx":"http://www.dota2.com.cn/images/heroes/nyx_assassin_vert.jpg","gjlx":"近战","yxlx":"敏捷","yxdw":"控制|爆发","zltb":"http://www.dota2.com.cn/images/info1301/tit_img01.gif","zljc":"18","zlsj":"2.1","mjtb":"http://www.dota2.com.cn/images/info1301/tit_img02.gif","mjjc":"19","mjsj":"2.2","lltb":"http://www.dota2.com.cn/images/info1301/tit_img03.gif","lljc":"18","llsj":"2","gjltb":"http://www.dota2.com.cn/images/info1301/tit_img06.gif","csgjl":"30-34","ydsdtb":"http://www.dota2.com.cn/images/info1301/tit_img05.gif","csydsd":"300","hjtb":"http://www.dota2.com.cn/images/info1301/tit_img04.gif","cshj":"3.66","yxbj":"在秘湮学院的禁断圣所中，在那些研究龙类遗传学论文和艰深晦涩的咒语书之间，藏有一本记录着古代昆虫学的珍贵书籍。这本凝聚了学者们心血的书里面记录了一种天生具有读心术的狂热圣甲虫，这种具有社会性的昆虫在七个位面的所以世界中都是独一无二的。和他领地中的其他幼虫不一样的是，司夜刺客的变形并不是被那种工兵般无聊乏味的思想所引领的。他的变化很特别，受到了夜神妮克丝的恩赐。他是天选者，被女神从万千族人中挑选出来并赐予了女神精华。他的族人大多都在虫后密室的黑暗祝福下死去，而后他出现了，有着犀利的读心术，尖刀般锋利的爪子和剃刀一样的下颚，通过空气感知着他身边的那些同类的想法。在所有的狂热圣甲虫中，只有他被最高存在召唤。在妮克丝的恩惠下，他变体了，重生了，被赋予了各种能力，去完成他的创造者唯一的要求：以女神之名杀戮。","dj":"1|15|25","smz":"492|1024|1784","mfz":"234|616|1149","gjl":"49-53|80-84|122-126","hj":"4|8|14","syfw":"1800/800","gjfw":"128","ddsd":"N/A","jdtj1":"http://www.dota2.com.cn/images/property/add/nyx_assassin.jpg","jdms1":"这是一种比较主流的司夜刺客加点，力求做到输出最大化，对线选择主法力燃烧还是主穿刺应该根据实际情况做出判断。前期可以点1级外壳用来保命逃生，关键时刻还是非常好用的。","jdtj2":"","jdms2":"","cmzb":"动物信使*1|树之祭祀*1|治疗药膏*1|净化药水*1|铁树枝干*3","qqzb":"魔棒*1|速度之靴*1|治疗指环*1","hxzb":"魔杖*1|奥术鞋*1|达贡之神力*1","hqsz":"Eul的神圣法杖*1|幽魂权杖*1|邪恶镰刀*1|阿哈利姆神杖*1|希瓦的守护*1|黯灭*1","ljt":"http://www.dota2.com.cn/images/property/nyx_assassin.gif","path":"nyx_assassin","zymc":"夜魇","zytb":"http://www.dota2.com.cn/images/heropedia/dire.jpg","yxtp":"http://www.dota2.com.cn/images/others/nyx_assassin_big1.jpg","gjlxxj":"1","yxdwxj":"2|2","llsjsmz":"19","llsjsmhf":"0.03","mjsjhj":"1","mjsjgjsd":"1","zlsjmfz":"13","zlsjmfhf":"0.04","sjgjl":"1","pjsh":"51","gjsd":"119|128|172","gjms":"1.43","gjsh":"49-53","gjjl":"128|128|128","wlhj":"3","wlshkx":"18%","mfshkx":"25%","minitb":"http://www.dota2.com.cn/images/heroes/nyx_assassin_icon.png"},{"id":6,"zwm":"哈斯卡","ywm":"Huskar","jc":"神灵、神灵武士","xttx":"http://www.dota2.com.cn/images/heroes/huskar_full.png","dttx":"http://www.dota2.com.cn/images/heroes/huskar_vert.jpg","gjlx":"远程","yxlx":"力量","yxdw":"核心|先手|耐久","zltb":"http://www.dota2.com.cn/images/info1301/tit_img01.gif","zljc":"18","zlsj":"1.50","mjtb":"http://www.dota2.com.cn/images/info1301/tit_img02.gif","mjjc":"15","mjsj":"1.40","lltb":"http://www.dota2.com.cn/images/info1301/tit_img03.gif","lljc":"21","llsj":"2.40","gjltb":"http://www.dota2.com.cn/images/info1301/tit_img06.gif","csgjl":"21-30","ydsdtb":"http://www.dota2.com.cn/images/info1301/tit_img05.gif","csydsd":"300","hjtb":"http://www.dota2.com.cn/images/info1301/tit_img04.gif","cshj":"1.1","yxbj":"从虚无之境带给他的剧痛中逃离后，哈斯卡终于睁开了双眼，醒来的第一件事却是发现暗影牧师戴泽正在对他吟唱一个艰深的咒语。哈斯卡的灵魂从永恒虚无中被救了出来，这是违背了德尊教团古老仪式的准则的，然而和其他去过虚无之境的人一样，哈斯卡也发现自己的身体被那里所彻底改变了。他不再怜悯凡人的肉体，他的生命之血成为了强大的力量源泉，每一滴鲜血都给他成倍的狂暴的、灼热的能量。然而，这一新生的天赋却激怒了哈斯卡，因为在拯救他逃离虚无之境时，戴泽拒绝让他进入神灵之地。他的自我牺牲也被拒绝。当教团的的长老们试图寻找一个扩大自己影响的方法时，他们一致认为哈斯卡将成为他们在战争中最可怕的武器。然而，成为教团的武器让哈斯卡更加愤怒，因为他们不仅利用他，还否定了他与生俱来的权利。于是在战争打响之际，他逃离了家乡，去寻找新的盟友，寻找那些值得他牺牲自己，释放强大力量的盟友。","dj":"1|15|25","smz":"549|1187|2023","mfz":"234|507|962","gjl":"42-51|76-85|120-129","hj":"2|7|13","syfw":"1800/800","gjfw":"400","ddsd":"1400","jdtj1":"http://www.dota2.com.cn/images/property/add/huskar.jpg","jdms1":"这种就是比较老一点的神灵的加点，也是比较稳妥的一种。上来有火箭去消耗对方的血，之后有三级能的加攻击让自己成为最强悍的男人。这种加点需要第二个技能补充活血术，这是为了在团战或者小范围团战中能有持续的高输出，这样才是神灵的真谛，真男人是时间持续的久。","jdtj2":null,"jdms2":null,"cmzb":"治疗药膏*1|树之祭祀*1|力量手套*2|铁树枝干*1","qqzb":"速度之靴*1|魔棒*1|影之灵龛*1","hxzb":"动力鞋*1|魔杖*1|莫尔迪基安的臂章*1|支配头盔*1|回城卷轴*1","hqsz":"黑皇杖*1|撒旦之邪力*1|恐鳌之心*1|强袭胸甲*1|阿哈利姆神杖*1|影刃*1|天堂之戟*1|梅肯斯姆*1|白银之锋*1","ljt":"http://www.dota2.com.cn/images/property/huskar.gif","path":"huskar","zymc":"天辉","zytb":"http://www.dota2.com.cn/images/heropedia/radiant.jpg","yxtp":"http://www.dota2.com.cn/images/others/huskar_big1.jpg","gjlxxj":"1","yxdwxj":"1|1|1","llsjsmz":"19","llsjsmhf":"0.03","mjsjhj":"1","mjsjgjsd":"1","zlsjmfz":"13","zlsjmfhf":"0.04","sjgjl":"1","pjsh":"46","gjsd":"121|127|155","gjms":"1.39","gjsh":"42-51","gjjl":"400|400|400","wlhj":"1.1","wlshkx":"6%","mfshkx":"25%","minitb":"http://www.dota2.com.cn/images/heroes/huskar_icon.png"},{"id":31,"zwm":"混沌骑士","ywm":"Chaos Knight","jc":"混沌","xttx":"http://www.dota2.com.cn/images/heroes/chaos_knight_full.png","dttx":"http://www.dota2.com.cn/images/heroes/chaos_knight_vert.jpg","gjlx":"近战","yxlx":"力量","yxdw":"核心|控制|耐久|推进","zltb":"http://www.dota2.com.cn/images/info1301/tit_img01.gif","zljc":"16","zlsj":"1.20","mjtb":"http://www.dota2.com.cn/images/info1301/tit_img02.gif","mjjc":"14","mjsj":"2.10","lltb":"http://www.dota2.com.cn/images/info1301/tit_img03.gif","lljc":"20","llsj":"2.90","gjltb":"http://www.dota2.com.cn/images/info1301/tit_img06.gif","csgjl":"29-59","ydsdtb":"http://www.dota2.com.cn/images/info1301/tit_img05.gif","csydsd":"325","hjtb":"http://www.dota2.com.cn/images/info1301/tit_img04.gif","cshj":"3.96","yxbj":"作为一名被上千个世界中无数战斗洗礼过的战斗大师，混沌骑士来自一个遥远的上层位面，在那里，宇宙的基本法则都能被直接感知到。在所有的法则中，混沌是最古老且最不知疲倦的——永无休止的搜寻着被他称为“光”的存在。很久以前,“光”违抗初始之契约离开了起源的世界，在其他世界开始了他的旅途。现在混沌骑士在一个个位面之间穿梭，无论到哪里，他永远都在搜寻然后抹杀“光”的存在 ，将其无数次的抹杀，然后进入下一个位面继续他的搜索。带着自己的铁甲战马“天劫”，带着疯狂的暴怒冲进战场，从宇宙的混乱中吸取力量。他就是混沌在物理位面的化身，并在有需要的时候他会召唤其他位面的自己，这群黑暗骑兵的齐冲如同自然之力一般无法阻挡。只有当一个世界中所有“光”的存在都被彻底消灭，他的搜寻才会结束。混沌骑士的铁蹄所到之处，死亡随之同行。","dj":"1|15|25","smz":"530|1301|2232","mfz":"208|426|842","gjl":"49-79|90-120|139-169","hj":"4|8|14","syfw":"1800/800","gjfw":"128","ddsd":"N/A","jdtj1":"http://www.dota2.com.cn/images/property/add/chaos_knight.jpg","jdms1":"这是混沌骑士最主流的加点，混沌是一名较为缺魔的英雄，所以前期除了特定的情况下，一般不会升级大招。前期一定的RP对于混沌骑士也非常重要。新改动中为混乱之箭添加了一个速度为1000的施法弹道速度，混乱之箭也不再是不可躲避的技能了。","jdtj2":null,"jdms2":null,"cmzb":"树之祭祀*1|治疗药膏*1|力量手套*1|铁树枝干*3","qqzb":"速度之靴*1|魔棒*1|护腕*1","hxzb":"动力鞋*1|魔杖*1|莫尔迪基安的臂章*1|韧鼓*1","hqsz":"辉耀*1|恐鳌之心*1|黑皇杖*1|天堂之戟*1","ljt":"http://www.dota2.com.cn/images/property/chaos_knight.gif","path":"chaos_knight","zymc":"夜魇","zytb":"http://www.dota2.com.cn/images/heropedia/dire.jpg","yxtp":"http://www.dota2.com.cn/images/others/chaos_knight_big1.jpg","gjlxxj":"1","yxdwxj":"2|2|1|1","llsjsmz":"19","llsjsmhf":"0.03","mjsjhj":"1","mjsjgjsd":"1","zlsjmfz":"13","zlsjmfhf":"0.04","sjgjl":"1","pjsh":"64","gjsd":"114|122|164","gjms":"1.49","gjsh":"49-79","gjjl":"128|128|128","wlhj":"3","wlshkx":"19%","mfshkx":"25%","minitb":"http://www.dota2.com.cn/images/heroes/chaos_knight_icon.png"},{"id":10,"zwm":"幻影长矛手","ywm":"Phantom Lancer","jc":"猴子、阿兹瑞斯","xttx":"http://www.dota2.com.cn/images/heroes/phantom_lancer_full.png","dttx":"http://www.dota2.com.cn/images/heroes/phantom_lancer_vert.jpg","gjlx":"近战","yxlx":"敏捷","yxdw":"核心|逃生|推进","zltb":"http://www.dota2.com.cn/images/info1301/tit_img01.gif","zljc":"21","zlsj":"2.0","mjtb":"http://www.dota2.com.cn/images/info1301/tit_img02.gif","mjjc":"29","mjsj":"2.6","lltb":"http://www.dota2.com.cn/images/info1301/tit_img03.gif","lljc":"21","llsj":"1.7","gjltb":"http://www.dota2.com.cn/images/info1301/tit_img06.gif","csgjl":"22-44","ydsdtb":"http://www.dota2.com.cn/images/info1301/tit_img05.gif","csydsd":"290","hjtb":"http://www.dota2.com.cn/images/info1301/tit_img04.gif","cshj":"4.06","yxbj":"遥远的极地村庄对于王国中心地带肆虐的战火一无所知。对于那里的村民们来说，用长矛刺鱼、一家人聚餐就是生活的全部。但是战争还是到来了。征兵令传来后，出身卑微的长矛手阿兹瑞斯作为一个身体健全的士兵，加入了军队，宣誓给王国带来和平，这样做也是为了给他的村庄带来和平。他和他的族人在对抗恐怖巫师沃恩的最终进攻中被安排为前锋，这使他们付出了几乎全灭的代价。当前锋队一路战斗到敌人的堡垒下时，长矛手的族人已经只剩阿兹瑞斯一个人了，他作为最后一人，成功地潜入了巫师的城堡。族人的死激怒了阿兹瑞斯，他闯过了巫师设置的每一个死亡陷阱，打败了所有巫师召唤的幻象守卫。很快，这个出身低微的渔夫抵达了沃恩的高塔圣所。两人激战了一整晚，长矛和法杖的对决掀起了狂怒的混沌，最终在一声震耳欲聋的嘶吼中，阿兹瑞斯的长矛刺穿了巫师的身体。但是巫师并没有单纯的死去；他爆裂成无数光影的碎片，以巨大的力量穿透了杀死他的阿兹瑞斯。尘埃落定，战斗激起的烟雾散去后，阿兹瑞斯发现他站在一群他的族人之中。每个人都穿的和他一样，每个人都拿着和他一样的武器，而且他能感觉到每个人都和他在进行同样的思考。意识到王国军在接近，阿兹瑞斯希望这些幻影赶快藏起来，于是他们就一个接一个遁入了虚无。士兵们到达塔顶后发现巫师已经被阿兹瑞斯打倒了。当他们靠近这位战士时，长矛手突然消失了。刚才站在他们面前的长矛手只是一个幻影而已。真正的阿兹瑞斯早已逃离了战场，为他的怒火而羞愧，为他失去的同胞而痛心，他坚定了要用今后的战斗为村人带来和平的决心。","dj":"1|15|25","smz":"549|1001|1704","mfz":"273|637|1157","gjl":"51-73|87-109|133-155","hj":"4|9|16","syfw":"1800/800","gjfw":"128","ddsd":"N/A","jdtj1":"http://www.dota2.com.cn/images/property/add/phantom_lancer.jpg","jdms1":"猴子推荐主加灵魂之矛，其它的比较灵活，可以根据个人打法和战场局势灵活处理。不过至少要有1级的神出鬼没，关键时刻用来逃生，而且隐身升级高了之后耗蓝比较少，还是很划得来的。","jdtj2":null,"jdms2":null,"cmzb":"树之祭祀*1|治疗药膏*1|铁树枝干*3|圆盾*1","qqzb":"魔棒*1|速度之靴*1|天鹰之戒*1","hxzb":"魔杖*1|静谧之鞋*1|净魂之刃*1","hqsz":"恐鳌之心*1|幻影斧*1|蝴蝶*1|深渊之刃*1","ljt":"http://www.dota2.com.cn/images/property/phantom_lancer.gif","path":"phantom_lancer","zymc":"天辉","zytb":"http://www.dota2.com.cn/images/heropedia/radiant.jpg","yxtp":"http://www.dota2.com.cn/images/others/phantom_lancer_big1.jpg","gjlxxj":"1","yxdwxj":"2|2|1","llsjsmz":"19","llsjsmhf":"0.03","mjsjhj":"1","mjsjgjsd":"1","zlsjmfz":"13","zlsjmfhf":"0.04","sjgjl":"1","pjsh":"56","gjsd":"123|140|224","gjms":"1.38","gjsh":"51-73","gjjl":"128|128|128","wlhj":"4","wlshkx":"16%","mfshkx":"25%","minitb":"http://www.dota2.com.cn/images/heroes/phantom_lancer_icon.png"},{"id":41,"zwm":"冥魂大帝","ywm":"Wraith King","jc":"SNK、骷髅王","xttx":"http://www.dota2.com.cn/images/heroes/skeleton_king_full.png","dttx":"http://www.dota2.com.cn/images/heroes/skeleton_king_vert.jpg","gjlx":"近战","yxlx":"力量","yxdw":"耐久|核心|控制","zltb":"http://www.dota2.com.cn/images/info1301/tit_img01.gif","zljc":"18","zlsj":"1.60","mjtb":"http://www.dota2.com.cn/images/info1301/tit_img02.gif","mjjc":"18","mjsj":"1.70","lltb":"http://www.dota2.com.cn/images/info1301/tit_img03.gif","lljc":"22","llsj":"2.90","gjltb":"http://www.dota2.com.cn/images/info1301/tit_img06.gif","csgjl":"39-41","ydsdtb":"http://www.dota2.com.cn/images/info1301/tit_img05.gif","csydsd":"300","hjtb":"http://www.dota2.com.cn/images/info1301/tit_img04.gif","cshj":"2.52","yxbj":"奥斯塔里昂大帝那建造在敌人骸骨上的庞大帝国已经屹立了无数个年头了，他对自己的统治有着无尽的狂热，希望自己的集权统治能够永生不灭。他坚信，只要自己宫殿里的的白骨高塔建成，他就将万古不朽。然后他最终还是意识到自己这一想法的荒谬...白骨也会腐坏。出于对血肉之躯的不屑，他找到了一个更为长久的办法来维持自己的统治，冥魂之力，一种在某些黑暗生物死亡时释放出的纯粹的精神力量。出于国王的骄傲，在计划将冥魂精华灌入自己体内时，他认为最好自己也能拥有一副光耀不灭的躯体。在千年一遇的至日，冥魂之夜那一天，他启动了仪式，命令他的手下收集足够多的灵魂来完成他自己的不朽。王上终不朽，将士万骨枯。现在，冥魂大帝已不再迷恋他那闪光的王座——他拔出自己的巨剑外出征伐，被他征服的人，要献上自己无惧死亡的绝对忠诚。","dj":"1|15|25","smz":"568|1339|2270","mfz":"234|525|993","gjl":"61-63|102-104|151-153","hj":"3|6|11","syfw":"1800/800","gjfw":"128","ddsd":"N/A","jdtj1":"http://www.dota2.com.cn/images/property/add/skeleton_king.jpg","jdms1":"这是一种比较常见的骷髅王加点，骷髅是个弱智英雄，前期蓝量只够仍一次锤子，所以前期加黄点对骷髅的性价比非常高。","jdtj2":null,"jdms2":null,"cmzb":"树之祭祀*1|治疗药膏*1|净化药水*1|铁树枝干*2|压制之刃*1","qqzb":"魔棒*1|速度之靴*1|铁意头盔*1","hxzb":"魔杖*1|动力鞋*1|莫尔迪基安的臂章*1","hqsz":"黯灭*1|黑皇杖*1|强袭胸甲*1|深渊之刃*1|恐鳌之心*1|天堂之戟*1","ljt":"http://www.dota2.com.cn/images/property/skeleton_king.gif","path":"wraith_king","zymc":"夜魇","zytb":"http://www.dota2.com.cn/images/heropedia/dire.jpg","yxtp":"http://www.dota2.com.cn/images/others/skeleton_king_big1.jpg","gjlxxj":"1","yxdwxj":"3|2|2","llsjsmz":"19","llsjsmhf":"0.03","mjsjhj":"1","mjsjgjsd":"1","zlsjmfz":"13","zlsjmfhf":"0.04","sjgjl":"1","pjsh":"55","gjsd":"118|125|159","gjms":"1.44","gjsh":"54-56","gjjl":"128|128|128","wlhj":"3","wlshkx":"17%","mfshkx":"25%","minitb":"http://www.dota2.com.cn/images/heroes/skeleton_king_icon.png"},{"id":73,"zwm":"噬魂鬼","ywm":"Lifestealer","jc":"小狗","xttx":"http://www.dota2.com.cn/images/heroes/life_stealer_full.png","dttx":"http://www.dota2.com.cn/images/heroes/life_stealer_vert.jpg","gjlx":"近战","yxlx":"力量","yxdw":"核心|耐久|打野|逃生","zltb":"http://www.dota2.com.cn/images/info1301/tit_img01.gif","zljc":"15","zlsj":"1.75","mjtb":"http://www.dota2.com.cn/images/info1301/tit_img02.gif","mjjc":"18","mjsj":"1.90","lltb":"http://www.dota2.com.cn/images/info1301/tit_img03.gif","lljc":"25","llsj":"2.40","gjltb":"http://www.dota2.com.cn/images/info1301/tit_img06.gif","csgjl":"32-42","ydsdtb":"http://www.dota2.com.cn/images/info1301/tit_img05.gif","csydsd":"315","hjtb":"http://www.dota2.com.cn/images/info1301/tit_img04.gif","cshj":"1.52","yxbj":"在德瓦克地下城中，关押着一个一心想要复仇的巫师，他正在密谋着如何逃跑。和他被关在同一间牢房的，是一个口齿不清的生物，一个名叫奈克斯的贼，它被邪恶议会施加了长命百岁的诅咒，这样才有足够的时间来尽可能多的惩罚它的偷窃和欺骗的行径。年复一年，它的枷锁已然被侵蚀得不成样子，它的思维也不再清醒；奈克斯已经完全忘记了以前的事情，也不再想着逃跑。巫师见状，觉得自己为逃跑大计找到了一个完美的牺牲品，于是对奈克斯施放了感染之咒，将自己的生命之力灌注到奈克斯的躯壳里，然后指使奈克斯制造暴乱，牺牲它的躯体来破坏囚牢，巫师随后就能返回自己的身体，然后神不知鬼不觉的逃跑。然而他的如意算盘并未实现，在进入奈克斯躯体以后，巫师发现他的神志被一个疯狂的旋涡所捕获，那个旋涡的力量强横无匹，抹掉了他所有的意识。由于其意识被一个鲜活生命的闯入刺激，奈克斯突然之间从它那疯狂的梦魇中清醒了过来，并且按着脑海中那个虚无的声音的唯一的指令行动：逃跑。也就是在那个时候，噬魂鬼正式诞生。这个生命体将自己的心智灌注到地下城里面的卫兵身体里，强迫他们打开牢笼，杀死其他卫兵，为噬魂鬼打开了一条畅通无阻的自由大道，而他们的生命也在被吞噬。现在，噬魂鬼仍然带着那串破碎的镣铐，似乎是在告诉世界没有人能够禁锢住他，但同时它心里还认为自己是个囚犯。两个意识共存于一个身体里——一个恶毒狡猾，阳奉阴违的生命。","dj":"1|15|25","smz":"625|1263|2099","mfz":"195|514|1001","gjl":"57-67|91-101|135-145","hj":"2|5|11","syfw":"1800/800","gjfw":"128","ddsd":"N/A","jdtj1":"http://www.dota2.com.cn/images/property/add/lifestealer.jpg","jdms1":"小狗的加点比较灵活，在不同的局势下前期加满任何一种技能都是可以的。建议3级的时候3个技能个点一级，然后再根据场上形势选择主次。","jdtj2":null,"jdms2":null,"cmzb":"树之祭祀*1|治疗药膏*1|圆盾*1|铁树枝干*3","qqzb":"速度之靴*1|魔棒*1","hxzb":"动力鞋*1|魔杖*1|莫尔迪基安的臂章*1|振奋宝石*1","hqsz":"雷神之锤*1|强袭胸甲*1|深渊之刃*1|黯灭*1|闪烁匕首*1|撒旦之邪力*1","ljt":"http://www.dota2.com.cn/images/property/life_stealer.gif","path":"lifestealer","zymc":"夜魇","zytb":"http://www.dota2.com.cn/images/heropedia/dire.jpg","yxtp":"http://www.dota2.com.cn/images/others/life_stealer_big1.jpg","gjlxxj":"1","yxdwxj":"2|2|1|1","llsjsmz":"19","llsjsmhf":"0.03","mjsjhj":"1","mjsjgjsd":"1","zlsjmfz":"13","zlsjmfhf":"0.04","sjgjl":"1","pjsh":"62","gjsd":"118|126|164","gjms":"1.44","gjsh":"57-67","gjjl":"128|128|128","wlhj":"1","wlshkx":"8%","mfshkx":"25%","minitb":"http://www.dota2.com.cn/images/heroes/life_lifestealer_icon.png"}],"honorList":[{"id":51,"zwm":"修补匠","msg":"暂无","createtime":null}],"adapt_zd_list":[{"id":74,"zwm":"兽王","ywm":"Beastmaster","jc":"BM","xttx":"http://www.dota2.com.cn/images/heroes/beastmaster_full.png","dttx":"http://www.dota2.com.cn/images/heroes/beastmaster_vert.jpg","gjlx":"近战","yxlx":"力量","yxdw":"先手|控制|耐久","zltb":"http://www.dota2.com.cn/images/info1301/tit_img01.gif","zljc":"16","zlsj":"1.90","mjtb":"http://www.dota2.com.cn/images/info1301/tit_img02.gif","mjjc":"18","mjsj":"1.60","lltb":"http://www.dota2.com.cn/images/info1301/tit_img03.gif","lljc":"23","llsj":"2.20","gjltb":"http://www.dota2.com.cn/images/info1301/tit_img06.gif","csgjl":"33-37","ydsdtb":"http://www.dota2.com.cn/images/info1301/tit_img05.gif","csydsd":"310","hjtb":"http://www.dota2.com.cn/images/info1301/tit_img04.gif","cshj":"4.52","yxbj":"卡洛克自出生伊始就被当做兽婴。他的母亲在他出生时就死去；他的父亲是斯洛姆末代帝王的马蹄铁匠，在他五岁时被马群践踏致死。后来，卡洛克将自己卖到国王的动物园干活，在那里，他和宫廷里面饲养的狮子，猩猩，野鹿以及其他一些很少见的甚至传说中的野兽一起长大。在他七岁那年，一个冒险者带着一只没人见过的野兽来觐见国王。当这只野兽被国王的链条锁住的时候，它说话了，乞求自由，然而它的嘴并没有张开。国王大笑，命令野兽表演助兴，遭到拒绝以后，国王用他的疯狂权杖狠狠的抽打了野兽，并把它关在了兽栏里面。接下来的几个月里，卡洛克每天都给这个受伤的野兽偷偷的带去食物和药物，然而这一切只能减缓野兽的死亡。这只野兽和卡洛克开始了交流，无言的交流，他们之间的情感纽带也随着时间的推移而加深，最后卡洛克发现他竟然能够和宫廷动物园里面的所有动物交流。在那只野兽死去的晚上，卡洛克狂怒无比，他煽动了所有的动物一起反叛，并且将它们的笼子打开，在宫廷广场上大开杀戒。末代帝王在动乱中受伤。在混乱之中，一只皇家雄鹿在这个救了它的男孩面前屈膝，让他以兽王的身份骑上它，带他跃过了堡垒的高墙，逃出生天。现在，兽王卡洛克已经成长为一个男子汉，并且仍然能够自由的和野生动物交谈。他已经成为了拥有自然狂猛野性的战士。","dj":"1|15|25","smz":"587|1172|1970","mfz":"208|554|1061","gjl":"56-60|87-91|129-133","hj":"5|8|13","syfw":"1800/800","gjfw":"128","ddsd":"N/A","jdtj1":"http://www.dota2.com.cn/images/property/add/beastmaster.jpg","jdms1":"这个加点是老一点版本兽王的加点。首先一技能是物理伤害，无视魔法免疫跟护甲有关，前期大家护甲都低，所以兽王的一技能能够很好的去消耗对方的血量，从而创造出击杀对方的机会。其次就是两级的二级能，一级二级能出战鹰帮助团队控符，二级的时候出豪猪，为了是追杀效果，猪的毒针能让对方根本走不动。最后说一下光环，8、9级的时候补上两级为了是能够很好的推塔，现在DOTA的节奏快了，8、9级推塔很正常了。后面的光环和召唤可以根据场上的情况加点，如果优势大需要一直推塔就光环，如果均势可以加召唤技能让隐形的战鹰开视野gank对方。","jdtj2":null,"jdms2":null,"cmzb":"树之祭祀*1|治疗药膏*1|净化药水*1|力量手套*2|铁树枝干*1","qqzb":"魔棒*1|速度之靴*1|护腕*1","hxzb":"魔杖*1|动力鞋*1|韧鼓*1","hqsz":"洞察烟斗*1|死灵书*1|阿哈利姆神杖*1|闪烁匕首*1|恐鳌之心*1|强袭胸甲*1","ljt":"http://www.dota2.com.cn/images/property/beastmaster.gif","path":"beastmaster","zymc":"天辉","zytb":"http://www.dota2.com.cn/images/heropedia/radiant.jpg","yxtp":"http://www.dota2.com.cn/images/others/beastmaster_big1.jpg","gjlxxj":"1","yxdwxj":"2|2|2","llsjsmz":"19","llsjsmhf":"0.03","mjsjhj":"1","mjsjgjsd":"1","zlsjmfz":"13","zlsjmfhf":"0.04","sjgjl":"1","pjsh":"58","gjsd":"118|124|156","gjms":"1.44","gjsh":"56-60","gjjl":"128|128|128","wlhj":"4.52","wlshkx":"21%","mfshkx":"25%","minitb":"http://www.dota2.com.cn/images/heroes/beastmaster_icon.png"},{"id":95,"zwm":"嗜血狂魔","ywm":"Bloodseeker","jc":"BS","xttx":"http://www.dota2.com.cn/images/heroes/bloodseeker_full.png","dttx":"http://www.dota2.com.cn/images/heroes/bloodseeker_vert.jpg","gjlx":"近战","yxlx":"敏捷","yxdw":"核心|打野","zltb":"http://www.dota2.com.cn/images/info1301/tit_img01.gif","zljc":"18","zlsj":"1.7","mjtb":"http://www.dota2.com.cn/images/info1301/tit_img02.gif","mjjc":"24","mjsj":"3","lltb":"http://www.dota2.com.cn/images/info1301/tit_img03.gif","lljc":"23","llsj":"2","gjltb":"http://www.dota2.com.cn/images/info1301/tit_img06.gif","csgjl":"29-35","ydsdtb":"http://www.dota2.com.cn/images/info1301/tit_img05.gif","csydsd":"300","hjtb":"http://www.dota2.com.cn/images/info1301/tit_img04.gif","cshj":"3.36","yxbj":"血魔史德利古尔是通过仪式严格甄选出的猎手，更准确的说，他是剥皮双子忠实的走狗，他从常年云雾缭绕的噬血之峰被派下去搜寻鲜血。剥皮双子需要海量的鲜血来获得满足和安抚，而如果当地的祭祀没能满足他们，他们就会抽干这个高原王国所有人民的鲜血。因此史德利古尔总是外出进行屠戮。他能榨取出血液之中的生命之力，然后这些能量通过他武器和护甲上的附魔标记立刻流向双子。多年以来，他一直是一条得力的走狗，在战斗时他像豺狼一样残暴。据说，在血魔那涌动着对鲜血的渴望的面具之下，能够直视剥皮双子那可怖的嘴脸。","dj":"1|15|25","smz":"587|1119|1879","mfz":"234|543|1024","gjl":"53-59|95-101|145-151","hj":"3|9|16","syfw":"1800/800","gjfw":"128","ddsd":"N/A","jdtj1":"http://www.dota2.com.cn/images/property/add/bloodseeker.jpg","jdms1":"血魔的加点变化不多，主3和主2都有选择。这套加点相对平均，六级时有两级屠戮和嗜血渴望。建议在线上压力不是很大的情况下优先将3技能加满。增加血魔gank的机动性。","jdtj2":"","jdms2":"","cmzb":"树之祭祀*1|圆盾*1|压制之刃*1","qqzb":"穷鬼盾*1|速度之靴*1|魔杖*1|回城卷轴*1","hxzb":"动力鞋*1|怨灵系带*1|散夜对剑*1","hqsz":"辉耀*1|蝴蝶*1|黑皇杖*1|金箍棒*1|强袭胸甲*1|恐鳌之心*1","ljt":"http://www.dota2.com.cn/images/property/bloodseeker.gif","path":"bloodseeker","zymc":"夜魇","zytb":"http://www.dota2.com.cn/images/heropedia/dire.jpg","yxtp":"http://www.dota2.com.cn/images/others/bloodseeker_big1.jpg","gjlxxj":"1","yxdwxj":"1|1","llsjsmz":"19","llsjsmhf":"0.03","mjsjhj":"1","mjsjgjsd":"1","zlsjmfz":"13","zlsjmfhf":"0.04","sjgjl":"1","pjsh":"56","gjsd":"124|136|196","gjms":"1.37","gjsh":"53-59","gjjl":"128|128|128","wlhj":"3","wlshkx":"16%","mfshkx":"25%","minitb":"http://www.dota2.com.cn/images/heroes/bloodseeker_icon.png"}],"hqszList":[{"goods":{"id":81,"bigtype":"升级物品","type":"法器","wpmc":"邪恶镰刀","wppz":"3","wptp":"http://www.dota2.com.cn/images/items/sheepstick_lg.png","jgtb":"http://www.dota2.com.cn/images/info1301/tit_img07.gif","jg":"5675","wpjs":"Vyse教徒最为宝贵的圣物，法师们最为垂涎的武器。","wpzyms":"","wpsyff":"主动：妖术-将一个单位变成无害的小动物，持续3.5秒。消灭幻象。","wpxg":"+ <span class=\"color_yellow\">10</span> 力量<br/>+ <span class=\"color_yellow\">10</span> 敏捷<br/>+ <span class=\"color_yellow\">35</span> 智力<br/>+ <span class=\"color_yellow\">150%</span> 魔法恢复","lqsjtb":"http://www.dota2.com.cn/images/info1301/ico2.gif","lqsj":"30","mfxhtb":"http://www.dota2.com.cn/images/info1301/ico1.gif","mfxh":"100","qzwptb":null,"wpzyms2":"立刻杀死幻象。<br>目标的基础移动速度为100，但是如果目标有满速状态则移速不受影响。<br>妖术将使伤害格挡和闪避无效。","item_en":"sheepstick"},"count":1},{"goods":{"id":99,"bigtype":"升级物品","type":"防具","wpmc":"希瓦的守护","wppz":"4","wptp":"http://www.dota2.com.cn/images/items/shivas_guard_lg.png","jgtb":"http://www.dota2.com.cn/images/info1301/tit_img07.gif","jg":"4700","wpjs":"据说曾经属于某位女神，至今仍保持大部分神力。","wpzyms":"多个霜冷光坏的效果无法叠加。","wpsyff":"主动：极寒冲击 - 发出一道寒冷的波动，对敌人造成200伤害并减速-40%持续4.0秒。<br>被动：霜冷光环 - 降低敌人攻击速度。","wpxg":"+ <span class=\"color_yellow\">30</span> 智力<br/>+ <span class=\"color_yellow\">15</span> 护甲<br/>光环攻速降低：<span class=\"color_yellow\">40</span>","lqsjtb":"http://www.dota2.com.cn/images/info1301/ico2.gif","lqsj":"30","mfxhtb":"http://www.dota2.com.cn/images/info1301/ico1.gif","mfxh":"100","qzwptb":"","wpzyms2":"极寒冲击的扩张速度为350，最大半径为900。 <br>极寒冲击将以施放者为中心。","item_en":"shivas_guard"},"count":1},{"goods":{"id":72,"bigtype":"升级物品","type":"法器","wpmc":"原力法杖","wppz":"3","wptp":"http://www.dota2.com.cn/images/items/force_staff_lg.png","jgtb":"http://www.dota2.com.cn/images/info1301/tit_img07.gif","jg":"2250","wpjs":"让你可以操纵他人，不论出于善或恶。","wpzyms":"","wpsyff":"主动：原力-将任何目标单位向其面对方向推进600距离。双击对自身使用。","wpxg":"+ <span class=\"color_yellow\">10</span> 智力<br/>+ <span class=\"color_yellow\">3</span> 生命恢复速率","lqsjtb":"http://www.dota2.com.cn/images/info1301/ico2.gif","lqsj":"20","mfxhtb":"http://www.dota2.com.cn/images/info1301/ico1.gif","mfxh":"25","qzwptb":"","wpzyms2":"快速点击两次可以对自身施放原力。<br>原力法杖不会打断目标的动作。<br>对时间结界或黑洞内的单位无效。","item_en":"force_staff"},"count":1},{"goods":{"id":46,"bigtype":"基础物品","type":"奥术","wpmc":"闪烁匕首","wppz":"1","wptp":"http://www.dota2.com.cn/images/items/blink_lg.png","jgtb":"http://www.dota2.com.cn/images/info1301/tit_img07.gif","jg":"2250","wpjs":"传说中这块大陆上来去如风的刺客使用的匕首。","wpzyms":"","wpsyff":"主动：闪烁 - 传送到最远1200距离的位置。如果受到攻击，闪烁匕首将在3秒内无法使用。","wpxg":"","lqsjtb":"http://www.dota2.com.cn/images/info1301/ico2.gif","lqsj":"12","mfxhtb":"","mfxh":"","qzwptb":null,"wpzyms2":"快速点击两次会将自己往已方泉水方向传送。","item_en":"blink"},"count":1},{"goods":{"id":75,"bigtype":"升级物品","type":"法器","wpmc":"达贡之神力","wppz":"3","wptp":"http://www.dota2.com.cn/images/items/dagon_lg.png","jgtb":"http://www.dota2.com.cn/images/info1301/tit_img07.gif","jg":"2800","wpjs":"越用威力就越大的次级法杖，让持有者的魔法从指尖喷涌而出。","wpzyms":"","wpsyff":"主动：能量冲击-以伤害性能量冲击敌方目标单位。可以升级。","wpxg":"+ <span class=\"color_yellow\">13</span>/16/19/22/25智力<br/>+ <span class=\"color_yellow\">3</span> 所有属性<br/>+ <span class=\"color_yellow\">9</span> 攻击力<br/>冲击伤害：<span class=\"color_yellow\">400</span>/500/600/700/800","lqsjtb":"http://www.dota2.com.cn/images/info1301/ico2.gif","lqsj":"35","mfxhtb":"http://www.dota2.com.cn/images/info1301/ico1.gif","mfxh":"180","qzwptb":null,"wpzyms2":"","item_en":"dagon"},"count":1}],"hxzbList":[{"goods":{"id":50,"bigtype":"升级物品","type":"普通","wpmc":"魔杖","wppz":"2","wptp":"http://www.dota2.com.cn/images/items/magic_wand_lg.png","jgtb":"http://www.dota2.com.cn/images/info1301/tit_img07.gif","jg":"509","wpjs":"一个简易但实用的魔杖，能够补充使用者的能量--巫师学徒和高级术士都喜欢。","wpzyms":"","wpsyff":"主动：充能 - 每当周围有敌人施放技能都会自动充能（最多15点能量）。当使用时，每点能量为你回复生命值和魔法值。","wpxg":"+ <span class=\"color_yellow\">3</span> 所有属性<br/>每点能量回复：<span class=\"color_yellow\">15</span>","lqsjtb":"http://www.dota2.com.cn/images/info1301/ico2.gif","lqsj":"12","mfxhtb":"","mfxh":"","qzwptb":"","wpzyms2":"1200码视野范围内敌人使用技能就会获得点数。 <br>部分英雄技能和物品技能的施放将不会增加点数。","item_en":"magic_wand"},"count":1},{"goods":{"id":59,"bigtype":"升级物品","type":"普通","wpmc":"远行鞋","wppz":"2","wptp":"http://www.dota2.com.cn/images/items/travel_boots_lg.png","jgtb":"http://www.dota2.com.cn/images/info1301/tit_img07.gif","jg":"2450","wpjs":"足生双翼，上天入地。","wpzyms":"多双鞋子的移动速度提升效果不会叠加","wpsyff":"主动：传送 - 将你传送到一个友方建筑或非英雄单位身边。","wpxg":"+ <span class=\"color_yellow\">100</span> 移动速度","lqsjtb":"http://www.dota2.com.cn/images/info1301/ico2.gif","lqsj":"50","mfxhtb":"http://www.dota2.com.cn/images/info1301/ico1.gif","mfxh":"75","qzwptb":null,"wpzyms2":"与回城卷轴共享冷却时间。","item_en":"travel_boots"},"count":1},{"goods":{"id":53,"bigtype":"升级物品","type":"普通","wpmc":"灵魂之戒","wppz":"2","wptp":"http://www.dota2.com.cn/images/items/soul_ring_lg.png","jgtb":"http://www.dota2.com.cn/images/info1301/tit_img07.gif","jg":"800","wpjs":"一个能吞噬周围灵魂的戒指。","wpzyms":"","wpsyff":"主动：牺牲-消耗150生命值来暂时获取150魔法值。持续10秒。","wpxg":"+ <span class=\"color_yellow\">3</span> 生命恢复速率<br/>+ <span class=\"color_yellow\">50%</span> 魔法恢复","lqsjtb":"http://www.dota2.com.cn/images/info1301/ico2.gif","lqsj":"30","mfxhtb":"","mfxh":"","qzwptb":"","wpzyms2":"如果获取的魔法值超过了魔法上限，将会变成缓冲魔法，直接加在魔法上限上，使用时将优先进行消耗。如果在持续时间结束时没有使用，额外的魔法将会消失。","item_en":"soul_ring"},"count":1}],"adapt_kz_list":[{"id":97,"zwm":"影魔","ywm":"ShadowFiend","jc":"SF","xttx":"http://www.dota2.com.cn/images/heroes/nevermore_full.png","dttx":"http://www.dota2.com.cn/images/heroes/nevermore_vert.jpg","gjlx":"远程","yxlx":"敏捷","yxdw":"远程|核心|爆发","zltb":"http://www.dota2.com.cn/images/info1301/tit_img01.gif","zljc":"18","zlsj":"2","mjtb":"http://www.dota2.com.cn/images/info1301/tit_img02.gif","mjjc":"20","mjsj":"2.9","lltb":"http://www.dota2.com.cn/images/info1301/tit_img03.gif","lljc":"15","llsj":"2","gjltb":"http://www.dota2.com.cn/images/info1301/tit_img06.gif","csgjl":"15-21","ydsdtb":"http://www.dota2.com.cn/images/info1301/tit_img05.gif","csydsd":"305","hjtb":"http://www.dota2.com.cn/images/info1301/tit_img04.gif","cshj":"1.8","yxbj":"据说影魔奈文摩尔有着一个诗人的灵魂，事实上，他吞噬的诗人灵魂早已成千上万。千百年来，他收集了各式各样的灵魂，包括诗人，牧师，帝王，乞丐，奴隶，哲人，罪犯，当然，还有英雄。他拥有着世间所有种类的灵魂。然而没人知道他收集这些灵魂作何之用。从来没有人得以窥视影魔的魂渊之秘，他从魂渊中伸出灵魂触须，蔓延在精神位面。他是把灵魂一个个吞噬了？还是把灵魂堆积在他的影惧神殿里？又或是将灵魂浸在死灵之池中？难道他仅仅是一个被恶魔傀儡大师操纵着，通过位面裂口进入世界的傀儡？尽管众说纷纭，但根本没有人能看透他那黑暗光环下的层层邪恶。然而，如果你实在是很想知道那些灵魂的归宿，有个办法能帮你达成心愿：凡人，将你的灵魂奉献给影魔，或者等待魔王的收割！","dj":"1|15|25","smz":"435|967|1727","mfz":"234|598|1118","gjl":"35-41|76-82|125-131","hj":"3|9|16","syfw":"1800/800","gjfw":"500","ddsd":"1200","jdtj1":"http://www.dota2.com.cn/images/property/add/shadow_fiend.jpg","jdms1":"这是最主流的影魔加点，前期主支配死灵和影压这是毫无疑问的。大招伤害和死灵数量成正比，所以在支配死灵之后选择升级大招是不错的选择。","jdtj2":"","jdms2":"","cmzb":"治疗药膏*1|树之祭祀*1|敏捷便鞋*2|铁树枝干*2","qqzb":"魔棒*1|速度之靴*1|天鹰之戒*1","hxzb":"魔杖*1|动力鞋*1|闪烁匕首*1|黑皇杖*1","hqsz":"影刃*1|强袭胸甲*1|代达罗斯之殇*1|黯灭*1|蝴蝶*1|金箍棒*1","ljt":"http://www.dota2.com.cn/images/property/nevermore.gif","path":"shadow_fiend","zymc":"夜魇","zytb":"http://www.dota2.com.cn/images/heropedia/dire.jpg","yxtp":"http://www.dota2.com.cn/images/others/nevermore_big1.jpg","gjlxxj":"1","yxdwxj":"2|2","llsjsmz":"19","llsjsmhf":"0.03","mjsjhj":"1","mjsjgjsd":"1","zlsjmfz":"13","zlsjmfhf":"0.04","sjgjl":"1","pjsh":"38","gjsd":"120|132|190","gjms":"1.42","gjsh":"35-41","gjjl":"500|500|500","wlhj":"1","wlshkx":"9%","mfshkx":"25%","minitb":"http://www.dota2.com.cn/images/heroes/nevermore_icon.png"},{"id":30,"zwm":"不朽尸王","ywm":"Undying","jc":"尸王","xttx":"http://www.dota2.com.cn/images/heroes/undying_full.png","dttx":"http://www.dota2.com.cn/images/heroes/undying_vert.jpg","gjlx":"近战","yxlx":"力量","yxdw":"耐久|推进|控制|先手","zltb":"http://www.dota2.com.cn/images/info1301/tit_img01.gif","zljc":"27","zlsj":"2.50","mjtb":"http://www.dota2.com.cn/images/info1301/tit_img02.gif","mjjc":"10","mjsj":"0.80","lltb":"http://www.dota2.com.cn/images/info1301/tit_img03.gif","lljc":"22","llsj":"2.10","gjltb":"http://www.dota2.com.cn/images/info1301/tit_img06.gif","csgjl":"35-43","ydsdtb":"http://www.dota2.com.cn/images/info1301/tit_img05.gif","csydsd":"310","hjtb":"http://www.dota2.com.cn/images/info1301/tit_img04.gif","cshj":"3.4","yxbj":"他残破的心，已经不再记得自己的名，也不记得已经过了多久。还依稀记得的，是盔甲，是战旗，是身边死去的兄弟。他还记得那场战役：一双给他带去痛苦和恐惧的苍白的手，将他从马上扯下。他还记得自己和兄弟们一起被扔进死亡之神那漆黑的深坑，还记得他被虚无吞噬时耳畔的挽歌。在深渊下的黑暗中，他们被时间遗弃，抛弃了思想，抛弃了理智，唯一尚存的，只有饥饿。他们以彼此残留的指甲和牙齿为食，唤醒了身体。这时挽歌传来，一开始很遥远，只是最轻微的感官体验，然后声音逐渐汇集，似乎铺天盖地永无止境，歌声似乎形成了一堵音墙，将他意识中所有想法都清除。随着自己被挽歌吞噬，他也向死亡之神张开了双臂，迎接自己的陨灭。然而死亡之神并没有选择毁掉他，而是让他投入战争，在一片惨然的虚无中，他被赋予了新的使命：让世界遍地哀鸿，让死者吞噬生命。他成为了不朽尸王，死亡之神的先驱，他的躯体永生不灭。在你的往生路上，会奏响他永恒的挽歌。","dj":"1|15|25","smz":"568|1127|1906","mfz":"351|715|1235","gjl":"57-65|86-94|127-135","hj":"3|5|9","syfw":"1800/800","gjfw":"128","ddsd":"N/A","jdtj1":"http://www.dota2.com.cn/images/property/add/undying.jpg","jdms1":"不朽尸王是一名曾经上过CW舞台的英雄，暴力速推进阵容中总是少不了尸王的存在。如今路人打法中比较普遍的是1、2对点，线上压制力较强。当然这里还是建议前期只点2级加血,3级加血抽取15个单位并不太可能。","jdtj2":null,"jdms2":null,"cmzb":"树之祭祀*2|圆盾*1|铁树枝干*3|净化药水*1","qqzb":"速度之靴*1|魔棒*1|影之灵龛*1","hxzb":"奥术鞋*1|魔杖*1|梅肯斯姆*1|侦查守卫*1","hqsz":"辉耀*1|恐鳌之心*1|刃甲*1|天堂之戟*1","ljt":"http://www.dota2.com.cn/images/property/undying.gif","path":"undying","zymc":"夜魇","zytb":"http://www.dota2.com.cn/images/heropedia/dire.jpg","yxtp":"http://www.dota2.com.cn/images/others/undying_big1.jpg","gjlxxj":"1","yxdwxj":"2|1|1|1","llsjsmz":"19","llsjsmhf":"0.03","mjsjhj":"1","mjsjgjsd":"1","zlsjmfz":"13","zlsjmfhf":"0.04","sjgjl":"1","pjsh":"61","gjsd":"110|113|129","gjms":"1.55","gjsh":"57-65","gjjl":"128|128|128","wlhj":"3","wlshkx":"16%","mfshkx":"25%","minitb":"http://www.dota2.com.cn/images/heroes/undying_icon.png"},{"id":3,"zwm":"干扰者","ywm":"Disruptor","jc":"萨尔","xttx":"http://www.dota2.com.cn/images/heroes/disruptor_full.png","dttx":"http://www.dota2.com.cn/images/heroes/disruptor_vert.jpg","gjlx":"远程","yxlx":"智力","yxdw":"爆发|辅助|先手|控制","zltb":"http://www.dota2.com.cn/images/info1301/tit_img01.gif","zljc":"22","zlsj":"2.5","mjtb":"http://www.dota2.com.cn/images/info1301/tit_img02.gif","mjjc":"15","mjsj":"1.4","lltb":"http://www.dota2.com.cn/images/info1301/tit_img03.gif","lljc":"19","llsj":"1.9","gjltb":"http://www.dota2.com.cn/images/info1301/tit_img06.gif","csgjl":"27-31","ydsdtb":"http://www.dota2.com.cn/images/info1301/tit_img05.gif","csydsd":"300","hjtb":"http://www.dota2.com.cn/images/info1301/tit_img04.gif","cshj":"1.1","yxbj":"在狂风肆虐的杜鲁德大草原高处，有一位年轻且富有天赋的风暴术师，他被人称作干扰者，并第一个参透了夏日风暴的秘密。由于经常受到季节性的暴风袭击和南方文明王国的侵略，几个世纪以来，高地人一直都在这片无尽的高原上为生存而挣扎。他们是一个伟大的文明破碎后遗留下来的堕落部族，他们那奇特而神秘的控制风暴的技术，拼凑自那些支离破碎的连他们自己都不能完全理解的失落知识。对于居住在高原地区的人们，气候已经成为了一种信仰，被作为生命的授予者和终结者而崇拜。雷电风暴所带来的大雨是维持生命所必需的，但这是有代价的，每次雷电风暴结束时，总会留下一些烤焦冒烟的尸体。尽管在他的族群中还很卑微，但干扰者无所畏惧，永不满足的好奇心是他的动力。尽管还对风暴技术一窍不通也没有自己的坐骑，但他还是去探索了祖先城市的遗迹，在崩塌的建筑和早已腐朽的图书馆中搜索着，在生锈的制造车间中到处翻寻。他找到了需要的东西，然后返回了部族。将古时设计的线圈重新改编后，他获得了操纵电荷的能力，现在可以在任何他想要的地方召唤雷电。部分依靠魔法，部分依靠工艺技术，他的能量圈内束缚着能掌控生与死的力量，用来精确打击南方王国的侵略者和任何闯入这片古老高地之人。","dj":"1|15|25","smz":"511|1016|1757","mfz":"286|741|1326","gjl":"49-53|84-88|129-133","hj":"1|4|9","syfw":"1800/800","gjfw":"600","ddsd":"1200","jdtj1":"http://www.dota2.com.cn/images/property/add/disruptor.jpg","jdms1":"这是一种比较主流的干扰者加点方式。前期第一级升动能力场，配合队友可以寻找机会拿一血。主雷霆之击基本还是毫无疑问的。干扰者多以辅助5号位的身份出现，技能所带来的输出能力远比物理攻击要强。建议前期恶念瞥视升满两级，两级1000的施法距离远比600要给力许多，而动能力场每级只有0.5s的持续时间增长，性价比略低。","jdtj2":null,"jdms2":null,"cmzb":"树之祭祀*1|治疗药膏*1|净化药水*2|铁树枝干*2|动物信使*1","qqzb":"速度之靴*1|魔棒*1|护腕*1","hxzb":"奥术鞋*1|魔杖*1|梅肯斯姆*1|侦查守卫*1|回城卷轴*1","hqsz":"阿哈利姆神杖*1|闪烁匕首*1|原力法杖*1|希瓦的守护*1|洞察烟斗*1|死灵书*1|纷争面纱*1|飞行信使*1","ljt":"http://www.dota2.com.cn/images/property/disruptor.gif","path":"disruptor","zymc":"天辉","zytb":"http://www.dota2.com.cn/images/heropedia/radiant.jpg","yxtp":"http://www.dota2.com.cn/images/others/disruptor_big1.jpg","gjlxxj":"1","yxdwxj":"2|1|1|1","llsjsmz":"19","llsjsmhf":"0.03","mjsjhj":"1","mjsjgjsd":"1","zlsjmfz":"13","zlsjmfhf":"0.04","sjgjl":"1","pjsh":"51","gjsd":"115|121|149","gjms":"1.48","gjsh":"49-53","gjjl":"600|600|600","wlhj":"1","wlshkx":"6%","mfshkx":"25%","minitb":"http://www.dota2.com.cn/images/heroes/disruptor_icon.png"},{"id":104,"zwm":"灰烬之灵","ywm":"Ember Spirit","jc":"火熊猫","xttx":"http://www.dota2.com.cn/images/heroes/ember_spirit_full.png","dttx":"http://www.dota2.com.cn/images/heroes/ember_spirit_vert.jpg","gjlx":"近战","yxlx":"敏捷","yxdw":"核心|爆发","zltb":"http://www.dota2.com.cn/images/info1301/tit_img01.gif","zljc":"20","zlsj":"1.8","mjtb":"http://www.dota2.com.cn/images/info1301/tit_img02.gif","mjjc":"22","mjsj":"1.8","lltb":"http://www.dota2.com.cn/images/info1301/tit_img03.gif","lljc":"19","llsj":"2","gjltb":"http://www.dota2.com.cn/images/info1301/tit_img06.gif","csgjl":"30-34","ydsdtb":"http://www.dota2.com.cn/images/info1301/tit_img05.gif","csydsd":"310","hjtb":"http://www.dota2.com.cn/images/info1301/tit_img04.gif","cshj":"1.08","yxbj":"在燃烧要塞中有一口玉石大釜，里面装满了灰烬，这是当年的战争诗人，炘的火葬之地。炘毕生都在卫火盟教导年轻的弟子。后来燃烧之神被炘的师德所打动，下凡来到要塞中，重新点燃了灰烬。余烬之中，炘的样子渐渐成型，四周环绕着火焰。他的面容一如既往的沉静，为了让知识之火燎原，为寻求指引的人提供方向，他已准备就绪。","dj":"1|15|25","smz":"511|1043|1803","mfz":"260|588|1082","gjl":"52-56|71-81|115-119","hj":"1|5|10","syfw":"1800/800","gjfw":"128","ddsd":"N/A","jdtj1":"http://www.dota2.com.cn/images/property/ember_spirit.jpg","jdms1":"由于烈火罩能持续造成伤害，所以可以进行主升，之后升级炎阳索，提升技能伤害，有大加大，最后升级无影拳，增加中后期带线和消耗的能力。","jdtj2":"","jdms2":"","cmzb":"治疗药膏*1|净化药水*2|铁树枝干*2|圆盾*1","qqzb":"速度之靴*1|魔棒*1|影之灵龛*1","hxzb":"奥术鞋*1|魔杖*1|先锋盾*1","hqsz":"代达罗斯之殇*1|恐鳌之心*1|蝴蝶*1|雷神之锤*1|狂战斧*2","ljt":"http://www.dota2.com.cn/images/property/ember_spirit.gif","path":"ember_spirit","zymc":"天辉","zytb":"http://www.dota2.com.cn/images/heropedia/radiant.jpg","yxtp":"http://www.dota2.com.cn/images/others/ember_spirit_big1.jpg","gjlxxj":"1","yxdwxj":"1|2","llsjsmz":"19","llsjsmhf":"0.03","mjsjhj":"1","mjsjgjsd":"1","zlsjmfz":"13","zlsjmfhf":"0.04","sjgjl":"1","pjsh":"54","gjsd":"122|129|165","gjms":"1.39","gjsh":"52-56","gjjl":"128|128|128","wlhj":"1","wlshkx":"6%","mfshkx":"25%","minitb":"http://www.dota2.com.cn/images/heroes/ember_spirit_icon.png"},{"id":21,"zwm":"矮人直升机","ywm":"Gyrocopter","jc":"飞机","xttx":"http://www.dota2.com.cn/images/heroes/gyrocopter_full.png","dttx":"http://www.dota2.com.cn/images/heroes/gyrocopter_vert.jpg","gjlx":"远程","yxlx":"敏捷","yxdw":"控制|先手|爆发","zltb":"http://www.dota2.com.cn/images/info1301/tit_img01.gif","zljc":"19","zlsj":"2.1","mjtb":"http://www.dota2.com.cn/images/info1301/tit_img02.gif","mjjc":"24","mjsj":"2.8","lltb":"http://www.dota2.com.cn/images/info1301/tit_img03.gif","lljc":"18","llsj":"1.8","gjltb":"http://www.dota2.com.cn/images/info1301/tit_img06.gif","csgjl":"17-27","ydsdtb":"http://www.dota2.com.cn/images/info1301/tit_img05.gif","csydsd":"315","hjtb":"http://www.dota2.com.cn/images/info1301/tit_img04.gif","cshj":"4.36","yxbj":"在毕生为战争、起义、暴动和革命服务后，军中名人奥雷尔终于感到厌倦了。退役时除了一些琐碎物品和一笔可观的退休金，这位前工程师还带走了一样很有意思的东西：一件被遗忘了很久的，未完成的旋翼飞机设计图，这将是世界上第一架有人驾驶的，不依靠魔力的飞行装置。退休后他身无旁物，只带着时间和资金来到灰烬群岛，在这片隐蔽的热带岛屿中着手制造他的飞行装置。随着时间一年年过去，原型机失败作的残骸越堆越多，他甚至开始怀疑依靠机械飞行是否真的可能。在退休后第十年的第一天，一个阳光明媚、南风微拂的午后。奥雷尔坐在他最后的试验机中，充满愤怒和此次也将失败的预料。拉动点火绳后，在引擎的咕哝声中他护起脑袋，等着和以往一样不可避免的爆炸。然而这次大大出乎他的意料，他开始升空了，经过一阵慌乱的调整和稳定操作。不到一个小时，他就乘着微风，与海鸥结伴同行，飞行的体验让奥雷尔惊讶得近乎窒息。黄昏临近，他设置了返回工作间的路线，但就在这时，他的旋翼机被一发飞来的炮弹击穿了尾翼。从坠毁的残骸中解脱后，他游向眼前最近的岛屿，咒骂着射出那发炮弹的船只要为此付出代价。几天后，奥雷尔回到了工作间，开始制造他的新飞行器，一种能装载许多危险的火箭和导弹的新型旋翼机。","dj":"1|15|25","smz":"492|971|1693","mfz":"299|681|1214","gjl":"41-51|80-90|128-138","hj":"4|10|17","syfw":"1800/800","gjfw":"365","ddsd":"3000","jdtj1":"http://www.dota2.com.cn/images/property/add/gyrocopter.jpg","jdms1":"矮人直升机是一名敏捷型gank英雄，单体爆发非常高的矮人直升机往往被很多玩家轻视。这套加点前期以导弹为主，火箭弹幕为辅。导弹前期的高伤害，配合上火箭弹幕的伤害前期能去的不错的效果。而高射火炮技能在配合上自己有一定装备优势后使用性价比会更高。","jdtj2":null,"jdms2":null,"cmzb":"敏捷便鞋*2|树之祭祀*1|治疗药膏*1|净化药水*1|铁树枝干*1","qqzb":"魔棒*1|速度之靴*1|天鹰之戒*1","hxzb":"魔杖*1|相位鞋*1|先锋盾*1","hqsz":"","ljt":"http://www.dota2.com.cn/images/property/gyrocopter.gif","path":"gyrocopter","zymc":"天辉","zytb":"http://www.dota2.com.cn/images/heropedia/radiant.jpg","yxtp":"http://www.dota2.com.cn/images/others/gyrocopter_big1.jpg","gjlxxj":"1","yxdwxj":"1|1|1","llsjsmz":"19","llsjsmhf":"0.03","mjsjhj":"1","mjsjgjsd":"1","zlsjmfz":"13","zlsjmfhf":"0.04","sjgjl":"1","pjsh":"46","gjsd":"124|135|191","gjms":"1.37","gjsh":"41-51","gjjl":"365|365|365","wlhj":"4","wlshkx":"20%","mfshkx":"25%","minitb":"http://www.dota2.com.cn/images/heroes/gyrocopter_icon.png"},{"id":33,"zwm":"远古冰魄","ywm":"Ancient Apparition","jc":"冰魂","xttx":"http://www.dota2.com.cn/images/heroes/ancient_apparition_full.png","dttx":"http://www.dota2.com.cn/images/heroes/ancient_apparition_vert.jpg","gjlx":"远程","yxlx":"智力","yxdw":"辅助|控制","zltb":"http://www.dota2.com.cn/images/info1301/tit_img01.gif","zljc":"25","zlsj":"2.6","mjtb":"http://www.dota2.com.cn/images/info1301/tit_img02.gif","mjjc":"20","mjsj":"2.2","lltb":"http://www.dota2.com.cn/images/info1301/tit_img03.gif","lljc":"18","llsj":"1.4","gjltb":"http://www.dota2.com.cn/images/info1301/tit_img06.gif","csgjl":"19-29","ydsdtb":"http://www.dota2.com.cn/images/info1301/tit_img05.gif","csydsd":"295","hjtb":"http://www.dota2.com.cn/images/info1301/tit_img04.gif","cshj":"1.8","yxbj":"卡尔德，远古冰魄，是时光之外的冰冷投影。他来自寒冷的无尽虚空，目睹宇宙诞生，见证宇宙终结。卡尔德是夕在，今在，永在的无上力量...我们的所有认知，所有自认为强大的事物，在永恒的卡尔德看来，不过是最细微最无力的附和。世间有这样的传言，随着宇宙的老化并走向衰亡，卡尔德的力量和光芒也将变得更强——远古冰魄将更加年轻，更加强大。他对冰霜的控制能够冻结一切事物，他的投影放出的光芒异常夺目。他将不再是魂魄，而是神！","dj":"1|15|25","smz":"492|864|1510","mfz":"325|798|1396","gjl":"44-54|80-90|126-136","hj":"2|6|12","syfw":"1800/1400","gjfw":"600","ddsd":"1250","jdtj1":"http://www.dota2.com.cn/images/property/add/ancient_apparition.jpg","jdms1":"冰魂曾经一段时间成为cw舞台中的热门英雄，不论团战，gank，对线冰魂都有着很强的实力。冰魂的加点也经历了你较多的版本演变，如今主寒霜之足的加点已经成为游戏中的主流，这套加点冰魂有极强的gank能力，配备一名后手控制英雄，往往能在团战中发挥极大作用。至于寒冰之触的选择则根据场上形势来觉得，爆发伤害不够时，可以优先加这个。","jdtj2":"","jdms2":"","cmzb":"铁树枝干*3|净化药水*3|树之祭祀*2|治疗药膏*1","qqzb":"影之灵龛*1|魔杖*1|速度之靴*1","hxzb":"动力鞋*1|Eul的神圣法杖*1|梅肯斯姆*1|侦查守卫*1","hqsz":"阿哈利姆神杖*1|邪恶镰刀*1|阿托斯之棍*1|原力法杖*1|斯嘉蒂之眼*1|林肯法球*1","ljt":"http://www.dota2.com.cn/images/property/ancient_apparition.gif","path":"ancient_apparition","zymc":"夜魇","zytb":"http://www.dota2.com.cn/images/heropedia/dire.jpg","yxtp":"http://www.dota2.com.cn/images/others/ancient_apparition_big1.jpg","gjlxxj":"1","yxdwxj":"2|1","llsjsmz":"19","llsjsmhf":"0.03","mjsjhj":"1","mjsjgjsd":"1","zlsjmfz":"13","zlsjmfhf":"0.04","sjgjl":"1","pjsh":"49","gjsd":"120|129|173","gjms":"1.42","gjsh":"44-54","gjjl":"600|600|600","wlhj":"1","wlshkx":"9%","mfshkx":"25%","minitb":"http://www.dota2.com.cn/images/heroes/ancient_apparition_icon.png"},{"id":62,"zwm":"露娜","ywm":"Luna","jc":"月骑","xttx":"http://www.dota2.com.cn/images/heroes/luna_full.png","dttx":"http://www.dota2.com.cn/images/heroes/luna_vert.jpg","gjlx":"远程","yxlx":"敏捷","yxdw":"核心|爆发","zltb":"http://www.dota2.com.cn/images/info1301/tit_img01.gif","zljc":"16","zlsj":"1.85","mjtb":"http://www.dota2.com.cn/images/info1301/tit_img02.gif","mjjc":"22","mjsj":"2.8","lltb":"http://www.dota2.com.cn/images/info1301/tit_img03.gif","lljc":"15","llsj":"2.2","gjltb":"http://www.dota2.com.cn/images/info1301/tit_img06.gif","csgjl":"26-32","ydsdtb":"http://www.dota2.com.cn/images/info1301/tit_img05.gif","csydsd":"330","hjtb":"http://www.dota2.com.cn/images/info1301/tit_img04.gif","cshj":"3.52","yxbj":"她曾经是被称为平原之灾的残酷领导者，率领着众多爪牙和野兽，敢于在任何地方肆虐。但不知为何沦落为现在这副样子。远离故土，饥饿至半疯状态流浪了好几个月，她的军队早已成为了尸体，甚至某些更糟的东西。当她站在一片古老森林的边缘时，那古老的树枝之间有一双灼热的眼睛正在暗中监视她。在这落幕的黄昏中，某种美丽但致命的野兽正在寻找一顿美餐。它悄无声息的转身离开了。愤怒占据了她的大脑。她紧紧抓住手中生锈的匕首，冲向那只野兽，只为寻回一丝曾经的荣誉。但这只猎物却无法被抓住。她三次将它逼进岩石和树木的死角，但每次她要扑上去抓住它时，都只能看见一丝褐色残影冲进森林的深处。不过由于满月的月光十分明亮，这头野兽的足迹很容易追踪。当一路追到一座高山开阔的山顶上时，这头体型巨大的野兽就那么坐在那里，专注地等待着她。当她挥起匕首刺过去时，野兽后退了一下，然后咆哮着冲向她。在坚持了这么久之后，在这片陌生的土地上，她似乎感到了自己的死期终于到来了。她平静的站在那里，准备接受结局。但在这一瞬间，野兽夺下了她手中的匕首，然后消失进了树林中。此时万物归于平静，几个戴头巾的身影靠近了她。她们用虔诚的语气告诉她，月之女神赛莉蒙妮选择了她，并指引了她，也测试了她。在不知不觉中，她已经通过了银夜森林的守卫者-暗月骑士的神圣仪式。现在她有两个选择：加入暗月骑士，宣誓侍奉赛莉蒙妮，或者离开此处并永远不再回来。为了给自己赎罪，她抛弃了血腥的过去，毫不犹豫地接受了新身份：月之骑士-露娜·暗月，成为了银夜森林永远忠诚且冷峻的守卫。","dj":"1|15|25","smz":"435|1020|1818","mfz":"208|545|1045","gjl":"44-50|83-89|131-137","hj":"4|9|16","syfw":"1800/800","gjfw":"330","ddsd":"900","jdtj1":"http://www.dota2.com.cn/images/property/add/luna.jpg","jdms1":"月之骑士露娜是一名敏捷型后期英雄，技能的加点没有太多变化。前期主月光是毫无疑问的，因为大招是以当前技能等级的月光打击敌人，所以前期月光必满。一般考虑到控线和补刀的需求，前期可以不升级月刃。特殊情况下可以优先升级，例如碰到恶心的近战英雄可以早点加月刃起到压制作用。","jdtj2":null,"jdms2":null,"cmzb":"树之祭祀*2|治疗药膏*1|敏捷便鞋*1|铁树枝干*3","qqzb":"静谧之鞋*1|魔棒*1|护腕*1","hxzb":"韧鼓*1|魔杖*1|黑皇杖*1","hqsz":"幻影斧*1|蝴蝶*1|强袭胸甲*1|撒旦之邪力*1|代达罗斯之殇*1","ljt":"http://www.dota2.com.cn/images/property/lina.gif","path":"luna","zymc":"天辉","zytb":"http://www.dota2.com.cn/images/heropedia/radiant.jpg","yxtp":"http://www.dota2.com.cn/images/others/luna_big1.jpg","gjlxxj":"1","yxdwxj":"2|2","llsjsmz":"19","llsjsmhf":"0.03","mjsjhj":"1","mjsjgjsd":"1","zlsjmfz":"13","zlsjmfhf":"0.04","sjgjl":"1","pjsh":"51","gjsd":"122|134|178","gjms":"1.39","gjsh":"44-50","gjjl":"330|330|330","wlhj":"4","wlshkx":"15%","mfshkx":"25%","minitb":"http://www.dota2.com.cn/images/heroes/luna_icon.png"},{"id":39,"zwm":"剧毒术士","ywm":"Venomancer","jc":"剧毒","xttx":"http://www.dota2.com.cn/images/heroes/venomancer_full.png","dttx":"http://www.dota2.com.cn/images/heroes/venomancer_vert.jpg","gjlx":"远程","yxlx":"敏捷","yxdw":"辅助|爆发|先手|推进","zltb":"http://www.dota2.com.cn/images/info1301/tit_img01.gif","zljc":"15","zlsj":"1.75","mjtb":"http://www.dota2.com.cn/images/info1301/tit_img02.gif","mjjc":"22","mjsj":"2.6","lltb":"http://www.dota2.com.cn/images/info1301/tit_img03.gif","lljc":"18","llsj":"1.85","gjltb":"http://www.dota2.com.cn/images/info1301/tit_img06.gif","csgjl":"24-26","ydsdtb":"http://www.dota2.com.cn/images/info1301/tit_img05.gif","csydsd":"290","hjtb":"http://www.dota2.com.cn/images/info1301/tit_img04.gif","cshj":"3.08","yxbj":"在基迪岛上的浓酸密林中，在所有生物的体内，包括植物的根茎，动物的内脏中，都流淌着致命的腐蚀剧毒。然而，就算在这种毒巢里，剧毒术士也是公认的万毒之王。多年以前，一个叫做里瑟尔的植物学家乘坐小舟跨越弗拉基海湾，想要从植物的根须中提取出一种强力药剂，结果他却遭遇了噩梦一般的变故。在深入到基迪岛密林中数英里时，里瑟尔遇到了一种伪装成寄生植物的毒性爬虫，当他想把爬虫扯下来的时候，被爬虫狠狠的蛰了。绝望之际，他用他对丛林植物仅有的认知，飞快地掐住这只爬虫后，将它的毒液和一种带甲兰花的花蜜混合，合成了解毒剂。他用兰花的尖刺为自己注射了解毒剂，然后立即陷入昏迷，并且逐渐陷入了全身完全麻木的状态。十七年后，在他倒下的地方，从多年积累的腐土中钻出某个东西：剧毒术士。草药学家里瑟尔已经不复存在，现在他是死亡使者里瑟尔。他的记忆几乎都没有了，他原来的肉体已经毁灭，现在被一种新的物质所替代--融合了那只爬虫的毒液和兰花的毒性外皮。基迪岛的浓酸丛林现在有了新的主人，过去最剧毒的捕食者在他面前都只能逃走或臣服求饶。这个可怕的岛屿毕竟太有限了，里瑟尔受到内心深处残留的人类的饥渴驱使，离开了岛屿，去寻找新的毒物，以及带来新的死亡。","dj":"1|15|25","smz":"492|984|1716","mfz":"195|514|1001","gjl":"46-48|82-84|128-130","hj":"3|8|15","syfw":"1800/800","gjfw":"450","ddsd":"900","jdtj1":"http://www.dota2.com.cn/images/property/add/venomancer.jpg","jdms1":"剧毒在CW中一直是做为酱油角色出现，大招的buff效果和蛇棒的防守能力使剧毒能上cw的重要原因。这套加点在路人局中比较多，适合主gank游走打法的剧毒。","jdtj2":"","jdms2":"","cmzb":"守护指环*1|树之祭祀*1|敏捷便鞋*1|治疗药膏*1|净化药水*1","qqzb":"魔棒*1|速度之靴*1|天鹰之戒*1","hxzb":"魔杖*1|动力鞋*1|阿哈利姆神杖*1","hqsz":"Eul的神圣法杖*1|闪烁匕首*1|影刃*1|蝴蝶*1|紫怨*1|幻影斧*1","ljt":"http://www.dota2.com.cn/images/property/venomancer.gif","path":"venomancer","zymc":"夜魇","zytb":"http://www.dota2.com.cn/images/heropedia/dire.jpg","yxtp":"http://www.dota2.com.cn/images/others/venomancer_big1.jpg","gjlxxj":"1","yxdwxj":"2|1|1|1","llsjsmz":"19","llsjsmhf":"0.03","mjsjhj":"1","mjsjgjsd":"1","zlsjmfz":"13","zlsjmfhf":"0.04","sjgjl":"1","pjsh":"47","gjsd":"122|132|184","gjms":"1.39","gjsh":"46-48","gjjl":"450|450|450","wlhj":"3","wlshkx":"15%","mfshkx":"25%","minitb":"http://www.dota2.com.cn/images/heroes/venomancer_icon.png"}]}