{"hero":{"id":38,"zwm":"巨牙海民","ywm":"Tusk","jc":"海民","xttx":"http://www.dota2.com.cn/images/heroes/tusk_full.png","dttx":"http://www.dota2.com.cn/images/heroes/tusk_vert.jpg","gjlx":"近战","yxlx":"力量","yxdw":"先手-耐久","zltb":"http://www.dota2.com.cn/images/info1301/tit_img01.gif","zljc":"18","zlsj":"1.70","mjtb":"http://www.dota2.com.cn/images/info1301/tit_img02.gif","mjjc":"23","mjsj":"2.10","lltb":"http://www.dota2.com.cn/images/info1301/tit_img03.gif","lljc":"22","llsj":"2.30","gjltb":"http://www.dota2.com.cn/images/info1301/tit_img06.gif","csgjl":"27-31","ydsdtb":"http://www.dota2.com.cn/images/info1301/tit_img05.gif","csydsd":"305","hjtb":"http://www.dota2.com.cn/images/info1301/tit_img04.gif","cshj":"3.22","yxbj":"那是场值得铭记的干架。当时号称“冰盾之惧”的巨牙海民尤弥尔，也叫钴蓝冰原的雪球大汉，他是唯一光明正大地打败刚背格斗家的战士，现在他在狼穴酒馆屹立不倒。原本是一场关于谁力气最大的酒吧小赌，结果那四名修士，一名铁匠还有六名来自霜寒军旅的一流士兵都被巨牙海民打得落花流水，酒馆里的桌椅瓶罐几乎都没有幸免。而他自鸣得意，端起酒杯一饮而尽。倒地的输家刚头脑有点清醒，他们又开始叫嚣着再来赌一把。巨牙海民心想着何乐而不为，但是其他人回想刚才他赢的那场，实在想不出还能打什么赌。这时酒馆老板已经被店里毁坏的物品吓得面无人色，极力想避免让他们再打一架，他有了个主意。尤弥尔尽管身怀绝技，但是他从未在真正的战斗中大显身手，没有在你死我活的战争混沌中证明自己。老板跟战士打了个赌：尽力寻找规模最大的战斗，不论所在阵营，获胜凯旋。赌注是？下一轮的酒钱。","dj":"1/15/25","smz":"568/1180/1997","mfz":"234/543/1024","gjl":"49-53/81-85/124-128","hj":"3/7/13","syfw":"1800/800","gjfw":"128","ddsd":"N/A","jdtj1":"http://www.dota2.com.cn/images/property/add/tusk.jpg","jdms1":"这是目前比较主流的Dota2巨牙海民加点，前期主两个伤害技能力求输出最大化。主寒冰碎片前期的性价比更高。雪球固定24秒的冷却时间实在略显尴尬。海民加点较为随意，唯一值得注意的就是滚的时间和机会。切忌不要坑了队友。大招关键时刻可以起到留人减速的效果。","jdtj2":null,"jdms2":null,"cmzb":"治疗药膏*1|树之祭祀*1|力量手套*2|铁树枝干*2","qqzb":"魔棒*1|速度之靴*1|护腕*1","hxzb":"魔杖*1|相位鞋*1|影刃*1","hqsz":"恐鳌之心*1|强袭胸甲*1|黑皇杖*1|深渊之刃*1","ljt":"http://www.dota2.com.cn/images/property/tusk.gif","path":"tusk","zymc":"天辉","zytb":"http://www.dota2.com.cn/images/heropedia/radiant.jpg","yxtp":"http://www.dota2.com.cn/images/others/tusk_big1.jpg","gjlxxj":"1","yxdwxj":"1-1","llsjsmz":"19","llsjsmhf":"0.03","mjsjhj":"1","mjsjgjsd":"1","zlsjmfz":"13","zlsjmfhf":"0.04","sjgjl":"1","pjsh":"52","gjsd":"123/131/173","gjms":"1.38","gjsh":"50-54","gjjl":"128/128/128","wlhj":"3","wlshkx":"16%","mfshkx":"25%","minitb":"http://www.dota2.com.cn/images/heroes/tusk_icon.png"},"skillList":[{"id":166,"zwm":"巨牙海民","jnmc":"寒冰碎片","jntb":"http://www.dota2.com.cn/images/heroes/abilities/tusk_ice_shards_hp1.png","jnms":"巨牙海民将数块寒冰碎片压缩成蕴含冰冻能量的冰球，对所有接触到冰球的敌人造成伤害。如果冰球到达目标地点时，则产生一个障碍物，持续7秒。","mftb":"http://www.dota2.com.cn/style/../images/info1301/ico1.gif","mfxh":"100/105/110/115","lqtb":"http://www.dota2.com.cn/style/../images/info1301/ico2.gif","lqsj":"19/16/13/10","jnxg":"<span class=\"color_white\">技能：</span>点目标|<span class=\"color_white\">作用范围：</span>200|<span class=\"color_white\">影响：</span>敌方单位|<span class=\"color_white\">碎片伤害：</span>70/140/210/280|<span class=\"color_white\">伤害类型：</span>魔法|<span class=\"color_white\">碎片持续时间：</span>7|<span class=\"color_white\">无视技能免疫：</span>否|<span class=\"color_white\">施法距离：</span>1800","jnsp":"http://dota2.dl.wanmei.com/dota2/video/abilities/tusk_1.mp4","spms":"在冰盾附近的冻原上，秋天最后一个日落后，结冰的速度非常惊人。","djjd":"2,3,5,7","ewms":"将创造不可通行的障碍。"},{"id":167,"zwm":"巨牙海民","jnmc":"雪球","jntb":"http://www.dota2.com.cn/images/heroes/abilities/tusk_snowball_hp1.png","jnms":"巨牙海民开始卷成雪球。右键点击400范围内的友方英雄能使其加入雪球。发动雪球后，雪球经过的单位将会被眩晕并受到伤害。雪球每卷入一个英雄，它的伤害都会得到提升。","mftb":"http://www.dota2.com.cn/style/../images/info1301/ico1.gif","mfxh":"75/75/75/75","lqtb":"http://www.dota2.com.cn/style/../images/info1301/ico2.gif","lqsj":"21/20/19/18","jnxg":"<span class=\"color_white\">技能：</span>单位目标|<span class=\"color_white\">基础伤害：</span>80/120/160/200|<span class=\"color_white\">影响：</span>敌方单位|<span class=\"color_white\">每个英雄提升伤害：</span>20/30/40/50|<span class=\"color_white\">伤害类型：</span>魔法|<span class=\"color_white\">每个英雄提升速度：</span>100|<span class=\"color_white\">无技能免疫：</span>否|<span class=\"color_white\">眩晕持续时间：</span>0.5/0.75/1/1.25|<span class=\"color_white\">卷入时间：</span>100|<span class=\"color_white\">发动时间：</span>3","jnsp":"http://dota2.dl.wanmei.com/dota2/video/abilities/tusk_2.mp4","spms":"至今还有故事在讲述白色荒原上终结那场空前格斗的狂野之举。","djjd":"1,4,8,9","ewms":"雪球可以摧毁树木。<br>雪球的行进速度为675。<br>幻象不会进入雪球，但是米波的克隆体以及巨牙海民控制的其他单位将一同进入雪球。<br>米波的分身也能卷入雪球，并提升雪球的伤害和速度。<br>队友可以点击雪球，使自己进入雪球。"},{"id":168,"zwm":"巨牙海民","jnmc":"冰封魔印","jntb":"http://www.dota2.com.cn/images/heroes/abilities/tusk_frozen_sigil_hp1.png","jnms":"巨牙海民从严冬极寒中召唤出一个冰冻印迹。印迹会创造暴风雪降低600范围内敌军速度。","mftb":"http://www.dota2.com.cn/style/../images/info1301/ico1.gif","mfxh":"75/75/75/75","lqtb":"http://www.dota2.com.cn/style/../images/info1301/ico2.gif","lqsj":"50","jnxg":"<span class=\"color_white\">技能：</span>无目标|<span class=\"color_white\">作用范围：</span>600|<span class=\"color_white\">无视技能免疫：</span><span class=\"color_white\">否</span>|<span class=\"color_white\">持续时间：</span>30|<span class=\"color_white\">移动速度减缓：</span>10%/15%/20%/25%|<span class=\"color_white\">攻击速度降低：</span>30/40/50/60","jnsp":"http://dota2.dl.wanmei.com/dota2/video/abilities/tusk_3.mp4","spms":"故乡的寒意！","djjd":"10,12,13,14","ewms":"如果没有下达其他指令，魔印将跟随巨牙海民。<br>魔印的飞行速度为310，白昼/夜间视野为400/400，每级拥有3/3/4/4点生命，击杀赏金为90/100/110/120。<br>对技能免疫单位完全有效。<br>英雄每次攻击后魔印将损失1点生命值，非英雄单位攻击后每次损失0.25点生命值。"},{"id":491,"zwm":"巨牙海民","jnmc":"雪球滚滚","jntb":"http://www.dota2.com.cn/images/heroes/abilities/tusk_launch_snowball_hp1.png","jnms":"向目标发动雪球。","mftb":"http://www.dota2.com.cn/style/../images/info1301/ico1.gif","mfxh":"0","lqtb":"http://www.dota2.com.cn/style/../images/info1301/ico2.gif","lqsj":"0","jnxg":"<span class=\"color_white\">技能：</span>无目标","jnsp":"","spms":"向着白色荒原进发！","djjd":"-","ewms":"雪球将摧毁行进路径上的树木。<br>雪球的行进速度为巨牙海民移动速度的175%。<br>幻象不会进入雪球，但是米波的克隆体以及巨牙海民控制的其他单位将一同进入雪球。<br>米波的分身也能卷入雪球，并提升雪球的伤害和速度。"},{"id":502,"zwm":"巨牙海民","jnmc":"海象飞踢","jntb":"http://www.dota2.com.cn/images/heroes/abilities/tusk_walrus_kick_hp1.png","jnms":"将目标踢回900距离，并且减缓40%移动速度，持续4秒。","mftb":"http://www.dota2.com.cn/style/../images/info1301/ico2.gif","mfxh":"100","lqtb":"http://www.dota2.com.cn/style/../images/info1301/ico2.gif","lqsj":"12","jnxg":"<span class=\"color_white\">技能：</span>单位目标|<span class=\"color_white\">飞踢距离：</span>900|<span class=\"color_white\">影响：</span>敌方单位|<span class=\"color_white\">移动速度减缓：</span>40%|<span class=\"color_green\">无视技能免疫：</span>是|<span class=\"color_white\">减速持续时间：</span>4|<span class=\"color_white\">伤害：</span>200","jnsp":"","spms":"","djjd":"","ewms":""},{"id":503,"zwm":"巨牙海民","jnmc":"海象神拳！","jntb":"http://www.dota2.com.cn/images/heroes/abilities/tusk_walrus_punch_hp1.png","jnms":"巨牙海民为他强力的海象神拳做好准备，下一次攻击将会暴击并将目标打到半空中。目标在落地后会被减速。","mftb":"http://www.dota2.com.cn/style/../images/info1301/ico1.gif","mfxh":"50/75/100","lqtb":"http://www.dota2.com.cn/style/../images/info1301/ico2.gif","lqsj":"20/16/12","jnxg":"<span class=\"color_white\">技能：</span>自动施放,单位目标|<span class=\"color_white\">暴击倍数：</span>350%|<span class=\"color_white\">影响：</span>敌方单位|<span class=\"color_white\">滞空时间：</span>1|<span class=\"color_white\">无视技能免疫：</span><span class=\"color_green\">是</span>|<span class=\"color_white\">减速持续时间：</span>2/3/4|<span class=\"color_white\">移动速度减缓：</span>40%","jnsp":"http://dota2.dl.wanmei.com/dota2/video/abilities/tusk_4.mp4","spms":"谁打出第一拳往往不重要，看的就是最后一拳。","djjd":"6,11,16","ewms":"海象神拳不会落空。<br>本技能的所有效果无视技能免疫。"}],"qqzbList":[{"goods":{"id":36,"bigtype":"基础物品","type":"奥术","wpmc":"魔棒","wppz":"1","wptp":"http://www.dota2.com.cn/images/items/magic_stick_lg.png","jgtb":"http://www.dota2.com.cn/images/info1301/tit_img07.gif","jg":"200","wpjs":"一个简易但实用的魔杖，能够补充使用者的能量--巫师学徒和高级术士都喜欢。","wpzyms":"","wpsyff":"主动：充能 - 每当周围有敌人施放技能都会自动充能（最多10点能量）。当使用时，每点能量为你回复生命值和魔法值。","wpxg":"每点能量回复：<span class=\"color_yellow\">15</span>","lqsjtb":"http://www.dota2.com.cn/images/info1301/ico2.gif","lqsj":"13","mfxhtb":"","mfxh":"","qzwptb":"","wpzyms2":"1200码视野范围内敌人使用技能就会获得点数。<br>部分英雄技能和物品技能的施放将不会增加点数。","item_en":"magic_stick"},"count":1},{"goods":{"id":39,"bigtype":"基础物品","type":"奥术","wpmc":"速度之靴","wppz":"1","wptp":"http://www.dota2.com.cn/images/items/boots_lg.png","jgtb":"http://www.dota2.com.cn/images/info1301/tit_img07.gif","jg":"450","wpjs":"穿双鞋子，跑的更快。","wpzyms":"移动速度提升效果不与其他鞋子叠加。","wpsyff":"","wpxg":"+ <span class=\"color_yellow\">50</span> 移动速度","lqsjtb":"","lqsj":"","mfxhtb":"","mfxh":"","qzwptb":"","wpzyms2":"","item_en":"boots"},"count":1},{"goods":{"id":51,"bigtype":"升级物品","type":"普通","wpmc":"护腕","wppz":"2","wptp":"http://www.dota2.com.cn/images/items/bracer_lg.png","jgtb":"http://www.dota2.com.cn/images/info1301/tit_img07.gif","jg":"525","wpjs":"护腕是一种常见的增强防御和延长寿命的选择。","wpzyms":"","wpsyff":"","wpxg":"+ <span class=\"color_yellow\">6</span> 力量<br/>+ <span class=\"color_yellow\">3</span> 敏捷<br/>+ <span class=\"color_yellow\">3</span> 智力<br/>+ <span class=\"color_yellow\">3</span> 攻击力","lqsjtb":"","lqsj":"","mfxhtb":"","mfxh":"","qzwptb":"","wpzyms2":"","item_en":"bracer"},"count":1}],"cmzbList":[{"goods":{"id":3,"bigtype":"基础物品","type":"消耗品","wpmc":"治疗药膏","wppz":"3","wptp":"http://www.dota2.com.cn/images/items/flask_lg.png","jgtb":"http://www.dota2.com.cn/images/info1301/tit_img07.gif","jg":"115","wpjs":"即使最严重的伤口也能快速治愈的魔法药膏。","wpzyms":"","wpsyff":"使用：恢复 - 持续恢复生命值，受到攻击会驱散效果。","wpxg":"持续时间：<span class=\"color_yellow\">10</span><br/>生命回复量：<span class=\"color_yellow\">400</span>","lqsjtb":"","lqsj":"","mfxhtb":"","mfxh":"","qzwptb":"","wpzyms2":"治疗药膏可以共享。","item_en":"flask"},"count":1},{"goods":{"id":2,"bigtype":"基础物品","type":"消耗品","wpmc":"树之祭祀","wppz":"3","wptp":"http://www.dota2.com.cn/images/items/tango_lg.png","jgtb":"http://www.dota2.com.cn/images/info1301/tit_img07.gif","jg":"125","wpjs":"战场上的救命稻草。","wpzyms":"","wpsyff":"使用：吃树-吃掉一棵树来恢复生命值。可以使用4次。","wpxg":"持续时间：<span class=\"color_yellow\">16</span><br/>生命恢复量：<span class=\"color_yellow\">115</span>","lqsjtb":"","lqsj":"","mfxhtb":"","mfxh":"","qzwptb":"","wpzyms2":"","item_en":"tango"},"count":1},{"goods":{"id":13,"bigtype":"基础物品","type":"属性","wpmc":"力量手套","wppz":"1","wptp":"http://www.dota2.com.cn/images/items/gauntlets_lg.png","jgtb":"http://www.dota2.com.cn/images/info1301/tit_img07.gif","jg":"150","wpjs":"带来野兽般力量的钉饰皮革手套。","wpzyms":"","wpsyff":"","wpxg":"+ <span class=\"color_yellow\">3</span> 力量","lqsjtb":"","lqsj":"","mfxhtb":"","mfxh":"","qzwptb":"","wpzyms2":"","item_en":"gauntlets"},"count":2},{"goods":{"id":12,"bigtype":"基础物品","type":"属性","wpmc":"铁树枝干","wppz":"1","wptp":"http://www.dota2.com.cn/images/items/branches_lg.png","jgtb":"http://www.dota2.com.cn/images/info1301/tit_img07.gif","jg":"50","wpjs":"一根看起来很普通的树枝，它如铁般坚硬的品质赋予持有者好运。","wpzyms":"","wpsyff":"","wpxg":"+ <span class=\"color_yellow\">1</span> 所有属性","lqsjtb":"","lqsj":"","mfxhtb":"","mfxh":"","qzwptb":"","wpzyms2":"","item_en":"branches"},"count":2}],"adapt_type_list":[{"id":91,"zwm":"小小","ywm":"Tiny","jc":"山岭","xttx":"http://www.dota2.com.cn/images/heroes/tiny_full.png","dttx":"http://www.dota2.com.cn/images/heroes/tiny_vert.jpg","gjlx":"近战","yxlx":"力量","yxdw":"控制|爆发|先手|耐久","zltb":"http://www.dota2.com.cn/images/info1301/tit_img01.gif","zljc":"17","zlsj":"1.60","mjtb":"http://www.dota2.com.cn/images/info1301/tit_img02.gif","mjjc":"9","mjsj":"0.90","lltb":"http://www.dota2.com.cn/images/info1301/tit_img03.gif","lljc":"26","llsj":"3.00","gjltb":"http://www.dota2.com.cn/images/info1301/tit_img06.gif","csgjl":"37-43","ydsdtb":"http://www.dota2.com.cn/images/info1301/tit_img05.gif","csydsd":"285","hjtb":"http://www.dota2.com.cn/images/info1301/tit_img04.gif","cshj":"0.26","yxbj":"以一团石头的形式出现的生命体，小小不断思索他的起源，但这始终是个谜。现在的他是个石巨人，但过去是什么呢？从土傀儡的脚后跟掉落的碎片？从制造石像鬼的工房被打扫出来的碎屑？神圣预言石的表层之砂？受到强烈的好奇心驱使，他不知疲倦的环游世界，寻找着他的起源，他的出身，和他的种族。在旅途中，他变得越来越庞大，不过路上的风雨吹打掉了他身上的石头，所以他不停的吸收新的岩石，永远在长大。","dj":"1|15|25","smz":"644|1442|2392","mfz":"221|512|980","gjl":"63-69|105-111|155-161","hj":"0|2|6","syfw":"1800/800","gjfw":"128","ddsd":"N/A","jdtj1":"http://www.dota2.com.cn/images/property/add/tiny.jpg","jdms1":"鉴于lv1-3的V每级伤害提升80，一旦打出两次V的伤害，就相当于每级伤害提升了160。单级伤害提升如此之大，全dota无人能出其右。所以5级时要保证lv3的V。","jdtj2":null,"jdms2":null,"cmzb":"净化药水*1|树之祭祀*2|铁树枝干*3|圆环*1","qqzb":"魔棒*1|速度之靴*1|护腕*1|魔瓶*1","hxzb":"魔杖*1|奥术鞋*1|闪烁匕首*1","hqsz":"阿哈利姆神杖*1|强袭胸甲*1|韧鼓*1|恐鳌之心*1|邪恶镰刀*1|希瓦的守护*1","ljt":"http://www.dota2.com.cn/images/property/tiny.gif","path":"tiny","zymc":"天辉","zytb":"http://www.dota2.com.cn/images/heropedia/radiant.jpg","yxtp":"http://www.dota2.com.cn/images/others/tiny_big1.jpg","gjlxxj":"1","yxdwxj":"2|2|1|1","llsjsmz":"19","llsjsmhf":"0.03","mjsjhj":"1","mjsjgjsd":"1","zlsjmfz":"13","zlsjmfhf":"0.04","sjgjl":"1","pjsh":"64","gjsd":"109|113|131","gjms":"1.56","gjsh":"61-67","gjjl":"128|128|128","wlhj":"0.26","wlshkx":"1%","mfshkx":"25%","minitb":"http://www.dota2.com.cn/images/heroes/tiny_icon.png"},{"id":1,"zwm":"斧王","ywm":"Axe","jc":"蒙哥可汗、Mogul Khan、Axe","xttx":"http://www.dota2.com.cn/images/heroes/axe_full.png","dttx":"http://www.dota2.com.cn/images/heroes/axe_vert.jpg","gjlx":"近战","yxlx":"力量","yxdw":"耐久|先手|控制|打野","zltb":"http://www.dota2.com.cn/images/info1301/tit_img01.gif","zljc":"18","zlsj":"1.60","mjtb":"http://www.dota2.com.cn/images/info1301/tit_img02.gif","mjjc":"20","mjsj":"2.20","lltb":"http://www.dota2.com.cn/images/info1301/tit_img03.gif","lljc":"25","llsj":"2.50","gjltb":"http://www.dota2.com.cn/images/info1301/tit_img06.gif","csgjl":"24-28","ydsdtb":"http://www.dota2.com.cn/images/info1301/tit_img05.gif","csydsd":"290","hjtb":"http://www.dota2.com.cn/images/info1301/tit_img04.gif","cshj":"1.8","yxbj":"作为红雾军团的一名步兵，蒙哥可汗的目标是成为红雾军团的将军。在一场又一场的战斗中，他用血腥的战果证明了自己的价值。他毫不犹豫杀死上级的行为帮助了他的晋升。在七年的千湖之境战役中，他用光荣的杀戮给自己带来了荣誉，他的声望比从前更耀眼了，但他身边的战友也在一个个的减少。在最终战胜的夜晚，蒙哥可汗宣布他为红雾军团的新将军，并冠以自身“斧王”的头衔。但他的军队却只有他一人，虽然许多人是战死的，但更多人则是死在斧王的刃下。不用说，现在大多数战士都在回避他作为领导者。但这对斧王来说不算什么，因为他的军队只需要他一个人就够了。","dj":"1|15|25","smz":"625|1290|2145","mfz":"234|525|993","gjl":"49-53|84-88|129-133","hj":"2|6|12","syfw":"1800/800","gjfw":"128","ddsd":"N/A","jdtj1":"http://www.dota2.com.cn/images/property/add/axe.jpg","jdms1":"斧王如今主流的加点一共有两种，主反击螺旋或者主战斗饥渴（也就是点灯）。这种加点比较复古，主反击螺旋，可以混野也可以打线上，近战和斧王对线实在不是一件轻松的事。","jdtj2":null,"jdms2":null,"cmzb":"树之祭祀*1|圆盾*1|守护指环*1|铁树枝干*1","qqzb":"静谧之鞋*1|魔棒*1","hxzb":"闪烁匕首*1|先锋盾*1|魔杖*1|回城卷轴*1","hqsz":"刃甲*1|恐鳌之心*1|洞察烟斗*1|希瓦的守护*1|阿哈利姆神杖*1|远行鞋*1|强袭胸甲*1|天堂之戟*1|赤红甲*1|清莲宝珠*1","ljt":"http://www.dota2.com.cn/images/property/axe.gif","path":"axe","zymc":"夜魇","zytb":"http://www.dota2.com.cn/images/heropedia/dire.jpg","yxtp":"http://www.dota2.com.cn/images/others/axe_big1.jpg","gjlxxj":"5","yxdwxj":"3|2|1|1","llsjsmz":"19","llsjsmhf":"0.03","mjsjhj":"1","mjsjgjsd":"1","zlsjmfz":"13","zlsjmfhf":"0.04","sjgjl":"1","pjsh":"51","gjsd":"120|151|193","gjms":"1.42","gjsh":"49-53","gjjl":"128|128|128","wlhj":"1","wlshkx":"9%","mfshkx":"25%","minitb":"http://www.dota2.com.cn/images/heroes/axe_icon.png"},{"id":31,"zwm":"混沌骑士","ywm":"Chaos Knight","jc":"混沌","xttx":"http://www.dota2.com.cn/images/heroes/chaos_knight_full.png","dttx":"http://www.dota2.com.cn/images/heroes/chaos_knight_vert.jpg","gjlx":"近战","yxlx":"力量","yxdw":"核心|控制|耐久|推进","zltb":"http://www.dota2.com.cn/images/info1301/tit_img01.gif","zljc":"16","zlsj":"1.20","mjtb":"http://www.dota2.com.cn/images/info1301/tit_img02.gif","mjjc":"14","mjsj":"2.10","lltb":"http://www.dota2.com.cn/images/info1301/tit_img03.gif","lljc":"20","llsj":"2.90","gjltb":"http://www.dota2.com.cn/images/info1301/tit_img06.gif","csgjl":"29-59","ydsdtb":"http://www.dota2.com.cn/images/info1301/tit_img05.gif","csydsd":"325","hjtb":"http://www.dota2.com.cn/images/info1301/tit_img04.gif","cshj":"3.96","yxbj":"作为一名被上千个世界中无数战斗洗礼过的战斗大师，混沌骑士来自一个遥远的上层位面，在那里，宇宙的基本法则都能被直接感知到。在所有的法则中，混沌是最古老且最不知疲倦的——永无休止的搜寻着被他称为“光”的存在。很久以前,“光”违抗初始之契约离开了起源的世界，在其他世界开始了他的旅途。现在混沌骑士在一个个位面之间穿梭，无论到哪里，他永远都在搜寻然后抹杀“光”的存在 ，将其无数次的抹杀，然后进入下一个位面继续他的搜索。带着自己的铁甲战马“天劫”，带着疯狂的暴怒冲进战场，从宇宙的混乱中吸取力量。他就是混沌在物理位面的化身，并在有需要的时候他会召唤其他位面的自己，这群黑暗骑兵的齐冲如同自然之力一般无法阻挡。只有当一个世界中所有“光”的存在都被彻底消灭，他的搜寻才会结束。混沌骑士的铁蹄所到之处，死亡随之同行。","dj":"1|15|25","smz":"530|1301|2232","mfz":"208|426|842","gjl":"49-79|90-120|139-169","hj":"4|8|14","syfw":"1800/800","gjfw":"128","ddsd":"N/A","jdtj1":"http://www.dota2.com.cn/images/property/add/chaos_knight.jpg","jdms1":"这是混沌骑士最主流的加点，混沌是一名较为缺魔的英雄，所以前期除了特定的情况下，一般不会升级大招。前期一定的RP对于混沌骑士也非常重要。新改动中为混乱之箭添加了一个速度为1000的施法弹道速度，混乱之箭也不再是不可躲避的技能了。","jdtj2":null,"jdms2":null,"cmzb":"树之祭祀*1|治疗药膏*1|力量手套*1|铁树枝干*3","qqzb":"速度之靴*1|魔棒*1|护腕*1","hxzb":"动力鞋*1|魔杖*1|莫尔迪基安的臂章*1|韧鼓*1","hqsz":"辉耀*1|恐鳌之心*1|黑皇杖*1|天堂之戟*1","ljt":"http://www.dota2.com.cn/images/property/chaos_knight.gif","path":"chaos_knight","zymc":"夜魇","zytb":"http://www.dota2.com.cn/images/heropedia/dire.jpg","yxtp":"http://www.dota2.com.cn/images/others/chaos_knight_big1.jpg","gjlxxj":"1","yxdwxj":"2|2|1|1","llsjsmz":"19","llsjsmhf":"0.03","mjsjhj":"1","mjsjgjsd":"1","zlsjmfz":"13","zlsjmfhf":"0.04","sjgjl":"1","pjsh":"64","gjsd":"114|122|164","gjms":"1.49","gjsh":"49-79","gjjl":"128|128|128","wlhj":"3","wlshkx":"19%","mfshkx":"25%","minitb":"http://www.dota2.com.cn/images/heroes/chaos_knight_icon.png"}],"videoList":[{"id":71,"spdz":"http://dota2.dl.wanmei.com/dota2/patch/tusk_basic.flv","zwm":"巨牙海民","splx":"新手教学","createtime":null,"img":"http://www.dota2.com.cn/apps/dota2/images/video/raider/tusk_basic.jpg","bfsc":"2:40","gxsj":"2013-10-30","spbb":"6.79","spdzm":"http://dota2.dl.wanmei.com/dota2/video/tusk_basic.mp4"}],"recommendList":[{"id":66,"gldz":"http://www.dota2.com.cn/raiders/step/20131102/152835.shtml","tm":"团灭发动机——dota2巨牙海民攻略","sj":"2013-11-2","zwm":"巨牙海民","tp":"http://dota2.wanmei.com/resources/jpg/140212/10251392190062858.jpg","js":"海民一直是坑爹玩家的代名词，带领队友冲入敌人阵地，被对方半人猛犸一个完美的大，然后就是团灭。"},{"id":67,"gldz":"http://www.dota2.com.cn/raiders/newer/20131028/152458.shtml","tm":"DOTA2巨牙海民攻略基友开黑的首选英雄","sj":"2013-10-28","zwm":"巨牙海民","tp":"http://dota2.wanmei.com/resources/jpg/140212/10251392190184811.jpg","js":"巨牙海民这个英雄还是一个比较年轻的英雄，他在DOTA中出现的时候DOTA2已经在开发了。"}],"adapt_bkz_list":[{"id":88,"zwm":"巫妖","ywm":"Lich","jc":"LICH","xttx":"http://www.dota2.com.cn/images/heroes/lich_full.png","dttx":"http://www.dota2.com.cn/images/heroes/lich_vert.jpg","gjlx":"远程","yxlx":"智力","yxdw":"辅助|对线辅助|爆发","zltb":"http://www.dota2.com.cn/images/info1301/tit_img01.gif","zljc":"18","zlsj":"3.25","mjtb":"http://www.dota2.com.cn/images/info1301/tit_img02.gif","mjjc":"15","mjsj":"2","lltb":"http://www.dota2.com.cn/images/info1301/tit_img03.gif","lljc":"18","llsj":"1.55","gjltb":"http://www.dota2.com.cn/images/info1301/tit_img06.gif","csgjl":"24-33","ydsdtb":"http://www.dota2.com.cn/images/info1301/tit_img05.gif","csydsd":"315","hjtb":"http://www.dota2.com.cn/images/info1301/tit_img04.gif","cshj":"1.1","yxbj":"巫妖生前是一位叫艾斯瑞安的冰霜法师，他曾经威胁要带来毁灭性的冰霜，企图征服整个王国。终于，那些平民在几个绝望的魔法师的帮助下，终于鼓起了勇气去暗算他。他们用一些具有足够魔力的绳索把他永远束缚住了，被绑上了厚重的石头后，这个冰霜巫师被扔进了一个据说深不见底的湖泊。但其实不然。他只下沉了一年左右，绳索挂在了一个石头上。在那里他平静地死去，虽然死了但并没有腐烂，直到风水师安希尔前来核查被认为是无底湖的黑暗之湖的传说。安希尔放下的铅垂线与绑住被淹死的巫师的绳索缠在了一起，于是他拉上了意外的收获。他认为将死者转变为不死族后，便可以向巫妖询问这个湖的情况，他移除了捆绑巫妖的绳索并进行了简单的转生仪式。由于艾斯瑞安的故事已经被时间所抹去，就算是当年杀死他的人的后代也不再记得，所以当时没有人能对安希尔的鲁莽行为做出警告。不过紧接着，安希尔就尝到了苦果，巫妖一摆脱绳索的束缚，就将他吞噬。","dj":"1|15|25","smz":"492|904|1579","mfz":"234|826|1508","gjl":"42-51|88-97|140-149","hj":"1|5|11","syfw":"1800/800","gjfw":"550","ddsd":"900","jdtj1":"http://www.dota2.com.cn/images/property/add/lich.jpg","jdms1":"这是路人战娱乐的常用加点方法，现在巫妖多数会一级加吃兵，这样一波兵从出来到走上前线，巫妖有机会可以吃两个，对敌方英雄的经验压制非常明显。正规比赛中巫妖往往会在前三级就点出一级冰甲来增加护甲，克制对面近战单位并且保护己方的后期英雄。","jdtj2":"","jdms2":"","cmzb":"树之祭祀*1|治疗药膏*2|力量手套*1|动物信使*1","qqzb":"魔棒*1|速度之靴*1|护腕*1","hxzb":"魔杖*1|静谧之鞋*1|梅肯斯姆*1|侦查守卫*1","hqsz":"远行鞋*1|邪恶镰刀*1|希瓦的守护*1|阿哈利姆神杖*1|飞行信使*1","ljt":"http://www.dota2.com.cn/images/property/lich.gif","path":"lich","zymc":"夜魇","zytb":"http://www.dota2.com.cn/images/heropedia/dire.jpg","yxtp":"http://www.dota2.com.cn/images/others/lich_big1.jpg","gjlxxj":"1","yxdwxj":"3|3|2","llsjsmz":"19","llsjsmhf":"0.03","mjsjhj":"1","mjsjgjsd":"1","zlsjmfz":"13","zlsjmfhf":"0.04","sjgjl":"1","pjsh":"46","gjsd":"115|123|163","gjms":"1.48","gjsh":"42-51","gjjl":"550|550|550","wlhj":"1","wlshkx":"6%","mfshkx":"25%","minitb":"http://www.dota2.com.cn/images/heroes/lich_icon.png"},{"id":26,"zwm":"半人马战行者","ywm":"Centaur Warrunner","jc":"人马","xttx":"http://www.dota2.com.cn/images/heroes/centaur_full.png","dttx":"http://www.dota2.com.cn/images/heroes/centaur_vert.jpg","gjlx":"近战","yxlx":"力量","yxdw":"耐久|控制|先手","zltb":"http://www.dota2.com.cn/images/info1301/tit_img01.gif","zljc":"15","zlsj":"1.6","mjtb":"http://www.dota2.com.cn/images/info1301/tit_img02.gif","mjjc":"15","mjsj":"1.6","lltb":"http://www.dota2.com.cn/images/info1301/tit_img03.gif","lljc":"23","llsj":"3.8","gjltb":"http://www.dota2.com.cn/images/info1301/tit_img06.gif","csgjl":"32-34","ydsdtb":"http://www.dota2.com.cn/images/info1301/tit_img05.gif","csydsd":"300","hjtb":"http://www.dota2.com.cn/images/info1301/tit_img04.gif","cshj":"3.1","yxbj":"相传半人马所到之处，尸横遍野。对于名为战行者的半人马，这场面的确相当壮观。外界谣传，这杜鲁德大草原的四足部落里都是头脑简单，性格残暴的生物。他们虽有语言，但无文字；他们的文化没有图画记录，成型音乐，或是正式宗教。半人马认为，战斗是思想的完美阐释，自身实力的最高体现。如果杀戮是半人马部落中的艺术，那么战行者布拉德瓦登就是其中最伟大的艺术家。他获得主宰部落的地位是在古老的欧梅克斯竞技场，半人马部族千年以来聚集于此，行使他们格斗的权利。随着他声名远扬，不少观众都是不远千里前来目睹这名半人马的雄伟风姿。他总是第一个踏入竞技场，最后一个离开，在血肉横飞、刀光剑影中谱写着战斗的巨著。这是鲜血与钢铁织就的诗篇，飘扬在杀戮场上扬起的尘埃中。","dj":"1|15|25","smz":"587|1598|2700","mfz":"195|486|954","gjl":"55-57|108-110|166-168","hj":"3|7|13","syfw":"1800/800","gjfw":"128","ddsd":"N/A","jdtj1":"http://www.dota2.com.cn/images/property/add/centaur_warrunner.jpg","jdms1":"这是最主流的一种人马加点，前期2,1对点现在双刃剑被改成了aoe效果，人马的团战能力和farm效率提升了不止一个档次。大招从刚毅不屈改成了奔袭冲撞，更是直接将人马推上了神坛。如今的人马在小范围gank亦或是团战先手都能够发挥极其出色的作用。","jdtj2":"","jdms2":"","cmzb":"树之祭祀*1|治疗药膏*1|铁树枝干*3|圆盾*1","qqzb":"魔棒*1|速度之靴*1|护腕*1","hxzb":"魔杖*1|静谧之鞋*1|闪烁匕首*1","hqsz":"辉耀*1|恐鳌之心*1|刃甲*1|天堂之戟*1","ljt":"http://www.dota2.com.cn/images/property/centaur_warrunner.gif","path":"centaur_warrunner","zymc":"天辉","zytb":"http://www.dota2.com.cn/images/heropedia/radiant.jpg","yxtp":"http://www.dota2.com.cn/images/others/centaur_big1.jpg","gjlxxj":"1","yxdwxj":"3|2|1","llsjsmz":"19","llsjsmhf":"0.03","mjsjhj":"1","mjsjgjsd":"1","zlsjmfz":"13","zlsjmfhf":"0.04","sjgjl":"1","pjsh":"56","gjsd":"115|123|163","gjms":"1.48","gjsh":"55-57","gjjl":"128|128|128","wlhj":"3","wlshkx":"15%","mfshkx":"25%","minitb":"http://www.dota2.com.cn/images/heroes/centaur_icon.png"},{"id":60,"zwm":"上古巨神","ywm":"Elder Titan","jc":"大牛","xttx":"http://www.dota2.com.cn/images/heroes/elder_titan_full.png","dttx":"http://www.dota2.com.cn/images/heroes/elder_titan_vert.jpg","gjlx":"近战","yxlx":"力量","yxdw":"先手|耐久","zltb":"http://www.dota2.com.cn/images/info1301/tit_img01.gif","zljc":"23","zlsj":"1.60","mjtb":"http://www.dota2.com.cn/images/info1301/tit_img02.gif","mjjc":"14","mjsj":"1.50","lltb":"http://www.dota2.com.cn/images/info1301/tit_img03.gif","lljc":"24","llsj":"2.30","gjltb":"http://www.dota2.com.cn/images/info1301/tit_img06.gif","csgjl":"23-33","ydsdtb":"http://www.dota2.com.cn/images/info1301/tit_img05.gif","csydsd":"315","hjtb":"http://www.dota2.com.cn/images/info1301/tit_img04.gif","cshj":"2.96","yxbj":"也许有人会问：\"这个世界是如何形成的？\"在所有现存世界中，为什么这个世界的属性如此奇特，如此多样化，其中的生物，文化和传说更是数不胜数呢？\"答案，\"有人低语道，\"就在于巨神们。\"</p><p>这些原初的先祖在宇宙形成伊始就已在世——即使他们并非创世的见证，他们降世时耳中也是回荡着创世的巨响。带着宇宙原初力量的印记，他们最大的愿望是自己创世者的生涯能得到延续。所以他们转而承担了改造事物的任务：捶打、鼓风、加热、塑形，一切全凭意志。事物改造后如果失去了挑战性，他们就会提着工具转向自己，修正自己的思想，锻炼自己的灵魂，提高自身的忍耐力。现实本身就是他们锻造的终极目标。但是，在这样的过程中，他们有时也会犯错。在施展雄图大志时，错误总是不可避免。</p><p>我们所知的上古巨神是伟大的创造者，他曾在创世的熔炉研习。在磨砺技艺时，他打碎了一样东西，无法修复、只能放弃的东西。他陷入了自己破碎的世界，这也是他自己破碎的灵魂。他滞留所在的位面里全是参差不齐的碎片和漫山遍野的裂缝，还有其他从初生宇宙裂缝中散落的失落残片。这就解释了为什么众所周知的世界形似一座小岛，岛上尽是落难之人，失事船只上的幸存者，现在早已为世人所遗忘。世人虽无记忆，但是自责的人除外。他将永世寻找方法去完成修复工作，寻找再次与他残破的灵魂结合的方法，寻找修复世人和世界的方法。这就是我们所知的上古巨神。","dj":"1|15|25","smz":"606|1218|2035","mfz":"299|590|1058","gjl":"47-57|79-89|122-132","hj":"3|6|11","syfw":"1800/800","gjfw":"128","ddsd":"N/A","jdtj1":"http://www.dota2.com.cn/images/property/add/elder_titan.jpg","jdms1":"这是一套非常经济实惠的加点，适用于劣势路单的巨神。前期主先祖之魂提高伤害，同时应点出二级的回音重踏以配合大招的释放。此时，回音重踏的控制时间为3秒，恰好与裂地沟壑生效的延迟时间相等。中期开始提升自然秩序的等级，以便在团战中制造更多的伤害。最后的两级回音重踏通常提升有限，可以根据情况替换为属性加成。","jdtj2":null,"jdms2":null,"cmzb":"力量手套*2|治疗药膏*2|净化药水*1|铁树枝干*1","qqzb":"魔棒*1|速度之靴*1|灵魂之戒*1","hxzb":"魔杖*1|奥术鞋*1|梅肯斯姆*1","hqsz":"邪恶镰刀*1|血精石*1|恐鳌之心*1|强袭胸甲*1|希瓦的守护*1|林肯法球*1","ljt":"http://www.dota2.com.cn/images/property/elder_titan.gif","path":"elder_titan","zymc":"天辉","zytb":"http://www.dota2.com.cn/images/heropedia/radiant.jpg","yxtp":"http://www.dota2.com.cn/images/others/elder_titan_big1.jpg","gjlxxj":"1","yxdwxj":"1|2","llsjsmz":"19","llsjsmhf":"0.03","mjsjhj":"1","mjsjgjsd":"1","zlsjmfz":"13","zlsjmfhf":"0.04","sjgjl":"1","pjsh":"52","gjsd":"114|120|150","gjms":"1.49","gjsh":"47-57","gjjl":"128|128|128","wlhj":"2","wlshkx":"15%","mfshkx":"25%","minitb":"http://www.dota2.com.cn/images/heroes/elder_titan_icon.png"},{"id":92,"zwm":"熊战士","ywm":"Ursa","jc":"拍拍熊","xttx":"http://www.dota2.com.cn/images/heroes/ursa_full.png","dttx":"http://www.dota2.com.cn/images/heroes/ursa_vert.jpg","gjlx":"近战","yxlx":"敏捷","yxdw":"核心|打野|耐久","zltb":"http://www.dota2.com.cn/images/info1301/tit_img01.gif","zljc":"16","zlsj":"1.5","mjtb":"http://www.dota2.com.cn/images/info1301/tit_img02.gif","mjjc":"18","mjsj":"2.1","lltb":"http://www.dota2.com.cn/images/info1301/tit_img03.gif","lljc":"23","llsj":"2.7","gjltb":"http://www.dota2.com.cn/images/info1301/tit_img06.gif","csgjl":"27-31","ydsdtb":"http://www.dota2.com.cn/images/info1301/tit_img05.gif","csydsd":"310","hjtb":"http://www.dota2.com.cn/images/info1301/tit_img04.gif","cshj":"5.52","yxbj":"战士乌尔萨是熊怪部落最强大的一员，保护着他的家园和人民。在漫长的冬季，当女性族人在睡觉和照料后代时，男性则外出巡逻，他们不知疲倦、保持警惕，按自古以来的传统守卫着部落。乌尔萨听见一些模糊但在增加的传言说有一股邪恶势力正在扩散，他便跑出了这个野性部族的边界线，希望追踪到这个邪恶势力并在它能危害到他的人民之前，就将其在源头摧毁。自豪的乌尔萨有着光明且强大的灵魂，他是个绝对值得信任的忠实战友和守卫者。","dj":"1|15|25","smz":"587|1305|2198","mfz":"208|481|936","gjl":"45-49|74-78|115-119","hj":"6|10|15","syfw":"1800/800","gjfw":"128","ddsd":"N/A","jdtj1":"http://www.dota2.com.cn/images/property/add/ursa.jpg","jdms1":"熊战士真没有什么非主流加点，前期唯一的加点出入可能就是在学震撼大地的等级上，有人喜欢后面补，有人喜欢前期学。主要还是根据个人习惯，以及阵容搭配，在控制多的情况下，熊战士可以晚点学习震撼大地。","jdtj2":null,"jdms2":null,"cmzb":"树之祭祀*2|治疗药膏*1|铁树枝干*1|圆盾*1","qqzb":"速度之靴*1|魔棒*1|王者之戒*1","hxzb":"相位鞋*1|魔杖*1|弗拉迪米尔的祭品*1|闪烁匕首*1","hqsz":"蝴蝶*1|黯灭*1|强袭胸甲*1|金箍棒*1|代达罗斯之殇*1|恐鳌之心*1","ljt":"http://www.dota2.com.cn/images/property/ursa.gif","path":"ursa","zymc":"天辉","zytb":"http://www.dota2.com.cn/images/heropedia/radiant.jpg","yxtp":"http://www.dota2.com.cn/images/others/ursa_big1.jpg","gjlxxj":"1","yxdwxj":"2|2|1","llsjsmz":"19","llsjsmhf":"0.03","mjsjhj":"1","mjsjgjsd":"1","zlsjmfz":"13","zlsjmfhf":"0.04","sjgjl":"1","pjsh":"47","gjsd":"118|126|168","gjms":"1.44","gjsh":"45-49","gjjl":"128|128|128","wlhj":"5","wlshkx":"24%","mfshkx":"25%","minitb":"http://www.dota2.com.cn/images/heroes/ursa_icon.png"},{"id":81,"zwm":"斯温","ywm":"Sven","jc":"SV，流浪","xttx":"http://www.dota2.com.cn/images/heroes/sven_full.png","dttx":"http://www.dota2.com.cn/images/heroes/sven_vert.jpg","gjlx":"近战","yxlx":"力量","yxdw":"控制|先手|核心|辅助","zltb":"http://www.dota2.com.cn/images/info1301/tit_img01.gif","zljc":"16","zlsj":"1.30","mjtb":"http://www.dota2.com.cn/images/info1301/tit_img02.gif","mjjc":"21","mjsj":"2.00","lltb":"http://www.dota2.com.cn/images/info1301/tit_img03.gif","lljc":"23","llsj":"2.70","gjltb":"http://www.dota2.com.cn/images/info1301/tit_img06.gif","csgjl":"37-39","ydsdtb":"http://www.dota2.com.cn/images/info1301/tit_img05.gif","csydsd":"295","hjtb":"http://www.dota2.com.cn/images/info1301/tit_img04.gif","cshj":"1.94","yxbj":"斯温是一名守夜骑士的私生子，身怀苍白南海人的血统，在影承废墟长大。他父亲因为违背了守夜人法典而被处决，母亲又因为她的种族而被驱逐，这一切让斯温坚信所谓的社会法则中毫无荣誉可言——荣誉只存在于他心中。在照顾母亲走过弥留之际以后，他以新人的身份参加了守夜骑士团，并对自己的身份绝对保密。十三年来，他一直在他父亲当年的学校里学习，掌握那些仇视他出身的人所撰写的法则。接着，在他本该立誓成为守夜骑士的那天，他手持弃誓之刃，击碎神圣之盔，用守夜圣火烧毁了那所谓的法则。他大步流星的从守夜堡离开，注定了永世孤独，并向圣符起誓，只遵循他自己心中的法则。是的，他仍然是一名骑士，不过是只效忠于自己心中正义的...流浪剑客。","dj":"1|15|25","smz":"587|1305|2198","mfz":"208|445|874","gjl":"60-62|98-100|145-147","hj":"5|9|14","syfw":"1800/800","gjfw":"128","ddsd":"N/A","jdtj1":"http://www.dota2.com.cn/images/property/add/sven.jpg","jdms1":"这是一种比较常见的加点方式，首先流浪剑客的锤子是一个范围眩晕伤害技能，但是这个技能耗蓝比较高，前期加一点黄点是为了能多扔一个锤子。其次加的三技能是为了防止对方减价流而设置的，但是这个技能没有黄点的效果好。所以根据对方的技能来看是否加这个技能，因为这个技能一级就能有很好的作用了。最后就是二技能的取舍，因为流浪剑客不是带线英雄，所以这个英雄不需要早加这个技能，最后补满即可。大招因为是提高100%的攻击力，所以只要能加必须加起来，而且只有第一级才是100%，以后会越来越高呦。","jdtj2":null,"jdms2":null,"cmzb":"净化药水*1|治疗药膏*1|治疗药膏*1|力量手套*1|力量手套*1|铁树枝干*1","qqzb":"魔棒*1|护腕*1|速度之靴*1","hxzb":"魔杖*1|动力鞋*1|黑皇杖*1","hqsz":"闪烁匕首*1|韧鼓*1|恐鳌之心*1|强袭胸甲*1|疯狂面具*1|代达罗斯之殇*1","ljt":"http://www.dota2.com.cn/images/property/sven.gif","path":"sven","zymc":"天辉","zytb":"http://www.dota2.com.cn/images/heropedia/radiant.jpg","yxtp":"http://www.dota2.com.cn/images/others/sven_big1.jpg","gjlxxj":"1","yxdwxj":"2|1|1|1","llsjsmz":"19","llsjsmhf":"0.03","mjsjhj":"1","mjsjgjsd":"1","zlsjmfz":"13","zlsjmfhf":"0.04","sjgjl":"1","pjsh":"55","gjsd":"121|129|169","gjms":"1.4","gjsh":"60-62","gjjl":"128|128|128","wlhj":"4.94","wlshkx":"10%","mfshkx":"25%","minitb":"http://www.dota2.com.cn/images/heroes/sven_icon.png"},{"id":30,"zwm":"不朽尸王","ywm":"Undying","jc":"尸王","xttx":"http://www.dota2.com.cn/images/heroes/undying_full.png","dttx":"http://www.dota2.com.cn/images/heroes/undying_vert.jpg","gjlx":"近战","yxlx":"力量","yxdw":"耐久|推进|控制|先手","zltb":"http://www.dota2.com.cn/images/info1301/tit_img01.gif","zljc":"27","zlsj":"2.50","mjtb":"http://www.dota2.com.cn/images/info1301/tit_img02.gif","mjjc":"10","mjsj":"0.80","lltb":"http://www.dota2.com.cn/images/info1301/tit_img03.gif","lljc":"22","llsj":"2.10","gjltb":"http://www.dota2.com.cn/images/info1301/tit_img06.gif","csgjl":"35-43","ydsdtb":"http://www.dota2.com.cn/images/info1301/tit_img05.gif","csydsd":"310","hjtb":"http://www.dota2.com.cn/images/info1301/tit_img04.gif","cshj":"3.4","yxbj":"他残破的心，已经不再记得自己的名，也不记得已经过了多久。还依稀记得的，是盔甲，是战旗，是身边死去的兄弟。他还记得那场战役：一双给他带去痛苦和恐惧的苍白的手，将他从马上扯下。他还记得自己和兄弟们一起被扔进死亡之神那漆黑的深坑，还记得他被虚无吞噬时耳畔的挽歌。在深渊下的黑暗中，他们被时间遗弃，抛弃了思想，抛弃了理智，唯一尚存的，只有饥饿。他们以彼此残留的指甲和牙齿为食，唤醒了身体。这时挽歌传来，一开始很遥远，只是最轻微的感官体验，然后声音逐渐汇集，似乎铺天盖地永无止境，歌声似乎形成了一堵音墙，将他意识中所有想法都清除。随着自己被挽歌吞噬，他也向死亡之神张开了双臂，迎接自己的陨灭。然而死亡之神并没有选择毁掉他，而是让他投入战争，在一片惨然的虚无中，他被赋予了新的使命：让世界遍地哀鸿，让死者吞噬生命。他成为了不朽尸王，死亡之神的先驱，他的躯体永生不灭。在你的往生路上，会奏响他永恒的挽歌。","dj":"1|15|25","smz":"568|1127|1906","mfz":"351|715|1235","gjl":"57-65|86-94|127-135","hj":"3|5|9","syfw":"1800/800","gjfw":"128","ddsd":"N/A","jdtj1":"http://www.dota2.com.cn/images/property/add/undying.jpg","jdms1":"不朽尸王是一名曾经上过CW舞台的英雄，暴力速推进阵容中总是少不了尸王的存在。如今路人打法中比较普遍的是1、2对点，线上压制力较强。当然这里还是建议前期只点2级加血,3级加血抽取15个单位并不太可能。","jdtj2":null,"jdms2":null,"cmzb":"树之祭祀*2|圆盾*1|铁树枝干*3|净化药水*1","qqzb":"速度之靴*1|魔棒*1|影之灵龛*1","hxzb":"奥术鞋*1|魔杖*1|梅肯斯姆*1|侦查守卫*1","hqsz":"辉耀*1|恐鳌之心*1|刃甲*1|天堂之戟*1","ljt":"http://www.dota2.com.cn/images/property/undying.gif","path":"undying","zymc":"夜魇","zytb":"http://www.dota2.com.cn/images/heropedia/dire.jpg","yxtp":"http://www.dota2.com.cn/images/others/undying_big1.jpg","gjlxxj":"1","yxdwxj":"2|1|1|1","llsjsmz":"19","llsjsmhf":"0.03","mjsjhj":"1","mjsjgjsd":"1","zlsjmfz":"13","zlsjmfhf":"0.04","sjgjl":"1","pjsh":"61","gjsd":"110|113|129","gjms":"1.55","gjsh":"57-65","gjjl":"128|128|128","wlhj":"3","wlshkx":"16%","mfshkx":"25%","minitb":"http://www.dota2.com.cn/images/heroes/undying_icon.png"},{"id":71,"zwm":"圣堂刺客","ywm":"Templar Assassin","jc":"TA，圣堂","xttx":"http://www.dota2.com.cn/images/heroes/templar_assassin_full.png","dttx":"http://www.dota2.com.cn/images/heroes/templar_assassin_vert.jpg","gjlx":"远程","yxlx":"敏捷","yxdw":"核心|逃生","zltb":"http://www.dota2.com.cn/images/info1301/tit_img01.gif","zljc":"20","zlsj":"2","mjtb":"http://www.dota2.com.cn/images/info1301/tit_img02.gif","mjjc":"23","mjsj":"2.7","lltb":"http://www.dota2.com.cn/images/info1301/tit_img03.gif","lljc":"18","llsj":"2.1","gjltb":"http://www.dota2.com.cn/images/info1301/tit_img06.gif","csgjl":"30-36","ydsdtb":"http://www.dota2.com.cn/images/info1301/tit_img05.gif","csydsd":"305","hjtb":"http://www.dota2.com.cn/images/info1301/tit_img04.gif","cshj":"4.22","yxbj":"拉娜娅，圣堂刺客，一直行走在对万物的探求之路上。她有一颗渴求知识的心，早年就非常专注于研究自然法则——对魔法和炼金术有关的书非常入迷，试图重现她在紫罗兰档案馆找到的吉光片羽中记载的实验，并且背下了档案保管者对实验的观察记录。由于她天性安静且诡秘，再加上获得这些东西的高难度，拉娜娅的隐秘行动技巧得到了进一步的强化。假如她稍微不低调一点，她就可能成为盗贼公会里面人人敬仰的盗贼大师了。不过她的研究一步步的将她带进了更为诡异的死角。就在她将自己的隐秘天赋完全奉献给探索宇宙秘密的时候，却无意中打开了另外一扇门：隐之圣堂的入口。入口另一边的智慧生命早已在等着她了，他们告诉了拉娜娅许多他们发现的秘密，然而当他们告诉拉娜娅她可以为圣堂服务时，这些秘密都算不得什么了。她立誓守护这些秘密，然而更重要的是，为圣堂服务能够满足她那对知识无尽的渴求。在她杀死的敌人的眼中，她逐渐看到了一直在追寻的秘密。","dj":"1|15|25","smz":"492|1051|1830","mfz":"260|624|1144","gjl":"53-59|91-97|138-144","hj":"4|10|16","syfw":"1800/800","gjfw":"140","ddsd":"900","jdtj1":"http://www.dota2.com.cn/images/property/add/templar_assassin.jpg","jdms1":"Dota2圣堂刺客在TI2上的亮眼表现一定相信一定不会让大家忘记。这是Dota2圣堂刺客最为主流的加点，前期主折光，无论补刀，线上压制还是报名逃生都乃神技，隐匿前期只学一级用来关键时刻保命，如果对自己的补刀不太自信可以将灵能之刃等级加高，建议加到2级之后再捕满隐匿。","jdtj2":"","jdms2":"","cmzb":"树之祭祀*1|敏捷便鞋*2|治疗药膏*1|铁树枝干*2","qqzb":"魔棒*1|速度之靴*1|魔瓶*1","hxzb":"魔杖*1|闪烁匕首*1|相位鞋*1","hqsz":"幻影斧*1|黑皇杖*1|金箍棒*1|影刃*1|蝴蝶*1|影刃*1","ljt":"http://www.dota2.com.cn/images/property/templar_assassin.gif","path":"templar_assassin","zymc":"天辉","zytb":"http://www.dota2.com.cn/images/heropedia/radiant.jpg","yxtp":"http://www.dota2.com.cn/images/others/templar_assassin_big1.jpg","gjlxxj":"1","yxdwxj":"2|1","llsjsmz":"19","llsjsmhf":"0.03","mjsjhj":"1","mjsjgjsd":"1","zlsjmfz":"13","zlsjmfhf":"0.04","sjgjl":"1","pjsh":"56","gjsd":"123|134|188","gjms":"1.38","gjsh":"53-59","gjjl":"140|140|140","wlhj":"4","wlshkx":"20%","mfshkx":"25%","minitb":"http://www.dota2.com.cn/images/heroes/templar_assassin_icon.png"},{"id":57,"zwm":"全能骑士","ywm":"Omniknight","jc":"全能","xttx":"http://www.dota2.com.cn/images/heroes/omniknight_full.png","dttx":"http://www.dota2.com.cn/images/heroes/omniknight_vert.jpg","gjlx":"近战","yxlx":"力量","yxdw":"耐久|对线辅助|辅助","zltb":"http://www.dota2.com.cn/images/info1301/tit_img01.gif","zljc":"17","zlsj":"1.80","mjtb":"http://www.dota2.com.cn/images/info1301/tit_img02.gif","mjjc":"15","mjsj":"1.75","lltb":"http://www.dota2.com.cn/images/info1301/tit_img03.gif","lljc":"20","llsj":"2.65","gjltb":"http://www.dota2.com.cn/images/info1301/tit_img06.gif","csgjl":"31-41","ydsdtb":"http://www.dota2.com.cn/images/info1301/tit_img05.gif","csydsd":"305","hjtb":"http://www.dota2.com.cn/images/info1301/tit_img04.gif","cshj":"5.1","yxbj":"普利斯特·雷霆之怒是一名见多识广、勇于拼搏、无比虔诚的骑士，他被声望极高的骑士团长老抚养长大，作为他们的贴身侍卫，立誓遵守他们的命令。他将一生都献给了全知全能的神。骑士团毕生都在进行艰苦的圣战，而普利斯特也至死不渝的履行着他的职责，奉献他的力量以及那年轻人特有的热忱，从未有过怀疑。然而，多年的远征让他的长辈和上级都已经归于尘土，带着悔恨和愧疚，被埋葬在远征路上的墓穴里，他亲如兄弟的战友，在同那些拒绝臣服于全能之神的野蛮人的战斗中陨落，而他自己的亲卫，也被伏击、瘟疫吞噬，于是他开始质疑自己誓言的意义——远征的意义。经过了深刻的冥想，他离开了他的军队，长途跋涉回到了晴雪城——传说中的圣城，在那里，他对全能之神的祭司们发出了质问。从来没有哪个骑士胆敢如此，祭司们试图将他投入献祭之渊，然而普利斯特却如山一般无法撼动。因为当他俯视着祭司时，全身闪耀着圣洁之光，祭司们看到全能之神选择了他作为其显圣之身。年长的大祭司见状，便亲自花费了数周的时间，指引他前往圣城深处的密室，世间最为圣洁之地，在那里等着他的，并不是一些充满智慧的晦涩抽象的书籍，也不是什么供人信奉的洞窟遗迹，而是全能之神本尊。神在这个密室里已经居住了千万年，并且创造了世间万物，在星球周围创造了巨大的保护外壳，抵御来自其他世界的邪恶。全能之神告诉普利斯特，他创造了世界，并且给予了教徒世间的真理。骑士没有办法驳斥这个故事。也许全能之神只是一个被关在石牢里面的骗子，根本不是什么创世者，但是全能骑士也不再质疑他的信仰。他的战斗终于有了意义，毫无疑问，他身体里面涌动着神圣的光明之力，而他在战斗中带给战友的力量，更是不容置疑。","dj":"1|15|25","smz":"530|1235|2118","mfz":"221|549|1043","gjl":"51-61|88-98|135-145","hj":"4|8|13","syfw":"1800/800","gjfw":"128","ddsd":"N/A","jdtj1":"http://www.dota2.com.cn/images/property/add/omniknight.jpg","jdms1":"不管是中单还是边路的全能骑士都是这么加点，因为这个英雄本身就是一个奶妈级别的英雄，所以这么加点不仅能保证自己的生存还能让队友有更长的生存时间。其次说一下光环和加血的取舍，基本上dota有一个共通点就是很多技能都是1级收益最大，所以一级的魔免能让你躲过对方的集火就可以了，次要升级光环是因为这个光环黏人的效果很明显，都是百分比的减少对方的攻击速度和移动速度，虽然只有300码，但是只要黏住就能给队友创造击杀的机会。","jdtj2":null,"jdms2":null,"cmzb":"治疗药膏*1|净化药水*2|铁树枝干*2|守护指环*1|树之祭祀*1","qqzb":"速度之靴*1|魔棒*1|王者之戒*1","hxzb":"灵魂之戒*1|奥术鞋*1|魔杖*1|侦查守卫*1|回城卷轴*1","hqsz":"阿哈利姆神杖*1|梅肯斯姆*1|邪恶镰刀*1|希瓦的守护*1|远行鞋*1|弗拉迪米尔的祭品*1","ljt":"http://www.dota2.com.cn/images/property/omniknight.gif","path":"omniknight","zymc":"天辉","zytb":"http://www.dota2.com.cn/images/heropedia/radiant.jpg","yxtp":"http://www.dota2.com.cn/images/others/omniknight_big1.jpg","gjlxxj":"1","yxdwxj":"2|1|1","llsjsmz":"19","llsjsmhf":"0.03","mjsjhj":"1","mjsjgjsd":"1","zlsjmfz":"13","zlsjmfhf":"0.04","sjgjl":"1","pjsh":"56","gjsd":"115|122|157","gjms":"1.48","gjsh":"51-61","gjjl":"128|128|128","wlhj":"5.1","wlshkx":"19%","mfshkx":"25%","minitb":"http://www.dota2.com.cn/images/heroes/omniknight_icon.png"}],"honorList":[{"id":111,"zwm":"巨牙海民","msg":"暂无","createtime":null}],"adapt_zd_list":[{"id":26,"zwm":"半人马战行者","ywm":"Centaur Warrunner","jc":"人马","xttx":"http://www.dota2.com.cn/images/heroes/centaur_full.png","dttx":"http://www.dota2.com.cn/images/heroes/centaur_vert.jpg","gjlx":"近战","yxlx":"力量","yxdw":"耐久|控制|先手","zltb":"http://www.dota2.com.cn/images/info1301/tit_img01.gif","zljc":"15","zlsj":"1.6","mjtb":"http://www.dota2.com.cn/images/info1301/tit_img02.gif","mjjc":"15","mjsj":"1.6","lltb":"http://www.dota2.com.cn/images/info1301/tit_img03.gif","lljc":"23","llsj":"3.8","gjltb":"http://www.dota2.com.cn/images/info1301/tit_img06.gif","csgjl":"32-34","ydsdtb":"http://www.dota2.com.cn/images/info1301/tit_img05.gif","csydsd":"300","hjtb":"http://www.dota2.com.cn/images/info1301/tit_img04.gif","cshj":"3.1","yxbj":"相传半人马所到之处，尸横遍野。对于名为战行者的半人马，这场面的确相当壮观。外界谣传，这杜鲁德大草原的四足部落里都是头脑简单，性格残暴的生物。他们虽有语言，但无文字；他们的文化没有图画记录，成型音乐，或是正式宗教。半人马认为，战斗是思想的完美阐释，自身实力的最高体现。如果杀戮是半人马部落中的艺术，那么战行者布拉德瓦登就是其中最伟大的艺术家。他获得主宰部落的地位是在古老的欧梅克斯竞技场，半人马部族千年以来聚集于此，行使他们格斗的权利。随着他声名远扬，不少观众都是不远千里前来目睹这名半人马的雄伟风姿。他总是第一个踏入竞技场，最后一个离开，在血肉横飞、刀光剑影中谱写着战斗的巨著。这是鲜血与钢铁织就的诗篇，飘扬在杀戮场上扬起的尘埃中。","dj":"1|15|25","smz":"587|1598|2700","mfz":"195|486|954","gjl":"55-57|108-110|166-168","hj":"3|7|13","syfw":"1800/800","gjfw":"128","ddsd":"N/A","jdtj1":"http://www.dota2.com.cn/images/property/add/centaur_warrunner.jpg","jdms1":"这是最主流的一种人马加点，前期2,1对点现在双刃剑被改成了aoe效果，人马的团战能力和farm效率提升了不止一个档次。大招从刚毅不屈改成了奔袭冲撞，更是直接将人马推上了神坛。如今的人马在小范围gank亦或是团战先手都能够发挥极其出色的作用。","jdtj2":"","jdms2":"","cmzb":"树之祭祀*1|治疗药膏*1|铁树枝干*3|圆盾*1","qqzb":"魔棒*1|速度之靴*1|护腕*1","hxzb":"魔杖*1|静谧之鞋*1|闪烁匕首*1","hqsz":"辉耀*1|恐鳌之心*1|刃甲*1|天堂之戟*1","ljt":"http://www.dota2.com.cn/images/property/centaur_warrunner.gif","path":"centaur_warrunner","zymc":"天辉","zytb":"http://www.dota2.com.cn/images/heropedia/radiant.jpg","yxtp":"http://www.dota2.com.cn/images/others/centaur_big1.jpg","gjlxxj":"1","yxdwxj":"3|2|1","llsjsmz":"19","llsjsmhf":"0.03","mjsjhj":"1","mjsjgjsd":"1","zlsjmfz":"13","zlsjmfhf":"0.04","sjgjl":"1","pjsh":"56","gjsd":"115|123|163","gjms":"1.48","gjsh":"55-57","gjjl":"128|128|128","wlhj":"3","wlshkx":"15%","mfshkx":"25%","minitb":"http://www.dota2.com.cn/images/heroes/centaur_icon.png"},{"id":91,"zwm":"小小","ywm":"Tiny","jc":"山岭","xttx":"http://www.dota2.com.cn/images/heroes/tiny_full.png","dttx":"http://www.dota2.com.cn/images/heroes/tiny_vert.jpg","gjlx":"近战","yxlx":"力量","yxdw":"控制|爆发|先手|耐久","zltb":"http://www.dota2.com.cn/images/info1301/tit_img01.gif","zljc":"17","zlsj":"1.60","mjtb":"http://www.dota2.com.cn/images/info1301/tit_img02.gif","mjjc":"9","mjsj":"0.90","lltb":"http://www.dota2.com.cn/images/info1301/tit_img03.gif","lljc":"26","llsj":"3.00","gjltb":"http://www.dota2.com.cn/images/info1301/tit_img06.gif","csgjl":"37-43","ydsdtb":"http://www.dota2.com.cn/images/info1301/tit_img05.gif","csydsd":"285","hjtb":"http://www.dota2.com.cn/images/info1301/tit_img04.gif","cshj":"0.26","yxbj":"以一团石头的形式出现的生命体，小小不断思索他的起源，但这始终是个谜。现在的他是个石巨人，但过去是什么呢？从土傀儡的脚后跟掉落的碎片？从制造石像鬼的工房被打扫出来的碎屑？神圣预言石的表层之砂？受到强烈的好奇心驱使，他不知疲倦的环游世界，寻找着他的起源，他的出身，和他的种族。在旅途中，他变得越来越庞大，不过路上的风雨吹打掉了他身上的石头，所以他不停的吸收新的岩石，永远在长大。","dj":"1|15|25","smz":"644|1442|2392","mfz":"221|512|980","gjl":"63-69|105-111|155-161","hj":"0|2|6","syfw":"1800/800","gjfw":"128","ddsd":"N/A","jdtj1":"http://www.dota2.com.cn/images/property/add/tiny.jpg","jdms1":"鉴于lv1-3的V每级伤害提升80，一旦打出两次V的伤害，就相当于每级伤害提升了160。单级伤害提升如此之大，全dota无人能出其右。所以5级时要保证lv3的V。","jdtj2":null,"jdms2":null,"cmzb":"净化药水*1|树之祭祀*2|铁树枝干*3|圆环*1","qqzb":"魔棒*1|速度之靴*1|护腕*1|魔瓶*1","hxzb":"魔杖*1|奥术鞋*1|闪烁匕首*1","hqsz":"阿哈利姆神杖*1|强袭胸甲*1|韧鼓*1|恐鳌之心*1|邪恶镰刀*1|希瓦的守护*1","ljt":"http://www.dota2.com.cn/images/property/tiny.gif","path":"tiny","zymc":"天辉","zytb":"http://www.dota2.com.cn/images/heropedia/radiant.jpg","yxtp":"http://www.dota2.com.cn/images/others/tiny_big1.jpg","gjlxxj":"1","yxdwxj":"2|2|1|1","llsjsmz":"19","llsjsmhf":"0.03","mjsjhj":"1","mjsjgjsd":"1","zlsjmfz":"13","zlsjmfhf":"0.04","sjgjl":"1","pjsh":"64","gjsd":"109|113|131","gjms":"1.56","gjsh":"61-67","gjjl":"128|128|128","wlhj":"0.26","wlshkx":"1%","mfshkx":"25%","minitb":"http://www.dota2.com.cn/images/heroes/tiny_icon.png"}],"hqszList":[{"goods":{"id":104,"bigtype":"升级物品","type":"防具","wpmc":"恐鳌之心","wppz":"4","wptp":"http://www.dota2.com.cn/images/items/heart_lg.png","jgtb":"http://www.dota2.com.cn/images/info1301/tit_img07.gif","jg":"5500","wpjs":"已经绝种的怪物的心脏，能提升携带者的耐久力。","wpzyms":"如果你的英雄最近4秒（远程英雄6秒）内受到敌方英雄或Roshan的攻击，此被动将失效。","wpsyff":"被动：生命恢复 - 每秒恢复正比于你最大生命值的生命。","wpxg":"+ <span class=\"color_yellow\">40</span> 力量<br/>+ <span class=\"color_yellow\">300</span> 生命值<br/>生命回复量：<span class=\"color_yellow\">4%</span>","lqsjtb":"http://www.dota2.com.cn/images/info1301/ico2.gif","lqsj":"6","mfxhtb":"","mfxh":"","qzwptb":null,"wpzyms2":"","item_en":"heart"},"count":1},{"goods":{"id":103,"bigtype":"升级物品","type":"防具","wpmc":"强袭胸甲","wppz":"4","wptp":"http://www.dota2.com.cn/images/items/assault_lg.png","jgtb":"http://www.dota2.com.cn/images/info1301/tit_img07.gif","jg":"5250","wpjs":"在幽冥地带的深渊锻造，这件地狱盔甲提高整支军队的护甲和攻击速度。","wpzyms":"多个强袭光环的效果不会叠加。","wpsyff":"被动：强袭光环 - 提升附近友军单位的攻击速度和护甲，削弱附近敌军的护甲。","wpxg":"+ <span class=\"color_yellow\">35</span> 攻击速度<br/>+ <span class=\"color_yellow\">10</span> 护甲<br/>光环提升攻击速度：<span class=\"color_yellow\">20</span><br/>光环提升护甲：<span class=\"color_yellow\">5</span><br/>护甲削弱：<span class=\"color_yellow\">5</span>","lqsjtb":"","lqsj":"","mfxhtb":"","mfxh":"","qzwptb":"","wpzyms2":"强袭护甲光环可以和其他类型护甲光环（王者之戒、天鹰之戒、弗拉迪米尔的祭品）叠加。","item_en":"assault"},"count":1},{"goods":{"id":98,"bigtype":"升级物品","type":"防具","wpmc":"黑皇杖","wppz":"4","wptp":"http://www.dota2.com.cn/images/items/black_king_bar_lg.png","jgtb":"http://www.dota2.com.cn/images/info1301/tit_img07.gif","jg":"3975","wpjs":"渗透了巨人之力的强大法杖。","wpzyms":"","wpsyff":"主动：天神下凡-魔法免疫。持续时间和冷却时间每用一次都会降低。黑皇杖会使某些大招失效。","wpxg":"+ <span class=\"color_yellow\">10</span> 力量<br/>+ <span class=\"color_yellow\">24</span> 攻击力<br/>持续时间：<span class=\"color_yellow\">10/9/8/7/6/5/4</span>","lqsjtb":"http://www.dota2.com.cn/images/info1301/ico2.gif","lqsj":"80","mfxhtb":"","mfxh":"","qzwptb":null,"wpzyms2":"不能出售。<br>使用黑皇杖可以会使部分有益状态消失。","item_en":"black_king_bar"},"count":1},{"goods":{"id":93,"bigtype":"升级物品","type":"武器","wpmc":"深渊之刃","wppz":"4","wptp":"http://www.dota2.com.cn/images/items/abyssal_blade_lg.png","jgtb":"http://www.dota2.com.cn/images/info1301/tit_img07.gif","jg":"6750","wpjs":"深渊指挥官的失落宝剑，能够轻易刺穿敌人的灵魂。","wpzyms":"","wpsyff":"主动：击晕一个敌方目标2.0秒。无视魔法免疫。被动：重击-攻击有概率击晕对手1.4秒。","wpxg":"+ <span class=\"color_yellow\">100</span> 攻击力<br/>+ <span class=\"color_yellow\">10</span> 力量<br/>近程概率：<span class=\"color_yellow\">25%</span><br/>远程概率：<span class=\"color_yellow\">10%</span>","lqsjtb":"http://www.dota2.com.cn/images/info1301/ico2.gif","lqsj":"60","mfxhtb":"http://www.dota2.com.cn/images/info1301/ico1.gif","mfxh":"150","qzwptb":"","wpzyms2":"眩晕的施法距离与近战单位的攻击距离相同。<br>不与其他重击效果叠加。","item_en":"abyssal_blade"},"count":1}],"hxzbList":[{"goods":{"id":50,"bigtype":"升级物品","type":"普通","wpmc":"魔杖","wppz":"2","wptp":"http://www.dota2.com.cn/images/items/magic_wand_lg.png","jgtb":"http://www.dota2.com.cn/images/info1301/tit_img07.gif","jg":"509","wpjs":"一个简易但实用的魔杖，能够补充使用者的能量--巫师学徒和高级术士都喜欢。","wpzyms":"","wpsyff":"主动：充能 - 每当周围有敌人施放技能都会自动充能（最多15点能量）。当使用时，每点能量为你回复生命值和魔法值。","wpxg":"+ <span class=\"color_yellow\">3</span> 所有属性<br/>每点能量回复：<span class=\"color_yellow\">15</span>","lqsjtb":"http://www.dota2.com.cn/images/info1301/ico2.gif","lqsj":"12","mfxhtb":"","mfxh":"","qzwptb":"","wpzyms2":"1200码视野范围内敌人使用技能就会获得点数。 <br>部分英雄技能和物品技能的施放将不会增加点数。","item_en":"magic_wand"},"count":1},{"goods":{"id":54,"bigtype":"升级物品","type":"普通","wpmc":"相位鞋","wppz":"2","wptp":"http://www.dota2.com.cn/images/items/phase_boots_lg.png","jgtb":"http://www.dota2.com.cn/images/info1301/tit_img07.gif","jg":"1350","wpjs":"穿着它的人可以穿越虚空。","wpzyms":"多个鞋类物品提供的数值移动速度加成不叠加。","wpsyff":"主动：相位移动-提升移动速度并使你可以穿越单位。使用其他物品或技能将取消相位移动效果。","wpxg":"相位移动持续时间：<span class=\"color_yellow\">2.5</span><br/>相位移动加速：<span class=\"color_yellow\">24%/20%</span><br/>+ <span class=\"color_yellow\">50</span> 移动速度<br/>+ <span class=\"color_yellow\">24</span> 攻击力","lqsjtb":"http://www.dota2.com.cn/images/info1301/ico2.gif","lqsj":"8","mfxhtb":"","mfxh":"","qzwptb":null,"wpzyms2":"","item_en":"phase_boots"},"count":1},{"goods":{"id":85,"bigtype":"升级物品","type":"武器","wpmc":"影刃","wppz":"4","wptp":"http://www.dota2.com.cn/images/items/invis_sword_lg.png","jgtb":"http://www.dota2.com.cn/images/info1301/tit_img07.gif","jg":"3000","wpjs":"一位国王死后留下的宝剑，拿着它你可以隐身移动并从阴影中发动突袭。","wpzyms":"","wpsyff":"主动：暗影步 - 进入隐身直到持续时间结束、攻击或施法。当激活暗影步时，移动速度提升20%并能穿越单位。破隐一击造成175点额外伤害。持续14秒。","wpxg":"+ <span class=\"color_yellow\">22</span> 攻击力<br/>+ <span class=\"color_yellow\">30</span> 攻击速度","lqsjtb":"http://www.dota2.com.cn/images/info1301/ico2.gif","lqsj":"28","mfxhtb":"http://www.dota2.com.cn/images/info1301/ico1.gif","mfxh":"75","qzwptb":null,"wpzyms2":"拥有0.3秒的进入隐形时间。<br>如果隐身结束时没有攻击，额外伤害效果将会消失。","item_en":"invis_sword"},"count":1}],"adapt_kz_list":[{"id":56,"zwm":"祈求者","ywm":"Invoker","jc":"卡尔、加若、Invoker","xttx":"http://www.dota2.com.cn/images/heroes/invoker_full.png","dttx":"http://www.dota2.com.cn/images/heroes/invoker_vert.jpg","gjlx":"远程","yxlx":"智力","yxdw":"核心|爆发|先手|逃生","zltb":"http://www.dota2.com.cn/images/info1301/tit_img01.gif","zljc":"22","zlsj":"4","mjtb":"http://www.dota2.com.cn/images/info1301/tit_img02.gif","mjjc":"20","mjsj":"1.9","lltb":"http://www.dota2.com.cn/images/info1301/tit_img03.gif","lljc":"19","llsj":"1.7","gjltb":"http://www.dota2.com.cn/images/info1301/tit_img06.gif","csgjl":"13-19","ydsdtb":"http://www.dota2.com.cn/images/info1301/tit_img05.gif","csydsd":"280","hjtb":"http://www.dota2.com.cn/images/info1301/tit_img04.gif","cshj":"1.8","yxbj":"在创立之初，魔法本质上是一门记忆的艺术，有些人认为这才是其最强力的形式。它无需任何科技，也无需魔杖或者其他施法媒介，只需要你有一颗魔法师的心。所有的那些祭祀里面的象形符号也仅仅是帮助记忆的手段，初衷是为了让施法者能够回想起施放法术时那大量的细节以及步骤。在那个年代，最伟大的法师就是记忆天赋最高的人，然而魔法祈唤实在是太过艰深，因此所有的法师不得不有所专攻。即使是最刻苦的法师，将一辈子奉献给魔法，最多也只能掌握三到四个法术。普通的法师能掌握两个就心满意足了，而对于那些乡下的法师来说，只掌握一个法术也再正常不过——即使这样，在极少的真正需要使用魔法的场合，他还得借助魔典才能战胜自己的健忘。然而，在那些早期的施法者中，有一个例外，一个智力超群，记忆力惊人的天才，以祈求者的名字为人们所知。在年少时，祈求者就已经掌握了不下十种法术。是的，不是四五个，也不是七个，而是十个，而且他还能毫不费力的施放这些法术。他学到过更多的法术，但是因为觉得没用，试过一次以后就彻底从脑中遗忘，这样才能为其他更为有用的法术留出空间。这些法术就是包括永生之术——能让施法者永生的法术，那些在世界之初吟唱了这个法术的人现在还活得好好的（除非他们被物质毁灭了）。而大多数这样的准不朽者都低调的生活在我们中间，害怕他们的秘密泄露：然而祈求者不是一个喜欢隐藏自己的天赋的人。他来自远古，比任何人都要博学，而他的心智还有余力让他去思考他无穷的自我价值...以及更多的法术——他在世界毁灭之时的漫长暮色中用来自娱自乐的法术。","dj":"1|15|25","smz":"511|963|1666","mfz":"286|1014|1794","gjl":"35-41|91-97|151-197","hj":"2|6|11","syfw":"1800/800","gjfw":"600","ddsd":"900","jdtj1":"http://www.dota2.com.cn/images/property/add/invoker.jpg","jdms1":"卡尔的加点方式非常多，不同的玩法有不同的加点方法，冰雷，雷火，冰火以及全系卡尔都有。这套加点是极限的冰雷卡，控制能力非常强大，唯一欠缺的是爆发力，在团队爆发足缺控制的情况下可以选择此套加点。如果生存条件不是十分恶劣，可以在冰加到3级时开始主雷副火。","jdtj2":null,"jdms2":null,"cmzb":"树之祭祀*1|治疗药膏*1|圆环*1|力量手套*1|铁树枝干*1","qqzb":"速度之靴*1|魔棒*1|护腕*1","hxzb":"相位鞋*1|韧鼓*1|魔杖*1|原力法杖*1","hqsz":"邪恶镰刀*1|闪烁匕首*1|阿哈利姆神杖*1|Eul的神圣法杖*1|黑皇杖*1|斯嘉蒂之眼*1","ljt":"http://www.dota2.com.cn/images/property/invoker.gif","path":"invoker","zymc":"夜魇","zytb":"http://www.dota2.com.cn/images/heropedia/dire.jpg","yxtp":"http://www.dota2.com.cn/images/others/invoker_big1.jpg","gjlxxj":"1","yxdwxj":"1|1|1|1","llsjsmz":"19","llsjsmhf":"0.03","mjsjhj":"1","mjsjgjsd":"1","zlsjmfz":"13","zlsjmfhf":"0.04","sjgjl":"1","pjsh":"38","gjsd":"120|147|180","gjms":"1.42","gjsh":"35-41","gjjl":"600|600|600","wlhj":"1","wlshkx":"9%","mfshkx":"25%","minitb":"http://www.dota2.com.cn/images/heroes/invoker_icon.png"},{"id":104,"zwm":"灰烬之灵","ywm":"Ember Spirit","jc":"火熊猫","xttx":"http://www.dota2.com.cn/images/heroes/ember_spirit_full.png","dttx":"http://www.dota2.com.cn/images/heroes/ember_spirit_vert.jpg","gjlx":"近战","yxlx":"敏捷","yxdw":"核心|爆发","zltb":"http://www.dota2.com.cn/images/info1301/tit_img01.gif","zljc":"20","zlsj":"1.8","mjtb":"http://www.dota2.com.cn/images/info1301/tit_img02.gif","mjjc":"22","mjsj":"1.8","lltb":"http://www.dota2.com.cn/images/info1301/tit_img03.gif","lljc":"19","llsj":"2","gjltb":"http://www.dota2.com.cn/images/info1301/tit_img06.gif","csgjl":"30-34","ydsdtb":"http://www.dota2.com.cn/images/info1301/tit_img05.gif","csydsd":"310","hjtb":"http://www.dota2.com.cn/images/info1301/tit_img04.gif","cshj":"1.08","yxbj":"在燃烧要塞中有一口玉石大釜，里面装满了灰烬，这是当年的战争诗人，炘的火葬之地。炘毕生都在卫火盟教导年轻的弟子。后来燃烧之神被炘的师德所打动，下凡来到要塞中，重新点燃了灰烬。余烬之中，炘的样子渐渐成型，四周环绕着火焰。他的面容一如既往的沉静，为了让知识之火燎原，为寻求指引的人提供方向，他已准备就绪。","dj":"1|15|25","smz":"511|1043|1803","mfz":"260|588|1082","gjl":"52-56|71-81|115-119","hj":"1|5|10","syfw":"1800/800","gjfw":"128","ddsd":"N/A","jdtj1":"http://www.dota2.com.cn/images/property/ember_spirit.jpg","jdms1":"由于烈火罩能持续造成伤害，所以可以进行主升，之后升级炎阳索，提升技能伤害，有大加大，最后升级无影拳，增加中后期带线和消耗的能力。","jdtj2":"","jdms2":"","cmzb":"治疗药膏*1|净化药水*2|铁树枝干*2|圆盾*1","qqzb":"速度之靴*1|魔棒*1|影之灵龛*1","hxzb":"奥术鞋*1|魔杖*1|先锋盾*1","hqsz":"代达罗斯之殇*1|恐鳌之心*1|蝴蝶*1|雷神之锤*1|狂战斧*2","ljt":"http://www.dota2.com.cn/images/property/ember_spirit.gif","path":"ember_spirit","zymc":"天辉","zytb":"http://www.dota2.com.cn/images/heropedia/radiant.jpg","yxtp":"http://www.dota2.com.cn/images/others/ember_spirit_big1.jpg","gjlxxj":"1","yxdwxj":"1|2","llsjsmz":"19","llsjsmhf":"0.03","mjsjhj":"1","mjsjgjsd":"1","zlsjmfz":"13","zlsjmfhf":"0.04","sjgjl":"1","pjsh":"54","gjsd":"122|129|165","gjms":"1.39","gjsh":"52-56","gjjl":"128|128|128","wlhj":"1","wlshkx":"6%","mfshkx":"25%","minitb":"http://www.dota2.com.cn/images/heroes/ember_spirit_icon.png"},{"id":90,"zwm":"先知","ywm":"Natures Prophet","jc":"FUR","xttx":"http://www.dota2.com.cn/images/heroes/furion_full.png","dttx":"http://www.dota2.com.cn/images/heroes/furion_vert.jpg","gjlx":"远程","yxlx":"智力","yxdw":"打野|推进|核心|逃生","zltb":"http://www.dota2.com.cn/images/info1301/tit_img01.gif","zljc":"21","zlsj":"2.9","mjtb":"http://www.dota2.com.cn/images/info1301/tit_img02.gif","mjjc":"18","mjsj":"1.9","lltb":"http://www.dota2.com.cn/images/info1301/tit_img03.gif","lljc":"19","llsj":"1.8","gjltb":"http://www.dota2.com.cn/images/info1301/tit_img06.gif","csgjl":"24-38","ydsdtb":"http://www.dota2.com.cn/images/info1301/tit_img05.gif","csydsd":"295","hjtb":"http://www.dota2.com.cn/images/info1301/tit_img04.gif","cshj":"3.52","yxbj":"在种子里埋入盘起的灵魂，从岩石深处引出缠绕的水流，起誓阳光会普照这生长的一切，当树木之神维萝迪希娅完成这一系列森林的创造后，她意识到自己的生命也到达终点，如一片命运已被她印在种子中的树叶一样飘落，无法看见自己的梦想结果。嫩芽尚未破土，即使破土，脆弱的嫩芽也很容易受到各种伤害，而她却即将辞世，无能为力，这让她无比痛心。然而她在种子袋中发现了一颗播种时漏掉的种子，在弥留之际，她将力量化作一字箴言，寄于此种，然后将其服下。在漫长的冬天，她巨大的身体逐渐分解，化为了幼苗来年春天的肥料。在春分的早晨，当其它种子还没有苏醒时，最后那颗种子在一瞬间成熟然后爆裂了。从中走出了自然的先知，他身披树叶，强壮且智慧，拥有树木之神维萝迪希娅的力量，能预见到森林最需要他的地方，同时他也很清楚，能作为他的盟友，是天赐的幸运。","dj":"1|15|25","smz":"511|990|1712","mfz":"273|801|1438","gjl":"45-59|86-100|135-149","hj":"4|7|13","syfw":"1800/800","gjfw":"600","ddsd":"1125","jdtj1":"http://www.dota2.com.cn/images/property/add/natures_prophet.jpg","jdms1":"先知是一个加点非常灵活的英雄，选择加点的不同扮演的角色也不相同，这套加点完美体现除了先知机动性高的特点。两级发芽长达3.75秒的控制时间已经足够，主传送，CD时间的简短，让先知可以随时进行支援，gank，中期补满树人开始带线推塔。这样加点的先知线上能力很强，支援能力，gank能力都非常强大。不过由于当前版本选先知大多需要初期参与推进，所以这种打法的出现频率较低。","jdtj2":"","jdms2":"","cmzb":"守护指环*1|净化药水*3|树之祭祀*3","qqzb":"魔棒*1|速度之靴*1|王者之戒*1","hxzb":"魔杖*1|动力鞋*1|邪恶镰刀*1","hqsz":"迈达斯之手*1|阿哈利姆神杖*1|紫怨*1|黯灭*1|死灵书*1|代达罗斯之殇*1","ljt":"http://www.dota2.com.cn/images/property/furion.gif","path":"natures_prophet","zymc":"天辉","zytb":"http://www.dota2.com.cn/images/heropedia/radiant.jpg","yxtp":"http://www.dota2.com.cn/images/others/furion_big1.jpg","gjlxxj":"1","yxdwxj":"2|2|1|1","llsjsmz":"19","llsjsmhf":"0.03","mjsjhj":"1","mjsjgjsd":"1","zlsjmfz":"13","zlsjmfhf":"0.04","sjgjl":"1","pjsh":"52","gjsd":"118|126|164","gjms":"1.44","gjsh":"45-59","gjjl":"600|600|600","wlhj":"3","wlshkx":"17%","mfshkx":"25%","minitb":"http://www.dota2.com.cn/images/heroes/furion_icon.png"},{"id":93,"zwm":"修补匠","ywm":"Tinker","jc":"TK","xttx":"http://www.dota2.com.cn/images/heroes/tinker_full.png","dttx":"http://www.dota2.com.cn/images/heroes/tinker_vert.jpg","gjlx":"远程","yxlx":"智力","yxdw":"爆发|推进","zltb":"http://www.dota2.com.cn/images/info1301/tit_img01.gif","zljc":"27","zlsj":"2.2","mjtb":"http://www.dota2.com.cn/images/info1301/tit_img02.gif","mjjc":"13","mjsj":"1.2","lltb":"http://www.dota2.com.cn/images/info1301/tit_img03.gif","lljc":"17","llsj":"2","gjltb":"http://www.dota2.com.cn/images/info1301/tit_img06.gif","csgjl":"22-28","ydsdtb":"http://www.dota2.com.cn/images/info1301/tit_img05.gif","csydsd":"305","hjtb":"http://www.dota2.com.cn/images/info1301/tit_img04.gif","cshj":"3.82","yxbj":"修补匠鲍什的矮小种族以他们独有的智慧、狡猾以及敌视魔法而闻名。出于自傲，他们完全凭借自己的智慧生存，只通过理性的科学方法来合理利用自然的力量。然而，即使是对魔法如此严令禁止，也给他们带来了很多麻烦，这一点鲍什深有体会。作为曾经的自然法则首席研究员，修补匠鲍什在传说中薄雾缭绕的紫罗兰高原建立了一座地下实验室，在那里领导了大量对自然运作规律的研究。出于对魔法师们给世界带来的伤害的鄙夷，鲍什和他的修补匠助手带着高傲，打开了一扇传送门，门的另一端是一个超越了凡人认知能力的国度，于是他们自食恶果。黑色的薄雾从紫罗兰高原的洞穴内升起，将高原覆盖在不断散发出恐怖声音的永恒黑暗中。机智的鲍什带着他的机关装置逃了出来，成了紫罗兰高原事故中唯一生还的修补匠。","dj":"1|15|25","smz":"473|1005|1765","mfz":"351|751|1297","gjl":"49-55|80-86|122-128","hj":"4|6|11","syfw":"1800/800","gjfw":"500","ddsd":"900","jdtj1":"http://www.dota2.com.cn/images/property/add/tinker.jpg","jdms1":"修补匠是一个中期爆发极高的英雄，这样的加点保证了修补匠拥有最大输出。至于2、3级大招的选择则应根据自身的需求、装备的提升进行调节。修补匠值得注意的是五级加点，五级选择激光可以做到最大单体输出，选择导弹则可以同时攻击两名英雄，技能选择最好还是依据场上形势来判断。最后，应当保证8至9级时的修补匠拥有1级的再装填。","jdtj2":"","jdms2":"","cmzb":"树之祭祀*3|治疗药膏*1|智力斗篷*1|铁树枝干*2","qqzb":"魔棒*1|速度之靴*1|护腕*1|魔瓶*1","hxzb":"魔杖*1|远行鞋*1|灵魂之戒*1","hqsz":"邪恶镰刀*1|希瓦的守护*1|Eul的神圣法杖*1|原力法杖*1|闪烁匕首*1|达贡之神力*1","ljt":"http://www.dota2.com.cn/images/property/tinker.gif","path":"tinker","zymc":"天辉","zytb":"http://www.dota2.com.cn/images/heropedia/radiant.jpg","yxtp":"http://www.dota2.com.cn/images/others/tinker_big1.jpg","gjlxxj":"1","yxdwxj":"3|1","llsjsmz":"19","llsjsmhf":"0.03","mjsjhj":"1","mjsjgjsd":"1","zlsjmfz":"13","zlsjmfhf":"0.04","sjgjl":"1","pjsh":"52","gjsd":"113|118|142","gjms":"1.5","gjsh":"49-55","gjjl":"500|500|500","wlhj":"3","wlshkx":"18%","mfshkx":"25%","minitb":"http://www.dota2.com.cn/images/heroes/tinker_icon.png"},{"id":15,"zwm":"德鲁伊","ywm":"Lone Druid","jc":"LD、熊德、DLY、小德","xttx":"http://www.dota2.com.cn/images/heroes/lone_druid_full.png","dttx":"http://www.dota2.com.cn/images/heroes/lone_druid_vert.jpg","gjlx":"远程","yxlx":"敏捷","yxdw":"核心|耐久|推进|打野","zltb":"http://www.dota2.com.cn/images/info1301/tit_img01.gif","zljc":"13","zlsj":"1.4","mjtb":"http://www.dota2.com.cn/images/info1301/tit_img02.gif","mjjc":"24","mjsj":"2.7","lltb":"http://www.dota2.com.cn/images/info1301/tit_img03.gif","lljc":"17","llsj":"2.1","gjltb":"http://www.dota2.com.cn/images/info1301/tit_img06.gif","csgjl":"22-26","ydsdtb":"http://www.dota2.com.cn/images/info1301/tit_img05.gif","csydsd":"325","hjtb":"http://www.dota2.com.cn/images/info1301/tit_img04.gif","cshj":"3.36","yxbj":"早在有史可考的年代之前，德鲁伊巨熊部落就已经形成了。他们天生就是智者，专注于探索和理解自然秩序。自然之力注意到了他们，并找到了他们中最有学识的一位，睿智的老悉拉，巨熊部落的先知和仲裁者，脱颖而出。它走到悉拉面前，将生命之种交给了他，并且告诉他：“当世界变得昏暗，当文明不再繁荣，当荒漠延伸到世界的尽头，那就种下这粒种子。”获得了自然之力的信任以后，悉拉感到自己的活力又回来了，岁月的痕迹也消失无踪，他原本渊博的学识更加广袤。同时，他发现自己能够将自己的意愿变成现实，甚至，在专注的情况下，能够改变自己的物质形态。然而，关于生命之种的谣言却给他的部落和人民带来了灾难，恐怖的战争席卷了整个部落，将其毁于一旦。家园被毁，悉拉带着自己的责任，逃到了荒野。随着时间的流逝，巨熊部落以及生命之种的故事已经在岁月长河中被人遗忘。几万年来，悉拉一直在等待，等待神谕，等待永世争斗的结束，等待他流浪宿命的终结，等待他神圣使命的实现，同时准备着消灭那些敢于阻挠他的事物。","dj":"1|15|25","smz":"473|1032|1811","mfz":"169|424|866","gjl":"46-50|84-88|131-135","hj":"3|9|15","syfw":"1800/1000","gjfw":"550","ddsd":"900","jdtj1":"http://www.dota2.com.cn/images/property/add/lone_druid.jpg","jdms1":"德鲁伊是一名敏捷型英雄，强大push推进能力，后期无与伦比的输出能力，德鲁伊一度被授予Dota第一后期的头衔。这是大多数德鲁伊的主流加点。熊灵是德鲁伊最好的伙伴，熟练对熊灵的使用是用好德鲁伊的关键。","jdtj2":"","jdms2":"","cmzb":"铁树枝干*3|树之祭祀*1|守护指环*1","qqzb":"魔棒*1|速度之靴*1","hxzb":"魔杖*1|静谧之鞋*1","hqsz":"狂战斧*1|幻影斧*1|深渊之刃*1|蝴蝶*1|恐鳌之心*1|弗拉迪米尔的祭品*1|","ljt":"http://www.dota2.com.cn/images/property/lone_druid.gif","path":"lone_druid","zymc":"天辉","zytb":"http://www.dota2.com.cn/images/heropedia/radiant.jpg","yxtp":"http://www.dota2.com.cn/images/others/lone_druid_big1.jpg","gjlxxj":"1","yxdwxj":"2|2|2|1","llsjsmz":"19","llsjsmhf":"0.03","mjsjhj":"1","mjsjgjsd":"1","zlsjmfz":"13","zlsjmfhf":"0.04","sjgjl":"1","pjsh":"48","gjsd":"124|135|189","gjms":"1.37","gjsh":"46-50","gjjl":"550|550|550","wlhj":"3","wlshkx":"16%","mfshkx":"25%","minitb":"http://www.dota2.com.cn/images/heroes/lone_druid_icon.png"},{"id":43,"zwm":"拉比克","ywm":"Rubick","jc":"GM","xttx":"http://www.dota2.com.cn/images/heroes/rubick_full.png","dttx":"http://www.dota2.com.cn/images/heroes/rubick_vert.jpg","gjlx":"远程","yxlx":"智力","yxdw":"控制|爆发","zltb":"http://www.dota2.com.cn/images/info1301/tit_img01.gif","zljc":"27","zlsj":"2.4","mjtb":"http://www.dota2.com.cn/images/info1301/tit_img02.gif","mjjc":"14","mjsj":"1.6","lltb":"http://www.dota2.com.cn/images/info1301/tit_img03.gif","lljc":"19","llsj":"1.5","gjltb":"http://www.dota2.com.cn/images/info1301/tit_img06.gif","csgjl":"17-27","ydsdtb":"http://www.dota2.com.cn/images/info1301/tit_img05.gif","csydsd":"290","hjtb":"http://www.dota2.com.cn/images/info1301/tit_img04.gif","cshj":"0.96","yxbj":"所有法师都会点魔法，其中一部分通过长时间的学习应该也能成为巫师，然而只有其中最有天赋的，才有资格成为魔导师。法师们都是一样，虽然相互认识，但却并不相互尊重。在整个魔法界，拉比克已经算是著名的斗士和学者，不过他自己也没想过自己是当魔导师的料，直到他第17次外出刺杀。他和往常一样将那些失败者从高台上抛下，轮到第12个人时，他猛然的发现自己的生命是如此的无趣。曾经很简单的短暂法术干扰或者空手召唤火焰都能让他兴奋不已，而现在对他来说已经是意料之中的事情。他渴求更大的挑战。于是，他戴上了战斗面具，做了每个试图超越的巫师都会做的事：扬言要杀死一名魔导师。拉比克很快就发现对一个魔导师宣战的后果就是对整个魔导师群体宣战，他们将愤怒倾泻在他身上。每个魔导师的咒语都是势不可挡的能量洪流，每次攻击都是精确的杀招。然而很快魔导师们就发现了一些诡异的事情：他们好像在被自己的法术攻击。魔法漩涡中隐约传来拉比克的轻笑，他隐秘的解读着魔导师们的法术，复制其中之一，然后用这个法术攻击另外一人，在魔导师之间制造着他精心编制的混乱。被背叛的愤怒开始在魔导师们中滋生，很快他们就开始相互攻击，因为他们也不确定究竟是谁攻击了自己。战斗终于停止，所有的魔导师都被他人的魔法灼烧，冻僵，甚至切成碎片，死伤惨重。拉比克则独自站在一旁，疲惫却欣喜，这次战斗让他获益颇丰。当他向隐修议会提出晋升的要求时，没有人敢置喙一句，议会中的幻寂十一长者一致同意，承认他为大魔导师。","dj":"1|15|25","smz":"511|910|1575","mfz":"351|788|1360","gjl":"44-54|78-88|122-132","hj":"1|4|9","syfw":"1800/800","gjfw":"600","ddsd":"1125","jdtj1":"http://www.dota2.com.cn/images/property/add/rubick.jpg","jdms1":"这是如今最常见的拉比克加点路线，1级主加隔空取物，配合队友拿一血，或者关键时刻用来保命都是不错的选择。主弱化能流基本没有争议，一个小范围AOE，加上还能削减攻击力，性价比还是颇高的。失效力场增加友军魔抗可以中后期再补起来。","jdtj2":"","jdms2":"","cmzb":"动物信使*1|树之祭祀*1|治疗药膏*1|净化药水*1|铁树枝干*3","qqzb":"魔棒*1|速度之靴*1|护腕*1|侦查守卫*1","hxzb":"奥术鞋*1|原力法杖*1|侦查守卫*1","hqsz":"阿哈利姆神杖*1|梅肯斯姆*1|希瓦的守护*1|闪烁匕首*1|邪恶镰刀*1|纷争面纱*1","ljt":"http://www.dota2.com.cn/images/property/rubick.gif","path":"rubick","zymc":"天辉","zytb":"http://www.dota2.com.cn/images/heropedia/radiant.jpg","yxtp":"http://www.dota2.com.cn/images/others/rubick_big1.jpg","gjlxxj":"1","yxdwxj":"2|2","llsjsmz":"19","llsjsmhf":"0.03","mjsjhj":"1","mjsjgjsd":"1","zlsjmfz":"13","zlsjmfhf":"0.04","sjgjl":"1","pjsh":"49","gjsd":"114|120|152","gjms":"1.49","gjsh":"44-54","gjjl":"600|600|600","wlhj":"0","wlshkx":"5%","mfshkx":"25%","minitb":"http://www.dota2.com.cn/images/heroes/rubick_icon.png"},{"id":32,"zwm":"祸乱之源","ywm":"Bane","jc":"痛苦之源","xttx":"http://www.dota2.com.cn/images/heroes/bane_full.png","dttx":"http://www.dota2.com.cn/images/heroes/bane_vert.jpg","gjlx":"远程","yxlx":"智力","yxdw":"控制|爆发|辅助","zltb":"http://www.dota2.com.cn/images/info1301/tit_img01.gif","zljc":"22","zlsj":"2.1","mjtb":"http://www.dota2.com.cn/images/info1301/tit_img02.gif","mjjc":"22","mjsj":"2.1","lltb":"http://www.dota2.com.cn/images/info1301/tit_img03.gif","lljc":"22","llsj":"2.1","gjltb":"http://www.dota2.com.cn/images/info1301/tit_img06.gif","csgjl":"33-39","ydsdtb":"http://www.dota2.com.cn/images/info1301/tit_img05.gif","csydsd":"315","hjtb":"http://www.dota2.com.cn/images/info1301/tit_img04.gif","cshj":"4.08","yxbj":"如果神做了噩梦，那一定是祸乱之源带来的。被称为阿特洛波斯的祸乱之源诞生自夜之女神妮塔莎午夜的恐惧。永生的女神在漫长的时间中孕育了过强的恐惧，已经无法用睡眠抑制，于是，祸乱之源从女神的躯体中逃脱了，他雾状的身形源自女神墨色的鲜血。他的存在就是恐惧本身。听见他声音的凡人会感觉他们心中最阴暗的秘密在耳边低语。他呼唤着所有英雄内心隐藏的恐惧。就算不眠亦无济于事，因为祸乱之源会用他不停滴落的黑色血液把敌人困在噩梦中。只要祸乱之源一出现，所有英雄心中都会想起那可怖的黑暗。","dj":"1|15|25","smz":"568|1127|1906","mfz":"286|668|1201","gjl":"55-61|84-90|125-131","hj":"4|8|14","syfw":"1800/800","gjfw":"400","ddsd":"900","jdtj1":"http://www.dota2.com.cn/images/property/add/bane.jpg","jdms1":"祸乱之源是dota2中唯一一个三维水桶成长的英雄，不仅如此，四个imba技能，前期一对一时几乎没有人可以战胜祸乱之源。对于bane来说，单杀实在太轻松了。这套加点无论前中期游走gank，还是团战都能发挥出很大作用，记住虚弱永远留给地方dps，bane的虚弱对物理dps是极大的克制。","jdtj2":"","jdms2":"","cmzb":"树之祭祀*1|治疗药膏*1|净化药水*2|智力斗篷*1|铁树枝干*2","qqzb":"速度之靴*1|魔棒*1|护腕*1","hxzb":"奥术鞋*1|魔杖*1|原力法杖*1|侦查守卫*1","hqsz":"阿哈利姆神杖*1|原力法杖*1|希瓦的守护*1|闪烁匕首*1|邪恶镰刀*1|纷争面纱*1","ljt":"http://www.dota2.com.cn/images/property/bane.gif","path":"bane","zymc":"夜魇","zytb":"http://www.dota2.com.cn/images/heropedia/dire.jpg","yxtp":"http://www.dota2.com.cn/images/others/bane_big1.jpg","gjlxxj":"1","yxdwxj":"3|2|1","llsjsmz":"19","llsjsmhf":"0.03","mjsjhj":"1","mjsjgjsd":"1","zlsjmfz":"13","zlsjmfhf":"0.04","sjgjl":"1","pjsh":"58","gjsd":"122|130|172","gjms":"1.39","gjsh":"55-61","gjjl":"400|400|400","wlhj":"4","wlshkx":"19%","mfshkx":"25%","minitb":"http://www.dota2.com.cn/images/heroes/bane_icon.png"},{"id":70,"zwm":"末日使者","ywm":"Doom","jc":"末日，爸爸","xttx":"http://www.dota2.com.cn/images/heroes/doom_bringer_full.png","dttx":"http://www.dota2.com.cn/images/heroes/doom_bringer_vert.jpg","gjlx":"近战","yxlx":"力量","yxdw":"耐久|核心|爆发","zltb":"http://www.dota2.com.cn/images/info1301/tit_img01.gif","zljc":"13","zlsj":"2.10","mjtb":"http://www.dota2.com.cn/images/info1301/tit_img02.gif","mjjc":"11","mjsj":"0.90","lltb":"http://www.dota2.com.cn/images/info1301/tit_img03.gif","lljc":"26","llsj":"3.20","gjltb":"http://www.dota2.com.cn/images/info1301/tit_img06.gif","csgjl":"27-43","ydsdtb":"http://www.dota2.com.cn/images/info1301/tit_img05.gif","csydsd":"290","hjtb":"http://www.dota2.com.cn/images/info1301/tit_img04.gif","cshj":"0.54","yxbj":"他的烈焰永不熄灭，他的吞食永远得不到满足，他的杀戮无人能够制裁——路西法带给他的敌人的只有末日。手持火焰之剑，掠夺灵魂，他是堕落者，曾经是暗之国度备受敬畏的将军，却因蔑视之罪而被放逐——他拒绝向任何人下跪。佤什昂多的丧钟六次为他敲响。他的翅膀受到六十六次烙印之刑，直到只剩下烧焦的残支。失去双翼之后，他尖叫着坠向大地。落到了沙漠中的一个火山口，失落的乐园。现在他的进攻毫无怜悯，也不需理由，在七片黑暗领土上，只有他能自由行动。受到无法摆脱的欲望束缚，被难以想象的天赋所扭曲，末日使者所到之处既是地狱。蔑视世间一切。最终，世界将归于末日。","dj":"1|15|25","smz":"644|1495|2483","mfz":"169|551|1084","gjl":"53-69|98-114|150-166","hj":"1|2|6","syfw":"1800/800","gjfw":"150","ddsd":"N/A","jdtj1":"http://www.dota2.com.cn/images/property/add/doom_bringer.jpg","jdms1":"新版本末日改版之后，无论你是打野流，发育流还是gank打法的末日，一级学吃兵都是性价比最高的。这种加点是打野末日加点，前期主吃兵和焦土，可以再野区有比较好的发育，到六级之后开始补等级炮，配合队友gank会有这不错的效果。","jdtj2":null,"jdms2":null,"cmzb":"铁树枝干*1|树之祭祀*1|治疗药膏*2|圆盾*1","qqzb":"治疗指环*1|魔棒*1|速度之靴*1|王者之戒*1","hxzb":"魔杖*1|先锋盾*1|相位鞋*1","hqsz":"辉耀*1|恐鳌之心*1|强袭胸甲*1|希瓦的守护*1|阿哈利姆神杖*1|刷新球*1","ljt":"http://www.dota2.com.cn/images/property/doom_bringer.gif","path":"doom","zymc":"夜魇","zytb":"http://www.dota2.com.cn/images/heropedia/dire.jpg","yxtp":"http://www.dota2.com.cn/images/others/doom_bringer_big1.jpg","gjlxxj":"1","yxdwxj":"2|2|1","llsjsmz":"19","llsjsmhf":"0.03","mjsjhj":"1","mjsjgjsd":"1","zlsjmfz":"13","zlsjmfhf":"0.04","sjgjl":"1","pjsh":"61","gjsd":"111|115|133","gjms":"1.53","gjsh":"53-69","gjjl":"150|150|150","wlhj":"0","wlshkx":"3%","mfshkx":"25%","minitb":"http://www.dota2.com.cn/images/heroes/doom_icon.png"}]}