{"hero":{"id":92,"zwm":"熊战士","ywm":"Ursa","jc":"拍拍熊","xttx":"http://www.dota2.com.cn/images/heroes/ursa_full.png","dttx":"http://www.dota2.com.cn/images/heroes/ursa_vert.jpg","gjlx":"近战","yxlx":"敏捷","yxdw":"核心-打野-耐久","zltb":"http://www.dota2.com.cn/images/info1301/tit_img01.gif","zljc":"16","zlsj":"1.5","mjtb":"http://www.dota2.com.cn/images/info1301/tit_img02.gif","mjjc":"18","mjsj":"2.1","lltb":"http://www.dota2.com.cn/images/info1301/tit_img03.gif","lljc":"23","llsj":"2.7","gjltb":"http://www.dota2.com.cn/images/info1301/tit_img06.gif","csgjl":"27-31","ydsdtb":"http://www.dota2.com.cn/images/info1301/tit_img05.gif","csydsd":"310","hjtb":"http://www.dota2.com.cn/images/info1301/tit_img04.gif","cshj":"5.52","yxbj":"战士乌尔萨是熊怪部落最强大的一员，保护着他的家园和人民。在漫长的冬季，当女性族人在睡觉和照料后代时，男性则外出巡逻，他们不知疲倦、保持警惕，按自古以来的传统守卫着部落。乌尔萨听见一些模糊但在增加的传言说有一股邪恶势力正在扩散，他便跑出了这个野性部族的边界线，希望追踪到这个邪恶势力并在它能危害到他的人民之前，就将其在源头摧毁。自豪的乌尔萨有着光明且强大的灵魂，他是个绝对值得信任的忠实战友和守卫者。","dj":"1/15/25","smz":"587/1305/2198","mfz":"208/481/936","gjl":"45-49/74-78/115-119","hj":"6/10/15","syfw":"1800/800","gjfw":"128","ddsd":"N/A","jdtj1":"http://www.dota2.com.cn/images/property/add/ursa.jpg","jdms1":"熊战士真没有什么非主流加点，前期唯一的加点出入可能就是在学震撼大地的等级上，有人喜欢后面补，有人喜欢前期学。主要还是根据个人习惯，以及阵容搭配，在控制多的情况下，熊战士可以晚点学习震撼大地。","jdtj2":null,"jdms2":null,"cmzb":"树之祭祀*2|治疗药膏*1|铁树枝干*1|圆盾*1","qqzb":"速度之靴*1|魔棒*1|王者之戒*1","hxzb":"相位鞋*1|魔杖*1|弗拉迪米尔的祭品*1|闪烁匕首*1","hqsz":"蝴蝶*1|黯灭*1|强袭胸甲*1|金箍棒*1|代达罗斯之殇*1|恐鳌之心*1","ljt":"http://www.dota2.com.cn/images/property/ursa.gif","path":"ursa","zymc":"天辉","zytb":"http://www.dota2.com.cn/images/heropedia/radiant.jpg","yxtp":"http://www.dota2.com.cn/images/others/ursa_big1.jpg","gjlxxj":"1","yxdwxj":"2-2-1","llsjsmz":"19","llsjsmhf":"0.03","mjsjhj":"1","mjsjgjsd":"1","zlsjmfz":"13","zlsjmfhf":"0.04","sjgjl":"1","pjsh":"47","gjsd":"118/126/168","gjms":"1.44","gjsh":"45-49","gjjl":"128/128/128","wlhj":"5","wlshkx":"24%","mfshkx":"25%","minitb":"http://www.dota2.com.cn/images/heroes/ursa_icon.png"},"skillList":[{"id":401,"zwm":"熊战士","jnmc":"震撼大地","jntb":"http://www.dota2.com.cn/images/heroes/abilities/ursa_earthshock_hp1.png","jnms":"乌尔萨猛击地面带来强烈的冲击，对附近范围内的所有敌方单位造成伤害并减速4秒。","mftb":"http://www.dota2.com.cn/style/../images/info1301/ico2.gif","mfxh":"75/75/75/75","lqtb":"http://www.dota2.com.cn/style/../images/info1301/ico2.gif","lqsj":"5","jnxg":"<span class=\"color_white\">技能：</span>无目标|<span class=\"color_white\">攻击力：</span>90/140/190/240|<span class=\"color_white\">伤害类型：</span>魔法|<span class=\"color_white\">作用范围：</span>385|<span class=\"color_white\">无视技能免疫：</span>否|<span class=\"color_white\">移动速度减缓：</span>25%/35%/45%/55%","jnsp":"http://dota2.dl.wanmei.com/dota2/video/abilities/ursa_earthshock_creeps.mp4","spms":"雄性熊怪有力的步伐撼动着大地，展示了他们坚定的战士之心。","djjd":"7,12,13,14","ewms":""},{"id":402,"zwm":"熊战士","jnmc":"超强力量","jntb":"http://www.dota2.com.cn/images/heroes/abilities/ursa_overpower_hp1.png","jnms":"乌尔萨的战斗技巧提升他接下来几次攻击的攻击速度。","mftb":"http://www.dota2.com.cn/style/../images/info1301/ico2.gif","mfxh":"45/55/65/75","lqtb":"http://www.dota2.com.cn/style/../images/info1301/ico2.gif","lqsj":"10","jnxg":"<span class=\"color_white\">技能：</span>无目标|<span class=\"color_white\">攻击次数：</span>3/4/5/6|<span class=\"color_white\">攻击速度提升：</span>400/400/400/400|<span class=\"color_white\">持续时间：</span>15","jnsp":"http://dota2.dl.wanmei.com/dota2/video/abilities/ursa_overpower_sven.mp4","spms":"乌尔萨有着让人难以和他巨大的体型联想到一起的敏捷。","djjd":"2,4,5,8","ewms":"超强力量将使攻击速度提升至上限。"},{"id":403,"zwm":"熊战士","jnmc":"怒意狂击","jntb":"http://www.dota2.com.cn/images/heroes/abilities/ursa_fury_swipes_hp1.png","jnms":"乌尔萨的利爪深深地撕裂敌人的伤口，对同一敌人连续攻击将造成更多伤害。如果同一个目标在15秒内不受攻击，将失去额外伤害加成。","mftb":"http://www.dota2.com.cn/style/../images/info1301/ico2.gif","mfxh":"0","lqtb":"http://www.dota2.com.cn/style/../images/info1301/ico2.gif","lqsj":"0","jnxg":"<span class=\"color_white\">技能：</span>被动|<span class=\"color_white\">重置时间：</span>15|<span class=\"color_white\">伤害类型：</span>物理|<span class=\"color_white\">重置时间（Roshan）：</span>6|<span class=\"color_white\">无视技能免疫：</span>是|<span class=\"color_white\">每次攻击叠加伤害：</span>15/20/25/30","jnsp":"http://dota2.dl.wanmei.com/dota2/video/abilities/ursa_fury_swipes.mp4","spms":"在大自然中，很少有受伤的动物能从饥饿的捕食者的攻击中幸存。","djjd":"1,3,9,10","ewms":""},{"id":404,"zwm":"熊战士","jnmc":"激怒","jntb":"http://www.dota2.com.cn/images/heroes/abilities/ursa_enrage_hp1.png","jnms":"乌尔萨进入狂怒状态，怒意狂击的额外伤害将增加数倍，并且承受的伤害减少80%。施放时将移除所受的负面效果。","mftb":"http://www.dota2.com.cn/style/../images/info1301/ico2.gif","mfxh":"0/0/0","lqtb":"http://www.dota2.com.cn/style/../images/info1301/ico2.gif","lqsj":"50/40/30","jnxg":"<span class=\"color_white\">技能：</span>无目标|<span class=\"color_white\">怒意狂击伤害倍数：</span>1.5/1.75/2|<span class=\"color_white\">无视技能免疫：</span>是|<span class=\"color_white\">伤害降低：</span>80%|<span class=\"color_white\">持续时间：</span>4","jnsp":"http://dota2.dl.wanmei.com/dota2/video/abilities/ursa_enrage.mp4","spms":"乌尔萨放纵他的远古之魂，成为战场上最凶残的生物。","djjd":"6,11,16","ewms":""}],"qqzbList":[{"goods":{"id":39,"bigtype":"基础物品","type":"奥术","wpmc":"速度之靴","wppz":"1","wptp":"http://www.dota2.com.cn/images/items/boots_lg.png","jgtb":"http://www.dota2.com.cn/images/info1301/tit_img07.gif","jg":"450","wpjs":"穿双鞋子，跑的更快。","wpzyms":"移动速度提升效果不与其他鞋子叠加。","wpsyff":"","wpxg":"+ <span class=\"color_yellow\">50</span> 移动速度","lqsjtb":"","lqsj":"","mfxhtb":"","mfxh":"","qzwptb":"","wpzyms2":"","item_en":"boots"},"count":1},{"goods":{"id":36,"bigtype":"基础物品","type":"奥术","wpmc":"魔棒","wppz":"1","wptp":"http://www.dota2.com.cn/images/items/magic_stick_lg.png","jgtb":"http://www.dota2.com.cn/images/info1301/tit_img07.gif","jg":"200","wpjs":"一个简易但实用的魔杖，能够补充使用者的能量--巫师学徒和高级术士都喜欢。","wpzyms":"","wpsyff":"主动：充能 - 每当周围有敌人施放技能都会自动充能（最多10点能量）。当使用时，每点能量为你回复生命值和魔法值。","wpxg":"每点能量回复：<span class=\"color_yellow\">15</span>","lqsjtb":"http://www.dota2.com.cn/images/info1301/ico2.gif","lqsj":"13","mfxhtb":"","mfxh":"","qzwptb":"","wpzyms2":"1200码视野范围内敌人使用技能就会获得点数。<br>部分英雄技能和物品技能的施放将不会增加点数。","item_en":"magic_stick"},"count":1},{"goods":{"id":60,"bigtype":"升级物品","type":"辅助","wpmc":"王者之戒","wppz":"3","wptp":"http://www.dota2.com.cn/images/items/ring_of_basilius_lg.png","jgtb":"http://www.dota2.com.cn/images/info1301/tit_img07.gif","jg":"500","wpjs":"这枚戒指是最伟大的法师才能获得的嘉奖。","wpzyms":"多个王者光环效果无法叠加。","wpsyff":"被动：王者光环-在900范围内为友军提供魔法恢复和护甲加成<br/>主动：点击以切换护甲加成光环是否对非英雄单位生效。","wpxg":"+ <span class=\"color_yellow\">6</span> 攻击力<br/>光环增益回魔：<span class=\"color_yellow\">0.65</span><br/>光环增益护甲：<span class=\"color_yellow\">2</span><br/>+ <span class=\"color_yellow\">1</span> 护甲","lqsjtb":"","lqsj":"","mfxhtb":"","mfxh":"","qzwptb":"","wpzyms2":"王者之戒，天鹰之戒和弗拉迪米尔的祭品拥有的护甲光环互不叠加。","item_en":"ring_of_basilius"},"count":1}],"cmzbList":[{"goods":{"id":2,"bigtype":"基础物品","type":"消耗品","wpmc":"树之祭祀","wppz":"3","wptp":"http://www.dota2.com.cn/images/items/tango_lg.png","jgtb":"http://www.dota2.com.cn/images/info1301/tit_img07.gif","jg":"125","wpjs":"战场上的救命稻草。","wpzyms":"","wpsyff":"使用：吃树-吃掉一棵树来恢复生命值。可以使用4次。","wpxg":"持续时间：<span class=\"color_yellow\">16</span><br/>生命恢复量：<span class=\"color_yellow\">115</span>","lqsjtb":"","lqsj":"","mfxhtb":"","mfxh":"","qzwptb":"","wpzyms2":"","item_en":"tango"},"count":2},{"goods":{"id":3,"bigtype":"基础物品","type":"消耗品","wpmc":"治疗药膏","wppz":"3","wptp":"http://www.dota2.com.cn/images/items/flask_lg.png","jgtb":"http://www.dota2.com.cn/images/info1301/tit_img07.gif","jg":"115","wpjs":"即使最严重的伤口也能快速治愈的魔法药膏。","wpzyms":"","wpsyff":"使用：恢复 - 持续恢复生命值，受到攻击会驱散效果。","wpxg":"持续时间：<span class=\"color_yellow\">10</span><br/>生命回复量：<span class=\"color_yellow\">400</span>","lqsjtb":"","lqsj":"","mfxhtb":"","mfxh":"","qzwptb":"","wpzyms2":"治疗药膏可以共享。","item_en":"flask"},"count":1},{"goods":{"id":12,"bigtype":"基础物品","type":"属性","wpmc":"铁树枝干","wppz":"1","wptp":"http://www.dota2.com.cn/images/items/branches_lg.png","jgtb":"http://www.dota2.com.cn/images/info1301/tit_img07.gif","jg":"50","wpjs":"一根看起来很普通的树枝，它如铁般坚硬的品质赋予持有者好运。","wpzyms":"","wpsyff":"","wpxg":"+ <span class=\"color_yellow\">1</span> 所有属性","lqsjtb":"","lqsj":"","mfxhtb":"","mfxh":"","qzwptb":"","wpzyms2":"","item_en":"branches"},"count":1},{"goods":{"id":26,"bigtype":"基础物品","type":"军备","wpmc":"圆盾","wppz":"1","wptp":"http://www.dota2.com.cn/images/items/stout_shield_lg.png","jgtb":"http://www.dota2.com.cn/images/info1301/tit_img07.gif","jg":"250","wpjs":"一个人的酒桶底盖，在另一个人手里就成了圆盾。","wpzyms":"","wpsyff":"被动：伤害格挡-有一定概率格挡伤害，格挡效果取决于你的英雄类型。","wpxg":"近战伤害格挡：<span class=\"color_yellow\">20</span><br/>远程格挡：<span class=\"color_yellow\">10</span><br/>格挡概率：<span class=\"color_yellow\">60%</span>","lqsjtb":"","lqsj":"","mfxhtb":"","mfxh":"","qzwptb":"","wpzyms2":"多种伤害格挡物品的效果互不叠加。","item_en":"stout_shield"},"count":1}],"adapt_type_list":[{"id":79,"zwm":"斯拉达","ywm":"Slardar","jc":"大鱼人","xttx":"http://www.dota2.com.cn/images/heroes/slardar_full.png","dttx":"http://www.dota2.com.cn/images/heroes/slardar_vert.jpg","gjlx":"近战","yxlx":"力量","yxdw":"核心|耐久|控制|先手","zltb":"http://www.dota2.com.cn/images/info1301/tit_img01.gif","zljc":"15","zlsj":"1.50","mjtb":"http://www.dota2.com.cn/images/info1301/tit_img02.gif","mjjc":"17","mjsj":"2.40","lltb":"http://www.dota2.com.cn/images/info1301/tit_img03.gif","lljc":"21","llsj":"2.80","gjltb":"http://www.dota2.com.cn/images/info1301/tit_img06.gif","csgjl":"30-38","ydsdtb":"http://www.dota2.com.cn/images/info1301/tit_img05.gif","csydsd":"300","hjtb":"http://www.dota2.com.cn/images/info1301/tit_img04.gif","cshj":"5.38","yxbj":"斯拉达是个鱼人，一位深海住民，他守卫着沉没的城市和其中埋藏的古老宝藏。在海底深渊那黑暗的海沟中，鱼人守卫带着作为诱饵的光源穿梭在藏有宝物的密室中。陆地上贪婪的巫师们派下去的潜水盗贼被他看似友善的光亮吸引，然后一去不返。他对海洋绝对忠诚，沉默寡言的性格有效的隐藏了海洋最秘密场所的位置。有时他会上浮到浅海侦查，不顾光亮造成的痛苦，确保没人在对深海进行谋划。有时他会无情的追杀那些极少数设法从沉没宝库偷取了一件宝物的家伙。由于斯拉达的一生都生活在深海中，承受着海洋巨大的水压，因此鱼人守卫的力量无比强大。","dj":"1|15|25","smz":"549|1294|2206","mfz":"195|468|923","gjl":"51-59|90-98|138-148","hj":"5|10|16","syfw":"1800/800","gjfw":"128","ddsd":"N/A","jdtj1":"http://www.dota2.com.cn/images/property/add/slardar.jpg","jdms1":"鱼人守卫，曾经有一段时间风靡CW舞台，很多战队都爱使用它。有控制，够肉，打得了输出。鱼人的加点也变化不多，被动虽然imba但是鱼人蛋疼的攻击速度，前期点被动的性价比着实不高。冲锋学满反而大大增加了鱼人守卫的机动性。","jdtj2":null,"jdms2":null,"cmzb":"圆盾*1|治疗药膏*1|树之祭祀*1|净化药水*1|铁树枝干*2","qqzb":"魔棒*1|速度之靴*1|治疗指环*1","hxzb":"魔杖*1|动力鞋*1|先锋盾*1","hqsz":"黑皇杖*1|闪烁匕首*1|恐鳌之心*1|黯灭*1|强袭胸甲*1|撒旦之邪力*1","ljt":"http://www.dota2.com.cn/images/property/slardar.gif","path":"slardar","zymc":"夜魇","zytb":"http://www.dota2.com.cn/images/heropedia/dire.jpg","yxtp":"http://www.dota2.com.cn/images/others/slardar_big1.jpg","gjlxxj":"1","yxdwxj":"2|2|2|1","llsjsmz":"19","llsjsmhf":"0.03","mjsjhj":"1","mjsjgjsd":"1","zlsjmfz":"13","zlsjmfhf":"0.04","sjgjl":"1","pjsh":"55","gjsd":"117|127|175","gjms":"1.45","gjsh":"51-59","gjjl":"128|128|128","wlhj":"5","wlshkx":"24%","mfshkx":"25%","minitb":"http://www.dota2.com.cn/images/heroes/slardar_icon.png"},{"id":81,"zwm":"斯温","ywm":"Sven","jc":"SV，流浪","xttx":"http://www.dota2.com.cn/images/heroes/sven_full.png","dttx":"http://www.dota2.com.cn/images/heroes/sven_vert.jpg","gjlx":"近战","yxlx":"力量","yxdw":"控制|先手|核心|辅助","zltb":"http://www.dota2.com.cn/images/info1301/tit_img01.gif","zljc":"16","zlsj":"1.30","mjtb":"http://www.dota2.com.cn/images/info1301/tit_img02.gif","mjjc":"21","mjsj":"2.00","lltb":"http://www.dota2.com.cn/images/info1301/tit_img03.gif","lljc":"23","llsj":"2.70","gjltb":"http://www.dota2.com.cn/images/info1301/tit_img06.gif","csgjl":"37-39","ydsdtb":"http://www.dota2.com.cn/images/info1301/tit_img05.gif","csydsd":"295","hjtb":"http://www.dota2.com.cn/images/info1301/tit_img04.gif","cshj":"1.94","yxbj":"斯温是一名守夜骑士的私生子，身怀苍白南海人的血统，在影承废墟长大。他父亲因为违背了守夜人法典而被处决，母亲又因为她的种族而被驱逐，这一切让斯温坚信所谓的社会法则中毫无荣誉可言——荣誉只存在于他心中。在照顾母亲走过弥留之际以后，他以新人的身份参加了守夜骑士团，并对自己的身份绝对保密。十三年来，他一直在他父亲当年的学校里学习，掌握那些仇视他出身的人所撰写的法则。接着，在他本该立誓成为守夜骑士的那天，他手持弃誓之刃，击碎神圣之盔，用守夜圣火烧毁了那所谓的法则。他大步流星的从守夜堡离开，注定了永世孤独，并向圣符起誓，只遵循他自己心中的法则。是的，他仍然是一名骑士，不过是只效忠于自己心中正义的...流浪剑客。","dj":"1|15|25","smz":"587|1305|2198","mfz":"208|445|874","gjl":"60-62|98-100|145-147","hj":"5|9|14","syfw":"1800/800","gjfw":"128","ddsd":"N/A","jdtj1":"http://www.dota2.com.cn/images/property/add/sven.jpg","jdms1":"这是一种比较常见的加点方式，首先流浪剑客的锤子是一个范围眩晕伤害技能，但是这个技能耗蓝比较高，前期加一点黄点是为了能多扔一个锤子。其次加的三技能是为了防止对方减价流而设置的，但是这个技能没有黄点的效果好。所以根据对方的技能来看是否加这个技能，因为这个技能一级就能有很好的作用了。最后就是二技能的取舍，因为流浪剑客不是带线英雄，所以这个英雄不需要早加这个技能，最后补满即可。大招因为是提高100%的攻击力，所以只要能加必须加起来，而且只有第一级才是100%，以后会越来越高呦。","jdtj2":null,"jdms2":null,"cmzb":"净化药水*1|治疗药膏*1|治疗药膏*1|力量手套*1|力量手套*1|铁树枝干*1","qqzb":"魔棒*1|护腕*1|速度之靴*1","hxzb":"魔杖*1|动力鞋*1|黑皇杖*1","hqsz":"闪烁匕首*1|韧鼓*1|恐鳌之心*1|强袭胸甲*1|疯狂面具*1|代达罗斯之殇*1","ljt":"http://www.dota2.com.cn/images/property/sven.gif","path":"sven","zymc":"天辉","zytb":"http://www.dota2.com.cn/images/heropedia/radiant.jpg","yxtp":"http://www.dota2.com.cn/images/others/sven_big1.jpg","gjlxxj":"1","yxdwxj":"2|1|1|1","llsjsmz":"19","llsjsmhf":"0.03","mjsjhj":"1","mjsjgjsd":"1","zlsjmfz":"13","zlsjmfhf":"0.04","sjgjl":"1","pjsh":"55","gjsd":"121|129|169","gjms":"1.4","gjsh":"60-62","gjjl":"128|128|128","wlhj":"4.94","wlshkx":"10%","mfshkx":"25%","minitb":"http://www.dota2.com.cn/images/heroes/sven_icon.png"},{"id":91,"zwm":"小小","ywm":"Tiny","jc":"山岭","xttx":"http://www.dota2.com.cn/images/heroes/tiny_full.png","dttx":"http://www.dota2.com.cn/images/heroes/tiny_vert.jpg","gjlx":"近战","yxlx":"力量","yxdw":"控制|爆发|先手|耐久","zltb":"http://www.dota2.com.cn/images/info1301/tit_img01.gif","zljc":"17","zlsj":"1.60","mjtb":"http://www.dota2.com.cn/images/info1301/tit_img02.gif","mjjc":"9","mjsj":"0.90","lltb":"http://www.dota2.com.cn/images/info1301/tit_img03.gif","lljc":"26","llsj":"3.00","gjltb":"http://www.dota2.com.cn/images/info1301/tit_img06.gif","csgjl":"37-43","ydsdtb":"http://www.dota2.com.cn/images/info1301/tit_img05.gif","csydsd":"285","hjtb":"http://www.dota2.com.cn/images/info1301/tit_img04.gif","cshj":"0.26","yxbj":"以一团石头的形式出现的生命体，小小不断思索他的起源，但这始终是个谜。现在的他是个石巨人，但过去是什么呢？从土傀儡的脚后跟掉落的碎片？从制造石像鬼的工房被打扫出来的碎屑？神圣预言石的表层之砂？受到强烈的好奇心驱使，他不知疲倦的环游世界，寻找着他的起源，他的出身，和他的种族。在旅途中，他变得越来越庞大，不过路上的风雨吹打掉了他身上的石头，所以他不停的吸收新的岩石，永远在长大。","dj":"1|15|25","smz":"644|1442|2392","mfz":"221|512|980","gjl":"63-69|105-111|155-161","hj":"0|2|6","syfw":"1800/800","gjfw":"128","ddsd":"N/A","jdtj1":"http://www.dota2.com.cn/images/property/add/tiny.jpg","jdms1":"鉴于lv1-3的V每级伤害提升80，一旦打出两次V的伤害，就相当于每级伤害提升了160。单级伤害提升如此之大，全dota无人能出其右。所以5级时要保证lv3的V。","jdtj2":null,"jdms2":null,"cmzb":"净化药水*1|树之祭祀*2|铁树枝干*3|圆环*1","qqzb":"魔棒*1|速度之靴*1|护腕*1|魔瓶*1","hxzb":"魔杖*1|奥术鞋*1|闪烁匕首*1","hqsz":"阿哈利姆神杖*1|强袭胸甲*1|韧鼓*1|恐鳌之心*1|邪恶镰刀*1|希瓦的守护*1","ljt":"http://www.dota2.com.cn/images/property/tiny.gif","path":"tiny","zymc":"天辉","zytb":"http://www.dota2.com.cn/images/heropedia/radiant.jpg","yxtp":"http://www.dota2.com.cn/images/others/tiny_big1.jpg","gjlxxj":"1","yxdwxj":"2|2|1|1","llsjsmz":"19","llsjsmhf":"0.03","mjsjhj":"1","mjsjgjsd":"1","zlsjmfz":"13","zlsjmfhf":"0.04","sjgjl":"1","pjsh":"64","gjsd":"109|113|131","gjms":"1.56","gjsh":"61-67","gjjl":"128|128|128","wlhj":"0.26","wlshkx":"1%","mfshkx":"25%","minitb":"http://www.dota2.com.cn/images/heroes/tiny_icon.png"},{"id":73,"zwm":"噬魂鬼","ywm":"Lifestealer","jc":"小狗","xttx":"http://www.dota2.com.cn/images/heroes/life_stealer_full.png","dttx":"http://www.dota2.com.cn/images/heroes/life_stealer_vert.jpg","gjlx":"近战","yxlx":"力量","yxdw":"核心|耐久|打野|逃生","zltb":"http://www.dota2.com.cn/images/info1301/tit_img01.gif","zljc":"15","zlsj":"1.75","mjtb":"http://www.dota2.com.cn/images/info1301/tit_img02.gif","mjjc":"18","mjsj":"1.90","lltb":"http://www.dota2.com.cn/images/info1301/tit_img03.gif","lljc":"25","llsj":"2.40","gjltb":"http://www.dota2.com.cn/images/info1301/tit_img06.gif","csgjl":"32-42","ydsdtb":"http://www.dota2.com.cn/images/info1301/tit_img05.gif","csydsd":"315","hjtb":"http://www.dota2.com.cn/images/info1301/tit_img04.gif","cshj":"1.52","yxbj":"在德瓦克地下城中，关押着一个一心想要复仇的巫师，他正在密谋着如何逃跑。和他被关在同一间牢房的，是一个口齿不清的生物，一个名叫奈克斯的贼，它被邪恶议会施加了长命百岁的诅咒，这样才有足够的时间来尽可能多的惩罚它的偷窃和欺骗的行径。年复一年，它的枷锁已然被侵蚀得不成样子，它的思维也不再清醒；奈克斯已经完全忘记了以前的事情，也不再想着逃跑。巫师见状，觉得自己为逃跑大计找到了一个完美的牺牲品，于是对奈克斯施放了感染之咒，将自己的生命之力灌注到奈克斯的躯壳里，然后指使奈克斯制造暴乱，牺牲它的躯体来破坏囚牢，巫师随后就能返回自己的身体，然后神不知鬼不觉的逃跑。然而他的如意算盘并未实现，在进入奈克斯躯体以后，巫师发现他的神志被一个疯狂的旋涡所捕获，那个旋涡的力量强横无匹，抹掉了他所有的意识。由于其意识被一个鲜活生命的闯入刺激，奈克斯突然之间从它那疯狂的梦魇中清醒了过来，并且按着脑海中那个虚无的声音的唯一的指令行动：逃跑。也就是在那个时候，噬魂鬼正式诞生。这个生命体将自己的心智灌注到地下城里面的卫兵身体里，强迫他们打开牢笼，杀死其他卫兵，为噬魂鬼打开了一条畅通无阻的自由大道，而他们的生命也在被吞噬。现在，噬魂鬼仍然带着那串破碎的镣铐，似乎是在告诉世界没有人能够禁锢住他，但同时它心里还认为自己是个囚犯。两个意识共存于一个身体里——一个恶毒狡猾，阳奉阴违的生命。","dj":"1|15|25","smz":"625|1263|2099","mfz":"195|514|1001","gjl":"57-67|91-101|135-145","hj":"2|5|11","syfw":"1800/800","gjfw":"128","ddsd":"N/A","jdtj1":"http://www.dota2.com.cn/images/property/add/lifestealer.jpg","jdms1":"小狗的加点比较灵活，在不同的局势下前期加满任何一种技能都是可以的。建议3级的时候3个技能个点一级，然后再根据场上形势选择主次。","jdtj2":null,"jdms2":null,"cmzb":"树之祭祀*1|治疗药膏*1|圆盾*1|铁树枝干*3","qqzb":"速度之靴*1|魔棒*1","hxzb":"动力鞋*1|魔杖*1|莫尔迪基安的臂章*1|振奋宝石*1","hqsz":"雷神之锤*1|强袭胸甲*1|深渊之刃*1|黯灭*1|闪烁匕首*1|撒旦之邪力*1","ljt":"http://www.dota2.com.cn/images/property/life_stealer.gif","path":"lifestealer","zymc":"夜魇","zytb":"http://www.dota2.com.cn/images/heropedia/dire.jpg","yxtp":"http://www.dota2.com.cn/images/others/life_stealer_big1.jpg","gjlxxj":"1","yxdwxj":"2|2|1|1","llsjsmz":"19","llsjsmhf":"0.03","mjsjhj":"1","mjsjgjsd":"1","zlsjmfz":"13","zlsjmfhf":"0.04","sjgjl":"1","pjsh":"62","gjsd":"118|126|164","gjms":"1.44","gjsh":"57-67","gjjl":"128|128|128","wlhj":"1","wlshkx":"8%","mfshkx":"25%","minitb":"http://www.dota2.com.cn/images/heroes/life_lifestealer_icon.png"}],"videoList":[{"id":40,"spdz":"http://dota2.dl.wanmei.com/dota2/patch/ursa_basic.flv","zwm":"熊战士","splx":"新手教学","createtime":null,"img":"http://www.dota2.com.cn/apps/dota2/images/video/raider/ursa_basic.jpg","bfsc":"2:36","gxsj":"2013-10-30","spbb":"6.79","spdzm":"http://dota2.dl.wanmei.com/dota2/video/ursa_basic.mp4"}],"recommendList":[{"id":141,"gldz":"http://www.dota2.com.cn/raiders/newer/20131101/152749.shtml","tm":"暴力美学DOTA2熊战士攻略拍出一片天","sj":"2013-11-1","zwm":"熊战士","tp":"http://dota2.wanmei.com/resources/jpg/140217/10251392625064285.jpg","js":"从DOTA到入手DOTA2已经半年。看到很多的国人在DOTA2的世界里慢慢变成深坑。坑了自己，坑了国人，最重要的是影响作者我战绩的提高。"},{"id":142,"gldz":"http://www.dota2.com.cn/raiders/step/20131101/152759.shtml","tm":"DOTA2熊战士攻略怒意狂击下的暴力输出","sj":"2013-11-1","zwm":"熊战士","tp":"http://dota2.wanmei.com/resources/jpg/140217/10251392625109820.jpg","js":"DOTA2里面具备秒人、单杀能力的英雄非常受玩家喜欢，因为杀人的快感使得任何玩家都失去抵抗力。熊战士是非常受欢迎的英雄。"}],"adapt_bkz_list":[{"id":99,"zwm":"育母蜘蛛","ywm":"Broodmother","jc":"蜘蛛","xttx":"http://www.dota2.com.cn/images/heroes/broodmother_full.png","dttx":"http://www.dota2.com.cn/images/heroes/broodmother_vert.jpg","gjlx":"近战","yxlx":"敏捷","yxdw":"辅助|爆发|先手|推进","zltb":"http://www.dota2.com.cn/images/info1301/tit_img01.gif","zljc":"18","zlsj":"2","mjtb":"http://www.dota2.com.cn/images/info1301/tit_img02.gif","mjjc":"18","mjsj":"2.2","lltb":"http://www.dota2.com.cn/images/info1301/tit_img03.gif","lljc":"17","llsj":"2.5","gjltb":"http://www.dota2.com.cn/images/info1301/tit_img06.gif","csgjl":"26-32","ydsdtb":"http://www.dota2.com.cn/images/info1301/tit_img05.gif","csydsd":"295","hjtb":"http://www.dota2.com.cn/images/info1301/tit_img04.gif","cshj":"2.52","yxbj":"几个世纪以来，育母蜘蛛布蕾克·艾拉齐娜一直潜伏在灼神山的火山口岩洞中，悉心的照料着数以百万计的幼虫，保证他们能够安全的存活到去地上世界捕食的年龄。直到后来，索罗普瑟斯，一个贪婪的权臣，在死火山的火山口修建了他的私人庙塔，因为他知道，就算有人觊觎他的财富，也不能活着穿越那条蜘蛛出没的死亡之路。在安享了几百年的安宁后，布蕾克·艾拉齐娜发现一些不速之客不停的在干扰着她的生活，毛手毛脚的小偷、有勇无谋的骑士，以及出生贵族的年轻人——诚然，他们都是美味的食物，但是他们的到来切实的影响到了她照料她那“无辜”的后代。忍无可忍之时，她去造访了索罗普瑟斯，而这个权臣却不愿意妥协，于是她用蛛丝将他裹起来，扔到一边，留给那些即将出生的小崽子们美味一顿。不幸的是，庙塔主人的失踪却让更多的人壮着胆子前来骚扰。而当她的一名新生儿被一个冒失的探险者踩死时，她终于爆发了。育母蜘蛛向着地上世界前进，誓要清洗掉世界上所有可能对她的孩子有威胁的入侵者，即使是英雄也不例外，直到确保她能够为她那珍贵的小蜘蛛们提供一个安全健康的温床。","dj":"1|15|25","smz":"473|1138|1993","mfz":"234|598|1118","gjl":"44-50|75-81|117-123","hj":"3|7|13","syfw":"1800/800","gjfw":"128","ddsd":"N/A","jdtj1":"http://www.dota2.com.cn/images/property/add/broodmother.jpg","jdms1":"育母蜘蛛最大的特点就是牵制和推进，说她是个战术英雄更加靠谱，往往在你们与对面缠斗的时候，育母蜘蛛就可以孤身一人推掉你的高地。由于前期有蛛网的存在，没有真眼的情况下很难将蜘蛛击杀。","jdtj2":"","jdms2":"","cmzb":"治疗药膏*1|树之祭祀*1|净化药水*1|铁树枝干*2|守护指环*1","qqzb":"速度之靴*1|灵魂之戒*1|天鹰之戒*1","hxzb":"动力鞋*1|紫怨*1","hqsz":"黑皇杖*1|弗拉迪米尔的祭品*1|蝴蝶*1|金箍棒*1|强袭胸甲*1|辉耀*1","ljt":"http://www.dota2.com.cn/images/property/broodmother.gif","path":"broodmother","zymc":"夜魇","zytb":"http://www.dota2.com.cn/images/heropedia/dire.jpg","yxtp":"http://www.dota2.com.cn/images/others/broodmother_big1.jpg","gjlxxj":"1","yxdwxj":"3|1|1","llsjsmz":"19","llsjsmhf":"0.03","mjsjhj":"1","mjsjgjsd":"1","zlsjmfz":"13","zlsjmfhf":"0.04","sjgjl":"1","pjsh":"47","gjsd":"118|127|171","gjms":"1.44","gjsh":"44-50","gjjl":"128|128|128","wlhj":"2","wlshkx":"13%","mfshkx":"25%","minitb":"http://www.dota2.com.cn/images/heroes/broodmother_icon.png"},{"id":37,"zwm":"巨魔战将","ywm":"Troll Warlord","jc":"巨魔","xttx":"http://www.dota2.com.cn/images/heroes/troll_warlord_full.png","dttx":"http://www.dota2.com.cn/images/heroes/troll_warlord_vert.jpg","gjlx":"远程","yxlx":"敏捷","yxdw":"核心","zltb":"http://www.dota2.com.cn/images/info1301/tit_img01.gif","zljc":"13","zlsj":"1","mjtb":"http://www.dota2.com.cn/images/info1301/tit_img02.gif","mjjc":"21","mjsj":"2.75","lltb":"http://www.dota2.com.cn/images/info1301/tit_img03.gif","lljc":"17","llsj":"2.205","gjltb":"http://www.dota2.com.cn/images/info1301/tit_img06.gif","csgjl":"17-35","ydsdtb":"http://www.dota2.com.cn/images/info1301/tit_img05.gif","csydsd":"300","hjtb":"http://www.dota2.com.cn/images/info1301/tit_img04.gif","cshj":"1.94","yxbj":"激怒巨魔是非常轻松的一件事情。巨魔这个种族的特点是容易动怒，喜爱争斗，靠着争吵和打架度日，不会错过任何话茬扯着嗓门与人争辩。男性巨魔在女族长的统治下在地下洞穴长到成年，终日饭来张口，游手好闲。通常在成年后他们还会待上数年，女族长继续负责他们的吃喝拉撒。当年轻的巨魔最终离开地下的洞穴时，他们会找到同类三两成群，组成团伙四处游荡，高声抱怨各种琐事。</p><p>既然巨魔生性爱吵架，可以想象下一只巨魔因为太难相处被族人赶走是件多么稀罕的事。比如巨魔战将的经历，来自霍文林地深处的巨魔商人。他是如此的轻信别人，言语又十分刻薄粗暴，即使是其他巨魔也发现难以与他相处。特别是有一次他用嘲讽的语气声称刚才突袭抓住的狮子他也该分到一份时，他的同伴们爆发了。他们把矛头都指向他，用棍棒痛扁了一顿，还把他赶出了露营聚集地。他因为这次驱逐暴跳如雷，第二天回去的时候已经全副武装，一个接一个地把同伴杀光。接着他立下血誓：此后成为一支战斗力量为自己卖命。现在他以巨魔战将的称号在世界上游荡，言语尖酸，动作凶猛，作为一支单兵军队里高高在上的高级指挥官。","dj":"1|15|25","smz":"473|1058|1856","mfz":"169|351|741","gjl":"38-56|77-95|124-142","hj":"2|7|14","syfw":"1800/800","gjfw":"500","ddsd":"1200","jdtj1":"http://www.dota2.com.cn/images/property/add/troll_warlord.jpg","jdms1":"推荐一套比较实在的加点方式，核心思想是把技能点更多地投入用于稳定的伤害输出。游戏开始1级狂战士之怒即可提供巨魔招牌式的远程近战切换能力，便于线上补刀和适当压制对手。之后优先升满旋风飞斧，保证前期一套技能的杀伤力。接下来选择提升热血战魂，继续提升前中期的稳定输出能力。大招的效果在新版本中有所加强，应保证等级以增强全队的作战能力。游戏后期补满狂战士之怒，用于与对方核心英雄展开正面对决。","jdtj2":"","jdms2":"","cmzb":"敏捷便鞋*2|树之祭祀*1|治疗药膏*1|净化药水*1|铁树枝干*1","qqzb":"速度之靴*1|怨灵系带*1","hxzb":"魔杖*1|相位鞋*1|影刃*1|黑皇杖*1","hqsz":"幻影斧*1|黯灭*1|蝴蝶*1|雷神之锤*1|斯嘉蒂之眼*1|撒旦之邪力*1","ljt":"http://www.dota2.com.cn/images/property/troll_warlord.gif","path":"troll_warlord","zymc":"天辉","zytb":"http://www.dota2.com.cn/images/heropedia/radiant.jpg","yxtp":"http://www.dota2.com.cn/images/others/troll_warlord_big1.jpg","gjlxxj":"1","yxdwxj":"3","llsjsmz":"19","llsjsmhf":"0.03","mjsjhj":"1","mjsjgjsd":"1","zlsjmfz":"13","zlsjmfhf":"0.04","sjgjl":"1","pjsh":"47","gjsd":"121|132|187","gjms":"1.4","gjsh":"38-56","gjjl":"500|500|500","wlhj":"1","wlshkx":"10%","mfshkx":"25%","minitb":"http://www.dota2.com.cn/images/heroes/troll_warlord_icon.png"},{"id":102,"zwm":"卓尔游侠","ywm":"Drow Ranger","jc":"小黑、崔希丝","xttx":"http://www.dota2.com.cn/images/heroes/drow_ranger_full.png","dttx":"http://www.dota2.com.cn/images/heroes/drow_ranger_vert.jpg","gjlx":"远程","yxlx":"敏捷","yxdw":"核心","zltb":"http://www.dota2.com.cn/images/info1301/tit_img01.gif","zljc":"15","zlsj":"1.4","mjtb":"http://www.dota2.com.cn/images/info1301/tit_img02.gif","mjjc":"26","mjsj":"1.9","lltb":"http://www.dota2.com.cn/images/info1301/tit_img03.gif","lljc":"17","llsj":"1.9","gjltb":"http://www.dota2.com.cn/images/info1301/tit_img06.gif","csgjl":"18-29","ydsdtb":"http://www.dota2.com.cn/images/info1301/tit_img05.gif","csydsd":"300","hjtb":"http://www.dota2.com.cn/images/info1301/tit_img04.gif","cshj":"0.64","yxbj":"卓尔游侠名叫崔希丝，这个名字很适合矮小、有点像侏儒、令人生厌的卓尔人。但崔希丝并不是卓尔人。她的双亲在坐大篷车旅行时受到土匪的袭击，滥杀无辜的土匪激怒了附近爱好和平的卓尔人。战斗结束后，卓尔人发现了一个藏在马车残骸中的小女孩，他们一致同意不能让这个失去父母的孩子被抛弃。还是孩童时，崔希丝就展现出了她对那些卓尔人引以为傲的技术的天赋：隐秘、沉默、敏锐。如果不看身体，在精神上她就像一个被拐走后又回到自己真正家中的卓尔人孩童。但随着她的成长，她的个头比她的家人高了不少，她因此认为自己是个丑陋的卓尔人。即使她皮肤光滑且长的匀称，完全没有卓尔人的肉疣和粗糙的髯须。与收养她的部族疏远后，她独自居住在森林中。许多在森林中寻路的旅行者都说他们见过一个美丽得难以置信的游侠在树林深处凝视他们，而当他们试图接近时，她又消失的无影无踪。轻盈、隐秘的冷美人，她像无声的迷雾般移动。你听到的森林低语，其实是她命中敌人心脏的霜冻箭矢的破空之声。","dj":"1|15|25","smz":"473|978|1719","mfz":"195|450|892","gjl":"44-55|71-82|110-121","hj":"1|4|10","syfw":"1800/1700","gjfw":"625","ddsd":"1250","jdtj1":"http://www.dota2.com.cn/images/property/add/drow_ranger.jpg","jdms1":"卓尔游侠是一名敏捷型后期英雄，卓尔游侠的加点选择也非常多，这种是前期主加冰箭的，满级冰箭50%的减速效果还是非常恶心人的，也成为前期对线的一大利器。值得注意的就是前期务必要加一点沉默，往往在击杀或者被gank时有着意想不到的效果。","jdtj2":"","jdms2":"","cmzb":"治疗药膏*1|树之祭祀*1|敏捷便鞋*2|铁树枝干*2","qqzb":"速度之靴*1|魔棒*1|怨灵系带*2","hxzb":"魔杖*1|动力鞋*1|幻影斧*1","hqsz":"影刃*1|蝴蝶*1|代达罗斯之殇*1|黑皇杖*1|撒旦之邪力*1","ljt":"http://www.dota2.com.cn/images/property/drow_ranger.gif","path":"drow_ranger","zymc":"天辉","zytb":"http://www.dota2.com.cn/images/heropedia/radiant.jpg","yxtp":"http://www.dota2.com.cn/images/others/drow_ranger_big1.jpg","gjlxxj":"1","yxdwxj":"2","llsjsmz":"19","llsjsmhf":"0.03","mjsjhj":"1","mjsjgjsd":"1","zlsjmfz":"13","zlsjmfhf":"0.04","sjgjl":"1","pjsh":"49","gjsd":"126|134|172","gjms":"1.35","gjsh":"44-55","gjjl":"625|625|625","wlhj":"0","wlshkx":"3%","mfshkx":"25%","minitb":"http://www.dota2.com.cn/images/heroes/drow_ranger_icon.png"},{"id":71,"zwm":"圣堂刺客","ywm":"Templar Assassin","jc":"TA，圣堂","xttx":"http://www.dota2.com.cn/images/heroes/templar_assassin_full.png","dttx":"http://www.dota2.com.cn/images/heroes/templar_assassin_vert.jpg","gjlx":"远程","yxlx":"敏捷","yxdw":"核心|逃生","zltb":"http://www.dota2.com.cn/images/info1301/tit_img01.gif","zljc":"20","zlsj":"2","mjtb":"http://www.dota2.com.cn/images/info1301/tit_img02.gif","mjjc":"23","mjsj":"2.7","lltb":"http://www.dota2.com.cn/images/info1301/tit_img03.gif","lljc":"18","llsj":"2.1","gjltb":"http://www.dota2.com.cn/images/info1301/tit_img06.gif","csgjl":"30-36","ydsdtb":"http://www.dota2.com.cn/images/info1301/tit_img05.gif","csydsd":"305","hjtb":"http://www.dota2.com.cn/images/info1301/tit_img04.gif","cshj":"4.22","yxbj":"拉娜娅，圣堂刺客，一直行走在对万物的探求之路上。她有一颗渴求知识的心，早年就非常专注于研究自然法则——对魔法和炼金术有关的书非常入迷，试图重现她在紫罗兰档案馆找到的吉光片羽中记载的实验，并且背下了档案保管者对实验的观察记录。由于她天性安静且诡秘，再加上获得这些东西的高难度，拉娜娅的隐秘行动技巧得到了进一步的强化。假如她稍微不低调一点，她就可能成为盗贼公会里面人人敬仰的盗贼大师了。不过她的研究一步步的将她带进了更为诡异的死角。就在她将自己的隐秘天赋完全奉献给探索宇宙秘密的时候，却无意中打开了另外一扇门：隐之圣堂的入口。入口另一边的智慧生命早已在等着她了，他们告诉了拉娜娅许多他们发现的秘密，然而当他们告诉拉娜娅她可以为圣堂服务时，这些秘密都算不得什么了。她立誓守护这些秘密，然而更重要的是，为圣堂服务能够满足她那对知识无尽的渴求。在她杀死的敌人的眼中，她逐渐看到了一直在追寻的秘密。","dj":"1|15|25","smz":"492|1051|1830","mfz":"260|624|1144","gjl":"53-59|91-97|138-144","hj":"4|10|16","syfw":"1800/800","gjfw":"140","ddsd":"900","jdtj1":"http://www.dota2.com.cn/images/property/add/templar_assassin.jpg","jdms1":"Dota2圣堂刺客在TI2上的亮眼表现一定相信一定不会让大家忘记。这是Dota2圣堂刺客最为主流的加点，前期主折光，无论补刀，线上压制还是报名逃生都乃神技，隐匿前期只学一级用来关键时刻保命，如果对自己的补刀不太自信可以将灵能之刃等级加高，建议加到2级之后再捕满隐匿。","jdtj2":"","jdms2":"","cmzb":"树之祭祀*1|敏捷便鞋*2|治疗药膏*1|铁树枝干*2","qqzb":"魔棒*1|速度之靴*1|魔瓶*1","hxzb":"魔杖*1|闪烁匕首*1|相位鞋*1","hqsz":"幻影斧*1|黑皇杖*1|金箍棒*1|影刃*1|蝴蝶*1|影刃*1","ljt":"http://www.dota2.com.cn/images/property/templar_assassin.gif","path":"templar_assassin","zymc":"天辉","zytb":"http://www.dota2.com.cn/images/heropedia/radiant.jpg","yxtp":"http://www.dota2.com.cn/images/others/templar_assassin_big1.jpg","gjlxxj":"1","yxdwxj":"2|1","llsjsmz":"19","llsjsmhf":"0.03","mjsjhj":"1","mjsjgjsd":"1","zlsjmfz":"13","zlsjmfhf":"0.04","sjgjl":"1","pjsh":"56","gjsd":"123|134|188","gjms":"1.38","gjsh":"53-59","gjjl":"140|140|140","wlhj":"4","wlshkx":"20%","mfshkx":"25%","minitb":"http://www.dota2.com.cn/images/heroes/templar_assassin_icon.png"},{"id":36,"zwm":"狙击手","ywm":"Sniper","jc":"火枪，传说哥","xttx":"http://www.dota2.com.cn/images/heroes/sniper_full.png","dttx":"http://www.dota2.com.cn/images/heroes/sniper_vert.jpg","gjlx":"远程","yxlx":"敏捷","yxdw":"核心","zltb":"http://www.dota2.com.cn/images/info1301/tit_img01.gif","zljc":"15","zlsj":"2.6","mjtb":"http://www.dota2.com.cn/images/info1301/tit_img02.gif","mjjc":"21","mjsj":"2.5","lltb":"http://www.dota2.com.cn/images/info1301/tit_img03.gif","lljc":"16","llsj":"1.7","gjltb":"http://www.dota2.com.cn/images/info1301/tit_img06.gif","csgjl":"15-21","ydsdtb":"http://www.dota2.com.cn/images/info1301/tit_img05.gif","csydsd":"290","hjtb":"http://www.dota2.com.cn/images/info1301/tit_img04.gif","cshj":"1.94","yxbj":"卡德尔·鹰眼出生在诺伦山脉的山谷中，这里的住民从太古以来就靠猎杀居住在村庄上方悬崖上的一种奇怪生物为生，他们从远距离杀死这种叫峭壁潜行兽的生物，然后收集他们掉下来的尸体。鹰眼是这些怪异住民中其中最棒的射手之一，对他来说，枪械是他身体的一部分，射击就和触摸一样自然。在征召之日，他即将在村庄中获得完全的地位时，他经历了古老的考验：从谷底一击射下一头悬崖上的潜行兽。打空则是耻辱。在全体村民的注视下，鹰眼射击了。一头潜行兽掉下来了；人群欢呼了。但当尸体被收起时，整个村子都沉默了，长老发现子弹穿过了潜行兽中间的眼睛后，紧紧的卡在了它的下颚骨中。这个凶兆正是黑暗预言的开端所描述的，按预言中所说，射出这发子弹的枪手将成为伟大的人，但也将被流放。狙击手鹰眼因此离开了他的人民，被他自己的技术所诅咒，在剩下的预言实现前不得回来，他必须成为战场上的传说。","dj":"1|15|25","smz":"454|906|1609","mfz":"195|668|1266","gjl":"36-42|77-83|126-132","hj":"2|8|14","syfw":"1800/1000","gjfw":"550","ddsd":"3000","jdtj1":"http://www.dota2.com.cn/images/property/add/sniper.jpg","jdms1":"狙击手的加点主要有两种，主加散弹和不加散弹，这套加点是主加散弹和射程，散弹的范围伤害很高，并有减速效果还能对塔造成伤害，性价比还是很不错的。","jdtj2":null,"jdms2":null,"cmzb":"树之祭祀*1|净化药水*1|敏捷便鞋*2|铁树枝干*2","qqzb":"速度之靴*1|怨灵系带*1","hxzb":"魔杖*1|动力鞋*1|影刃*1","hqsz":"幻影斧*1|黯灭*1|蝴蝶*1|雷神之锤*1|斯嘉蒂之眼*1|撒旦之邪力*1","ljt":"http://www.dota2.com.cn/images/property/sniper.gif","path":"sniper","zymc":"天辉","zytb":"http://www.dota2.com.cn/images/heropedia/radiant.jpg","yxtp":"http://www.dota2.com.cn/images/others/sniper_big1.jpg","gjlxxj":"1","yxdwxj":"2","llsjsmz":"19","llsjsmhf":"0.03","mjsjhj":"1","mjsjgjsd":"1","zlsjmfz":"13","zlsjmfhf":"0.04","sjgjl":"1","pjsh":"39","gjsd":"121|133|191","gjms":"1.4","gjsh":"36-42","gjjl":"550|550|550","wlhj":"1","wlshkx":"10%","mfshkx":"25%","minitb":"http://www.dota2.com.cn/images/heroes/sniper_icon.png"},{"id":79,"zwm":"斯拉达","ywm":"Slardar","jc":"大鱼人","xttx":"http://www.dota2.com.cn/images/heroes/slardar_full.png","dttx":"http://www.dota2.com.cn/images/heroes/slardar_vert.jpg","gjlx":"近战","yxlx":"力量","yxdw":"核心|耐久|控制|先手","zltb":"http://www.dota2.com.cn/images/info1301/tit_img01.gif","zljc":"15","zlsj":"1.50","mjtb":"http://www.dota2.com.cn/images/info1301/tit_img02.gif","mjjc":"17","mjsj":"2.40","lltb":"http://www.dota2.com.cn/images/info1301/tit_img03.gif","lljc":"21","llsj":"2.80","gjltb":"http://www.dota2.com.cn/images/info1301/tit_img06.gif","csgjl":"30-38","ydsdtb":"http://www.dota2.com.cn/images/info1301/tit_img05.gif","csydsd":"300","hjtb":"http://www.dota2.com.cn/images/info1301/tit_img04.gif","cshj":"5.38","yxbj":"斯拉达是个鱼人，一位深海住民，他守卫着沉没的城市和其中埋藏的古老宝藏。在海底深渊那黑暗的海沟中，鱼人守卫带着作为诱饵的光源穿梭在藏有宝物的密室中。陆地上贪婪的巫师们派下去的潜水盗贼被他看似友善的光亮吸引，然后一去不返。他对海洋绝对忠诚，沉默寡言的性格有效的隐藏了海洋最秘密场所的位置。有时他会上浮到浅海侦查，不顾光亮造成的痛苦，确保没人在对深海进行谋划。有时他会无情的追杀那些极少数设法从沉没宝库偷取了一件宝物的家伙。由于斯拉达的一生都生活在深海中，承受着海洋巨大的水压，因此鱼人守卫的力量无比强大。","dj":"1|15|25","smz":"549|1294|2206","mfz":"195|468|923","gjl":"51-59|90-98|138-148","hj":"5|10|16","syfw":"1800/800","gjfw":"128","ddsd":"N/A","jdtj1":"http://www.dota2.com.cn/images/property/add/slardar.jpg","jdms1":"鱼人守卫，曾经有一段时间风靡CW舞台，很多战队都爱使用它。有控制，够肉，打得了输出。鱼人的加点也变化不多，被动虽然imba但是鱼人蛋疼的攻击速度，前期点被动的性价比着实不高。冲锋学满反而大大增加了鱼人守卫的机动性。","jdtj2":null,"jdms2":null,"cmzb":"圆盾*1|治疗药膏*1|树之祭祀*1|净化药水*1|铁树枝干*2","qqzb":"魔棒*1|速度之靴*1|治疗指环*1","hxzb":"魔杖*1|动力鞋*1|先锋盾*1","hqsz":"黑皇杖*1|闪烁匕首*1|恐鳌之心*1|黯灭*1|强袭胸甲*1|撒旦之邪力*1","ljt":"http://www.dota2.com.cn/images/property/slardar.gif","path":"slardar","zymc":"夜魇","zytb":"http://www.dota2.com.cn/images/heropedia/dire.jpg","yxtp":"http://www.dota2.com.cn/images/others/slardar_big1.jpg","gjlxxj":"1","yxdwxj":"2|2|2|1","llsjsmz":"19","llsjsmhf":"0.03","mjsjhj":"1","mjsjgjsd":"1","zlsjmfz":"13","zlsjmfhf":"0.04","sjgjl":"1","pjsh":"55","gjsd":"117|127|175","gjms":"1.45","gjsh":"51-59","gjjl":"128|128|128","wlhj":"5","wlshkx":"24%","mfshkx":"25%","minitb":"http://www.dota2.com.cn/images/heroes/slardar_icon.png"},{"id":77,"zwm":"水晶室女","ywm":"Crystal Maiden","jc":"冰女","xttx":"http://www.dota2.com.cn/images/heroes/crystal_maiden_full.png","dttx":"http://www.dota2.com.cn/images/heroes/crystal_maiden_vert.jpg","gjlx":"远程","yxlx":"智力","yxdw":"辅助|控制|爆发|对线辅助","zltb":"http://www.dota2.com.cn/images/info1301/tit_img01.gif","zljc":"16","zlsj":"2.9","mjtb":"http://www.dota2.com.cn/images/info1301/tit_img02.gif","mjjc":"16","mjsj":"1.6","lltb":"http://www.dota2.com.cn/images/info1301/tit_img03.gif","lljc":"16","llsj":"1.7","gjltb":"http://www.dota2.com.cn/images/info1301/tit_img06.gif","csgjl":"19-25","ydsdtb":"http://www.dota2.com.cn/images/info1301/tit_img05.gif","csydsd":"280","hjtb":"http://www.dota2.com.cn/images/info1301/tit_img04.gif","cshj":"1.24","yxbj":"水晶室女莉莱出生在一个气候温和的地区，与性子火爆的姐姐莉娜一起长大，她很快就发现她天生对冰元素的吸引力给周围所有人制造了麻烦。只要她在附近坐下休息，井水和山泉瞬间就会被冻住；成熟的庄稼被寒霜冻伤，果园变成了冰的迷宫，然后垮塌损毁。当他们无奈的父母把莉娜送到南方后，又把莉莱流放到了寒冷北方的冰川残骸，一个隐居在蓝心冰川顶峰的寒冰巫师收留了她。经过长期的学习后，巫师认为莉莱已经能够独立的修习冰冻魔法了，于是他便降入冰川内开始千年的冬眠。从那以后，莉莱的冰冻法术变的愈发精湛，而现在，她的魔法已无可匹敌。","dj":"1|15|25","smz":"454|906|1609","mfz":"208|736|1343","gjl":"35-41|76-82|125-131","hj":"1|4|9","syfw":"1800/800","gjfw":"600","ddsd":"900","jdtj1":"http://www.dota2.com.cn/images/property/add/crystal_maiden.jpg","jdms1":"上来先加冰霜新星有利于帮助队友拿1血，然后加个冰封禁制，有了控制以防不备之需，然后就是奥术光环，冰女的灵魂技能，无论何种加点方式7级时满光环是优秀的辅助冰女不二选择。冰封禁制、冰霜新星：两个限制技能各有千秋，前者偏控制，后者偏限制。无论版本如何改动还是改变不了冰女打辅助为主的命，具体哪个技能第二优先点满看阵容及场上形势决定。前期两者各升一级是必须的。","jdtj2":null,"jdms2":null,"cmzb":"树之祭祀*1|治疗药膏*1|净化药水*1|力量手套*1|动物信使*1|铁树枝干*1","qqzb":"魔棒*1|速度之靴*1|护腕*1|护腕*1","hxzb":"魔杖*1|静谧之鞋*1|韧鼓*1|侦查守卫*1","hqsz":"Eul的神圣法杖*1|幽魂权杖*1|邪恶镰刀*1|阿哈利姆神杖*1|希瓦的守护*1|影刃*1","ljt":"http://www.dota2.com.cn/images/property/crystal_maiden.gif","path":"crystal_maiden","zymc":"天辉","zytb":"http://www.dota2.com.cn/images/heropedia/radiant.jpg","yxtp":"http://www.dota2.com.cn/images/others/crystal_maiden_big1.jpg","gjlxxj":"1","yxdwxj":"3|2|2|1","llsjsmz":"19","llsjsmhf":"0.03","mjsjhj":"1","mjsjgjsd":"1","zlsjmfz":"13","zlsjmfhf":"0.04","sjgjl":"1","pjsh":"41","gjsd":"116|122|154","gjms":"1.47","gjsh":"38-44","gjjl":"600|600|600","wlhj":"1","wlshkx":"6%","mfshkx":"25%","minitb":"http://www.dota2.com.cn/images/heroes/crystal_maiden_icon.png"},{"id":91,"zwm":"小小","ywm":"Tiny","jc":"山岭","xttx":"http://www.dota2.com.cn/images/heroes/tiny_full.png","dttx":"http://www.dota2.com.cn/images/heroes/tiny_vert.jpg","gjlx":"近战","yxlx":"力量","yxdw":"控制|爆发|先手|耐久","zltb":"http://www.dota2.com.cn/images/info1301/tit_img01.gif","zljc":"17","zlsj":"1.60","mjtb":"http://www.dota2.com.cn/images/info1301/tit_img02.gif","mjjc":"9","mjsj":"0.90","lltb":"http://www.dota2.com.cn/images/info1301/tit_img03.gif","lljc":"26","llsj":"3.00","gjltb":"http://www.dota2.com.cn/images/info1301/tit_img06.gif","csgjl":"37-43","ydsdtb":"http://www.dota2.com.cn/images/info1301/tit_img05.gif","csydsd":"285","hjtb":"http://www.dota2.com.cn/images/info1301/tit_img04.gif","cshj":"0.26","yxbj":"以一团石头的形式出现的生命体，小小不断思索他的起源，但这始终是个谜。现在的他是个石巨人，但过去是什么呢？从土傀儡的脚后跟掉落的碎片？从制造石像鬼的工房被打扫出来的碎屑？神圣预言石的表层之砂？受到强烈的好奇心驱使，他不知疲倦的环游世界，寻找着他的起源，他的出身，和他的种族。在旅途中，他变得越来越庞大，不过路上的风雨吹打掉了他身上的石头，所以他不停的吸收新的岩石，永远在长大。","dj":"1|15|25","smz":"644|1442|2392","mfz":"221|512|980","gjl":"63-69|105-111|155-161","hj":"0|2|6","syfw":"1800/800","gjfw":"128","ddsd":"N/A","jdtj1":"http://www.dota2.com.cn/images/property/add/tiny.jpg","jdms1":"鉴于lv1-3的V每级伤害提升80，一旦打出两次V的伤害，就相当于每级伤害提升了160。单级伤害提升如此之大，全dota无人能出其右。所以5级时要保证lv3的V。","jdtj2":null,"jdms2":null,"cmzb":"净化药水*1|树之祭祀*2|铁树枝干*3|圆环*1","qqzb":"魔棒*1|速度之靴*1|护腕*1|魔瓶*1","hxzb":"魔杖*1|奥术鞋*1|闪烁匕首*1","hqsz":"阿哈利姆神杖*1|强袭胸甲*1|韧鼓*1|恐鳌之心*1|邪恶镰刀*1|希瓦的守护*1","ljt":"http://www.dota2.com.cn/images/property/tiny.gif","path":"tiny","zymc":"天辉","zytb":"http://www.dota2.com.cn/images/heropedia/radiant.jpg","yxtp":"http://www.dota2.com.cn/images/others/tiny_big1.jpg","gjlxxj":"1","yxdwxj":"2|2|1|1","llsjsmz":"19","llsjsmhf":"0.03","mjsjhj":"1","mjsjgjsd":"1","zlsjmfz":"13","zlsjmfhf":"0.04","sjgjl":"1","pjsh":"64","gjsd":"109|113|131","gjms":"1.56","gjsh":"61-67","gjjl":"128|128|128","wlhj":"0.26","wlshkx":"1%","mfshkx":"25%","minitb":"http://www.dota2.com.cn/images/heroes/tiny_icon.png"}],"honorList":[{"id":70,"zwm":"熊战士","msg":"暂无","createtime":null}],"adapt_zd_list":[{"id":41,"zwm":"冥魂大帝","ywm":"Wraith King","jc":"SNK、骷髅王","xttx":"http://www.dota2.com.cn/images/heroes/skeleton_king_full.png","dttx":"http://www.dota2.com.cn/images/heroes/skeleton_king_vert.jpg","gjlx":"近战","yxlx":"力量","yxdw":"耐久|核心|控制","zltb":"http://www.dota2.com.cn/images/info1301/tit_img01.gif","zljc":"18","zlsj":"1.60","mjtb":"http://www.dota2.com.cn/images/info1301/tit_img02.gif","mjjc":"18","mjsj":"1.70","lltb":"http://www.dota2.com.cn/images/info1301/tit_img03.gif","lljc":"22","llsj":"2.90","gjltb":"http://www.dota2.com.cn/images/info1301/tit_img06.gif","csgjl":"39-41","ydsdtb":"http://www.dota2.com.cn/images/info1301/tit_img05.gif","csydsd":"300","hjtb":"http://www.dota2.com.cn/images/info1301/tit_img04.gif","cshj":"2.52","yxbj":"奥斯塔里昂大帝那建造在敌人骸骨上的庞大帝国已经屹立了无数个年头了，他对自己的统治有着无尽的狂热，希望自己的集权统治能够永生不灭。他坚信，只要自己宫殿里的的白骨高塔建成，他就将万古不朽。然后他最终还是意识到自己这一想法的荒谬...白骨也会腐坏。出于对血肉之躯的不屑，他找到了一个更为长久的办法来维持自己的统治，冥魂之力，一种在某些黑暗生物死亡时释放出的纯粹的精神力量。出于国王的骄傲，在计划将冥魂精华灌入自己体内时，他认为最好自己也能拥有一副光耀不灭的躯体。在千年一遇的至日，冥魂之夜那一天，他启动了仪式，命令他的手下收集足够多的灵魂来完成他自己的不朽。王上终不朽，将士万骨枯。现在，冥魂大帝已不再迷恋他那闪光的王座——他拔出自己的巨剑外出征伐，被他征服的人，要献上自己无惧死亡的绝对忠诚。","dj":"1|15|25","smz":"568|1339|2270","mfz":"234|525|993","gjl":"61-63|102-104|151-153","hj":"3|6|11","syfw":"1800/800","gjfw":"128","ddsd":"N/A","jdtj1":"http://www.dota2.com.cn/images/property/add/skeleton_king.jpg","jdms1":"这是一种比较常见的骷髅王加点，骷髅是个弱智英雄，前期蓝量只够仍一次锤子，所以前期加黄点对骷髅的性价比非常高。","jdtj2":null,"jdms2":null,"cmzb":"树之祭祀*1|治疗药膏*1|净化药水*1|铁树枝干*2|压制之刃*1","qqzb":"魔棒*1|速度之靴*1|铁意头盔*1","hxzb":"魔杖*1|动力鞋*1|莫尔迪基安的臂章*1","hqsz":"黯灭*1|黑皇杖*1|强袭胸甲*1|深渊之刃*1|恐鳌之心*1|天堂之戟*1","ljt":"http://www.dota2.com.cn/images/property/skeleton_king.gif","path":"wraith_king","zymc":"夜魇","zytb":"http://www.dota2.com.cn/images/heropedia/dire.jpg","yxtp":"http://www.dota2.com.cn/images/others/skeleton_king_big1.jpg","gjlxxj":"1","yxdwxj":"3|2|2","llsjsmz":"19","llsjsmhf":"0.03","mjsjhj":"1","mjsjgjsd":"1","zlsjmfz":"13","zlsjmfhf":"0.04","sjgjl":"1","pjsh":"55","gjsd":"118|125|159","gjms":"1.44","gjsh":"54-56","gjjl":"128|128|128","wlhj":"3","wlshkx":"17%","mfshkx":"25%","minitb":"http://www.dota2.com.cn/images/heroes/skeleton_king_icon.png"},{"id":22,"zwm":"艾欧","ywm":"Io","jc":"小精灵","xttx":"http://www.dota2.com.cn/images/heroes/wisp_full.png","dttx":"http://www.dota2.com.cn/images/heroes/wisp_vert.jpg","gjlx":"远程","yxlx":"力量","yxdw":"辅助|对线辅助|爆发","zltb":"http://www.dota2.com.cn/images/info1301/tit_img01.gif","zljc":"23","zlsj":"1.7","mjtb":"http://www.dota2.com.cn/images/info1301/tit_img02.gif","mjjc":"14","mjsj":"1.6","lltb":"http://www.dota2.com.cn/images/info1301/tit_img03.gif","lljc":"17","llsj":"1.9","gjltb":"http://www.dota2.com.cn/images/info1301/tit_img06.gif","csgjl":"26-35","ydsdtb":"http://www.dota2.com.cn/images/info1301/tit_img05.gif","csydsd":"295","hjtb":"http://www.dota2.com.cn/images/info1301/tit_img04.gif","cshj":"-0.04","yxbj":"精灵守卫存在于所有地方和世间万物之内。敌人们诋毁它为灭绝者，学者们则尊崇它为闪动的神圣之眼，精灵守卫同时在所有位面存在着，它们可以在任何时候将自己身体的一小部分转化为物理存在。就像伟大的双子骑士\"暗\"与\"光\"一样，精灵守卫艾欧也是来自远古的旅者，它真正的来历已经淹没在时间中。它是比时间还要古老的宇宙法则，来自凡人无法理解的领域。精灵守卫不仅仅是物质内部的吸引力和排斥力的结合，它是将物质粒子连接在一起的电荷的直观体现。只有将这些力量进行可控的扭曲，精灵守卫才能在物理位面被人感受到。作为一股善意、乐于合作的力量，精灵守卫将它的力量与其它人绑在一起，让盟友的力量得到强化。它的心思深不可测，它的力量无法想象，精灵守卫在物理位面穿梭着，是神秘宇宙的完美体现。","dj":"1|15|25","smz":"473|978|1719","mfz":"299|608|1089","gjl":"43-52|70-79|109-118","hj":"-0|3|8","syfw":"1800/800","gjfw":"575","ddsd":"1200","jdtj1":"http://www.dota2.com.cn/images/property/add/Io.jpg","jdms1":"小精灵现在的主流加点方式，首先连线是为了让对方英雄眩晕，同时追杀和逃跑在线上也有一定的作用。其次就是W这个技能，不仅伤害高，还收放自如也算是一个反杀的利器了，并且只要正常在晕上对方英雄之后都能够打在对方英雄身上。","jdtj2":"","jdms2":"","cmzb":"力量手套*2|铁树枝干*1|净化药水*1|治疗药膏*1|树之祭祀*1","qqzb":"魔棒*1|速度之靴*1|影之灵龛*1","hxzb":"奥术鞋*1|魔杖*1|梅肯斯姆*1|侦查守卫*1","hqsz":"恐鳌之心*1|希瓦的守护*1|强袭胸甲*1|洞察烟斗*1|刷新球*1|韧鼓*1","ljt":"http://www.dota2.com.cn/images/property/wisp.gif","path":"io","zymc":"天辉","zytb":"http://www.dota2.com.cn/images/heropedia/radiant.jpg","yxtp":"http://www.dota2.com.cn/images/others/wisp_big1.jpg","gjlxxj":"1","yxdwxj":"3|2|1","llsjsmz":"19","llsjsmhf":"0.03","mjsjhj":"1","mjsjgjsd":"1","zlsjmfz":"13","zlsjmfhf":"0.04","sjgjl":"1","pjsh":"47","gjsd":"114|120|152","gjms":"1.49","gjsh":"43-52","gjjl":"575|575|575","wlhj":"0","wlshkx":"0%","mfshkx":"25%","minitb":"http://www.dota2.com.cn/images/heroes/wisp_icon.png"},{"id":57,"zwm":"全能骑士","ywm":"Omniknight","jc":"全能","xttx":"http://www.dota2.com.cn/images/heroes/omniknight_full.png","dttx":"http://www.dota2.com.cn/images/heroes/omniknight_vert.jpg","gjlx":"近战","yxlx":"力量","yxdw":"耐久|对线辅助|辅助","zltb":"http://www.dota2.com.cn/images/info1301/tit_img01.gif","zljc":"17","zlsj":"1.80","mjtb":"http://www.dota2.com.cn/images/info1301/tit_img02.gif","mjjc":"15","mjsj":"1.75","lltb":"http://www.dota2.com.cn/images/info1301/tit_img03.gif","lljc":"20","llsj":"2.65","gjltb":"http://www.dota2.com.cn/images/info1301/tit_img06.gif","csgjl":"31-41","ydsdtb":"http://www.dota2.com.cn/images/info1301/tit_img05.gif","csydsd":"305","hjtb":"http://www.dota2.com.cn/images/info1301/tit_img04.gif","cshj":"5.1","yxbj":"普利斯特·雷霆之怒是一名见多识广、勇于拼搏、无比虔诚的骑士，他被声望极高的骑士团长老抚养长大，作为他们的贴身侍卫，立誓遵守他们的命令。他将一生都献给了全知全能的神。骑士团毕生都在进行艰苦的圣战，而普利斯特也至死不渝的履行着他的职责，奉献他的力量以及那年轻人特有的热忱，从未有过怀疑。然而，多年的远征让他的长辈和上级都已经归于尘土，带着悔恨和愧疚，被埋葬在远征路上的墓穴里，他亲如兄弟的战友，在同那些拒绝臣服于全能之神的野蛮人的战斗中陨落，而他自己的亲卫，也被伏击、瘟疫吞噬，于是他开始质疑自己誓言的意义——远征的意义。经过了深刻的冥想，他离开了他的军队，长途跋涉回到了晴雪城——传说中的圣城，在那里，他对全能之神的祭司们发出了质问。从来没有哪个骑士胆敢如此，祭司们试图将他投入献祭之渊，然而普利斯特却如山一般无法撼动。因为当他俯视着祭司时，全身闪耀着圣洁之光，祭司们看到全能之神选择了他作为其显圣之身。年长的大祭司见状，便亲自花费了数周的时间，指引他前往圣城深处的密室，世间最为圣洁之地，在那里等着他的，并不是一些充满智慧的晦涩抽象的书籍，也不是什么供人信奉的洞窟遗迹，而是全能之神本尊。神在这个密室里已经居住了千万年，并且创造了世间万物，在星球周围创造了巨大的保护外壳，抵御来自其他世界的邪恶。全能之神告诉普利斯特，他创造了世界，并且给予了教徒世间的真理。骑士没有办法驳斥这个故事。也许全能之神只是一个被关在石牢里面的骗子，根本不是什么创世者，但是全能骑士也不再质疑他的信仰。他的战斗终于有了意义，毫无疑问，他身体里面涌动着神圣的光明之力，而他在战斗中带给战友的力量，更是不容置疑。","dj":"1|15|25","smz":"530|1235|2118","mfz":"221|549|1043","gjl":"51-61|88-98|135-145","hj":"4|8|13","syfw":"1800/800","gjfw":"128","ddsd":"N/A","jdtj1":"http://www.dota2.com.cn/images/property/add/omniknight.jpg","jdms1":"不管是中单还是边路的全能骑士都是这么加点，因为这个英雄本身就是一个奶妈级别的英雄，所以这么加点不仅能保证自己的生存还能让队友有更长的生存时间。其次说一下光环和加血的取舍，基本上dota有一个共通点就是很多技能都是1级收益最大，所以一级的魔免能让你躲过对方的集火就可以了，次要升级光环是因为这个光环黏人的效果很明显，都是百分比的减少对方的攻击速度和移动速度，虽然只有300码，但是只要黏住就能给队友创造击杀的机会。","jdtj2":null,"jdms2":null,"cmzb":"治疗药膏*1|净化药水*2|铁树枝干*2|守护指环*1|树之祭祀*1","qqzb":"速度之靴*1|魔棒*1|王者之戒*1","hxzb":"灵魂之戒*1|奥术鞋*1|魔杖*1|侦查守卫*1|回城卷轴*1","hqsz":"阿哈利姆神杖*1|梅肯斯姆*1|邪恶镰刀*1|希瓦的守护*1|远行鞋*1|弗拉迪米尔的祭品*1","ljt":"http://www.dota2.com.cn/images/property/omniknight.gif","path":"omniknight","zymc":"天辉","zytb":"http://www.dota2.com.cn/images/heropedia/radiant.jpg","yxtp":"http://www.dota2.com.cn/images/others/omniknight_big1.jpg","gjlxxj":"1","yxdwxj":"2|1|1","llsjsmz":"19","llsjsmhf":"0.03","mjsjhj":"1","mjsjgjsd":"1","zlsjmfz":"13","zlsjmfhf":"0.04","sjgjl":"1","pjsh":"56","gjsd":"115|122|157","gjms":"1.48","gjsh":"51-61","gjjl":"128|128|128","wlhj":"5.1","wlshkx":"19%","mfshkx":"25%","minitb":"http://www.dota2.com.cn/images/heroes/omniknight_icon.png"}],"hqszList":[{"goods":{"id":91,"bigtype":"升级物品","type":"武器","wpmc":"蝴蝶","wppz":"4","wptp":"http://www.dota2.com.cn/images/items/butterfly_lg.png","jgtb":"http://www.dota2.com.cn/images/info1301/tit_img07.gif","jg":"5875","wpjs":"只有最强大最老练的战士才能携带蝴蝶，但它也提供无可比拟的战斗灵活力作为回报。","wpzyms":"","wpsyff":"","wpxg":"+ <span class=\"color_yellow\">30</span> 敏捷<br/>+ <span class=\"color_yellow\">30</span> 攻击力<br/>+ <span class=\"color_yellow\">35%</span> 闪避概率<br/>+ <span class=\"color_yellow\">30</span> 攻击速度","lqsjtb":"","lqsj":"","mfxhtb":"","mfxh":"","qzwptb":null,"wpzyms2":"能与其他闪避效果叠加。","item_en":"butterfly"},"count":1},{"goods":{"id":111,"bigtype":"升级物品","type":"圣物","wpmc":"黯灭","wppz":"5","wptp":"http://www.dota2.com.cn/images/items/desolator_lg.png","jgtb":"http://www.dota2.com.cn/images/info1301/tit_img07.gif","jg":"4100","wpjs":"这件邪恶并且嗜血的武器，通常用于拷打政治犯。","wpzyms":"黯灭是攻击特效，不与其它攻击特效叠加。","wpsyff":"被动：腐蚀-你的攻击降低被攻击目标的护甲，持续15秒。","wpxg":"+ <span class=\"color_yellow\">60</span> 攻击力<br/>护甲削弱：<span class=\"color_yellow\">7</span>","lqsjtb":"","lqsj":"","mfxhtb":"","mfxh":"","qzwptb":"","wpzyms2":"护甲降低效果对建筑物有效。","item_en":"desolator"},"count":1},{"goods":{"id":103,"bigtype":"升级物品","type":"防具","wpmc":"强袭胸甲","wppz":"4","wptp":"http://www.dota2.com.cn/images/items/assault_lg.png","jgtb":"http://www.dota2.com.cn/images/info1301/tit_img07.gif","jg":"5250","wpjs":"在幽冥地带的深渊锻造，这件地狱盔甲提高整支军队的护甲和攻击速度。","wpzyms":"多个强袭光环的效果不会叠加。","wpsyff":"被动：强袭光环 - 提升附近友军单位的攻击速度和护甲，削弱附近敌军的护甲。","wpxg":"+ <span class=\"color_yellow\">35</span> 攻击速度<br/>+ <span class=\"color_yellow\">10</span> 护甲<br/>光环提升攻击速度：<span class=\"color_yellow\">20</span><br/>光环提升护甲：<span class=\"color_yellow\">5</span><br/>护甲削弱：<span class=\"color_yellow\">5</span>","lqsjtb":"","lqsj":"","mfxhtb":"","mfxh":"","qzwptb":"","wpzyms2":"强袭护甲光环可以和其他类型护甲光环（王者之戒、天鹰之戒、弗拉迪米尔的祭品）叠加。","item_en":"assault"},"count":1},{"goods":{"id":89,"bigtype":"升级物品","type":"武器","wpmc":"金箍棒","wppz":"4","wptp":"http://www.dota2.com.cn/images/items/monkey_king_bar_lg.png","jgtb":"http://www.dota2.com.cn/images/info1301/tit_img07.gif","jg":"5400","wpjs":"一位大师级战士使用的强力棍棒。","wpzyms":"","wpsyff":"被动：猛击-攻击有一定概率猛击敌人，造成额外伤害并打断持续施法。<br>被动：克敌机先-攻击不会落空。","wpxg":"+ <span class=\"color_yellow\">88</span> 攻击力<br/>+ <span class=\"color_yellow\">15</span> 攻击速度<br/>猛击概率：<span class=\"color_yellow\">35%</span><br/>猛击伤害：<span class=\"color_yellow\">100</span>","lqsjtb":"","lqsj":"","mfxhtb":"","mfxh":"","qzwptb":"","wpzyms2":"","item_en":"monkey_king_bar"},"count":1},{"goods":{"id":90,"bigtype":"升级物品","type":"武器","wpmc":"代达罗斯之殇","wppz":"4","wptp":"http://www.dota2.com.cn/images/items/greater_crit_lg.png","jgtb":"http://www.dota2.com.cn/images/info1301/tit_img07.gif","jg":"5550","wpjs":"这件武器有着惊人的力量，即使是最强的战士也难以掌控它。","wpzyms":"","wpsyff":"被动：致命一击-普通攻击有一定概率造成致命伤害。","wpxg":"+ <span class=\"color_yellow\">81</span> 攻击力<br/>致命一击概率：<span class=\"color_yellow\">25%</span><br/>致命一击伤害：<span class=\"color_yellow\">240%</span>","lqsjtb":"","lqsj":"","mfxhtb":"","mfxh":"","qzwptb":"","wpzyms2":"","item_en":"greater_crit"},"count":1},{"goods":{"id":104,"bigtype":"升级物品","type":"防具","wpmc":"恐鳌之心","wppz":"4","wptp":"http://www.dota2.com.cn/images/items/heart_lg.png","jgtb":"http://www.dota2.com.cn/images/info1301/tit_img07.gif","jg":"5500","wpjs":"已经绝种的怪物的心脏，能提升携带者的耐久力。","wpzyms":"如果你的英雄最近4秒（远程英雄6秒）内受到敌方英雄或Roshan的攻击，此被动将失效。","wpsyff":"被动：生命恢复 - 每秒恢复正比于你最大生命值的生命。","wpxg":"+ <span class=\"color_yellow\">40</span> 力量<br/>+ <span class=\"color_yellow\">300</span> 生命值<br/>生命回复量：<span class=\"color_yellow\">4%</span>","lqsjtb":"http://www.dota2.com.cn/images/info1301/ico2.gif","lqsj":"6","mfxhtb":"","mfxh":"","qzwptb":null,"wpzyms2":"","item_en":"heart"},"count":1}],"hxzbList":[{"goods":{"id":54,"bigtype":"升级物品","type":"普通","wpmc":"相位鞋","wppz":"2","wptp":"http://www.dota2.com.cn/images/items/phase_boots_lg.png","jgtb":"http://www.dota2.com.cn/images/info1301/tit_img07.gif","jg":"1350","wpjs":"穿着它的人可以穿越虚空。","wpzyms":"多个鞋类物品提供的数值移动速度加成不叠加。","wpsyff":"主动：相位移动-提升移动速度并使你可以穿越单位。使用其他物品或技能将取消相位移动效果。","wpxg":"相位移动持续时间：<span class=\"color_yellow\">2.5</span><br/>相位移动加速：<span class=\"color_yellow\">24%/20%</span><br/>+ <span class=\"color_yellow\">50</span> 移动速度<br/>+ <span class=\"color_yellow\">24</span> 攻击力","lqsjtb":"http://www.dota2.com.cn/images/info1301/ico2.gif","lqsj":"8","mfxhtb":"","mfxh":"","qzwptb":null,"wpzyms2":"","item_en":"phase_boots"},"count":1},{"goods":{"id":50,"bigtype":"升级物品","type":"普通","wpmc":"魔杖","wppz":"2","wptp":"http://www.dota2.com.cn/images/items/magic_wand_lg.png","jgtb":"http://www.dota2.com.cn/images/info1301/tit_img07.gif","jg":"509","wpjs":"一个简易但实用的魔杖，能够补充使用者的能量--巫师学徒和高级术士都喜欢。","wpzyms":"","wpsyff":"主动：充能 - 每当周围有敌人施放技能都会自动充能（最多15点能量）。当使用时，每点能量为你回复生命值和魔法值。","wpxg":"+ <span class=\"color_yellow\">3</span> 所有属性<br/>每点能量回复：<span class=\"color_yellow\">15</span>","lqsjtb":"http://www.dota2.com.cn/images/info1301/ico2.gif","lqsj":"12","mfxhtb":"","mfxh":"","qzwptb":"","wpzyms2":"1200码视野范围内敌人使用技能就会获得点数。 <br>部分英雄技能和物品技能的施放将不会增加点数。","item_en":"magic_wand"},"count":1},{"goods":{"id":69,"bigtype":"升级物品","type":"辅助","wpmc":"弗拉迪米尔的祭品","wppz":"3","wptp":"http://www.dota2.com.cn/images/items/vladmir_lg.png","jgtb":"http://www.dota2.com.cn/images/info1301/tit_img07.gif","jg":"2050","wpjs":"被死去的吸血鬼怨念诅咒的面具。","wpzyms":"多个光环效果不能叠加。","wpsyff":"被动：迅捷光环-为附近友军提供攻击速度和移动速度加成。<br/>被动：弗拉迪米尔光环-为附近的友军提供多种加成。吸血光环效果只作用于近战单位。","wpxg":"光环吸血百分比：<span class=\"color_yellow\">16%</span><br/>光环额外伤害：<span class=\"color_yellow\">15%</span><br/>光环增益护甲：<span class=\"color_yellow\">5</span><br/>光环增益回魔：<span class=\"color_yellow\">0.8</span><br/>+ <span class=\"color_yellow\">2</span> 生命恢复速率","lqsjtb":"","lqsj":"","mfxhtb":"","mfxh":"","qzwptb":"","wpzyms2":"王者之戒，天鹰之戒和弗拉迪米尔的祭品拥有的护甲光环互不叠加。","item_en":"vladmir"},"count":1},{"goods":{"id":46,"bigtype":"基础物品","type":"奥术","wpmc":"闪烁匕首","wppz":"1","wptp":"http://www.dota2.com.cn/images/items/blink_lg.png","jgtb":"http://www.dota2.com.cn/images/info1301/tit_img07.gif","jg":"2250","wpjs":"传说中这块大陆上来去如风的刺客使用的匕首。","wpzyms":"","wpsyff":"主动：闪烁 - 传送到最远1200距离的位置。如果受到攻击，闪烁匕首将在3秒内无法使用。","wpxg":"","lqsjtb":"http://www.dota2.com.cn/images/info1301/ico2.gif","lqsj":"12","mfxhtb":"","mfxh":"","qzwptb":null,"wpzyms2":"快速点击两次会将自己往已方泉水方向传送。","item_en":"blink"},"count":1}],"adapt_kz_list":[{"id":104,"zwm":"灰烬之灵","ywm":"Ember Spirit","jc":"火熊猫","xttx":"http://www.dota2.com.cn/images/heroes/ember_spirit_full.png","dttx":"http://www.dota2.com.cn/images/heroes/ember_spirit_vert.jpg","gjlx":"近战","yxlx":"敏捷","yxdw":"核心|爆发","zltb":"http://www.dota2.com.cn/images/info1301/tit_img01.gif","zljc":"20","zlsj":"1.8","mjtb":"http://www.dota2.com.cn/images/info1301/tit_img02.gif","mjjc":"22","mjsj":"1.8","lltb":"http://www.dota2.com.cn/images/info1301/tit_img03.gif","lljc":"19","llsj":"2","gjltb":"http://www.dota2.com.cn/images/info1301/tit_img06.gif","csgjl":"30-34","ydsdtb":"http://www.dota2.com.cn/images/info1301/tit_img05.gif","csydsd":"310","hjtb":"http://www.dota2.com.cn/images/info1301/tit_img04.gif","cshj":"1.08","yxbj":"在燃烧要塞中有一口玉石大釜，里面装满了灰烬，这是当年的战争诗人，炘的火葬之地。炘毕生都在卫火盟教导年轻的弟子。后来燃烧之神被炘的师德所打动，下凡来到要塞中，重新点燃了灰烬。余烬之中，炘的样子渐渐成型，四周环绕着火焰。他的面容一如既往的沉静，为了让知识之火燎原，为寻求指引的人提供方向，他已准备就绪。","dj":"1|15|25","smz":"511|1043|1803","mfz":"260|588|1082","gjl":"52-56|71-81|115-119","hj":"1|5|10","syfw":"1800/800","gjfw":"128","ddsd":"N/A","jdtj1":"http://www.dota2.com.cn/images/property/ember_spirit.jpg","jdms1":"由于烈火罩能持续造成伤害，所以可以进行主升，之后升级炎阳索，提升技能伤害，有大加大，最后升级无影拳，增加中后期带线和消耗的能力。","jdtj2":"","jdms2":"","cmzb":"治疗药膏*1|净化药水*2|铁树枝干*2|圆盾*1","qqzb":"速度之靴*1|魔棒*1|影之灵龛*1","hxzb":"奥术鞋*1|魔杖*1|先锋盾*1","hqsz":"代达罗斯之殇*1|恐鳌之心*1|蝴蝶*1|雷神之锤*1|狂战斧*2","ljt":"http://www.dota2.com.cn/images/property/ember_spirit.gif","path":"ember_spirit","zymc":"天辉","zytb":"http://www.dota2.com.cn/images/heropedia/radiant.jpg","yxtp":"http://www.dota2.com.cn/images/others/ember_spirit_big1.jpg","gjlxxj":"1","yxdwxj":"1|2","llsjsmz":"19","llsjsmhf":"0.03","mjsjhj":"1","mjsjgjsd":"1","zlsjmfz":"13","zlsjmfhf":"0.04","sjgjl":"1","pjsh":"54","gjsd":"122|129|165","gjms":"1.39","gjsh":"52-56","gjjl":"128|128|128","wlhj":"1","wlshkx":"6%","mfshkx":"25%","minitb":"http://www.dota2.com.cn/images/heroes/ember_spirit_icon.png"},{"id":106,"zwm":"凤凰","ywm":"Phoenix","jc":"凤凰","xttx":"http://www.dota2.com.cn/images/heroes/phoenix_full.png","dttx":"http://www.dota2.com.cn/images/heroes/phoenix_vert.jpg","gjlx":"远程","yxlx":"力量","yxdw":"先手|控制|爆发","zltb":"http://www.dota2.com.cn/images/info1301/tit_img01.gif","zljc":"18","zlsj":"1.80","mjtb":"http://www.dota2.com.cn/images/info1301/tit_img02.gif","mjjc":"12","mjsj":"1.30","lltb":"http://www.dota2.com.cn/images/info1301/tit_img03.gif","lljc":"17","llsj":"2.90","gjltb":"http://www.dota2.com.cn/images/info1301/tit_img06.gif","csgjl":"26-36","ydsdtb":"http://www.dota2.com.cn/images/info1301/tit_img05.gif","csydsd":"285","hjtb":"http://www.dota2.com.cn/images/info1301/tit_img04.gif","cshj":"-0.32","yxbj":"永世的黑暗中，光之守护者的第一个太阳之光轻微闪过，这一束有自我意识的光线注定要在虚空里发光发热。亿万年里，这一束炫目的光芒逐渐聚集了无穷的能量，爆发成了一颗超新星。在这烈火之中，如同其起源一样的光线向四下散射，穿越黑暗的海洋，到达各个星座。很快，这些光芒也将成为超新星，以同样的形式向外传递着光和热。这种奇迹一般的生命与重生将一直持续到创世神鬼斧神工的苍穹之上被完全点亮。在这无尽的轮回中，被凡人们称作凤凰的星星坍塌成型，和其先前的光芒一样，凤凰也一头扎入无尽宇宙，在其邻近的星系中散布光能。经过长久的轮回，逐渐有了意识，开始了解万物，机缘巧合下听闻有一处地方，由于宇宙的横生变故进行着经年累月的战斗。因此众星的新生儿化成了生物形态，渴望在最黑暗的地方闪耀他的光和热。","dj":"1|15|25","smz":"473|1244|2175","mfz":"234|562|1056","gjl":"43-53|84-94|133-143","hj":"0|2|7","syfw":"1800/800","gjfw":"500","ddsd":"1100","jdtj1":"","jdms1":"","jdtj2":null,"jdms2":null,"cmzb":"治疗药膏*1|树之祭祀*1|铁树枝干*1|圆盾*1","qqzb":"速度之靴*1|护腕*1|天鹰之戒*1|食人魔之斧*1","hxzb":"动力鞋*1|韧鼓*1|幻影斧*1","hqsz":"代达罗斯之殇*1|恐鳌之心*1|蝴蝶*1|辉耀*1|黑皇杖*1|斯嘉蒂之眼*1","ljt":"","path":"phoenix","zymc":"天辉","zytb":"http://www.dota2.com.cn/images/heropedia/radiant.jpg","yxtp":"http://www.dota2.com.cn/images/others/phoenix_big1.jpg","gjlxxj":"1","yxdwxj":"3|2|3","llsjsmz":"19","llsjsmhf":"0.03","mjsjhj":"1","mjsjgjsd":"1","zlsjmfz":"13","zlsjmfhf":"0.04","sjgjl":"1","pjsh":"48","gjsd":"112|130|143","gjms":"1.52","gjsh":"43-53","gjjl":"500|500|500","wlhj":"0","wlshkx":"-1%","mfshkx":"25%","minitb":"http://www.dota2.com.cn/images/heroes/phoenix_icon.png"},{"id":70,"zwm":"末日使者","ywm":"Doom","jc":"末日，爸爸","xttx":"http://www.dota2.com.cn/images/heroes/doom_bringer_full.png","dttx":"http://www.dota2.com.cn/images/heroes/doom_bringer_vert.jpg","gjlx":"近战","yxlx":"力量","yxdw":"耐久|核心|爆发","zltb":"http://www.dota2.com.cn/images/info1301/tit_img01.gif","zljc":"13","zlsj":"2.10","mjtb":"http://www.dota2.com.cn/images/info1301/tit_img02.gif","mjjc":"11","mjsj":"0.90","lltb":"http://www.dota2.com.cn/images/info1301/tit_img03.gif","lljc":"26","llsj":"3.20","gjltb":"http://www.dota2.com.cn/images/info1301/tit_img06.gif","csgjl":"27-43","ydsdtb":"http://www.dota2.com.cn/images/info1301/tit_img05.gif","csydsd":"290","hjtb":"http://www.dota2.com.cn/images/info1301/tit_img04.gif","cshj":"0.54","yxbj":"他的烈焰永不熄灭，他的吞食永远得不到满足，他的杀戮无人能够制裁——路西法带给他的敌人的只有末日。手持火焰之剑，掠夺灵魂，他是堕落者，曾经是暗之国度备受敬畏的将军，却因蔑视之罪而被放逐——他拒绝向任何人下跪。佤什昂多的丧钟六次为他敲响。他的翅膀受到六十六次烙印之刑，直到只剩下烧焦的残支。失去双翼之后，他尖叫着坠向大地。落到了沙漠中的一个火山口，失落的乐园。现在他的进攻毫无怜悯，也不需理由，在七片黑暗领土上，只有他能自由行动。受到无法摆脱的欲望束缚，被难以想象的天赋所扭曲，末日使者所到之处既是地狱。蔑视世间一切。最终，世界将归于末日。","dj":"1|15|25","smz":"644|1495|2483","mfz":"169|551|1084","gjl":"53-69|98-114|150-166","hj":"1|2|6","syfw":"1800/800","gjfw":"150","ddsd":"N/A","jdtj1":"http://www.dota2.com.cn/images/property/add/doom_bringer.jpg","jdms1":"新版本末日改版之后，无论你是打野流，发育流还是gank打法的末日，一级学吃兵都是性价比最高的。这种加点是打野末日加点，前期主吃兵和焦土，可以再野区有比较好的发育，到六级之后开始补等级炮，配合队友gank会有这不错的效果。","jdtj2":null,"jdms2":null,"cmzb":"铁树枝干*1|树之祭祀*1|治疗药膏*2|圆盾*1","qqzb":"治疗指环*1|魔棒*1|速度之靴*1|王者之戒*1","hxzb":"魔杖*1|先锋盾*1|相位鞋*1","hqsz":"辉耀*1|恐鳌之心*1|强袭胸甲*1|希瓦的守护*1|阿哈利姆神杖*1|刷新球*1","ljt":"http://www.dota2.com.cn/images/property/doom_bringer.gif","path":"doom","zymc":"夜魇","zytb":"http://www.dota2.com.cn/images/heropedia/dire.jpg","yxtp":"http://www.dota2.com.cn/images/others/doom_bringer_big1.jpg","gjlxxj":"1","yxdwxj":"2|2|1","llsjsmz":"19","llsjsmhf":"0.03","mjsjhj":"1","mjsjgjsd":"1","zlsjmfz":"13","zlsjmfhf":"0.04","sjgjl":"1","pjsh":"61","gjsd":"111|115|133","gjms":"1.53","gjsh":"53-69","gjjl":"150|150|150","wlhj":"0","wlshkx":"3%","mfshkx":"25%","minitb":"http://www.dota2.com.cn/images/heroes/doom_icon.png"},{"id":17,"zwm":"发条技师","ywm":"Clockwerk","jc":"发条、CG","xttx":"http://www.dota2.com.cn/images/heroes/rattletrap_full.png","dttx":"http://www.dota2.com.cn/images/heroes/rattletrap_vert.jpg","gjlx":"近战","yxlx":"力量","yxdw":"先手|耐久","zltb":"http://www.dota2.com.cn/images/info1301/tit_img01.gif","zljc":"17","zlsj":"1.30","mjtb":"http://www.dota2.com.cn/images/info1301/tit_img02.gif","mjjc":"13","mjsj":"2.30","lltb":"http://www.dota2.com.cn/images/info1301/tit_img03.gif","lljc":"24","llsj":"2.70","gjltb":"http://www.dota2.com.cn/images/info1301/tit_img06.gif","csgjl":"31-33","ydsdtb":"http://www.dota2.com.cn/images/info1301/tit_img05.gif","csydsd":"315","hjtb":"http://www.dota2.com.cn/images/info1301/tit_img04.gif","cshj":"1.82","yxbj":"瑞托崔普和狙击手以及修补匠属于同一个分布广泛的种族，和其他许多敏感的族人一样，瑞托崔普用他的智慧和一些小玩意弥补了体型上的矮小。作为一个钟表匠的孙子，瑞托崔普在这个行业当了很多年的学徒，直到战争从山的另一边席卷而来，摧毁了这个从事着与战斗无关的行业的无辜村庄。祖先传下来的村庄变成了满是焦火和黑烟的废墟，\"你的新行业是战斗\"他的父亲临死前留下这样一句话。这个可怜的生意人责备他的工具无法用于战斗，但瑞托崔普从不找借口。在村庄的废墟中埋葬了父亲后，瑞托崔普开始着手将他自己转变为前所未见的最强大的战争道具。他发誓永远不再毫无防备的被抓住，瑞托崔普用他的智慧装配了一套强大的发条动力装甲，这使其它大陆的骑士在他面前就像易拉罐般渺小。现在瑞托崔普全身充满各种装置，小而强大的战士，他埋伏和破坏的技术已经达到了几乎自动化的高效水平。这个死亡工匠的机械可以迅速干掉不够谨慎的敌人，在这个战争时代宣告了新的曙光。是时候让你们见识见识发条技师的厉害了！","dj":"1|15|25","smz":"606|1324|2217","mfz":"221|458|887","gjl":"55-57|93-95|140-142","hj":"2|6|12","syfw":"1800/800","gjfw":"128","ddsd":"N/A","jdtj1":"http://www.dota2.com.cn/images/property/add/clockwerk.jpg","jdms1":"这个加点应该是中单或者优势路发条比较凶猛的一种加点了，一技能的高伤害配合一级导弹的开视野和大招能更好的单杀对方英雄，而且发条的战场插入能力也能让对方脆皮英雄或者后排英雄放不出技能就被秒杀。这种加点的优势就是暴力凶残，自己的输出就很高，但是缺点就是控制对方的时间不多，毕竟框住对方的时间在很长一段时间内都是3秒。","jdtj2":null,"jdms2":null,"cmzb":"树之祭祀*1|治疗药膏*1|圆盾*1|铁树枝干*3","qqzb":"速度之靴*1|护腕*1|魔瓶*1","hxzb":"相位鞋*1|魔杖*1|刃甲*1","hqsz":"阿哈利姆神杖*1|韧鼓*1|洞察烟斗*1|恐鳌之心*1|辉耀*1|希瓦的守护*1","ljt":"http://www.dota2.com.cn/images/property/clockwerk.gif","path":"clockwerk","zymc":"天辉","zytb":"http://www.dota2.com.cn/images/heropedia/radiant.jpg","yxtp":"http://www.dota2.com.cn/images/others/rattletrap_big1.jpg","gjlxxj":"1","yxdwxj":"1|1","llsjsmz":"19","llsjsmhf":"0.03","mjsjhj":"1","mjsjgjsd":"1","zlsjmfz":"13","zlsjmfhf":"0.04","sjgjl":"1","pjsh":"56","gjsd":"113|122|168","gjms":"1.5","gjsh":"55-57","gjjl":"128|128|128","wlhj":"1.82","wlshkx":"9%","mfshkx":"25%","minitb":"http://www.dota2.com.cn/images/heroes/rattletrap_icon.png"},{"id":73,"zwm":"噬魂鬼","ywm":"Lifestealer","jc":"小狗","xttx":"http://www.dota2.com.cn/images/heroes/life_stealer_full.png","dttx":"http://www.dota2.com.cn/images/heroes/life_stealer_vert.jpg","gjlx":"近战","yxlx":"力量","yxdw":"核心|耐久|打野|逃生","zltb":"http://www.dota2.com.cn/images/info1301/tit_img01.gif","zljc":"15","zlsj":"1.75","mjtb":"http://www.dota2.com.cn/images/info1301/tit_img02.gif","mjjc":"18","mjsj":"1.90","lltb":"http://www.dota2.com.cn/images/info1301/tit_img03.gif","lljc":"25","llsj":"2.40","gjltb":"http://www.dota2.com.cn/images/info1301/tit_img06.gif","csgjl":"32-42","ydsdtb":"http://www.dota2.com.cn/images/info1301/tit_img05.gif","csydsd":"315","hjtb":"http://www.dota2.com.cn/images/info1301/tit_img04.gif","cshj":"1.52","yxbj":"在德瓦克地下城中，关押着一个一心想要复仇的巫师，他正在密谋着如何逃跑。和他被关在同一间牢房的，是一个口齿不清的生物，一个名叫奈克斯的贼，它被邪恶议会施加了长命百岁的诅咒，这样才有足够的时间来尽可能多的惩罚它的偷窃和欺骗的行径。年复一年，它的枷锁已然被侵蚀得不成样子，它的思维也不再清醒；奈克斯已经完全忘记了以前的事情，也不再想着逃跑。巫师见状，觉得自己为逃跑大计找到了一个完美的牺牲品，于是对奈克斯施放了感染之咒，将自己的生命之力灌注到奈克斯的躯壳里，然后指使奈克斯制造暴乱，牺牲它的躯体来破坏囚牢，巫师随后就能返回自己的身体，然后神不知鬼不觉的逃跑。然而他的如意算盘并未实现，在进入奈克斯躯体以后，巫师发现他的神志被一个疯狂的旋涡所捕获，那个旋涡的力量强横无匹，抹掉了他所有的意识。由于其意识被一个鲜活生命的闯入刺激，奈克斯突然之间从它那疯狂的梦魇中清醒了过来，并且按着脑海中那个虚无的声音的唯一的指令行动：逃跑。也就是在那个时候，噬魂鬼正式诞生。这个生命体将自己的心智灌注到地下城里面的卫兵身体里，强迫他们打开牢笼，杀死其他卫兵，为噬魂鬼打开了一条畅通无阻的自由大道，而他们的生命也在被吞噬。现在，噬魂鬼仍然带着那串破碎的镣铐，似乎是在告诉世界没有人能够禁锢住他，但同时它心里还认为自己是个囚犯。两个意识共存于一个身体里——一个恶毒狡猾，阳奉阴违的生命。","dj":"1|15|25","smz":"625|1263|2099","mfz":"195|514|1001","gjl":"57-67|91-101|135-145","hj":"2|5|11","syfw":"1800/800","gjfw":"128","ddsd":"N/A","jdtj1":"http://www.dota2.com.cn/images/property/add/lifestealer.jpg","jdms1":"小狗的加点比较灵活，在不同的局势下前期加满任何一种技能都是可以的。建议3级的时候3个技能个点一级，然后再根据场上形势选择主次。","jdtj2":null,"jdms2":null,"cmzb":"树之祭祀*1|治疗药膏*1|圆盾*1|铁树枝干*3","qqzb":"速度之靴*1|魔棒*1","hxzb":"动力鞋*1|魔杖*1|莫尔迪基安的臂章*1|振奋宝石*1","hqsz":"雷神之锤*1|强袭胸甲*1|深渊之刃*1|黯灭*1|闪烁匕首*1|撒旦之邪力*1","ljt":"http://www.dota2.com.cn/images/property/life_stealer.gif","path":"lifestealer","zymc":"夜魇","zytb":"http://www.dota2.com.cn/images/heropedia/dire.jpg","yxtp":"http://www.dota2.com.cn/images/others/life_stealer_big1.jpg","gjlxxj":"1","yxdwxj":"2|2|1|1","llsjsmz":"19","llsjsmhf":"0.03","mjsjhj":"1","mjsjgjsd":"1","zlsjmfz":"13","zlsjmfhf":"0.04","sjgjl":"1","pjsh":"62","gjsd":"118|126|164","gjms":"1.44","gjsh":"57-67","gjjl":"128|128|128","wlhj":"1","wlshkx":"8%","mfshkx":"25%","minitb":"http://www.dota2.com.cn/images/heroes/life_lifestealer_icon.png"},{"id":49,"zwm":"炼金术士","ywm":"Alchemist","jc":"炼金","xttx":"http://www.dota2.com.cn/images/heroes/alchemist_full.png","dttx":"http://www.dota2.com.cn/images/heroes/alchemist_vert.jpg","gjlx":"近战","yxlx":"力量","yxdw":"耐久|核心|控制","zltb":"http://www.dota2.com.cn/images/info1301/tit_img01.gif","zljc":"25","zlsj":"1.80","mjtb":"http://www.dota2.com.cn/images/info1301/tit_img02.gif","mjjc":"11","mjsj":"1.20","lltb":"http://www.dota2.com.cn/images/info1301/tit_img03.gif","lljc":"25","llsj":"1.80","gjltb":"http://www.dota2.com.cn/images/info1301/tit_img06.gif","csgjl":"24-33","ydsdtb":"http://www.dota2.com.cn/images/info1301/tit_img05.gif","csydsd":"295","hjtb":"http://www.dota2.com.cn/images/info1301/tit_img04.gif","cshj":"1.54","yxbj":"投身神圣的化学事业是黑酿家族的传统，但是年轻的拉泽尔无论是野心、创造力还是执着都超出了家族中的任何一人。然而在他成年以后，他却将家族事业置之不顾，开始试着用炼金术制造黄金。如他大胆的名声所述，有一次他宣布要把一整座山全部变成金子。在浪费了二十年时间进行研究和准备后，他的炼金术在众人面前壮观地失败了，实验造成了大面积的破坏，很快他就被囚禁了。然后拉泽尔从不轻易退步，他一直在寻找机会逃出去继续他的研究。当他的牢房来了一个凶猛的食人魔狱友后，他发现机会来了。说服食人魔不要吃他后，拉泽尔用牢房石地上生长的霉菌和苔藓为原料，仔细地调和着一种药酊，准备给食人魔喝。花了一周不到的时间，药酊似乎完成了。当食人魔喝下药剂后，它突然变得狂怒起来，像个无法阻挡的狂战士般，破坏了监狱的铁栏，冲破了墙壁和狱卒。很快他们就发现自己在城市外围的森林中迷路了，虽然留下了一路破坏的踪迹，但没有追兵的迹象。受到药剂后遗症的作用，食人魔显得很安详、快乐，也更热心了。决定合伙后，这对搭档再次出发去寻找拉泽尔炼金术试验所需要的材料。","dj":"1|15|25","smz":"625|1104|1826","mfz":"325|653|1147","gjl":"49-58|74-83|112-121","hj":"2|4|8","syfw":"1800/800","gjfw":"128","ddsd":"N/A","jdtj1":"http://www.dota2.com.cn/images/property/add/alchemist.jpg","jdms1":"炼金这个英雄出装备会非常快，所以需要这个英雄好好的去打钱。首先3技能就是为了让自己更快的打钱，其次就是主升级1技能，起到一个线上压制的作用，而且满级的毒雾基本上很快可以杀死远程兵，在推塔的时候也能让对方英雄不敢来防守塔。配合着回血回蓝的大招，基本上技能可以一直释放，学习一级晕是为了帮助队友gank或者反gank。","jdtj2":null,"jdms2":null,"cmzb":"树之祭祀*1|治疗药膏*1|铁树枝干*3|圆盾*1","qqzb":"速度之靴*1|魔棒*1|治疗指环*1|王者之戒*1","hxzb":"相位鞋*1|魔杖*1|先锋盾*1","hqsz":"","ljt":"http://www.dota2.com.cn/images/property/alchemist.gif","path":"alchemist","zymc":"天辉","zytb":"http://www.dota2.com.cn/images/heropedia/radiant.jpg","yxtp":"http://www.dota2.com.cn/images/others/alchemist_big1.jpg","gjlxxj":"1","yxdwxj":"2|1|1","llsjsmz":"19","llsjsmhf":"0.03","mjsjhj":"1","mjsjgjsd":"1","zlsjmfz":"13","zlsjmfhf":"0.04","sjgjl":"1","pjsh":"53","gjsd":"111|116|140","gjms":"1.53","gjsh":"49-58","gjjl":"128|128|128","wlhj":"1","wlshkx":"8%","mfshkx":"25%","minitb":"http://www.dota2.com.cn/images/heroes/alchemist_icon.png"},{"id":101,"zwm":"主宰","ywm":"Juggernaut","jc":"剑圣","xttx":"http://www.dota2.com.cn/images/heroes/juggernaut_full.png","dttx":"http://www.dota2.com.cn/images/heroes/juggernaut_vert.jpg","gjlx":"近战","yxlx":"敏捷","yxdw":"核心|推进","zltb":"http://www.dota2.com.cn/images/info1301/tit_img01.gif","zljc":"14","zlsj":"1.4","mjtb":"http://www.dota2.com.cn/images/info1301/tit_img02.gif","mjjc":"26","mjsj":"2.4","lltb":"http://www.dota2.com.cn/images/info1301/tit_img03.gif","lljc":"20","llsj":"1.9","gjltb":"http://www.dota2.com.cn/images/info1301/tit_img06.gif","csgjl":"24-28","ydsdtb":"http://www.dota2.com.cn/images/info1301/tit_img05.gif","csydsd":"305","hjtb":"http://www.dota2.com.cn/images/info1301/tit_img04.gif","cshj":"3.8","yxbj":"没有人见过主宰尤涅若面具下的真面目。甚至有人认为他没有脸部。作为公然反抗腐败领主的惩罚，主宰被古老的遮面之岛流放了，这反而救了他的性命。他的岛屿在一个充斥着复仇魔法的夜晚被海浪彻底毁灭了。他成了岛屿上古老主宰传统中礼仪和剑术的唯一传承者。作为这项传统最后的开拓者，尤涅若的自信和勇气来自他坚持不懈的锻炼，他独创的剑术证明他从未停止挑战自我。一如既往的，他的内心和他的表情一样难以理解。对于一位曾两度失去一切的英雄，主宰永远不知疲倦的战斗着，他相信，胜利必将到来。","dj":"1|15|25","smz":"530|1035|1776","mfz":"182|437|879","gjl":"44-48|84-88|132-136","hj":"4|9|16","syfw":"1800/800","gjfw":"128","ddsd":"N/A","jdtj1":"http://www.dota2.com.cn/images/property/add/juggernaut.jpg","jdms1":"主宰是一名敏捷型伪后期英雄，主宰的加点变化不多，剑刃风暴前期超高的AoE伤害相信没有玩家会选择放弃。很多主宰前期可能会选择加黄点，以保证足够的蓝量和血量。建议6级之前至少加一点暴击，无敌斩夹杂的普通攻击会在大招时触发暴击效果。","jdtj2":null,"jdms2":null,"cmzb":"树之祭祀*1|治疗药膏*1|净化药水*1|铁树枝干*1|敏捷便鞋*2","qqzb":"速度之靴*1|穷鬼盾*1|魔棒*1|治疗指环*1","hxzb":"相位鞋*1|魔杖*1|狂战斧*1","hqsz":"散夜对剑*1|蝴蝶*1|黯灭*1|阿哈利姆神杖*1|弗拉迪米尔的祭品*1|黑皇杖*1","ljt":"http://www.dota2.com.cn/images/property/juggernaut.gif","path":"juggernaut","zymc":"天辉","zytb":"http://www.dota2.com.cn/images/heropedia/radiant.jpg","yxtp":"http://www.dota2.com.cn/images/others/juggernaut_big1.jpg","gjlxxj":"1","yxdwxj":"2|1","llsjsmz":"19","llsjsmhf":"0.03","mjsjhj":"1","mjsjgjsd":"1","zlsjmfz":"13","zlsjmfhf":"0.04","sjgjl":"1","pjsh":"46","gjsd":"126|138|195","gjms":"1.33","gjsh":"44-48","gjjl":"128|128|128","wlhj":"3","wlshkx":"18%","mfshkx":"25%","minitb":"http://www.dota2.com.cn/images/heroes/juggernaut_icon.png"},{"id":98,"zwm":"幽鬼","ywm":"Spectre","jc":"Spe","xttx":"http://www.dota2.com.cn/images/heroes/spectre_full.png","dttx":"http://www.dota2.com.cn/images/heroes/spectre_vert.jpg","gjlx":"近战","yxlx":"敏捷","yxdw":"核心|耐久","zltb":"http://www.dota2.com.cn/images/info1301/tit_img01.gif","zljc":"16","zlsj":"1.9","mjtb":"http://www.dota2.com.cn/images/info1301/tit_img02.gif","mjjc":"23","mjsj":"2.2","lltb":"http://www.dota2.com.cn/images/info1301/tit_img03.gif","lljc":"19","llsj":"2","gjltb":"http://www.dota2.com.cn/images/info1301/tit_img06.gif","csgjl":"23-27","ydsdtb":"http://www.dota2.com.cn/images/info1301/tit_img05.gif","csydsd":"295","hjtb":"http://www.dota2.com.cn/images/info1301/tit_img04.gif","cshj":"3.22","yxbj":"和所有强大的能量都喜欢欺凌弱小一样，被称为墨丘利的幽鬼也是一个拥有着强横能量的存在，同样的，她对现实世界中的冲突和纷争无比着迷。然而她平时的幽鬼形态超越了常人的感知范围，因此每当她以实体形态出现时，她不得不损失一部分自我能量——尽管她也不愿意。在战斗中，她的自我意识逐渐散落并重新聚合，她也开始有了意识。她意识到了自己是幽鬼墨丘利——其他所有的鬼影都只是她自我的阴影。出于重新凝聚的打算，她开始专注，她的心智也在不断的成熟。只有等到她取得胜利或者彻底失败时，她那超物质的形态才会得以重聚。","dj":"1|15|25","smz":"511|1043|1803","mfz":"208|554|1061","gjl":"46-50|77-81|119-123","hj":"3|8|13","syfw":"1800/800","gjfw":"128","ddsd":"N/A","jdtj1":"http://www.dota2.com.cn/images/property/add/spectre.jpg","jdms1":"幽鬼，曾经Dota中的无敌大后期之一，被看作是为数不多的可以后期1V5的英雄。幽鬼是大后期，所以前期线上受到的压力一般不会小，主加幽鬼之刃让幽鬼拥有更强的自保的能力。中后期补满荒芜可以让幽鬼拥有更强的作战能力。有大加大，大招也是幽鬼可以瞬间切入战场的利器。","jdtj2":"","jdms2":"","cmzb":"压制之刃*1|树之祭祀*1|治疗药膏*1|铁树枝干*3","qqzb":"魔棒*1|速度之靴*1|治疗指环*1","hxzb":"魔杖*1|动力鞋*1|先锋盾*1|净魂之刃*1","hqsz":"辉耀*1|幻影斧*1|代达罗斯之殇*1|蝴蝶*1|恐鳌之心*1|散夜对剑*1","ljt":"http://www.dota2.com.cn/images/property/spectre.gif","path":"spectre","zymc":"夜魇","zytb":"http://www.dota2.com.cn/images/heropedia/dire.jpg","yxtp":"http://www.dota2.com.cn/images/others/spectre_big1.jpg","gjlxxj":"1","yxdwxj":"3|1","llsjsmz":"19","llsjsmhf":"0.03","mjsjhj":"1","mjsjgjsd":"1","zlsjmfz":"13","zlsjmfhf":"0.04","sjgjl":"1","pjsh":"48","gjsd":"123|132|176","gjms":"1.38","gjsh":"46-50","gjjl":"128|128|128","wlhj":"3","wlshkx":"16%","mfshkx":"25%","minitb":"http://www.dota2.com.cn/images/heroes/spectre_icon.png"}]}