{"hero":{"id":69,"zwm":"冥界亚龙","ywm":"Viper","jc":"VIP，毒龙","xttx":"http://www.dota2.com.cn/images/heroes/viper_full.png","dttx":"http://www.dota2.com.cn/images/heroes/viper_vert.jpg","gjlx":"远程","yxlx":"敏捷","yxdw":"核心-耐久","zltb":"http://www.dota2.com.cn/images/info1301/tit_img01.gif","zljc":"15","zlsj":"1.8","mjtb":"http://www.dota2.com.cn/images/info1301/tit_img02.gif","mjjc":"21","mjsj":"2.9","lltb":"http://www.dota2.com.cn/images/info1301/tit_img03.gif","lljc":"20","llsj":"1.9","gjltb":"http://www.dota2.com.cn/images/info1301/tit_img06.gif","csgjl":"23-25","ydsdtb":"http://www.dota2.com.cn/images/info1301/tit_img05.gif","csydsd":"285","hjtb":"http://www.dota2.com.cn/images/info1301/tit_img04.gif","cshj":"1.94","yxbj":"一个暴虐凶残的巫师捕获了蝮蛇，希望驯服它作为自己的凶狠宠物，好奇的蝮蛇很乐意被带离那封闭不化的三途川，那是一块在地壳滑移中被封闭的幽冥龙穴，它的种族在那里已经居住了成千上万年。蝮蛇一开始还试着花时间来理解并服从巫师的命令，希望能学到他最高超的黑暗魔法。但它很快就发现，没有多少咒语比它与生俱来的毒液更致命。蝮蛇流出的酸液很快就腐蚀掉了它笼子上的铁柱，冥界亚龙挣脱出了巫师的囚禁，将它的毒液喷在了老巫师眼睛里杀死了它，蝮蛇翱翔在空中，向世界宣告它的来临。","dj":"1/15/25","smz":"530/1035/1776","mfz":"195/523/1017","gjl":"44-46/85-87/134-136","hj":"2/7/13","syfw":"1800/800","gjfw":"575","ddsd":"1200","jdtj1":"http://www.dota2.com.cn/images/property/add/viper.jpg","jdms1":"由于手动施放毒性攻击可以无仇恨地消耗对手，冥界亚龙一般都会选择在5级时将一技能加到3级。此时的毒性攻击没有CD，搭配合理的走位有很大机会单杀对手。副加的技能可以根据局势在幽冥剧毒（重视输出）和毒性皮肤（重视生存）中选择。如果采用强调输出的打法，可以在3级毒性攻击之后主加幽冥剧毒。升级蝮蛇突袭可以显著缩短技能CD，因此有大点大基本没有争议。最后，亚龙的技能成长性较好，常规打法倾向于主动GANK，前期中期都不推荐以补黄点的方式撑高属性。","jdtj2":null,"jdms2":null,"cmzb":"树之祭祀*1|敏捷便鞋*2|治疗药膏*1|铁树枝干*2","qqzb":"魔棒*1|速度之靴*1|怨灵系带*1|怨灵系带*1","hxzb":"魔杖*1|动力鞋*1|先锋盾*1","hqsz":"幻影斧*1|黑皇杖*1|金箍棒*1|影刃*1|蝴蝶*1|紫怨*1","ljt":"http://www.dota2.com.cn/images/property/viper.gif","path":"viper","zymc":"夜魇","zytb":"http://www.dota2.com.cn/images/heropedia/dire.jpg","yxtp":"http://www.dota2.com.cn/images/others/viper_big1.jpg","gjlxxj":"1","yxdwxj":"1-1","llsjsmz":"19","llsjsmhf":"0.03","mjsjhj":"1","mjsjgjsd":"1","zlsjmfz":"13","zlsjmfhf":"0.04","sjgjl":"1","pjsh":"45","gjsd":"121/131/181","gjms":"1.4","gjsh":"44-46","gjjl":"575/575/575","wlhj":"1","wlshkx":"10%","mfshkx":"25%","minitb":"http://www.dota2.com.cn/images/heroes/viper_icon.png"},"skillList":[{"id":306,"zwm":"冥界亚龙","jnmc":"毒性攻击","jntb":"http://www.dota2.com.cn/images/heroes/abilities/viper_poison_attack_hp1.png","jnms":"增强冥界亚龙的毒液，使它的普通攻击降低目标的攻击和移动速度，并造成持续伤害。 毒性攻击是攻击特效，不与其它攻击特效叠加。","mftb":"http://www.dota2.com.cn/style/../images/info1301/ico2.gif","mfxh":"20/20/20/20","lqtb":"http://www.dota2.com.cn/style/../images/info1301/ico2.gif","lqsj":"0","jnxg":"<span class=\"color_white\">技能：</span>自动施放, 单位目标|<span class=\"color_white\">攻击力：</span>0/0/0/0|<span class=\"color_white\">影响：</span>敌方单位|<span class=\"color_white\">持续时间：</span>2/2/2/2|<span class=\"color_white\">伤害类型：</span>魔法|<span class=\"color_white\">持续伤害：</span>10/16/22/28|<span class=\"color_white\">移动速度减缓：</span>10%/20%/30%/40%|<span class=\"color_white\">攻击速度降低：</span>10/20/30/40","jnsp":"http://dota2.dl.wanmei.com/dota2/video/abilities/viper_poison_attack.mp4","spms":"冥界亚龙天生带有剧毒的呼吸能够迅速的抽干敌人的生命活力。","djjd":"1,3,5,7","ewms":"连续的技能施放不会提高减速效果和伤害，不过会刷新持续时间。"},{"id":307,"zwm":"冥界亚龙","jnmc":"幽冥剧毒","jntb":"http://www.dota2.com.cn/images/heroes/abilities/viper_nethertoxin_hp1.png","jnms":"幽冥剧毒使蝮蛇的普通攻击对单位造成额外伤害，伤害量基于他们损失生命值的一定比例。目标每损失20%生命，幽冥剧毒带来的额外伤害将翻倍。幽冥剧毒对小兵和建筑物造成半额伤害。","mftb":"http://www.dota2.com.cn/style/../images/info1301/ico2.gif","mfxh":"0","lqtb":"http://www.dota2.com.cn/style/../images/info1301/ico2.gif","lqsj":"0","jnxg":"<span class=\"color_white\">技能：</span>被动|<span class=\"color_white\">基础额外伤害：</span>2.5/5/7.5/10|<span class=\"color_white\">伤害类型：</span>物理|<span class=\"color_white\">非英雄伤害：</span> 50%/50%/50%/50%|<span class=\"color_white\">基础额外伤害：</span>2.5/5/7.5/10|<span class=\"color_white\">最大额外伤害：</span> 40/80/120/160","jnsp":"http://dota2.dl.wanmei.com/dota2/video/abilities/viper_nethertoxin.mp4","spms":"冥界之毒让你的伤口更加致命，让你的疲劳能够致死。","djjd":"2,4,8,9","ewms":""},{"id":308,"zwm":"冥界亚龙","jnmc":"腐蚀皮肤","jntb":"http://www.dota2.com.cn/images/heroes/abilities/viper_corrosive_skin_hp1.png","jnms":"冥界亚龙分泌出感染性的毒素，伤害并减速1400范围内任何伤害它的敌人。这种酸性分泌物还能提高蝮蛇的魔法抗性。","mftb":"http://www.dota2.com.cn/style/../images/info1301/ico2.gif","mfxh":"0","lqtb":"http://www.dota2.com.cn/style/../images/info1301/ico2.gif","lqsj":"0","jnxg":"<span class=\"color_white\">技能：</span>被动|<span class=\"color_white\">持续时间：</span>4|<span class=\"color_white\">伤害类型：</span>魔法|<span class=\"color_white\">移动速度减缓：</span>10%/15%/20%/25%|<span class=\"color_white\">无视技能免疫：</span>否|<span class=\"color_white\">攻击速度降低：</span>10/15/20/25|<span class=\"color_white\">魔法抗性提升：</span>10%/15%/20%/25%|<span class=\"color_white\">持续伤害：</span>10/15/20/25|<span class=\"color_white\">作用范围上限：</span>1400","jnsp":"http://dota2.dl.wanmei.com/dota2/video/abilities/viper_corrosive_skin.mp4","spms":"对那些攻击冥界亚龙的人来说，刀刃一接触到它的皮肤就被腐蚀是再正常不过的。","djjd":"10,12,13,14","ewms":"与其他提高魔法抗性的物品和技能叠加。"},{"id":309,"zwm":"冥界亚龙","jnmc":"蝮蛇突袭","jntb":"http://www.dota2.com.cn/images/heroes/abilities/viper_viper_strike_hp1.png","jnms":"降低目标敌方单位的移动和攻击速度，并造成持续毒性伤害。移动速度会在毒性的持续时间内逐渐恢复。 可用神杖升级。","mftb":"http://www.dota2.com.cn/style/../images/info1301/ico2.gif","mfxh":"125/175/250","lqtb":"http://www.dota2.com.cn/style/../images/info1301/ico2.gif","lqsj":"70/50/30","jnxg":"<span class=\"color_white\">技能：</span>单位目标|<span class=\"color_white\">持续时间：</span>5.1/5.1/5.1|<span class=\"color_white\">影响：</span>敌方单位|<span class=\"color_white\">持续伤害：</span> 60/100/145|<span class=\"color_white\">伤害类型：</span>魔法|<span class=\"color_white\">移动速度减缓：</span>40%/60%/80%|<span class=\"color_white\">无视技能免疫：</span>是|<span class=\"color_white\">攻击速度降低：</span>40/60/80|<span class=\"color_green\">神杖升级魔法消耗：</span>125/125/125|<span class=\"color_green\">神杖升级冷却时间：</span>12/12/12|<span class=\"color_green\">神杖升级施法距离：</span>900","jnsp":"http://dota2.dl.wanmei.com/dota2/video/abilities/viper_viper_strike.mp4","spms":"曾经用于屠杀它那残酷主人的招数，冥界亚龙毒素中最强大的一种，用来折磨那些敢于激怒它的人来说再好不过。","djjd":"6,11,16","ewms":"减速效果无视技能免疫。<br>受到蝮蛇突袭作用的单位在生命值低于25%时可以被反补。"}],"qqzbList":[{"goods":{"id":36,"bigtype":"基础物品","type":"奥术","wpmc":"魔棒","wppz":"1","wptp":"http://www.dota2.com.cn/images/items/magic_stick_lg.png","jgtb":"http://www.dota2.com.cn/images/info1301/tit_img07.gif","jg":"200","wpjs":"一个简易但实用的魔杖，能够补充使用者的能量--巫师学徒和高级术士都喜欢。","wpzyms":"","wpsyff":"主动：充能 - 每当周围有敌人施放技能都会自动充能（最多10点能量）。当使用时，每点能量为你回复生命值和魔法值。","wpxg":"每点能量回复：<span class=\"color_yellow\">15</span>","lqsjtb":"http://www.dota2.com.cn/images/info1301/ico2.gif","lqsj":"13","mfxhtb":"","mfxh":"","qzwptb":"","wpzyms2":"1200码视野范围内敌人使用技能就会获得点数。<br>部分英雄技能和物品技能的施放将不会增加点数。","item_en":"magic_stick"},"count":1},{"goods":{"id":39,"bigtype":"基础物品","type":"奥术","wpmc":"速度之靴","wppz":"1","wptp":"http://www.dota2.com.cn/images/items/boots_lg.png","jgtb":"http://www.dota2.com.cn/images/info1301/tit_img07.gif","jg":"450","wpjs":"穿双鞋子，跑的更快。","wpzyms":"移动速度提升效果不与其他鞋子叠加。","wpsyff":"","wpxg":"+ <span class=\"color_yellow\">50</span> 移动速度","lqsjtb":"","lqsj":"","mfxhtb":"","mfxh":"","qzwptb":"","wpzyms2":"","item_en":"boots"},"count":1},{"goods":{"id":48,"bigtype":"升级物品","type":"普通","wpmc":"怨灵系带","wppz":"2","wptp":"http://www.dota2.com.cn/images/items/wraith_band_lg.png","jgtb":"http://www.dota2.com.cn/images/info1301/tit_img07.gif","jg":"485","wpjs":"总是回响着微弱耳语的圆环。","wpzyms":"","wpsyff":"","wpxg":"+ <span class=\"color_yellow\">3</span> 力量<br/>+ <span class=\"color_yellow\">6</span> 敏捷<br/>+ <span class=\"color_yellow\">3</span> 智力<br/>+ <span class=\"color_yellow\">3</span> 攻击力","lqsjtb":"","lqsj":"","mfxhtb":"","mfxh":"","qzwptb":"","wpzyms2":"","item_en":"wraith_band"},"count":1},{"goods":{"id":48,"bigtype":"升级物品","type":"普通","wpmc":"怨灵系带","wppz":"2","wptp":"http://www.dota2.com.cn/images/items/wraith_band_lg.png","jgtb":"http://www.dota2.com.cn/images/info1301/tit_img07.gif","jg":"485","wpjs":"总是回响着微弱耳语的圆环。","wpzyms":"","wpsyff":"","wpxg":"+ <span class=\"color_yellow\">3</span> 力量<br/>+ <span class=\"color_yellow\">6</span> 敏捷<br/>+ <span class=\"color_yellow\">3</span> 智力<br/>+ <span class=\"color_yellow\">3</span> 攻击力","lqsjtb":"","lqsj":"","mfxhtb":"","mfxh":"","qzwptb":"","wpzyms2":"","item_en":"wraith_band"},"count":1}],"cmzbList":[{"goods":{"id":2,"bigtype":"基础物品","type":"消耗品","wpmc":"树之祭祀","wppz":"3","wptp":"http://www.dota2.com.cn/images/items/tango_lg.png","jgtb":"http://www.dota2.com.cn/images/info1301/tit_img07.gif","jg":"125","wpjs":"战场上的救命稻草。","wpzyms":"","wpsyff":"使用：吃树-吃掉一棵树来恢复生命值。可以使用4次。","wpxg":"持续时间：<span class=\"color_yellow\">16</span><br/>生命恢复量：<span class=\"color_yellow\">115</span>","lqsjtb":"","lqsj":"","mfxhtb":"","mfxh":"","qzwptb":"","wpzyms2":"","item_en":"tango"},"count":1},{"goods":{"id":14,"bigtype":"基础物品","type":"属性","wpmc":"敏捷便鞋","wppz":"1","wptp":"http://www.dota2.com.cn/images/items/slippers_lg.png","jgtb":"http://www.dota2.com.cn/images/info1301/tit_img07.gif","jg":"150","wpjs":"蜘蛛皮做成的轻便靴子，能让你感觉到刺痛。","wpzyms":"","wpsyff":"","wpxg":"+ <span class=\"color_yellow\">3</span> 敏捷","lqsjtb":"","lqsj":"","mfxhtb":"","mfxh":"","qzwptb":"","wpzyms2":"","item_en":"slippers"},"count":2},{"goods":{"id":3,"bigtype":"基础物品","type":"消耗品","wpmc":"治疗药膏","wppz":"3","wptp":"http://www.dota2.com.cn/images/items/flask_lg.png","jgtb":"http://www.dota2.com.cn/images/info1301/tit_img07.gif","jg":"115","wpjs":"即使最严重的伤口也能快速治愈的魔法药膏。","wpzyms":"","wpsyff":"使用：恢复 - 持续恢复生命值，受到攻击会驱散效果。","wpxg":"持续时间：<span class=\"color_yellow\">10</span><br/>生命回复量：<span class=\"color_yellow\">400</span>","lqsjtb":"","lqsj":"","mfxhtb":"","mfxh":"","qzwptb":"","wpzyms2":"治疗药膏可以共享。","item_en":"flask"},"count":1},{"goods":{"id":12,"bigtype":"基础物品","type":"属性","wpmc":"铁树枝干","wppz":"1","wptp":"http://www.dota2.com.cn/images/items/branches_lg.png","jgtb":"http://www.dota2.com.cn/images/info1301/tit_img07.gif","jg":"50","wpjs":"一根看起来很普通的树枝，它如铁般坚硬的品质赋予持有者好运。","wpzyms":"","wpsyff":"","wpxg":"+ <span class=\"color_yellow\">1</span> 所有属性","lqsjtb":"","lqsj":"","mfxhtb":"","mfxh":"","qzwptb":"","wpzyms2":"","item_en":"branches"},"count":2}],"adapt_type_list":[{"id":64,"zwm":"美杜莎","ywm":"Medusa","jc":"1姐","xttx":"http://www.dota2.com.cn/images/heroes/medusa_full.png","dttx":"http://www.dota2.com.cn/images/heroes/medusa_vert.jpg","gjlx":"远程","yxlx":"敏捷","yxdw":"核心","zltb":"http://www.dota2.com.cn/images/info1301/tit_img01.gif","zljc":"19","zlsj":"1.85","mjtb":"http://www.dota2.com.cn/images/info1301/tit_img02.gif","mjjc":"20","mjsj":"2.5","lltb":"http://www.dota2.com.cn/images/info1301/tit_img03.gif","lljc":"14","llsj":"1.65","gjltb":"http://www.dota2.com.cn/images/info1301/tit_img06.gif","csgjl":"24-30","ydsdtb":"http://www.dota2.com.cn/images/info1301/tit_img05.gif","csydsd":"290","hjtb":"http://www.dota2.com.cn/images/info1301/tit_img04.gif","cshj":"1.8","yxbj":"无上的力量即为绝伦的美貌。美杜莎的心中一直靠着这样的想法得以慰藉——她在蛇发女妖三姐妹中年纪最小，也是海洋女神的女儿中最为可人的尤物——因为只有她跟姐妹们不一样，她是凡人。这反而救了她的命，那一天，一群蒙面之徒侵入了蛇发女妖居住的领域，将她两个不朽之身的姐姐从家里拖走，对她们的美貌还是泪水都无动于衷。其中一个入侵者也抓住了美杜莎，但是厌恶地看了一眼后就推向了一旁：\"这女的散发着凡胎的臭味。我们可不要。\"美杜莎受尽了凌辱，满腔愤懑地逃向了母亲所在的神庙，在女神面前哭诉自己的遭遇。\"您拒绝赐予我永生—因此我乞求您，赐予我力量！有了力量我就可以去拯救姐姐们，为受到的不公复仇！\"经过长时间的考虑，女神接受了她女儿的请求，美杜莎无与伦比的娇美相貌变成了象征着可怕力量的脸孔。但是她一刻也没有对自己的抉择后悔。她明白，睥睨万物才是值得拥有的美貌—这才是能够改变世界的力量。","dj":"1|15|25","smz":"416|855|1548","mfz":"247|584|1084","gjl":"44-50|79-85|124-130","hj":"2|7|13","syfw":"1800/800","gjfw":"600","ddsd":"1200","jdtj1":"http://www.dota2.com.cn/images/property/add/medusa.jpg","jdms1":"这是一种刷钱流打法的美杜莎加点，前期对秘术异蛇这个技能理解深刻的玩家可以很好的在线上补刀和压制。不过在有人保护的情况下前期不建议使用秘术异蛇，对控线不利。前期美杜莎没有多少输出能力，所以分裂箭可以暂时不学。","jdtj2":"","jdms2":"","cmzb":"敏捷便鞋*2|树之祭祀*1|治疗药膏*1|净化药水*1|铁树枝干*1","qqzb":"魔棒*1|速度之靴*1|天鹰之戒*1","hxzb":"魔杖*1|相位鞋*1|林肯法球*1|","hqsz":"幻影斧*1|蝴蝶*1|邪恶镰刀*1|撒旦之邪力*1|斯嘉蒂之眼*1","ljt":"http://www.dota2.com.cn/images/property/medusa.gif","path":"medusa","zymc":"夜魇","zytb":"http://www.dota2.com.cn/images/heropedia/dire.jpg","yxtp":"http://www.dota2.com.cn/images/others/medusa_big1.jpg","gjlxxj":"1","yxdwxj":"3","llsjsmz":"19","llsjsmhf":"0.03","mjsjhj":"1","mjsjgjsd":"1","zlsjmfz":"13","zlsjmfhf":"0.04","sjgjl":"1","pjsh":"47","gjsd":"120|130|180","gjms":"1.42","gjsh":"44-50","gjjl":"600|600|600","wlhj":"1","wlshkx":"9%","mfshkx":"25%","minitb":"http://www.dota2.com.cn/images/heroes/medusa_icon.png"},{"id":70,"zwm":"末日使者","ywm":"Doom","jc":"末日，爸爸","xttx":"http://www.dota2.com.cn/images/heroes/doom_bringer_full.png","dttx":"http://www.dota2.com.cn/images/heroes/doom_bringer_vert.jpg","gjlx":"近战","yxlx":"力量","yxdw":"耐久|核心|爆发","zltb":"http://www.dota2.com.cn/images/info1301/tit_img01.gif","zljc":"13","zlsj":"2.10","mjtb":"http://www.dota2.com.cn/images/info1301/tit_img02.gif","mjjc":"11","mjsj":"0.90","lltb":"http://www.dota2.com.cn/images/info1301/tit_img03.gif","lljc":"26","llsj":"3.20","gjltb":"http://www.dota2.com.cn/images/info1301/tit_img06.gif","csgjl":"27-43","ydsdtb":"http://www.dota2.com.cn/images/info1301/tit_img05.gif","csydsd":"290","hjtb":"http://www.dota2.com.cn/images/info1301/tit_img04.gif","cshj":"0.54","yxbj":"他的烈焰永不熄灭，他的吞食永远得不到满足，他的杀戮无人能够制裁——路西法带给他的敌人的只有末日。手持火焰之剑，掠夺灵魂，他是堕落者，曾经是暗之国度备受敬畏的将军，却因蔑视之罪而被放逐——他拒绝向任何人下跪。佤什昂多的丧钟六次为他敲响。他的翅膀受到六十六次烙印之刑，直到只剩下烧焦的残支。失去双翼之后，他尖叫着坠向大地。落到了沙漠中的一个火山口，失落的乐园。现在他的进攻毫无怜悯，也不需理由，在七片黑暗领土上，只有他能自由行动。受到无法摆脱的欲望束缚，被难以想象的天赋所扭曲，末日使者所到之处既是地狱。蔑视世间一切。最终，世界将归于末日。","dj":"1|15|25","smz":"644|1495|2483","mfz":"169|551|1084","gjl":"53-69|98-114|150-166","hj":"1|2|6","syfw":"1800/800","gjfw":"150","ddsd":"N/A","jdtj1":"http://www.dota2.com.cn/images/property/add/doom_bringer.jpg","jdms1":"新版本末日改版之后，无论你是打野流，发育流还是gank打法的末日，一级学吃兵都是性价比最高的。这种加点是打野末日加点，前期主吃兵和焦土，可以再野区有比较好的发育，到六级之后开始补等级炮，配合队友gank会有这不错的效果。","jdtj2":null,"jdms2":null,"cmzb":"铁树枝干*1|树之祭祀*1|治疗药膏*2|圆盾*1","qqzb":"治疗指环*1|魔棒*1|速度之靴*1|王者之戒*1","hxzb":"魔杖*1|先锋盾*1|相位鞋*1","hqsz":"辉耀*1|恐鳌之心*1|强袭胸甲*1|希瓦的守护*1|阿哈利姆神杖*1|刷新球*1","ljt":"http://www.dota2.com.cn/images/property/doom_bringer.gif","path":"doom","zymc":"夜魇","zytb":"http://www.dota2.com.cn/images/heropedia/dire.jpg","yxtp":"http://www.dota2.com.cn/images/others/doom_bringer_big1.jpg","gjlxxj":"1","yxdwxj":"2|2|1","llsjsmz":"19","llsjsmhf":"0.03","mjsjhj":"1","mjsjgjsd":"1","zlsjmfz":"13","zlsjmfhf":"0.04","sjgjl":"1","pjsh":"61","gjsd":"111|115|133","gjms":"1.53","gjsh":"53-69","gjjl":"150|150|150","wlhj":"0","wlshkx":"3%","mfshkx":"25%","minitb":"http://www.dota2.com.cn/images/heroes/doom_icon.png"}],"videoList":[{"id":19,"spdz":"http://dota2.dl.wanmei.com/dota2/patch/viper_basic.flv","zwm":"冥界亚龙","splx":"新手教学","createtime":null,"img":"http://www.dota2.com.cn/apps/dota2/images/video/raider/viper_basic.jpg","bfsc":"2:51","gxsj":"2013-10-30","spbb":"6.79","spdzm":"http://dota2.dl.wanmei.com/dota2/video/viper_basic.mp4"}],"recommendList":[{"id":106,"gldz":"http://www.dota2.com.cn/raiders/newer/20131111/153185.shtml","tm":"DOTA2新手成神之路冥界亚龙攻略","sj":"2013-11-11","zwm":"冥界亚龙","tp":"http://dota2.wanmei.com/resources/jpg/140212/10251392197836381.jpg","js":"一个暴虐凶残的巫师捕获了蝮蛇，希望驯服它作为自己的凶狠宠物，好奇的蝮蛇很乐意被带离那封闭不化的幽冥地区。"}],"adapt_bkz_list":[{"id":67,"zwm":"米波","ywm":"Meepo","jc":"地卜","xttx":"http://www.dota2.com.cn/images/heroes/meepo_full.png","dttx":"http://www.dota2.com.cn/images/heroes/meepo_vert.jpg","gjlx":"近战","yxlx":"敏捷","yxdw":"核心|控制|先手","zltb":"http://www.dota2.com.cn/images/info1301/tit_img01.gif","zljc":"20","zlsj":"1.6","mjtb":"http://www.dota2.com.cn/images/info1301/tit_img02.gif","mjjc":"23","mjsj":"1.9","lltb":"http://www.dota2.com.cn/images/info1301/tit_img03.gif","lljc":"23","llsj":"1.6","gjltb":"http://www.dota2.com.cn/images/info1301/tit_img06.gif","csgjl":"16-22","ydsdtb":"http://www.dota2.com.cn/images/info1301/tit_img05.gif","csydsd":"305","hjtb":"http://www.dota2.com.cn/images/info1301/tit_img04.gif","cshj":"4.22","yxbj":"对我而言，生活就是你所知和所能发现的一切。当你住在裂影荒墟时，想要找到食物并不是一件容易的事。因此，你需要走捷径，你需要会忽悠，你需要对自己的能力充分了解。有些野兽能够杀掉你，那么你就需要躲开强壮的，捕杀弱小的。在荒墟之上，有过一段往事，一段对某些人意义重大的往事。曾经那里有个宫殿，他们在宫殿里面举行黑暗的仪式，非常邪恶。如果你从仪式中幸存下来，他们还会以击碎水晶的方式将你的灵魂撕裂成碎片。不过他们的艺术成就也很高，比如雕塑之类的。记住这点：如果你在某个时候发现了这些雕塑，一定把他们全拿到市场上去卖掉，然后你接下来的一周都不会饿肚子。如果你走运的话，你可能会发现影墟水晶，那赶紧找人帮你估价，多问问，总有人能帮你找到需要这玩意的疯子买主的。就算别人都不要，你也可以卖给城里的魔导师，他们喜欢这玩意。不过，不管你怎么做，一定要小心这些水晶，这玩意要是在你身上炸开，可是很疼的。","dj":"1|15|25","smz":"587|1013|1697","mfz":"260|551|1019","gjl":"39-45|66-72|105-111","hj":"4|8|13","syfw":"1800/800","gjfw":"128","ddsd":"N/A","jdtj1":"http://www.dota2.com.cn/images/property/add/meepo.jpg","jdms1":"这是目前地卜师最主流的加点路线，前期主忽悠保证高伤害高输出。被动前期点一级就已经够用了，之后优先将网升满，高等级的网对施放距离的加成对于地卜师来说还是非常重要的。大招自然不用多说，有大点大。","jdtj2":"","jdms2":"","cmzb":"树之祭祀*1|力量手套*2|治疗药膏*1|铁树枝干*2","qqzb":"治疗指环*1|魔棒*1|速度之靴*1|王者之戒*1","hxzb":"魔杖*1|动力鞋*1|梅肯斯姆*1","hqsz":"阿哈利姆神杖*1|弗拉迪米尔的祭品*1|邪恶镰刀*1|强袭胸甲*1|恐鳌之心*1|希瓦的守护*1","ljt":"http://www.dota2.com.cn/images/property/meepo.gif","path":"meepo","zymc":"夜魇","zytb":"http://www.dota2.com.cn/images/heropedia/dire.jpg","yxtp":"http://www.dota2.com.cn/images/others/meepo_big1.jpg","gjlxxj":"1","yxdwxj":"1|1|1","llsjsmz":"19","llsjsmhf":"0.03","mjsjhj":"1","mjsjgjsd":"1","zlsjmfz":"13","zlsjmfhf":"0.04","sjgjl":"1","pjsh":"42","gjsd":"123|131|169","gjms":"1.38","gjsh":"39-45","gjjl":"128|128|128","wlhj":"4","wlshkx":"20%","mfshkx":"35%","minitb":"http://www.dota2.com.cn/images/heroes/meepo_icon.png"},{"id":102,"zwm":"卓尔游侠","ywm":"Drow Ranger","jc":"小黑、崔希丝","xttx":"http://www.dota2.com.cn/images/heroes/drow_ranger_full.png","dttx":"http://www.dota2.com.cn/images/heroes/drow_ranger_vert.jpg","gjlx":"远程","yxlx":"敏捷","yxdw":"核心","zltb":"http://www.dota2.com.cn/images/info1301/tit_img01.gif","zljc":"15","zlsj":"1.4","mjtb":"http://www.dota2.com.cn/images/info1301/tit_img02.gif","mjjc":"26","mjsj":"1.9","lltb":"http://www.dota2.com.cn/images/info1301/tit_img03.gif","lljc":"17","llsj":"1.9","gjltb":"http://www.dota2.com.cn/images/info1301/tit_img06.gif","csgjl":"18-29","ydsdtb":"http://www.dota2.com.cn/images/info1301/tit_img05.gif","csydsd":"300","hjtb":"http://www.dota2.com.cn/images/info1301/tit_img04.gif","cshj":"0.64","yxbj":"卓尔游侠名叫崔希丝，这个名字很适合矮小、有点像侏儒、令人生厌的卓尔人。但崔希丝并不是卓尔人。她的双亲在坐大篷车旅行时受到土匪的袭击，滥杀无辜的土匪激怒了附近爱好和平的卓尔人。战斗结束后，卓尔人发现了一个藏在马车残骸中的小女孩，他们一致同意不能让这个失去父母的孩子被抛弃。还是孩童时，崔希丝就展现出了她对那些卓尔人引以为傲的技术的天赋：隐秘、沉默、敏锐。如果不看身体，在精神上她就像一个被拐走后又回到自己真正家中的卓尔人孩童。但随着她的成长，她的个头比她的家人高了不少，她因此认为自己是个丑陋的卓尔人。即使她皮肤光滑且长的匀称，完全没有卓尔人的肉疣和粗糙的髯须。与收养她的部族疏远后，她独自居住在森林中。许多在森林中寻路的旅行者都说他们见过一个美丽得难以置信的游侠在树林深处凝视他们，而当他们试图接近时，她又消失的无影无踪。轻盈、隐秘的冷美人，她像无声的迷雾般移动。你听到的森林低语，其实是她命中敌人心脏的霜冻箭矢的破空之声。","dj":"1|15|25","smz":"473|978|1719","mfz":"195|450|892","gjl":"44-55|71-82|110-121","hj":"1|4|10","syfw":"1800/1700","gjfw":"625","ddsd":"1250","jdtj1":"http://www.dota2.com.cn/images/property/add/drow_ranger.jpg","jdms1":"卓尔游侠是一名敏捷型后期英雄，卓尔游侠的加点选择也非常多，这种是前期主加冰箭的，满级冰箭50%的减速效果还是非常恶心人的，也成为前期对线的一大利器。值得注意的就是前期务必要加一点沉默，往往在击杀或者被gank时有着意想不到的效果。","jdtj2":"","jdms2":"","cmzb":"治疗药膏*1|树之祭祀*1|敏捷便鞋*2|铁树枝干*2","qqzb":"速度之靴*1|魔棒*1|怨灵系带*2","hxzb":"魔杖*1|动力鞋*1|幻影斧*1","hqsz":"影刃*1|蝴蝶*1|代达罗斯之殇*1|黑皇杖*1|撒旦之邪力*1","ljt":"http://www.dota2.com.cn/images/property/drow_ranger.gif","path":"drow_ranger","zymc":"天辉","zytb":"http://www.dota2.com.cn/images/heropedia/radiant.jpg","yxtp":"http://www.dota2.com.cn/images/others/drow_ranger_big1.jpg","gjlxxj":"1","yxdwxj":"2","llsjsmz":"19","llsjsmhf":"0.03","mjsjhj":"1","mjsjgjsd":"1","zlsjmfz":"13","zlsjmfhf":"0.04","sjgjl":"1","pjsh":"49","gjsd":"126|134|172","gjms":"1.35","gjsh":"44-55","gjjl":"625|625|625","wlhj":"0","wlshkx":"3%","mfshkx":"25%","minitb":"http://www.dota2.com.cn/images/heroes/drow_ranger_icon.png"},{"id":107,"zwm":"恐怖利刃","ywm":"Terrorblade","jc":"TB、魂守","xttx":"http://www.dota2.com.cn/images/heroes/terrorblade_full.png","dttx":"http://www.dota2.com.cn/images/heroes/terrorblade_vert.jpg","gjlx":"近战","yxlx":"敏捷","yxdw":"核心","zltb":"http://www.dota2.com.cn/images/info1301/tit_img01.gif","zljc":"19","zlsj":"1.75","mjtb":"http://www.dota2.com.cn/images/info1301/tit_img02.gif","mjjc":"22","mjsj":"3.2","lltb":"http://www.dota2.com.cn/images/info1301/tit_img03.gif","lljc":"15","llsj":"1.9","gjltb":"http://www.dota2.com.cn/images/info1301/tit_img06.gif","csgjl":"26-32","ydsdtb":"http://www.dota2.com.cn/images/info1301/tit_img05.gif","csydsd":"315","hjtb":"http://www.dota2.com.cn/images/info1301/tit_img04.gif","cshj":"7.08","yxbj":"恐怖利刃是恶魔中的掠夺者——这个无法无天的魔头就连恶魔都惧怕三分。他曾因对恶魔领主动了贼念，无视了所有规范他行为的基本法则，触犯了七度地狱的所有法规。他被好好上了一课：原来还有比地狱更可怕的地方。接下来是短暂又残酷的审问，最终他被打入了荒邪之狱，这是一个隐藏的位面，恶魔们将它们的同类囚禁在这里。荒邪之狱并不是普通的监狱，这是现实的暗黑镜像，恶魔经过判决都到这里来直视他们自身灵魂中的扭曲倒影。然而恐怖利刃不但没有受苦，反而将自身最邪恶的倒影转化成了操控自如的力量，并将他的恐怖全数释放。","dj":"1|15|25","smz":"435|940|1681","mfz":"247|566|1053","gjl":"48-54|93-99|145-151","hj":"7|13|21","syfw":"1800/800","gjfw":"128","ddsd":"900","jdtj1":"","jdms1":"","jdtj2":"","jdms2":"","cmzb":"治疗药膏*1|树之祭祀*1|铁树枝干*1|圆盾*1","qqzb":"速度之靴*1|护腕*1|天鹰之戒*1|食人魔之斧*1","hxzb":"动力鞋*1|韧鼓*1|幻影斧*1","hqsz":"代达罗斯之殇*1|恐鳌之心*1|蝴蝶*1|辉耀*1|黑皇杖*1|斯嘉蒂之眼*1","ljt":"","path":"terrorblade","zymc":"夜魇","zytb":"http://www.dota2.com.cn/images/heropedia/dire.jpg","yxtp":"http://www.dota2.com.cn/images/others/terrorblade_big1.jpg","gjlxxj":"5","yxdwxj":"3","llsjsmz":"19","llsjsmhf":"0.03","mjsjhj":"1","mjsjgjsd":"1","zlsjmfz":"13","zlsjmfhf":"0.04","sjgjl":"1","pjsh":"51","gjsd":"135|183|212","gjms":"1.23","gjsh":"48-53","gjjl":"128|128|128","wlhj":"7","wlshkx":"29%","mfshkx":"25%","minitb":"http://www.dota2.com.cn/images/heroes/terrorblade_icon.png"},{"id":99,"zwm":"育母蜘蛛","ywm":"Broodmother","jc":"蜘蛛","xttx":"http://www.dota2.com.cn/images/heroes/broodmother_full.png","dttx":"http://www.dota2.com.cn/images/heroes/broodmother_vert.jpg","gjlx":"近战","yxlx":"敏捷","yxdw":"辅助|爆发|先手|推进","zltb":"http://www.dota2.com.cn/images/info1301/tit_img01.gif","zljc":"18","zlsj":"2","mjtb":"http://www.dota2.com.cn/images/info1301/tit_img02.gif","mjjc":"18","mjsj":"2.2","lltb":"http://www.dota2.com.cn/images/info1301/tit_img03.gif","lljc":"17","llsj":"2.5","gjltb":"http://www.dota2.com.cn/images/info1301/tit_img06.gif","csgjl":"26-32","ydsdtb":"http://www.dota2.com.cn/images/info1301/tit_img05.gif","csydsd":"295","hjtb":"http://www.dota2.com.cn/images/info1301/tit_img04.gif","cshj":"2.52","yxbj":"几个世纪以来，育母蜘蛛布蕾克·艾拉齐娜一直潜伏在灼神山的火山口岩洞中，悉心的照料着数以百万计的幼虫，保证他们能够安全的存活到去地上世界捕食的年龄。直到后来，索罗普瑟斯，一个贪婪的权臣，在死火山的火山口修建了他的私人庙塔，因为他知道，就算有人觊觎他的财富，也不能活着穿越那条蜘蛛出没的死亡之路。在安享了几百年的安宁后，布蕾克·艾拉齐娜发现一些不速之客不停的在干扰着她的生活，毛手毛脚的小偷、有勇无谋的骑士，以及出生贵族的年轻人——诚然，他们都是美味的食物，但是他们的到来切实的影响到了她照料她那“无辜”的后代。忍无可忍之时，她去造访了索罗普瑟斯，而这个权臣却不愿意妥协，于是她用蛛丝将他裹起来，扔到一边，留给那些即将出生的小崽子们美味一顿。不幸的是，庙塔主人的失踪却让更多的人壮着胆子前来骚扰。而当她的一名新生儿被一个冒失的探险者踩死时，她终于爆发了。育母蜘蛛向着地上世界前进，誓要清洗掉世界上所有可能对她的孩子有威胁的入侵者，即使是英雄也不例外，直到确保她能够为她那珍贵的小蜘蛛们提供一个安全健康的温床。","dj":"1|15|25","smz":"473|1138|1993","mfz":"234|598|1118","gjl":"44-50|75-81|117-123","hj":"3|7|13","syfw":"1800/800","gjfw":"128","ddsd":"N/A","jdtj1":"http://www.dota2.com.cn/images/property/add/broodmother.jpg","jdms1":"育母蜘蛛最大的特点就是牵制和推进，说她是个战术英雄更加靠谱，往往在你们与对面缠斗的时候，育母蜘蛛就可以孤身一人推掉你的高地。由于前期有蛛网的存在，没有真眼的情况下很难将蜘蛛击杀。","jdtj2":"","jdms2":"","cmzb":"治疗药膏*1|树之祭祀*1|净化药水*1|铁树枝干*2|守护指环*1","qqzb":"速度之靴*1|灵魂之戒*1|天鹰之戒*1","hxzb":"动力鞋*1|紫怨*1","hqsz":"黑皇杖*1|弗拉迪米尔的祭品*1|蝴蝶*1|金箍棒*1|强袭胸甲*1|辉耀*1","ljt":"http://www.dota2.com.cn/images/property/broodmother.gif","path":"broodmother","zymc":"夜魇","zytb":"http://www.dota2.com.cn/images/heropedia/dire.jpg","yxtp":"http://www.dota2.com.cn/images/others/broodmother_big1.jpg","gjlxxj":"1","yxdwxj":"3|1|1","llsjsmz":"19","llsjsmhf":"0.03","mjsjhj":"1","mjsjgjsd":"1","zlsjmfz":"13","zlsjmfhf":"0.04","sjgjl":"1","pjsh":"47","gjsd":"118|127|171","gjms":"1.44","gjsh":"44-50","gjjl":"128|128|128","wlhj":"2","wlshkx":"13%","mfshkx":"25%","minitb":"http://www.dota2.com.cn/images/heroes/broodmother_icon.png"},{"id":46,"zwm":"狼人","ywm":"Lycan","jc":"Lyc","xttx":"http://www.dota2.com.cn/images/heroes/lycan_full.png","dttx":"http://www.dota2.com.cn/images/heroes/lycan_vert.jpg","gjlx":"近战","yxlx":"力量","yxdw":"核心|打野|推进|耐久","zltb":"http://www.dota2.com.cn/images/info1301/tit_img01.gif","zljc":"17","zlsj":"1.55","mjtb":"http://www.dota2.com.cn/images/info1301/tit_img02.gif","mjjc":"16","mjsj":"1.90","lltb":"http://www.dota2.com.cn/images/info1301/tit_img03.gif","lljc":"22","llsj":"3.0","gjltb":"http://www.dota2.com.cn/images/info1301/tit_img06.gif","csgjl":"36-41","ydsdtb":"http://www.dota2.com.cn/images/info1301/tit_img05.gif","csydsd":"305","hjtb":"http://www.dota2.com.cn/images/info1301/tit_img04.gif","cshj":"3.24","yxbj":"贝恩霍勒出生在高贵的安布里家族——古老的斯洛姆王国中最伟大的贵族。在凋零之秋以前，国王的欲望愈发的奇怪，朝廷也逐渐被法师和江湖术士占领，而安布里家族则第一个起来反对王权的贪得无厌。他们不再对国王效忠，不再对国家纳贡，而是派出了一支六千人的军队去进攻王城，结果，在史称\"变节者之殇\"的大屠杀中，这些人被尽数除掉。接下来发生的就完全印证了古语中常说的：打蛇打七寸，擒贼先擒王：叛变将国王激怒了，他将安布里家族的家主和其幼子贝恩霍勒抓住，然后将所有安布里家族的人杀得一干二净。在皇家法庭的审判中，国王命令他的法师将安布里领主的幼子施法变成狼，然后咬断他父亲的喉咙。\"动手！\"国王下令，\"这样他也能尝尝被人背叛的滋味！\"强大的魔法被施放到了贝恩霍勒身上，这个孩子当时就变成了狼。然而，尽管躯体转变，他的心智尚存，他将看守撕成了碎片。为了将这只猛兽赶走，国王付出了一队骑士的生命。安布里领主在加锁中大笑着，甚至当国王将剑刺入其身体后仍狂笑不止。现在，安布里家族唯一的子嗣，贝恩霍勒，以狼人的形态游荡着，半狼半人，追寻着，他所失去的公义。","dj":"1|15|25","smz":"568|1366|2316","mfz":"221|503|965","gjl":"58-63|100-105|150-155","hj":"3|7|12","syfw":"1800/800","gjfw":"128","ddsd":"N/A","jdtj1":"http://www.dota2.com.cn/images/property/add/lycanthrope.jpg","jdms1":"这是比较主流的一套狼人加点，在没有改版之前100个狼人中有99个会选择如此加点，前期混野区，无论经验还是金钱都不会比线上来的差，狼人线上能力不强，前期在没有装备和大招的情况下，狼人很难再团战中起到作用，反而移动速度超快的召唤狼会成为将有们的噩梦。","jdtj2":null,"jdms2":null,"cmzb":"治疗药膏*1|树之祭祀*1|压制之刃*1|守护指环*1","qqzb":"速度之靴*1|弗拉迪米尔的祭品*1","hxzb":"动力鞋*1|黑皇杖*1|勇气勋章*1","hqsz":"强袭胸甲*1|黯灭*1|死灵书*1|天堂之戟*1|恐鳌之心*1|深渊之刃*1","ljt":"http://www.dota2.com.cn/images/property/lycan.gif","path":"lycan","zymc":"夜魇","zytb":"http://www.dota2.com.cn/images/heropedia/dire.jpg","yxtp":"http://www.dota2.com.cn/images/others/lycan_big1.jpg","gjlxxj":"1","yxdwxj":"2|2|2|1","llsjsmz":"19","llsjsmhf":"0.03","mjsjhj":"1","mjsjgjsd":"1","zlsjmfz":"13","zlsjmfhf":"0.04","sjgjl":"1","pjsh":"60","gjsd":"116|124|162","gjms":"1.47","gjsh":"58-63","gjjl":"128|128|128","wlhj":"3","wlshkx":"16%","mfshkx":"25%","minitb":"http://www.dota2.com.cn/images/heroes/lycan_icon.png"},{"id":54,"zwm":"帕吉","ywm":"Pudge","jc":"屠夫，胖子","xttx":"http://www.dota2.com.cn/images/heroes/pudge_full.png","dttx":"http://www.dota2.com.cn/images/heroes/pudge_vert.jpg","gjlx":"近战","yxlx":"力量","yxdw":"耐久|控制","zltb":"http://www.dota2.com.cn/images/info1301/tit_img01.gif","zljc":"14","zlsj":"1.50","mjtb":"http://www.dota2.com.cn/images/info1301/tit_img02.gif","mjjc":"14","mjsj":"1.50","lltb":"http://www.dota2.com.cn/images/info1301/tit_img03.gif","lljc":"25","llsj":"3.20","gjltb":"http://www.dota2.com.cn/images/info1301/tit_img06.gif","csgjl":"27-33","ydsdtb":"http://www.dota2.com.cn/images/info1301/tit_img05.gif","csydsd":"285","hjtb":"http://www.dota2.com.cn/images/info1301/tit_img04.gif","cshj":"0.96","yxbj":"在与囚尸岭南部遥遥相望的戮尽之地，一个肥胖的身影在夜晚不知疲倦地工作着——肢解、开膛、堆积死人的四肢和内脏，一切都是为了在黎明前把战场打扫干净。在这个被诅咒的区域，尸体不会腐烂或者分解，虽然不会复活，但无论你把坟墓挖的多深，它们都会返回地面。屠夫帕吉的身边总是围绕着一群食腐鸟类，他为它们切好大小能够塞进鸟嘴的肉块，时间久了，他的技术也越来越成熟。嗖嗖嗖...嗖嗖嗖...唰...肉块就从骨头上掉下来，肌腱和韧带像湿纸一样被剥离。帕吉的兴趣在一开始只是屠宰，但时间一长，他对食尸也产生了兴趣。刚开始时只是这里吃一小块肉，那里小嗫一口血...但很快他就开始了自己的饕餮盛举，即使是躯干上最硬的部位他也津津有味的品尝。就算是那些在面对掠夺者时都毫无惧色的人们，看到屠夫，也是异常恐惧。","dj":"1|15|25","smz":"625|1476|2464","mfz":"182|455|910","gjl":"52-58|97-103|149-155","hj":"1|4|9","syfw":"1800/800","gjfw":"128","ddsd":"N/A","jdtj1":"http://www.dota2.com.cn/images/property/add/pudge.jpg","jdms1":"屠夫的加点没有太多的变化，优先将钩子升满，然后辅腐烂。前期建议做到输出最大化，而不着急升级堆积腐肉，毕竟前期杀人的力量后期会还给屠夫。出门建议一级升级腐烂，这样配合队友，或者可以拿下一血。","jdtj2":null,"jdms2":null,"cmzb":"力量手套*2|治疗药膏*2|净化药水*1|铁树枝干*1","qqzb":"魔棒*1|速度之靴*1|护腕*1|魔瓶*1","hxzb":"魔杖*1|相位鞋*1|挑战头巾*1","hqsz":"洞察烟斗*1|恐鳌之心*1|阿哈利姆神杖*1|希瓦的守护*1|原力法杖*1|韧鼓*1","ljt":"http://www.dota2.com.cn/images/property/pudge.gif","path":"pudge","zymc":"夜魇","zytb":"http://www.dota2.com.cn/images/heropedia/dire.jpg","yxtp":"http://www.dota2.com.cn/images/others/pudge_big1.jpg","gjlxxj":"1","yxdwxj":"3|1","llsjsmz":"19","llsjsmhf":"0.03","mjsjhj":"1","mjsjgjsd":"1","zlsjmfz":"13","zlsjmfhf":"0.04","sjgjl":"1","pjsh":"55","gjsd":"114|120|150","gjms":"1.49","gjsh":"52-58","gjjl":"128|128|128","wlhj":"0","wlshkx":"5%","mfshkx":"25%","minitb":"http://www.dota2.com.cn/images/heroes/pudge_icon.png"},{"id":9,"zwm":"幻影刺客","ywm":"Phantom Assassin","jc":"PA、幻刺、魅影之纱","xttx":"http://www.dota2.com.cn/images/heroes/phantom_assassin_full.png","dttx":"http://www.dota2.com.cn/images/heroes/phantom_assassin_vert.jpg","gjlx":"近战","yxlx":"敏捷","yxdw":"核心|逃生","zltb":"http://www.dota2.com.cn/images/info1301/tit_img01.gif","zljc":"13","zlsj":"1","mjtb":"http://www.dota2.com.cn/images/info1301/tit_img02.gif","mjjc":"23","mjsj":"3.15","lltb":"http://www.dota2.com.cn/images/info1301/tit_img03.gif","lljc":"20","llsj":"1.85","gjltb":"http://www.dota2.com.cn/images/info1301/tit_img06.gif","csgjl":"23-25","ydsdtb":"http://www.dota2.com.cn/images/info1301/tit_img05.gif","csydsd":"310","hjtb":"http://www.dota2.com.cn/images/info1301/tit_img04.gif","cshj":"4.22","yxbj":"通过占卜和预见，魅影之纱一直严格的甄选一些婴儿来抚养成人，成为她们的刺客。这是一个将刺杀视作神圣的自然法则的女刺客同盟。魅影之纱通过冥想和神谕来确定他们的暗杀目标。她们不被任何条款所束缚，也从不因为政治斗争或者金钱利益刺杀。她们的刺杀完全没有时间规律，似乎是随性为之：不管你是手握大权，还是平凡农夫，对她们来说，你的死法都是一样的。即使这些刺杀行为有一个固定的套路，那也是只有组织成员才知道。她们把目标看做必要的牺牲品，而死亡则是荣耀加身。作为幻影刺客，她们的身份从小就只有组织内的人才知道，而任何一个幻影刺客都能填补另一个的空缺；她们甚至连代号都不为人知。也许成员有很多，也许只有几个。那谜样面纱之下的真相无人知晓。只有一个，在四下无人之时，那面纱会时不时的被隐秘低语所拂动，低语中，是她自己的名字：茉崔蒂。","dj":"1|15|25","smz":"530|1022|1754","mfz":"169|351|741","gjl":"46-48|90-92|142-144","hj":"4|10|18","syfw":"1800/800","gjfw":"128","ddsd":"N/A","jdtj1":"http://www.dota2.com.cn/images/property/add/phantom_assassin.jpg","jdms1":"幻影刺客也是Dota几个“无敌后期”中的人选，这套加点是目前比较主流的pa打法套路。前期点一级模糊做为别人gank自己时的报警器。主D可以让幻刺更从容的在线上补刀，毕竟是近战后期，免不了受到对方强力英雄的轮番照顾。中期将闪烁点满，收割，切入都能有着很好的效果。","jdtj2":"","jdms2":"","cmzb":"树之祭祀*1|治疗药膏*1|铁树枝干*3|圆盾*1","qqzb":"魔棒*1|速度之靴*1|天鹰之戒*1","hxzb":"魔杖*1|相位鞋*1|黑皇杖*1","hqsz":"恐鳌之心*1|强袭胸甲*1|蝴蝶*1|深渊之刃*1","ljt":"http://www.dota2.com.cn/images/property/phantom_assassin.gif","path":"phantom_assassin","zymc":"夜魇","zytb":"http://www.dota2.com.cn/images/heropedia/dire.jpg","yxtp":"http://www.dota2.com.cn/images/others/phantom_assassin_big1.jpg","gjlxxj":"1","yxdwxj":"3|1","llsjsmz":"19","llsjsmhf":"0.03","mjsjhj":"1","mjsjgjsd":"1","zlsjmfz":"13","zlsjmfhf":"0.04","sjgjl":"1","pjsh":"47","gjsd":"123|136|199","gjms":"1.38","gjsh":"46-48","gjjl":"128|128|128","wlhj":"4","wlshkx":"20%","mfshkx":"25%","minitb":"http://www.dota2.com.cn/images/heroes/phantom_assassin_icon.png"},{"id":31,"zwm":"混沌骑士","ywm":"Chaos Knight","jc":"混沌","xttx":"http://www.dota2.com.cn/images/heroes/chaos_knight_full.png","dttx":"http://www.dota2.com.cn/images/heroes/chaos_knight_vert.jpg","gjlx":"近战","yxlx":"力量","yxdw":"核心|控制|耐久|推进","zltb":"http://www.dota2.com.cn/images/info1301/tit_img01.gif","zljc":"16","zlsj":"1.20","mjtb":"http://www.dota2.com.cn/images/info1301/tit_img02.gif","mjjc":"14","mjsj":"2.10","lltb":"http://www.dota2.com.cn/images/info1301/tit_img03.gif","lljc":"20","llsj":"2.90","gjltb":"http://www.dota2.com.cn/images/info1301/tit_img06.gif","csgjl":"29-59","ydsdtb":"http://www.dota2.com.cn/images/info1301/tit_img05.gif","csydsd":"325","hjtb":"http://www.dota2.com.cn/images/info1301/tit_img04.gif","cshj":"3.96","yxbj":"作为一名被上千个世界中无数战斗洗礼过的战斗大师，混沌骑士来自一个遥远的上层位面，在那里，宇宙的基本法则都能被直接感知到。在所有的法则中，混沌是最古老且最不知疲倦的——永无休止的搜寻着被他称为“光”的存在。很久以前,“光”违抗初始之契约离开了起源的世界，在其他世界开始了他的旅途。现在混沌骑士在一个个位面之间穿梭，无论到哪里，他永远都在搜寻然后抹杀“光”的存在 ，将其无数次的抹杀，然后进入下一个位面继续他的搜索。带着自己的铁甲战马“天劫”，带着疯狂的暴怒冲进战场，从宇宙的混乱中吸取力量。他就是混沌在物理位面的化身，并在有需要的时候他会召唤其他位面的自己，这群黑暗骑兵的齐冲如同自然之力一般无法阻挡。只有当一个世界中所有“光”的存在都被彻底消灭，他的搜寻才会结束。混沌骑士的铁蹄所到之处，死亡随之同行。","dj":"1|15|25","smz":"530|1301|2232","mfz":"208|426|842","gjl":"49-79|90-120|139-169","hj":"4|8|14","syfw":"1800/800","gjfw":"128","ddsd":"N/A","jdtj1":"http://www.dota2.com.cn/images/property/add/chaos_knight.jpg","jdms1":"这是混沌骑士最主流的加点，混沌是一名较为缺魔的英雄，所以前期除了特定的情况下，一般不会升级大招。前期一定的RP对于混沌骑士也非常重要。新改动中为混乱之箭添加了一个速度为1000的施法弹道速度，混乱之箭也不再是不可躲避的技能了。","jdtj2":null,"jdms2":null,"cmzb":"树之祭祀*1|治疗药膏*1|力量手套*1|铁树枝干*3","qqzb":"速度之靴*1|魔棒*1|护腕*1","hxzb":"动力鞋*1|魔杖*1|莫尔迪基安的臂章*1|韧鼓*1","hqsz":"辉耀*1|恐鳌之心*1|黑皇杖*1|天堂之戟*1","ljt":"http://www.dota2.com.cn/images/property/chaos_knight.gif","path":"chaos_knight","zymc":"夜魇","zytb":"http://www.dota2.com.cn/images/heropedia/dire.jpg","yxtp":"http://www.dota2.com.cn/images/others/chaos_knight_big1.jpg","gjlxxj":"1","yxdwxj":"2|2|1|1","llsjsmz":"19","llsjsmhf":"0.03","mjsjhj":"1","mjsjgjsd":"1","zlsjmfz":"13","zlsjmfhf":"0.04","sjgjl":"1","pjsh":"64","gjsd":"114|122|164","gjms":"1.49","gjsh":"49-79","gjjl":"128|128|128","wlhj":"3","wlshkx":"19%","mfshkx":"25%","minitb":"http://www.dota2.com.cn/images/heroes/chaos_knight_icon.png"}],"honorList":[{"id":56,"zwm":"冥界亚龙","msg":"暂无","createtime":null}],"adapt_zd_list":[{"id":57,"zwm":"全能骑士","ywm":"Omniknight","jc":"全能","xttx":"http://www.dota2.com.cn/images/heroes/omniknight_full.png","dttx":"http://www.dota2.com.cn/images/heroes/omniknight_vert.jpg","gjlx":"近战","yxlx":"力量","yxdw":"耐久|对线辅助|辅助","zltb":"http://www.dota2.com.cn/images/info1301/tit_img01.gif","zljc":"17","zlsj":"1.80","mjtb":"http://www.dota2.com.cn/images/info1301/tit_img02.gif","mjjc":"15","mjsj":"1.75","lltb":"http://www.dota2.com.cn/images/info1301/tit_img03.gif","lljc":"20","llsj":"2.65","gjltb":"http://www.dota2.com.cn/images/info1301/tit_img06.gif","csgjl":"31-41","ydsdtb":"http://www.dota2.com.cn/images/info1301/tit_img05.gif","csydsd":"305","hjtb":"http://www.dota2.com.cn/images/info1301/tit_img04.gif","cshj":"5.1","yxbj":"普利斯特·雷霆之怒是一名见多识广、勇于拼搏、无比虔诚的骑士，他被声望极高的骑士团长老抚养长大，作为他们的贴身侍卫，立誓遵守他们的命令。他将一生都献给了全知全能的神。骑士团毕生都在进行艰苦的圣战，而普利斯特也至死不渝的履行着他的职责，奉献他的力量以及那年轻人特有的热忱，从未有过怀疑。然而，多年的远征让他的长辈和上级都已经归于尘土，带着悔恨和愧疚，被埋葬在远征路上的墓穴里，他亲如兄弟的战友，在同那些拒绝臣服于全能之神的野蛮人的战斗中陨落，而他自己的亲卫，也被伏击、瘟疫吞噬，于是他开始质疑自己誓言的意义——远征的意义。经过了深刻的冥想，他离开了他的军队，长途跋涉回到了晴雪城——传说中的圣城，在那里，他对全能之神的祭司们发出了质问。从来没有哪个骑士胆敢如此，祭司们试图将他投入献祭之渊，然而普利斯特却如山一般无法撼动。因为当他俯视着祭司时，全身闪耀着圣洁之光，祭司们看到全能之神选择了他作为其显圣之身。年长的大祭司见状，便亲自花费了数周的时间，指引他前往圣城深处的密室，世间最为圣洁之地，在那里等着他的，并不是一些充满智慧的晦涩抽象的书籍，也不是什么供人信奉的洞窟遗迹，而是全能之神本尊。神在这个密室里已经居住了千万年，并且创造了世间万物，在星球周围创造了巨大的保护外壳，抵御来自其他世界的邪恶。全能之神告诉普利斯特，他创造了世界，并且给予了教徒世间的真理。骑士没有办法驳斥这个故事。也许全能之神只是一个被关在石牢里面的骗子，根本不是什么创世者，但是全能骑士也不再质疑他的信仰。他的战斗终于有了意义，毫无疑问，他身体里面涌动着神圣的光明之力，而他在战斗中带给战友的力量，更是不容置疑。","dj":"1|15|25","smz":"530|1235|2118","mfz":"221|549|1043","gjl":"51-61|88-98|135-145","hj":"4|8|13","syfw":"1800/800","gjfw":"128","ddsd":"N/A","jdtj1":"http://www.dota2.com.cn/images/property/add/omniknight.jpg","jdms1":"不管是中单还是边路的全能骑士都是这么加点，因为这个英雄本身就是一个奶妈级别的英雄，所以这么加点不仅能保证自己的生存还能让队友有更长的生存时间。其次说一下光环和加血的取舍，基本上dota有一个共通点就是很多技能都是1级收益最大，所以一级的魔免能让你躲过对方的集火就可以了，次要升级光环是因为这个光环黏人的效果很明显，都是百分比的减少对方的攻击速度和移动速度，虽然只有300码，但是只要黏住就能给队友创造击杀的机会。","jdtj2":null,"jdms2":null,"cmzb":"治疗药膏*1|净化药水*2|铁树枝干*2|守护指环*1|树之祭祀*1","qqzb":"速度之靴*1|魔棒*1|王者之戒*1","hxzb":"灵魂之戒*1|奥术鞋*1|魔杖*1|侦查守卫*1|回城卷轴*1","hqsz":"阿哈利姆神杖*1|梅肯斯姆*1|邪恶镰刀*1|希瓦的守护*1|远行鞋*1|弗拉迪米尔的祭品*1","ljt":"http://www.dota2.com.cn/images/property/omniknight.gif","path":"omniknight","zymc":"天辉","zytb":"http://www.dota2.com.cn/images/heropedia/radiant.jpg","yxtp":"http://www.dota2.com.cn/images/others/omniknight_big1.jpg","gjlxxj":"1","yxdwxj":"2|1|1","llsjsmz":"19","llsjsmhf":"0.03","mjsjhj":"1","mjsjgjsd":"1","zlsjmfz":"13","zlsjmfhf":"0.04","sjgjl":"1","pjsh":"56","gjsd":"115|122|157","gjms":"1.48","gjsh":"51-61","gjjl":"128|128|128","wlhj":"5.1","wlshkx":"19%","mfshkx":"25%","minitb":"http://www.dota2.com.cn/images/heroes/omniknight_icon.png"},{"id":96,"zwm":"亚巴顿","ywm":"Abaddon","jc":"死骑","xttx":"http://www.dota2.com.cn/images/heroes/abaddon_full.png","dttx":"http://www.dota2.com.cn/images/heroes/abaddon_vert.jpg","gjlx":"近战","yxlx":"力量","yxdw":"近战","zltb":"http://www.dota2.com.cn/images/info1301/tit_img01.gif","zljc":"21","zlsj":"2.00","mjtb":"http://www.dota2.com.cn/images/info1301/tit_img02.gif","mjjc":"17","mjsj":"1.50","lltb":"http://www.dota2.com.cn/images/info1301/tit_img03.gif","lljc":"23","llsj":"2.70","gjltb":"http://www.dota2.com.cn/images/info1301/tit_img06.gif","csgjl":"32-42","ydsdtb":"http://www.dota2.com.cn/images/info1301/tit_img05.gif","csydsd":"310","hjtb":"http://www.dota2.com.cn/images/info1301/tit_img04.gif","cshj":"1.38","yxbj":"魔霭圣池，一个处于原初群石的裂缝，从中带有先兆力量的蒸汽不断溢出，作为家族力量的源泉，已经惠及数个世代。在居住于洞穴中的魔霭家族，每个新生儿都会在暗黑迷雾中接受沐浴，经过这样的洗礼，他们与大陆的神秘力量获得了内在的联系。随着他们长大，内心坚信自己的使命是誓死保护世袭的传统和领域的风俗——实际上他们守护的不过就是圣池本身。而迷雾的作用原理尚不明朗。</p><p>当初生的亚巴顿沐浴在圣池中时，众人都表示事情并不对劲。孩子的双眼里闪耀出洞察之光，在场所有人都大吃一惊，神父们纷纷交头接耳。而他之后的成长道路与所有魔霭族裔的传人并无差别——为战争接受训练，在危机时刻需要他挺身而出，率领家族的军队守卫先祖的大陆。但是亚巴顿总是特立独行。其他人挥着武器训练时，他喜欢在迷雾前沉思。他饱吸从圣池中涌出的蒸汽，开始学习将自己的灵魂与家族深处流出的力量相融合；他变成了被暗黑迷雾笼罩的怪物。</p><p>魔霭家族怨气冲天——不论老小都谴责他对自己的责任视而不见。但是亚巴顿驾临战场时，不满全都烟消云散，他们目睹了迷雾的强大力量让他恣意挥洒着生杀大权，族内任何领主都是望尘莫及。","dj":"1|15|25","smz":"587|1305|2198","mfz":"273|637|1157","gjl":"55-65|93-103|140-150","hj":"1|4|9","syfw":"1800/800","gjfw":"128","ddsd":"N/A","jdtj1":"http://www.dota2.com.cn/images/property/add/abaddon.jpg","jdms1":"魔霭圣池，一个处于原初群石的裂缝，从中带有先兆力量的蒸汽不断溢出，作为家族力量的源泉，已经惠及数个世代。在居住于洞穴中的魔霭家族，每个新生儿都会在暗黑迷雾中接受沐浴，经过这样的洗礼，他们与大陆的神秘力量获得了内在的联系。随着他们长大，内心坚信自己的使命是誓死保护世袭的传统和领域的风俗——实际上他们守护的不过就是圣池本身。而迷雾的作用原理尚不明朗。当初生的亚巴顿沐浴在圣池中时，众人都表示事情并不对劲。孩子的双眼里闪耀出洞察之光，在场所有人都大吃一惊，神父们纷纷交头接耳。而他之后的成长道路与所有魔霭族裔的传人并无差别——为战争接受训练，在危机时刻需要他挺身而出，率领家族的军队守卫先祖的大陆。但是亚巴顿总是特立独行。其他人挥着武器训练时，他喜欢在迷雾前沉思。他饱吸从圣池中涌出的蒸汽，开始学习将自己的灵魂与家族深处流出的力量相融合；他变成了被暗黑迷雾笼罩的怪物。魔霭家族怨气冲天——不论老小都谴责他对自己的责任视而不见。但是亚巴顿驾临战场时，不满全都烟消云散，他们目睹了迷雾的强大力量让他恣意挥洒着生杀大权，族内任何领主都是望尘莫及。","jdtj2":null,"jdms2":null,"cmzb":"树之祭祀*1|治疗药膏*2|力量手套*1|动物信使*1","qqzb":"穷鬼盾*1|相位鞋*1|魔杖*1|回城卷轴*2","hxzb":"相位鞋*1|散夜对剑*1|黑皇杖*1","hqsz":"辉耀*1|蝴蝶*1|黑皇杖*1|金箍棒*1|强袭胸甲*1|恐鳌之心*2","ljt":"http://www.dota2.com.cn/images/property/abaddon.gif","path":"abaddon","zymc":"夜魇","zytb":"http://www.dota2.com.cn/images/heropedia/dire.jpg","yxtp":"http://www.dota2.com.cn/images/others/abaddon_big1.jpg","gjlxxj":"1","yxdwxj":"1|1|1","llsjsmz":"19","llsjsmhf":"0.03","mjsjhj":"1","mjsjgjsd":"1","zlsjmfz":"13","zlsjmfhf":"0.04","sjgjl":"1","pjsh":"60","gjsd":"117|123|153","gjms":"1.45","gjsh":"55-56","gjjl":"128|128|128","wlhj":"1","wlshkx":"7%","mfshkx":"25%","minitb":"http://www.dota2.com.cn/images/heroes/abaddon_icon.png"}],"hqszList":[{"goods":{"id":100,"bigtype":"升级物品","type":"防具","wpmc":"幻影斧","wppz":"4","wptp":"http://www.dota2.com.cn/images/items/manta_lg.png","jgtb":"http://www.dota2.com.cn/images/info1301/tit_img07.gif","jg":"4950","wpjs":"用反光材料制成的斧头，能够混淆敌军。","wpzyms":"近战英雄的幻象造成33%伤害，受到250%额外伤害。远程英雄的幻象造成28%伤害，受到300%额外伤害。<br/>多件物品提供的基于百分比的移动速度加成不叠加。","wpsyff":"主动：镜像-制造2个你的幻象，持续20秒。","wpxg":"+ <span class=\"color_yellow\">10</span> 力量<br/>+ <span class=\"color_yellow\">26</span> 敏捷<br/>+ <span class=\"color_yellow\">10</span> 智力<br/>+ <span class=\"color_yellow\">15</span> 攻击速度<br/>+ <span class=\"color_yellow\">10%</span> 移动速度","lqsjtb":"http://www.dota2.com.cn/images/info1301/ico2.gif","lqsj":"45/30","mfxhtb":"http://www.dota2.com.cn/images/info1301/ico1.gif","mfxh":"125","qzwptb":null,"wpzyms2":"有0.1秒的施法时间，期间处于无敌状态。<br>可以使用幻影斧移除多种负面效果。","item_en":"manta"},"count":1},{"goods":{"id":98,"bigtype":"升级物品","type":"防具","wpmc":"黑皇杖","wppz":"4","wptp":"http://www.dota2.com.cn/images/items/black_king_bar_lg.png","jgtb":"http://www.dota2.com.cn/images/info1301/tit_img07.gif","jg":"3975","wpjs":"渗透了巨人之力的强大法杖。","wpzyms":"","wpsyff":"主动：天神下凡-魔法免疫。持续时间和冷却时间每用一次都会降低。黑皇杖会使某些大招失效。","wpxg":"+ <span class=\"color_yellow\">10</span> 力量<br/>+ <span class=\"color_yellow\">24</span> 攻击力<br/>持续时间：<span class=\"color_yellow\">10/9/8/7/6/5/4</span>","lqsjtb":"http://www.dota2.com.cn/images/info1301/ico2.gif","lqsj":"80","mfxhtb":"","mfxh":"","qzwptb":null,"wpzyms2":"不能出售。<br>使用黑皇杖可以会使部分有益状态消失。","item_en":"black_king_bar"},"count":1},{"goods":{"id":89,"bigtype":"升级物品","type":"武器","wpmc":"金箍棒","wppz":"4","wptp":"http://www.dota2.com.cn/images/items/monkey_king_bar_lg.png","jgtb":"http://www.dota2.com.cn/images/info1301/tit_img07.gif","jg":"5400","wpjs":"一位大师级战士使用的强力棍棒。","wpzyms":"","wpsyff":"被动：猛击-攻击有一定概率猛击敌人，造成额外伤害并打断持续施法。<br>被动：克敌机先-攻击不会落空。","wpxg":"+ <span class=\"color_yellow\">88</span> 攻击力<br/>+ <span class=\"color_yellow\">15</span> 攻击速度<br/>猛击概率：<span class=\"color_yellow\">35%</span><br/>猛击伤害：<span class=\"color_yellow\">100</span>","lqsjtb":"","lqsj":"","mfxhtb":"","mfxh":"","qzwptb":"","wpzyms2":"","item_en":"monkey_king_bar"},"count":1},{"goods":{"id":85,"bigtype":"升级物品","type":"武器","wpmc":"影刃","wppz":"4","wptp":"http://www.dota2.com.cn/images/items/invis_sword_lg.png","jgtb":"http://www.dota2.com.cn/images/info1301/tit_img07.gif","jg":"3000","wpjs":"一位国王死后留下的宝剑，拿着它你可以隐身移动并从阴影中发动突袭。","wpzyms":"","wpsyff":"主动：暗影步 - 进入隐身直到持续时间结束、攻击或施法。当激活暗影步时，移动速度提升20%并能穿越单位。破隐一击造成175点额外伤害。持续14秒。","wpxg":"+ <span class=\"color_yellow\">22</span> 攻击力<br/>+ <span class=\"color_yellow\">30</span> 攻击速度","lqsjtb":"http://www.dota2.com.cn/images/info1301/ico2.gif","lqsj":"28","mfxhtb":"http://www.dota2.com.cn/images/info1301/ico1.gif","mfxh":"75","qzwptb":null,"wpzyms2":"拥有0.3秒的进入隐形时间。<br>如果隐身结束时没有攻击，额外伤害效果将会消失。","item_en":"invis_sword"},"count":1},{"goods":{"id":91,"bigtype":"升级物品","type":"武器","wpmc":"蝴蝶","wppz":"4","wptp":"http://www.dota2.com.cn/images/items/butterfly_lg.png","jgtb":"http://www.dota2.com.cn/images/info1301/tit_img07.gif","jg":"5875","wpjs":"只有最强大最老练的战士才能携带蝴蝶，但它也提供无可比拟的战斗灵活力作为回报。","wpzyms":"","wpsyff":"","wpxg":"+ <span class=\"color_yellow\">30</span> 敏捷<br/>+ <span class=\"color_yellow\">30</span> 攻击力<br/>+ <span class=\"color_yellow\">35%</span> 闪避概率<br/>+ <span class=\"color_yellow\">30</span> 攻击速度","lqsjtb":"","lqsj":"","mfxhtb":"","mfxh":"","qzwptb":null,"wpzyms2":"能与其他闪避效果叠加。","item_en":"butterfly"},"count":1},{"goods":{"id":79,"bigtype":"升级物品","type":"法器","wpmc":"紫怨","wppz":"3","wptp":"http://www.dota2.com.cn/images/items/orchid_lg.png","jgtb":"http://www.dota2.com.cn/images/info1301/tit_img07.gif","jg":"5025","wpjs":"一颗诞自火焰恶魔精华的榴石。","wpzyms":"","wpsyff":"主动：灵魂燃烧-沉默目标单位5.0秒，并使他受到的伤害提高30.0%。","wpxg":"+ <span class=\"color_yellow\">25</span> 智力<br/>+ <span class=\"color_yellow\">30</span> 攻击速度<br/>+ <span class=\"color_yellow\">30</span> 攻击力<br/>+ <span class=\"color_yellow\">150%</span> 魔法恢复","lqsjtb":"http://www.dota2.com.cn/images/info1301/ico2.gif","lqsj":"18","mfxhtb":"http://www.dota2.com.cn/images/info1301/ico1.gif","mfxh":"100","qzwptb":"","wpzyms2":"伤害加深效果在持续时间结束时以魔法伤害结算。","item_en":"orchid"},"count":1}],"hxzbList":[{"goods":{"id":50,"bigtype":"升级物品","type":"普通","wpmc":"魔杖","wppz":"2","wptp":"http://www.dota2.com.cn/images/items/magic_wand_lg.png","jgtb":"http://www.dota2.com.cn/images/info1301/tit_img07.gif","jg":"509","wpjs":"一个简易但实用的魔杖，能够补充使用者的能量--巫师学徒和高级术士都喜欢。","wpzyms":"","wpsyff":"主动：充能 - 每当周围有敌人施放技能都会自动充能（最多15点能量）。当使用时，每点能量为你回复生命值和魔法值。","wpxg":"+ <span class=\"color_yellow\">3</span> 所有属性<br/>每点能量回复：<span class=\"color_yellow\">15</span>","lqsjtb":"http://www.dota2.com.cn/images/info1301/ico2.gif","lqsj":"12","mfxhtb":"","mfxh":"","qzwptb":"","wpzyms2":"1200码视野范围内敌人使用技能就会获得点数。 <br>部分英雄技能和物品技能的施放将不会增加点数。","item_en":"magic_wand"},"count":1},{"goods":{"id":55,"bigtype":"升级物品","type":"普通","wpmc":"动力鞋","wppz":"2","wptp":"http://www.dota2.com.cn/images/items/power_treads_lg.png","jgtb":"http://www.dota2.com.cn/images/info1301/tit_img07.gif","jg":"1400","wpjs":"一双厚实的皮靴，能根据穿着者的需求切换属性。","wpzyms":"移动速度加成效果不与其他鞋类物品叠加。","wpsyff":"主动：属性切换-将附加属性在力量，敏捷以及智力三者间切换。","wpxg":"+ <span class=\"color_yellow\">50</span> 移动速度<br/>+ <span class=\"color_yellow\">8</span> 所选属性<br/>+ <span class=\"color_yellow\">25</span> 攻击速度","lqsjtb":"","lqsj":"","mfxhtb":"","mfxh":"","qzwptb":null,"wpzyms2":"","item_en":"power_treads"},"count":1},{"goods":{"id":96,"bigtype":"升级物品","type":"防具","wpmc":"先锋盾","wppz":"4","wptp":"http://www.dota2.com.cn/images/items/vanguard_lg.png","jgtb":"http://www.dota2.com.cn/images/info1301/tit_img07.gif","jg":"2225","wpjs":"能够让持有者躲过最致命攻击的强力盾牌。","wpzyms":"","wpsyff":"被动：伤害格挡 - 有一定几率格挡伤害，格挡效果取决于你的英雄类型。","wpxg":"+ <span class=\"color_yellow\">250</span> 生命值<br/>+ <span class=\"color_yellow\">6</span> 生命恢复速率<br/>格挡概率： <span class=\"color_yellow\">80%</span><br/>远程格挡： <span class=\"color_yellow\">20</span><br/>近战格挡： <span class=\"color_yellow\">40</span>","lqsjtb":"","lqsj":"","mfxhtb":"","mfxh":"","qzwptb":"","wpzyms2":"多种伤害格挡物品的效果互不叠加。","item_en":"vanguard"},"count":1}],"adapt_kz_list":[{"id":28,"zwm":"蝙蝠骑士","ywm":"Batrider","jc":"蝙蝠","xttx":"http://www.dota2.com.cn/images/heroes/batrider_full.png","dttx":"http://www.dota2.com.cn/images/heroes/batrider_vert.jpg","gjlx":"远程","yxlx":"智力","yxdw":"先手|控制|爆发|逃生","zltb":"http://www.dota2.com.cn/images/info1301/tit_img01.gif","zljc":"24","zlsj":"2.5","mjtb":"http://www.dota2.com.cn/images/info1301/tit_img02.gif","mjjc":"15","mjsj":"1.5","lltb":"http://www.dota2.com.cn/images/info1301/tit_img03.gif","lljc":"23","llsj":"2.4","gjltb":"http://www.dota2.com.cn/images/info1301/tit_img06.gif","csgjl":"14-18","ydsdtb":"http://www.dota2.com.cn/images/info1301/tit_img05.gif","csydsd":"290","hjtb":"http://www.dota2.com.cn/images/info1301/tit_img04.gif","cshj":"2.1","yxbj":"那些生活在荒狱丛林中的生物根本不知道什么叫和平共处。它们只知道用牙咬，用爪挠，用蛰刺，用蹄踩，即使稍微露怯也能让你立马死去。据说蝙蝠骑士在被外出觅食的食人蝠带走之前，只是一个普通农家的孩子，正在地里帮忙做农活。然而被带走后，他立刻想出了好点子，翻身骑上了抓住他的蝙蝠的后背，转眼间蝙蝠就成了他的工具。当他从那些血腥的尸骸中走出来时，他已经沉醉于战斗给他带来的兴奋和刺激，男孩终于意识到了自己内心深处的渴望。随着他的成长，每个夏天他都会回到家里的农田中，经常外出躲在草丛中，期望能够找回当年的血盆大口和致命的下坠给他带来的面对死亡的兴奋。时间一年年的过去，他的渴望变得愈发强烈。为了快速成长，他参加了每一次的远征，直到他找到了蝙蝠洞穴的路。据说在一个灼热仲夏的前夜，骑手只带了一捆绳索、一瓶壮胆酒以及灼热的决心，为了再次感受到天空，他只身跳入洞穴...","dj":"1|15|25","smz":"587|1225|2061","mfz":"312|767|1352","gjl":"38-42|73-77|118-122","hj":"2|5|10","syfw":"1200/800","gjfw":"375","ddsd":"900","jdtj1":"http://www.dota2.com.cn/images/property/add/batrider.jpg","jdms1":"如今的蝙蝠CW中出场的机会越来越少了，但是在路人局中还是能经常看见的。蝙蝠加点依然是前期主燃油，副火焰，线上无限叠油，累积到一定层数，强杀。唯一值得注意的地方是，现在蝙蝠前期很早的时候要用一级R（烈焰破击）用来打断回城，团战中也可以打乱地方阵型。","jdtj2":"","jdms2":"","cmzb":"树之祭祀*2|圆盾*1|铁树枝干*3","qqzb":"速度之靴*1|魔棒*1|影之灵龛*1","hxzb":"动力鞋*1|闪烁匕首*1|先锋盾*1|魔杖*1|回城卷轴*1","hqsz":"挑战头巾*1|Eul的神圣法杖*1|邪恶镰刀*1|洞察烟斗*1|希瓦的守护*1|原力法杖*1","ljt":"http://www.dota2.com.cn/images/property/beastmaster.gif","path":"batrider","zymc":"夜魇","zytb":"http://www.dota2.com.cn/images/heropedia/dire.jpg","yxtp":"http://www.dota2.com.cn/images/others/batrider_big1.jpg","gjlxxj":"1","yxdwxj":"2|1|1|1","llsjsmz":"19","llsjsmhf":"0.03","mjsjhj":"1","mjsjgjsd":"1","zlsjmfz":"13","zlsjmfhf":"0.04","sjgjl":"1","pjsh":"40","gjsd":"115|121|151","gjms":"1.48","gjsh":"38-42","gjjl":"375|375|375","wlhj":"2","wlshkx":"11%","mfshkx":"25%","minitb":"http://www.dota2.com.cn/images/heroes/batrider_icon.png"},{"id":17,"zwm":"发条技师","ywm":"Clockwerk","jc":"发条、CG","xttx":"http://www.dota2.com.cn/images/heroes/rattletrap_full.png","dttx":"http://www.dota2.com.cn/images/heroes/rattletrap_vert.jpg","gjlx":"近战","yxlx":"力量","yxdw":"先手|耐久","zltb":"http://www.dota2.com.cn/images/info1301/tit_img01.gif","zljc":"17","zlsj":"1.30","mjtb":"http://www.dota2.com.cn/images/info1301/tit_img02.gif","mjjc":"13","mjsj":"2.30","lltb":"http://www.dota2.com.cn/images/info1301/tit_img03.gif","lljc":"24","llsj":"2.70","gjltb":"http://www.dota2.com.cn/images/info1301/tit_img06.gif","csgjl":"31-33","ydsdtb":"http://www.dota2.com.cn/images/info1301/tit_img05.gif","csydsd":"315","hjtb":"http://www.dota2.com.cn/images/info1301/tit_img04.gif","cshj":"1.82","yxbj":"瑞托崔普和狙击手以及修补匠属于同一个分布广泛的种族，和其他许多敏感的族人一样，瑞托崔普用他的智慧和一些小玩意弥补了体型上的矮小。作为一个钟表匠的孙子，瑞托崔普在这个行业当了很多年的学徒，直到战争从山的另一边席卷而来，摧毁了这个从事着与战斗无关的行业的无辜村庄。祖先传下来的村庄变成了满是焦火和黑烟的废墟，\"你的新行业是战斗\"他的父亲临死前留下这样一句话。这个可怜的生意人责备他的工具无法用于战斗，但瑞托崔普从不找借口。在村庄的废墟中埋葬了父亲后，瑞托崔普开始着手将他自己转变为前所未见的最强大的战争道具。他发誓永远不再毫无防备的被抓住，瑞托崔普用他的智慧装配了一套强大的发条动力装甲，这使其它大陆的骑士在他面前就像易拉罐般渺小。现在瑞托崔普全身充满各种装置，小而强大的战士，他埋伏和破坏的技术已经达到了几乎自动化的高效水平。这个死亡工匠的机械可以迅速干掉不够谨慎的敌人，在这个战争时代宣告了新的曙光。是时候让你们见识见识发条技师的厉害了！","dj":"1|15|25","smz":"606|1324|2217","mfz":"221|458|887","gjl":"55-57|93-95|140-142","hj":"2|6|12","syfw":"1800/800","gjfw":"128","ddsd":"N/A","jdtj1":"http://www.dota2.com.cn/images/property/add/clockwerk.jpg","jdms1":"这个加点应该是中单或者优势路发条比较凶猛的一种加点了，一技能的高伤害配合一级导弹的开视野和大招能更好的单杀对方英雄，而且发条的战场插入能力也能让对方脆皮英雄或者后排英雄放不出技能就被秒杀。这种加点的优势就是暴力凶残，自己的输出就很高，但是缺点就是控制对方的时间不多，毕竟框住对方的时间在很长一段时间内都是3秒。","jdtj2":null,"jdms2":null,"cmzb":"树之祭祀*1|治疗药膏*1|圆盾*1|铁树枝干*3","qqzb":"速度之靴*1|护腕*1|魔瓶*1","hxzb":"相位鞋*1|魔杖*1|刃甲*1","hqsz":"阿哈利姆神杖*1|韧鼓*1|洞察烟斗*1|恐鳌之心*1|辉耀*1|希瓦的守护*1","ljt":"http://www.dota2.com.cn/images/property/clockwerk.gif","path":"clockwerk","zymc":"天辉","zytb":"http://www.dota2.com.cn/images/heropedia/radiant.jpg","yxtp":"http://www.dota2.com.cn/images/others/rattletrap_big1.jpg","gjlxxj":"1","yxdwxj":"1|1","llsjsmz":"19","llsjsmhf":"0.03","mjsjhj":"1","mjsjgjsd":"1","zlsjmfz":"13","zlsjmfhf":"0.04","sjgjl":"1","pjsh":"56","gjsd":"113|122|168","gjms":"1.5","gjsh":"55-57","gjjl":"128|128|128","wlhj":"1.82","wlshkx":"9%","mfshkx":"25%","minitb":"http://www.dota2.com.cn/images/heroes/rattletrap_icon.png"},{"id":91,"zwm":"小小","ywm":"Tiny","jc":"山岭","xttx":"http://www.dota2.com.cn/images/heroes/tiny_full.png","dttx":"http://www.dota2.com.cn/images/heroes/tiny_vert.jpg","gjlx":"近战","yxlx":"力量","yxdw":"控制|爆发|先手|耐久","zltb":"http://www.dota2.com.cn/images/info1301/tit_img01.gif","zljc":"17","zlsj":"1.60","mjtb":"http://www.dota2.com.cn/images/info1301/tit_img02.gif","mjjc":"9","mjsj":"0.90","lltb":"http://www.dota2.com.cn/images/info1301/tit_img03.gif","lljc":"26","llsj":"3.00","gjltb":"http://www.dota2.com.cn/images/info1301/tit_img06.gif","csgjl":"37-43","ydsdtb":"http://www.dota2.com.cn/images/info1301/tit_img05.gif","csydsd":"285","hjtb":"http://www.dota2.com.cn/images/info1301/tit_img04.gif","cshj":"0.26","yxbj":"以一团石头的形式出现的生命体，小小不断思索他的起源，但这始终是个谜。现在的他是个石巨人，但过去是什么呢？从土傀儡的脚后跟掉落的碎片？从制造石像鬼的工房被打扫出来的碎屑？神圣预言石的表层之砂？受到强烈的好奇心驱使，他不知疲倦的环游世界，寻找着他的起源，他的出身，和他的种族。在旅途中，他变得越来越庞大，不过路上的风雨吹打掉了他身上的石头，所以他不停的吸收新的岩石，永远在长大。","dj":"1|15|25","smz":"644|1442|2392","mfz":"221|512|980","gjl":"63-69|105-111|155-161","hj":"0|2|6","syfw":"1800/800","gjfw":"128","ddsd":"N/A","jdtj1":"http://www.dota2.com.cn/images/property/add/tiny.jpg","jdms1":"鉴于lv1-3的V每级伤害提升80，一旦打出两次V的伤害，就相当于每级伤害提升了160。单级伤害提升如此之大，全dota无人能出其右。所以5级时要保证lv3的V。","jdtj2":null,"jdms2":null,"cmzb":"净化药水*1|树之祭祀*2|铁树枝干*3|圆环*1","qqzb":"魔棒*1|速度之靴*1|护腕*1|魔瓶*1","hxzb":"魔杖*1|奥术鞋*1|闪烁匕首*1","hqsz":"阿哈利姆神杖*1|强袭胸甲*1|韧鼓*1|恐鳌之心*1|邪恶镰刀*1|希瓦的守护*1","ljt":"http://www.dota2.com.cn/images/property/tiny.gif","path":"tiny","zymc":"天辉","zytb":"http://www.dota2.com.cn/images/heropedia/radiant.jpg","yxtp":"http://www.dota2.com.cn/images/others/tiny_big1.jpg","gjlxxj":"1","yxdwxj":"2|2|1|1","llsjsmz":"19","llsjsmhf":"0.03","mjsjhj":"1","mjsjgjsd":"1","zlsjmfz":"13","zlsjmfhf":"0.04","sjgjl":"1","pjsh":"64","gjsd":"109|113|131","gjms":"1.56","gjsh":"61-67","gjjl":"128|128|128","wlhj":"0.26","wlshkx":"1%","mfshkx":"25%","minitb":"http://www.dota2.com.cn/images/heroes/tiny_icon.png"},{"id":4,"zwm":"钢背兽","ywm":"Bristleback","jc":"钢背，背背猪","xttx":"http://www.dota2.com.cn/images/heroes/bristleback_full.png","dttx":"http://www.dota2.com.cn/images/heroes/bristleback_vert.jpg","gjlx":"近战","yxlx":"力量","yxdw":"耐久|先手|控制","zltb":"http://www.dota2.com.cn/images/info1301/tit_img01.gif","zljc":"14","zlsj":"2.80","mjtb":"http://www.dota2.com.cn/images/info1301/tit_img02.gif","mjjc":"17","mjsj":"1.80","lltb":"http://www.dota2.com.cn/images/info1301/tit_img03.gif","lljc":"22","llsj":"2.20","gjltb":"http://www.dota2.com.cn/images/info1301/tit_img06.gif","csgjl":"26-36","ydsdtb":"http://www.dota2.com.cn/images/info1301/tit_img05.gif","csydsd":"290","hjtb":"http://www.dota2.com.cn/images/info1301/tit_img04.gif","cshj":"3.38","yxbj":"瑞格沃在打架时从不以背示人，他因与众多强大烦人的拳手进行的正面交锋为人称道。醉酒的人群给他冠以“刚背大师”的美名，他曾徒步从斯洛姆王国前往厄泽王庭，沿途经过的所有酒馆他都插手了后院发生的斗殴。为了少许的酒钱，刚背兽帮酒馆收集账单，维护秩序，偶尔还能折断一两条腿，如果不走运的吐丝家伙碰到了他那就是五条。在一晚痛快的干架中，钢背兽终于遇到了自己的对手，他眼看着酒馆的常客和老板身上都受了不少伤。“先生，你那长牙让我不爽。”他对着一个来自北方荒原体型巨大的家伙醉醺醺地哼道。接下来就是场世纪大战。十多个斗士一拥而上。凳子无一幸免，最后不可思议的发生了：账单没付。数月过去，钢背兽的伤口愈合了，他的刺针也长回来了；但是执法者的名誉受损非常棘手。他自己拿钱付了账单，发誓要去追寻这个北方人，让他加倍偿还。然后他做了件之前从没做过的事——实际上他训练过，在训练中他对自己有了惊人的发现。他折了折自己的刺针后，嘴角扬起了一丝微笑。在战斗中背部迎人或许正好合适。","dj":"1|15|25","smz":"568|1153|1951","mfz":"182|692|1316","gjl":"48-58|79-89|121-131","hj":"3|7|12","syfw":"1800/800","gjfw":"128","ddsd":"900","jdtj1":"http://www.dota2.com.cn/images/property/add/bristleback.jpg","jdms1":"本套加点，总的思路是主加刺针扫射来提高AOE输出能力。1级选择粘稠鼻液的理由是可以配合队友和兵线进行线上压制。等到拥有2级刺针扫射的时候，一般就可以适当利用来补兵和消耗对手了，但应注意控制魔法消耗。接下来，由于升级粘稠鼻液的效果提升不是非常明显，建议加满钢毛后背来提升带线中的反杀能力以及团战中的肉盾能力。最后，大招战意提供的加成非常关键，有大点大成为钢背兽的必然选择。","jdtj2":null,"jdms2":null,"cmzb":"治疗药膏*1|树之祭祀*1|净化药水*1|铁树枝干*1|圆盾*1","qqzb":"速度之靴*1|治疗指环*1|王者之戒*1|魔杖*1","hxzb":"动力鞋*1|先锋盾*1|回城卷轴*1","hqsz":"刃甲*1|赤红甲*1|天堂之戟*1|强袭胸甲*1|洞察烟斗*1|希瓦的守护*1|恐鳌之心*1|辉耀*1|阿托斯之棍*1|玲珑心*1|清莲宝珠*1|炎阳纹章*1|银月之晶*1","ljt":"http://www.dota2.com.cn/images/property/bristleback.gif","path":"bristleback","zymc":"天辉","zytb":"http://www.dota2.com.cn/images/heropedia/radiant.jpg","yxtp":"http://www.dota2.com.cn/images/others/bristleback_big1.jpg","gjlxxj":"1","yxdwxj":"3|1|1","llsjsmz":"19","llsjsmhf":"0.03","mjsjhj":"1","mjsjgjsd":"1","zlsjmfz":"13","zlsjmfhf":"0.04","sjgjl":"1","pjsh":"57","gjsd":"117|124|160","gjms":"1.45","gjsh":"48-58","gjjl":"128|128|128","wlhj":"3","wlshkx":"16%","mfshkx":"25%","minitb":"http://www.dota2.com.cn/images/heroes/bristleback_icon.png"},{"id":34,"zwm":"杰奇洛","ywm":"Jakiro","jc":"双头龙","xttx":"http://www.dota2.com.cn/images/heroes/jakiro_full.png","dttx":"http://www.dota2.com.cn/images/heroes/jakiro_vert.jpg","gjlx":"远程","yxlx":"智力","yxdw":"爆发|推进|对线辅助|控制","zltb":"http://www.dota2.com.cn/images/info1301/tit_img01.gif","zljc":"28","zlsj":"2.8","mjtb":"http://www.dota2.com.cn/images/info1301/tit_img02.gif","mjjc":"10","mjsj":"1.2","lltb":"http://www.dota2.com.cn/images/info1301/tit_img03.gif","lljc":"25","llsj":"2.3","gjltb":"http://www.dota2.com.cn/images/info1301/tit_img06.gif","csgjl":"18-26","ydsdtb":"http://www.dota2.com.cn/images/info1301/tit_img05.gif","csydsd":"290","hjtb":"http://www.dota2.com.cn/images/info1301/tit_img04.gif","cshj":"2.4","yxbj":"即使是在那些奇怪的魔法生物中，双头龙也算是一头怪物。同时拥有着冰火之力，狡黠且狂猛，被称为杰奇洛的双头龙在战场上空肆意的灼烧大地，冰封敌人，将胆敢和它对抗的任何事物变成废墟。灼霜龙族的窝中从来都是有两只幼龙。与生俱来的凶残使它们闻名于世，这一种族中，新孵化的幼龙在出生伊始就会努力的杀死自己的兄弟姐妹。强者生存。这就是灼霜龙族维系其强大力量的办法。在一次意外中，怪胎杰奇洛从一个龙蛋里孵化出来了，在这一头幼龙的身体里有着灼霜龙族所有的力量。在它那厚重的龙鳞内，蕴含着冰火之力，在这样的力量面前，随时可能丧命。","dj":"1|15|25","smz":"606|1218|2035","mfz":"364|874|1438","gjl":"46-54|85-93|133-141","hj":"2|5|9","syfw":"1800/800","gjfw":"400","ddsd":"1100","jdtj1":"http://www.dota2.com.cn/images/property/add/jakiro.jpg","jdms1":"这种复古的打法在双头龙的冰封路径重做之后成为了当下最为凶猛的加点，大范围AOE加控制型的双头龙又回来了。鉴于强大的新版冰封路径，我们完全可以把那个被动液态火放到最后去加。","jdtj2":null,"jdms2":null,"cmzb":"动物信使*1|树之祭祀*1|治疗药膏*1|净化药水*1|铁树枝干*3","qqzb":"速度之靴*1|魔棒*1|王者之戒*1","hxzb":"魔杖*1|梅肯斯姆*1|奥术鞋*1|侦查守卫*1","hqsz":"纷争面纱*1|希瓦的守护*1|邪恶镰刀*1|洞察烟斗*1|Eul的神圣法杖*1|阿哈利姆神杖*1","ljt":"http://www.dota2.com.cn/images/property/jakiro.gif","path":"jakiro","zymc":"天辉","zytb":"http://www.dota2.com.cn/images/heropedia/radiant.jpg","yxtp":"http://www.dota2.com.cn/images/others/jakiro_big1.jpg","gjlxxj":"1","yxdwxj":"2|2|2|1","llsjsmz":"19","llsjsmhf":"0.03","mjsjhj":"1","mjsjgjsd":"1","zlsjmfz":"13","zlsjmfhf":"0.04","sjgjl":"1","pjsh":"50","gjsd":"110|115|139","gjms":"1.55","gjsh":"46-54","gjjl":"400|400|400","wlhj":"2","wlshkx":"12%","mfshkx":"25%","minitb":"http://www.dota2.com.cn/images/heroes/jakiro_icon.png"},{"id":70,"zwm":"末日使者","ywm":"Doom","jc":"末日，爸爸","xttx":"http://www.dota2.com.cn/images/heroes/doom_bringer_full.png","dttx":"http://www.dota2.com.cn/images/heroes/doom_bringer_vert.jpg","gjlx":"近战","yxlx":"力量","yxdw":"耐久|核心|爆发","zltb":"http://www.dota2.com.cn/images/info1301/tit_img01.gif","zljc":"13","zlsj":"2.10","mjtb":"http://www.dota2.com.cn/images/info1301/tit_img02.gif","mjjc":"11","mjsj":"0.90","lltb":"http://www.dota2.com.cn/images/info1301/tit_img03.gif","lljc":"26","llsj":"3.20","gjltb":"http://www.dota2.com.cn/images/info1301/tit_img06.gif","csgjl":"27-43","ydsdtb":"http://www.dota2.com.cn/images/info1301/tit_img05.gif","csydsd":"290","hjtb":"http://www.dota2.com.cn/images/info1301/tit_img04.gif","cshj":"0.54","yxbj":"他的烈焰永不熄灭，他的吞食永远得不到满足，他的杀戮无人能够制裁——路西法带给他的敌人的只有末日。手持火焰之剑，掠夺灵魂，他是堕落者，曾经是暗之国度备受敬畏的将军，却因蔑视之罪而被放逐——他拒绝向任何人下跪。佤什昂多的丧钟六次为他敲响。他的翅膀受到六十六次烙印之刑，直到只剩下烧焦的残支。失去双翼之后，他尖叫着坠向大地。落到了沙漠中的一个火山口，失落的乐园。现在他的进攻毫无怜悯，也不需理由，在七片黑暗领土上，只有他能自由行动。受到无法摆脱的欲望束缚，被难以想象的天赋所扭曲，末日使者所到之处既是地狱。蔑视世间一切。最终，世界将归于末日。","dj":"1|15|25","smz":"644|1495|2483","mfz":"169|551|1084","gjl":"53-69|98-114|150-166","hj":"1|2|6","syfw":"1800/800","gjfw":"150","ddsd":"N/A","jdtj1":"http://www.dota2.com.cn/images/property/add/doom_bringer.jpg","jdms1":"新版本末日改版之后，无论你是打野流，发育流还是gank打法的末日，一级学吃兵都是性价比最高的。这种加点是打野末日加点，前期主吃兵和焦土，可以再野区有比较好的发育，到六级之后开始补等级炮，配合队友gank会有这不错的效果。","jdtj2":null,"jdms2":null,"cmzb":"铁树枝干*1|树之祭祀*1|治疗药膏*2|圆盾*1","qqzb":"治疗指环*1|魔棒*1|速度之靴*1|王者之戒*1","hxzb":"魔杖*1|先锋盾*1|相位鞋*1","hqsz":"辉耀*1|恐鳌之心*1|强袭胸甲*1|希瓦的守护*1|阿哈利姆神杖*1|刷新球*1","ljt":"http://www.dota2.com.cn/images/property/doom_bringer.gif","path":"doom","zymc":"夜魇","zytb":"http://www.dota2.com.cn/images/heropedia/dire.jpg","yxtp":"http://www.dota2.com.cn/images/others/doom_bringer_big1.jpg","gjlxxj":"1","yxdwxj":"2|2|1","llsjsmz":"19","llsjsmhf":"0.03","mjsjhj":"1","mjsjgjsd":"1","zlsjmfz":"13","zlsjmfhf":"0.04","sjgjl":"1","pjsh":"61","gjsd":"111|115|133","gjms":"1.53","gjsh":"53-69","gjjl":"150|150|150","wlhj":"0","wlshkx":"3%","mfshkx":"25%","minitb":"http://www.dota2.com.cn/images/heroes/doom_icon.png"},{"id":104,"zwm":"灰烬之灵","ywm":"Ember Spirit","jc":"火熊猫","xttx":"http://www.dota2.com.cn/images/heroes/ember_spirit_full.png","dttx":"http://www.dota2.com.cn/images/heroes/ember_spirit_vert.jpg","gjlx":"近战","yxlx":"敏捷","yxdw":"核心|爆发","zltb":"http://www.dota2.com.cn/images/info1301/tit_img01.gif","zljc":"20","zlsj":"1.8","mjtb":"http://www.dota2.com.cn/images/info1301/tit_img02.gif","mjjc":"22","mjsj":"1.8","lltb":"http://www.dota2.com.cn/images/info1301/tit_img03.gif","lljc":"19","llsj":"2","gjltb":"http://www.dota2.com.cn/images/info1301/tit_img06.gif","csgjl":"30-34","ydsdtb":"http://www.dota2.com.cn/images/info1301/tit_img05.gif","csydsd":"310","hjtb":"http://www.dota2.com.cn/images/info1301/tit_img04.gif","cshj":"1.08","yxbj":"在燃烧要塞中有一口玉石大釜，里面装满了灰烬，这是当年的战争诗人，炘的火葬之地。炘毕生都在卫火盟教导年轻的弟子。后来燃烧之神被炘的师德所打动，下凡来到要塞中，重新点燃了灰烬。余烬之中，炘的样子渐渐成型，四周环绕着火焰。他的面容一如既往的沉静，为了让知识之火燎原，为寻求指引的人提供方向，他已准备就绪。","dj":"1|15|25","smz":"511|1043|1803","mfz":"260|588|1082","gjl":"52-56|71-81|115-119","hj":"1|5|10","syfw":"1800/800","gjfw":"128","ddsd":"N/A","jdtj1":"http://www.dota2.com.cn/images/property/ember_spirit.jpg","jdms1":"由于烈火罩能持续造成伤害，所以可以进行主升，之后升级炎阳索，提升技能伤害，有大加大，最后升级无影拳，增加中后期带线和消耗的能力。","jdtj2":"","jdms2":"","cmzb":"治疗药膏*1|净化药水*2|铁树枝干*2|圆盾*1","qqzb":"速度之靴*1|魔棒*1|影之灵龛*1","hxzb":"奥术鞋*1|魔杖*1|先锋盾*1","hqsz":"代达罗斯之殇*1|恐鳌之心*1|蝴蝶*1|雷神之锤*1|狂战斧*2","ljt":"http://www.dota2.com.cn/images/property/ember_spirit.gif","path":"ember_spirit","zymc":"天辉","zytb":"http://www.dota2.com.cn/images/heropedia/radiant.jpg","yxtp":"http://www.dota2.com.cn/images/others/ember_spirit_big1.jpg","gjlxxj":"1","yxdwxj":"1|2","llsjsmz":"19","llsjsmhf":"0.03","mjsjhj":"1","mjsjgjsd":"1","zlsjmfz":"13","zlsjmfhf":"0.04","sjgjl":"1","pjsh":"54","gjsd":"122|129|165","gjms":"1.39","gjsh":"52-56","gjjl":"128|128|128","wlhj":"1","wlshkx":"6%","mfshkx":"25%","minitb":"http://www.dota2.com.cn/images/heroes/ember_spirit_icon.png"},{"id":26,"zwm":"半人马战行者","ywm":"Centaur Warrunner","jc":"人马","xttx":"http://www.dota2.com.cn/images/heroes/centaur_full.png","dttx":"http://www.dota2.com.cn/images/heroes/centaur_vert.jpg","gjlx":"近战","yxlx":"力量","yxdw":"耐久|控制|先手","zltb":"http://www.dota2.com.cn/images/info1301/tit_img01.gif","zljc":"15","zlsj":"1.6","mjtb":"http://www.dota2.com.cn/images/info1301/tit_img02.gif","mjjc":"15","mjsj":"1.6","lltb":"http://www.dota2.com.cn/images/info1301/tit_img03.gif","lljc":"23","llsj":"3.8","gjltb":"http://www.dota2.com.cn/images/info1301/tit_img06.gif","csgjl":"32-34","ydsdtb":"http://www.dota2.com.cn/images/info1301/tit_img05.gif","csydsd":"300","hjtb":"http://www.dota2.com.cn/images/info1301/tit_img04.gif","cshj":"3.1","yxbj":"相传半人马所到之处，尸横遍野。对于名为战行者的半人马，这场面的确相当壮观。外界谣传，这杜鲁德大草原的四足部落里都是头脑简单，性格残暴的生物。他们虽有语言，但无文字；他们的文化没有图画记录，成型音乐，或是正式宗教。半人马认为，战斗是思想的完美阐释，自身实力的最高体现。如果杀戮是半人马部落中的艺术，那么战行者布拉德瓦登就是其中最伟大的艺术家。他获得主宰部落的地位是在古老的欧梅克斯竞技场，半人马部族千年以来聚集于此，行使他们格斗的权利。随着他声名远扬，不少观众都是不远千里前来目睹这名半人马的雄伟风姿。他总是第一个踏入竞技场，最后一个离开，在血肉横飞、刀光剑影中谱写着战斗的巨著。这是鲜血与钢铁织就的诗篇，飘扬在杀戮场上扬起的尘埃中。","dj":"1|15|25","smz":"587|1598|2700","mfz":"195|486|954","gjl":"55-57|108-110|166-168","hj":"3|7|13","syfw":"1800/800","gjfw":"128","ddsd":"N/A","jdtj1":"http://www.dota2.com.cn/images/property/add/centaur_warrunner.jpg","jdms1":"这是最主流的一种人马加点，前期2,1对点现在双刃剑被改成了aoe效果，人马的团战能力和farm效率提升了不止一个档次。大招从刚毅不屈改成了奔袭冲撞，更是直接将人马推上了神坛。如今的人马在小范围gank亦或是团战先手都能够发挥极其出色的作用。","jdtj2":"","jdms2":"","cmzb":"树之祭祀*1|治疗药膏*1|铁树枝干*3|圆盾*1","qqzb":"魔棒*1|速度之靴*1|护腕*1","hxzb":"魔杖*1|静谧之鞋*1|闪烁匕首*1","hqsz":"辉耀*1|恐鳌之心*1|刃甲*1|天堂之戟*1","ljt":"http://www.dota2.com.cn/images/property/centaur_warrunner.gif","path":"centaur_warrunner","zymc":"天辉","zytb":"http://www.dota2.com.cn/images/heropedia/radiant.jpg","yxtp":"http://www.dota2.com.cn/images/others/centaur_big1.jpg","gjlxxj":"1","yxdwxj":"3|2|1","llsjsmz":"19","llsjsmhf":"0.03","mjsjhj":"1","mjsjgjsd":"1","zlsjmfz":"13","zlsjmfhf":"0.04","sjgjl":"1","pjsh":"56","gjsd":"115|123|163","gjms":"1.48","gjsh":"55-57","gjjl":"128|128|128","wlhj":"3","wlshkx":"15%","mfshkx":"25%","minitb":"http://www.dota2.com.cn/images/heroes/centaur_icon.png"}]}