{"hero":{"id":20,"zwm":"风行者","ywm":"Windranger","jc":"风行，WR","xttx":"http://www.dota2.com.cn/images/heroes/windrunner_full.png","dttx":"http://www.dota2.com.cn/images/heroes/windrunner_vert.jpg","gjlx":"远程","yxlx":"智力","yxdw":"控制-爆发-辅助-逃生","zltb":"http://www.dota2.com.cn/images/info1301/tit_img01.gif","zljc":"22","zlsj":"2.6","mjtb":"http://www.dota2.com.cn/images/info1301/tit_img02.gif","mjjc":"17","mjsj":"1.4","lltb":"http://www.dota2.com.cn/images/info1301/tit_img03.gif","lljc":"17","llsj":"2.5","gjltb":"http://www.dota2.com.cn/images/info1301/tit_img06.gif","csgjl":"22-34","ydsdtb":"http://www.dota2.com.cn/images/info1301/tit_img05.gif","csydsd":"295","hjtb":"http://www.dota2.com.cn/images/info1301/tit_img04.gif","cshj":"1.38","yxbj":"西部森林中隐藏了无数的秘密。其中之一就是受到风神眷顾的森林弓箭大师莱瑞蕾。风行者莱瑞蕾的家人在她出生那夜的暴风雨中全部去世了，狂风摧毁了他们的房屋，一切都化为乌有。只有还是婴儿的风行者在充满死亡和破坏的瓦屑中幸存了下来。暴风雨平静下来后，自然之风注意到了这个在草地中哭泣的幸运儿。风很怜悯这个孩子，便将她抬起，放到一户邻居的门前台阶上。之后的岁月里，风会时不时回来看下这个孩子的生活，从远处看着她磨练自己的技术。现在，经过多年的训练，风行者射出的箭矢百步穿杨。她迅捷的步伐让人难以看清，犹如背后有风在推动。风行者用飓风般的箭矢群杀戮敌人，她几乎已成为自然之力本身。","dj":"1/15/25","smz":"435/1100/1955","mfz":"286/759/1357","gjl":"44-56/80-92/126-138","hj":"1/4/9","syfw":"1800/800","gjfw":"600","ddsd":"1250","jdtj1":"http://www.dota2.com.cn/images/property/add/windrunner.jpg","jdms1":"风行者是一个天生劣势路单英雄，有逃生，有控制，有AoE爆发。1V2劣单的风行者也经常出现在比赛中。线上压力大的情况下，可以多升一级风步增加逃生能力，建议主强力击、辅束缚击，这样的风行者中前期才有足够的爆发进行Gank，支援。大招的选择依据形势而定，有机会拆塔推进的情况下，可以考虑有大升大。风行的加点非常灵活多变，每一场比赛都要根据场上形势而选择合适加点。","jdtj2":"","jdms2":"","cmzb":"树之祭祀*1|治疗药膏*1|净化药水*2|智力斗篷*1|铁树枝干*2","qqzb":"魔棒*1|速度之靴*1|空灵挂件*1|王者之戒*1","hxzb":"魔杖*1|相位鞋*1|原力法杖*1","hqsz":"邪恶镰刀*1|紫怨*1|希瓦的守护*1|林肯法球*1|阿哈利姆神杖*1|Eul的神圣法杖*1","ljt":"http://www.dota2.com.cn/images/property/windrunner.gif","path":"windranger","zymc":"天辉","zytb":"http://www.dota2.com.cn/images/heropedia/radiant.jpg","yxtp":"http://www.dota2.com.cn/images/others/windrunner_big1.jpg","gjlxxj":"1","yxdwxj":"1-1-1-1","llsjsmz":"19","llsjsmhf":"0.03","mjsjhj":"1","mjsjgjsd":"1","zlsjmfz":"13","zlsjmfhf":"0.04","sjgjl":"1","pjsh":"50","gjsd":"130/136/164","gjms":"1.28","gjsh":"44-56","gjjl":"600/600/600","wlhj":"1","wlshkx":"7%","mfshkx":"25%","minitb":"http://www.dota2.com.cn/images/heroes/windranger_icon.png"},"skillList":[{"id":85,"zwm":"风行者","jnmc":"束缚击","jntb":"http://www.dota2.com.cn/images/heroes/abilities/windrunner_shackleshot_hp1.png","jnms":"将目标束缚在正对其后的一个敌方单位或树上。若目标后面没有其它敌方单位或树木，则眩晕时间减少至0.75秒。","mftb":"http://www.dota2.com.cn/style/../images/info1301/ico1.gif","mfxh":"90/100/110/120","lqtb":"http://www.dota2.com.cn/style/../images/info1301/ico2.gif","lqsj":"12","jnxg":"<span class=\"color_white\">技能：</span>单位目标|<span class=\"color_white\">攻击力：</span>0/0/0/0|<span class=\"color_white\">影响：</span>敌方单位|<span class=\"color_white\">束缚时间：</span>1.5/2.25/3/3.75|<span class=\"color_white\">无视技能免疫：</span>否","jnsp":"http://dota2.dl.wanmei.com/dota2/video/abilities/windrunner_shackleshot.mp4","spms":"风行者的诸多弓技中，有一种用密集的绳索来束缚住敌人让其难以逃脱的箭矢。","djjd":"2,8,9,10","ewms":"该技能可以将两个敌人一起束缚，使他们同时眩晕。<br>束缚击能将目标束缚在身后最多距离525码的敌方单位或500码的树木。<br>束缚击无法被躲避。"},{"id":86,"zwm":"风行者","jnmc":"强力击","jntb":"http://www.dota2.com.cn/images/heroes/abilities/windrunner_powershot_hp1.png","jnms":"风行者用1秒的时间为她的弓蓄力，射出一支强力的箭矢。这支箭会对飞过的所有敌方单位造成伤害，并破坏树木。如果蓄力被打断，箭矢仍然会射出，但伤害降低。","mftb":"http://www.dota2.com.cn/style/../images/info1301/ico1.gif","mfxh":"90/100/110/120","lqtb":"http://www.dota2.com.cn/style/../images/info1301/ico2.gif","lqsj":"9","jnxg":"<span class=\"color_white\">技能：</span>持续施法, 点目标|<span class=\"color_white\">攻击力：</span>120/200/280/360|<span class=\"color_white\">伤害类型：</span>魔法|<span class=\"color_white\">射程：</span>2600|<span class=\"color_white\">无视技能免疫：</span>否","jnsp":"http://dota2.dl.wanmei.com/dota2/video/abilities/windrunner_powershot_creeps.mp4","spms":"在早年的训练生涯，莱瑞蕾学会了射出足以破开树木击中目标的强力箭矢。","djjd":"3,4,5,7","ewms":"强力击将摧毁作用范围内的树木。"},{"id":87,"zwm":"风行者","jnmc":"风行","jntb":"http://www.dota2.com.cn/images/heroes/abilities/windrunner_windrun_hp1.png","jnms":"提升移动速度并闪避一切物理攻击，同时降低周围敌人的移动速度。","mftb":"http://www.dota2.com.cn/style/../images/info1301/ico1.gif","mfxh":"100/100/100/100","lqtb":"http://www.dota2.com.cn/style/../images/info1301/ico2.gif","lqsj":"15","jnxg":"<span class=\"color_white\">技能：</span>无目标|<span class=\"color_white\">移动速度提升：</span>50%|<span class=\"color_white\">无视技能免疫：</span>否|<span class=\"color_white\">敌军减速：</span>8%/16%/24%/30%|<span class=\"color_white\">闪避几率：</span>100%|<span class=\"color_white\">敌方减速作用范围：</span>300|<span class=\"color_white\">持续时间：</span>3/4/5/6","jnsp":"http://dota2.dl.wanmei.com/dota2/video/abilities/windrunner_windrun_running.mp4","spms":"莱瑞蕾用疾风之力进行防御。","djjd":"1,6,11,12","ewms":"减速效果无视魔法免疫。<br>风行不能躲避在开启技能前产生的攻击和技能弹道。"},{"id":88,"zwm":"风行者","jnmc":"集中火力","jntb":"http://www.dota2.com.cn/images/heroes/abilities/windrunner_focusfire_hp1.png","jnms":"风行者受风的引领，以最大攻击速度对敌方单位或建筑攻击，但攻击伤害降低，从攻击特效和物品效果中获得的伤害也降低。持续20秒。 可用神杖升级。","mftb":"http://www.dota2.com.cn/style/../images/info1301/ico1.gif","mfxh":"75/100/125","lqtb":"http://www.dota2.com.cn/style/../images/info1301/ico2.gif","lqsj":"60","jnxg":"<span class=\"color_white\">技能：</span>单位目标|<span class=\"color_white\">攻击力降低：</span>50%/40%/30%|<span class=\"color_white\">影响：</span>敌方单位|<span class=\"color_green\">神杖升级冷却时间：</span>15/15/15|<span class=\"color_white\">无视技能免疫：</span><span class=\"color_green\">是</span>|<span class=\"color_green\">神杖升级攻击力降低：</span>30%/15%/0%","jnsp":"http://dota2.dl.wanmei.com/dota2/video/abilities/windrunner_focus_fire.mp4","spms":"莱瑞蕾以放弃精确度为代价，狂风般地向敌人轰射出无数箭矢。","djjd":"13,14,16","ewms":"能够以建筑和魔法免疫单位为目标。"}],"qqzbList":[{"goods":{"id":36,"bigtype":"基础物品","type":"奥术","wpmc":"魔棒","wppz":"1","wptp":"http://www.dota2.com.cn/images/items/magic_stick_lg.png","jgtb":"http://www.dota2.com.cn/images/info1301/tit_img07.gif","jg":"200","wpjs":"一个简易但实用的魔杖，能够补充使用者的能量--巫师学徒和高级术士都喜欢。","wpzyms":"","wpsyff":"主动：充能 - 每当周围有敌人施放技能都会自动充能（最多10点能量）。当使用时，每点能量为你回复生命值和魔法值。","wpxg":"每点能量回复：<span class=\"color_yellow\">15</span>","lqsjtb":"http://www.dota2.com.cn/images/info1301/ico2.gif","lqsj":"13","mfxhtb":"","mfxh":"","qzwptb":"","wpzyms2":"1200码视野范围内敌人使用技能就会获得点数。<br>部分英雄技能和物品技能的施放将不会增加点数。","item_en":"magic_stick"},"count":1},{"goods":{"id":39,"bigtype":"基础物品","type":"奥术","wpmc":"速度之靴","wppz":"1","wptp":"http://www.dota2.com.cn/images/items/boots_lg.png","jgtb":"http://www.dota2.com.cn/images/info1301/tit_img07.gif","jg":"450","wpjs":"穿双鞋子，跑的更快。","wpzyms":"移动速度提升效果不与其他鞋子叠加。","wpsyff":"","wpxg":"+ <span class=\"color_yellow\">50</span> 移动速度","lqsjtb":"","lqsj":"","mfxhtb":"","mfxh":"","qzwptb":"","wpzyms2":"","item_en":"boots"},"count":1},{"goods":{"id":49,"bigtype":"升级物品","type":"普通","wpmc":"空灵挂件","wppz":"2","wptp":"http://www.dota2.com.cn/images/items/null_talisman_lg.png","jgtb":"http://www.dota2.com.cn/images/info1301/tit_img07.gif","jg":"470","wpjs":"由锁链装饰起来的小巧的宝石。","wpzyms":"","wpsyff":"","wpxg":"+ <span class=\"color_yellow\">3</span> 力量<br/>+ <span class=\"color_yellow\">3</span> 敏捷<br/>+ <span class=\"color_yellow\">6</span> 智力<br/>+ <span class=\"color_yellow\">3</span> 攻击力","lqsjtb":"","lqsj":"","mfxhtb":"","mfxh":"","qzwptb":"","wpzyms2":"","item_en":"null_talisman"},"count":1},{"goods":{"id":60,"bigtype":"升级物品","type":"辅助","wpmc":"王者之戒","wppz":"3","wptp":"http://www.dota2.com.cn/images/items/ring_of_basilius_lg.png","jgtb":"http://www.dota2.com.cn/images/info1301/tit_img07.gif","jg":"500","wpjs":"这枚戒指是最伟大的法师才能获得的嘉奖。","wpzyms":"多个王者光环效果无法叠加。","wpsyff":"被动：王者光环-在900范围内为友军提供魔法恢复和护甲加成<br/>主动：点击以切换护甲加成光环是否对非英雄单位生效。","wpxg":"+ <span class=\"color_yellow\">6</span> 攻击力<br/>光环增益回魔：<span class=\"color_yellow\">0.65</span><br/>光环增益护甲：<span class=\"color_yellow\">2</span><br/>+ <span class=\"color_yellow\">1</span> 护甲","lqsjtb":"","lqsj":"","mfxhtb":"","mfxh":"","qzwptb":"","wpzyms2":"王者之戒，天鹰之戒和弗拉迪米尔的祭品拥有的护甲光环互不叠加。","item_en":"ring_of_basilius"},"count":1}],"cmzbList":[{"goods":{"id":2,"bigtype":"基础物品","type":"消耗品","wpmc":"树之祭祀","wppz":"3","wptp":"http://www.dota2.com.cn/images/items/tango_lg.png","jgtb":"http://www.dota2.com.cn/images/info1301/tit_img07.gif","jg":"125","wpjs":"战场上的救命稻草。","wpzyms":"","wpsyff":"使用：吃树-吃掉一棵树来恢复生命值。可以使用4次。","wpxg":"持续时间：<span class=\"color_yellow\">16</span><br/>生命恢复量：<span class=\"color_yellow\">115</span>","lqsjtb":"","lqsj":"","mfxhtb":"","mfxh":"","qzwptb":"","wpzyms2":"","item_en":"tango"},"count":1},{"goods":{"id":3,"bigtype":"基础物品","type":"消耗品","wpmc":"治疗药膏","wppz":"3","wptp":"http://www.dota2.com.cn/images/items/flask_lg.png","jgtb":"http://www.dota2.com.cn/images/info1301/tit_img07.gif","jg":"115","wpjs":"即使最严重的伤口也能快速治愈的魔法药膏。","wpzyms":"","wpsyff":"使用：恢复 - 持续恢复生命值，受到攻击会驱散效果。","wpxg":"持续时间：<span class=\"color_yellow\">10</span><br/>生命回复量：<span class=\"color_yellow\">400</span>","lqsjtb":"","lqsj":"","mfxhtb":"","mfxh":"","qzwptb":"","wpzyms2":"治疗药膏可以共享。","item_en":"flask"},"count":1},{"goods":{"id":1,"bigtype":"基础物品","type":"消耗品","wpmc":"净化药水","wppz":"3","wptp":"http://www.dota2.com.cn/images/items/clarity_lg.png","jgtb":"http://www.dota2.com.cn/images/info1301/tit_img07.gif","jg":"50","wpjs":"能增强冥想能力的清水。","wpzyms":"","wpsyff":"使用：持续恢复魔法值，受攻击会驱散效果。","wpxg":"持续时间：<span class=\"color_yellow\">40</span><br/>魔法回复量：<span class=\"color_yellow\">135</span>","lqsjtb":"","lqsj":"","mfxhtb":"","mfxh":"","qzwptb":"","wpzyms2":"净化药水可以共享。","item_en":"clarity"},"count":2},{"goods":{"id":15,"bigtype":"基础物品","type":"属性","wpmc":"智力斗篷","wppz":"1","wptp":"http://www.dota2.com.cn/images/items/mantle_lg.png","jgtb":"http://www.dota2.com.cn/images/info1301/tit_img07.gif","jg":"150","wpjs":"历代女王所穿的，镶有蓝宝石的漂亮斗篷。","wpzyms":"","wpsyff":"","wpxg":"+ <span class=\"color_yellow\">3</span> 智力","lqsjtb":"","lqsj":"","mfxhtb":"","mfxh":"","qzwptb":"","wpzyms2":"","item_en":"mantle"},"count":1},{"goods":{"id":12,"bigtype":"基础物品","type":"属性","wpmc":"铁树枝干","wppz":"1","wptp":"http://www.dota2.com.cn/images/items/branches_lg.png","jgtb":"http://www.dota2.com.cn/images/info1301/tit_img07.gif","jg":"50","wpjs":"一根看起来很普通的树枝，它如铁般坚硬的品质赋予持有者好运。","wpzyms":"","wpsyff":"","wpxg":"+ <span class=\"color_yellow\">1</span> 所有属性","lqsjtb":"","lqsj":"","mfxhtb":"","mfxh":"","qzwptb":"","wpzyms2":"","item_en":"branches"},"count":2}],"adapt_type_list":[{"id":81,"zwm":"斯温","ywm":"Sven","jc":"SV，流浪","xttx":"http://www.dota2.com.cn/images/heroes/sven_full.png","dttx":"http://www.dota2.com.cn/images/heroes/sven_vert.jpg","gjlx":"近战","yxlx":"力量","yxdw":"控制|先手|核心|辅助","zltb":"http://www.dota2.com.cn/images/info1301/tit_img01.gif","zljc":"16","zlsj":"1.30","mjtb":"http://www.dota2.com.cn/images/info1301/tit_img02.gif","mjjc":"21","mjsj":"2.00","lltb":"http://www.dota2.com.cn/images/info1301/tit_img03.gif","lljc":"23","llsj":"2.70","gjltb":"http://www.dota2.com.cn/images/info1301/tit_img06.gif","csgjl":"37-39","ydsdtb":"http://www.dota2.com.cn/images/info1301/tit_img05.gif","csydsd":"295","hjtb":"http://www.dota2.com.cn/images/info1301/tit_img04.gif","cshj":"1.94","yxbj":"斯温是一名守夜骑士的私生子，身怀苍白南海人的血统，在影承废墟长大。他父亲因为违背了守夜人法典而被处决，母亲又因为她的种族而被驱逐，这一切让斯温坚信所谓的社会法则中毫无荣誉可言——荣誉只存在于他心中。在照顾母亲走过弥留之际以后，他以新人的身份参加了守夜骑士团，并对自己的身份绝对保密。十三年来，他一直在他父亲当年的学校里学习，掌握那些仇视他出身的人所撰写的法则。接着，在他本该立誓成为守夜骑士的那天，他手持弃誓之刃，击碎神圣之盔，用守夜圣火烧毁了那所谓的法则。他大步流星的从守夜堡离开，注定了永世孤独，并向圣符起誓，只遵循他自己心中的法则。是的，他仍然是一名骑士，不过是只效忠于自己心中正义的...流浪剑客。","dj":"1|15|25","smz":"587|1305|2198","mfz":"208|445|874","gjl":"60-62|98-100|145-147","hj":"5|9|14","syfw":"1800/800","gjfw":"128","ddsd":"N/A","jdtj1":"http://www.dota2.com.cn/images/property/add/sven.jpg","jdms1":"这是一种比较常见的加点方式，首先流浪剑客的锤子是一个范围眩晕伤害技能，但是这个技能耗蓝比较高，前期加一点黄点是为了能多扔一个锤子。其次加的三技能是为了防止对方减价流而设置的，但是这个技能没有黄点的效果好。所以根据对方的技能来看是否加这个技能，因为这个技能一级就能有很好的作用了。最后就是二技能的取舍，因为流浪剑客不是带线英雄，所以这个英雄不需要早加这个技能，最后补满即可。大招因为是提高100%的攻击力，所以只要能加必须加起来，而且只有第一级才是100%，以后会越来越高呦。","jdtj2":null,"jdms2":null,"cmzb":"净化药水*1|治疗药膏*1|治疗药膏*1|力量手套*1|力量手套*1|铁树枝干*1","qqzb":"魔棒*1|护腕*1|速度之靴*1","hxzb":"魔杖*1|动力鞋*1|黑皇杖*1","hqsz":"闪烁匕首*1|韧鼓*1|恐鳌之心*1|强袭胸甲*1|疯狂面具*1|代达罗斯之殇*1","ljt":"http://www.dota2.com.cn/images/property/sven.gif","path":"sven","zymc":"天辉","zytb":"http://www.dota2.com.cn/images/heropedia/radiant.jpg","yxtp":"http://www.dota2.com.cn/images/others/sven_big1.jpg","gjlxxj":"1","yxdwxj":"2|1|1|1","llsjsmz":"19","llsjsmhf":"0.03","mjsjhj":"1","mjsjgjsd":"1","zlsjmfz":"13","zlsjmfhf":"0.04","sjgjl":"1","pjsh":"55","gjsd":"121|129|169","gjms":"1.4","gjsh":"60-62","gjjl":"128|128|128","wlhj":"4.94","wlshkx":"10%","mfshkx":"25%","minitb":"http://www.dota2.com.cn/images/heroes/sven_icon.png"},{"id":91,"zwm":"小小","ywm":"Tiny","jc":"山岭","xttx":"http://www.dota2.com.cn/images/heroes/tiny_full.png","dttx":"http://www.dota2.com.cn/images/heroes/tiny_vert.jpg","gjlx":"近战","yxlx":"力量","yxdw":"控制|爆发|先手|耐久","zltb":"http://www.dota2.com.cn/images/info1301/tit_img01.gif","zljc":"17","zlsj":"1.60","mjtb":"http://www.dota2.com.cn/images/info1301/tit_img02.gif","mjjc":"9","mjsj":"0.90","lltb":"http://www.dota2.com.cn/images/info1301/tit_img03.gif","lljc":"26","llsj":"3.00","gjltb":"http://www.dota2.com.cn/images/info1301/tit_img06.gif","csgjl":"37-43","ydsdtb":"http://www.dota2.com.cn/images/info1301/tit_img05.gif","csydsd":"285","hjtb":"http://www.dota2.com.cn/images/info1301/tit_img04.gif","cshj":"0.26","yxbj":"以一团石头的形式出现的生命体，小小不断思索他的起源，但这始终是个谜。现在的他是个石巨人，但过去是什么呢？从土傀儡的脚后跟掉落的碎片？从制造石像鬼的工房被打扫出来的碎屑？神圣预言石的表层之砂？受到强烈的好奇心驱使，他不知疲倦的环游世界，寻找着他的起源，他的出身，和他的种族。在旅途中，他变得越来越庞大，不过路上的风雨吹打掉了他身上的石头，所以他不停的吸收新的岩石，永远在长大。","dj":"1|15|25","smz":"644|1442|2392","mfz":"221|512|980","gjl":"63-69|105-111|155-161","hj":"0|2|6","syfw":"1800/800","gjfw":"128","ddsd":"N/A","jdtj1":"http://www.dota2.com.cn/images/property/add/tiny.jpg","jdms1":"鉴于lv1-3的V每级伤害提升80，一旦打出两次V的伤害，就相当于每级伤害提升了160。单级伤害提升如此之大，全dota无人能出其右。所以5级时要保证lv3的V。","jdtj2":null,"jdms2":null,"cmzb":"净化药水*1|树之祭祀*2|铁树枝干*3|圆环*1","qqzb":"魔棒*1|速度之靴*1|护腕*1|魔瓶*1","hxzb":"魔杖*1|奥术鞋*1|闪烁匕首*1","hqsz":"阿哈利姆神杖*1|强袭胸甲*1|韧鼓*1|恐鳌之心*1|邪恶镰刀*1|希瓦的守护*1","ljt":"http://www.dota2.com.cn/images/property/tiny.gif","path":"tiny","zymc":"天辉","zytb":"http://www.dota2.com.cn/images/heropedia/radiant.jpg","yxtp":"http://www.dota2.com.cn/images/others/tiny_big1.jpg","gjlxxj":"1","yxdwxj":"2|2|1|1","llsjsmz":"19","llsjsmhf":"0.03","mjsjhj":"1","mjsjgjsd":"1","zlsjmfz":"13","zlsjmfhf":"0.04","sjgjl":"1","pjsh":"64","gjsd":"109|113|131","gjms":"1.56","gjsh":"61-67","gjjl":"128|128|128","wlhj":"0.26","wlshkx":"1%","mfshkx":"25%","minitb":"http://www.dota2.com.cn/images/heroes/tiny_icon.png"},{"id":58,"zwm":"沙王","ywm":"Sand King","jc":"SK","xttx":"http://www.dota2.com.cn/images/heroes/sand_king_full.png","dttx":"http://www.dota2.com.cn/images/heroes/sand_king_vert.jpg","gjlx":"近战","yxlx":"力量","yxdw":"先手|控制|爆发","zltb":"http://www.dota2.com.cn/images/info1301/tit_img01.gif","zljc":"16","zlsj":"1.80","mjtb":"http://www.dota2.com.cn/images/info1301/tit_img02.gif","mjjc":"19","mjsj":"2.10","lltb":"http://www.dota2.com.cn/images/info1301/tit_img03.gif","lljc":"18","llsj":"2.60","gjltb":"http://www.dota2.com.cn/images/info1301/tit_img06.gif","csgjl":"25-41","ydsdtb":"http://www.dota2.com.cn/images/info1301/tit_img05.gif","csydsd":"300","hjtb":"http://www.dota2.com.cn/images/info1301/tit_img04.gif","cshj":"2.66","yxbj":"闪烁荒原的沙漠是有知觉的活物，它与自我对话，思考着只有这广阔的沙漠能包容的思想。当它必须要寻找一种和那些有限的存在交流的方式时，它解放了一块它的碎片，填入一块由狡猾的卡尔丁灯神创造的魔法甲壳中。这个存在称它自己为克里瑟历斯，意为\"沙之魂\"，不过世人都称他为沙王。沙王那巨大蛛形生物的外形源自闪烁荒地那些渺小但无处不及的居民，这身形真实地展示了他残忍的天性。沙王无法与赐予他生命的无限沙漠分开，他是这片沙漠的守卫者、战士、使节。","dj":"1|15|25","smz":"492|1184|2058","mfz":"208|536|1030","gjl":"43-59|79-95|125-141","hj":"3|7|13","syfw":"1800/800","gjfw":"128","ddsd":"N/A","jdtj1":"http://www.dota2.com.cn/images/property/add/sand_king.jpg","jdms1":"沙王的加点变化不多，主要有两种就是沙尘暴与腐蚀毒的选择。主升穿刺是毫无疑问的，这套加点选择的是沙王辅升级沙尘暴，在线上压力大的情况下，沙王可以利用沙尘暴做到躲技能压制对手。","jdtj2":null,"jdms2":null,"cmzb":"力量手套*2|治疗药膏*2|净化药水*1|铁树枝干*1","qqzb":"魔棒*1|速度之靴*1|护腕*1","hxzb":"魔杖*1|奥术鞋*1|闪烁匕首*1","hqsz":"阿哈利姆神杖*1|纷争面纱*1|刃甲*1|希瓦的守护*1|黑皇杖*1|恐鳌之心*1","ljt":"http://www.dota2.com.cn/images/property/sand_king.gif","path":"sand_king","zymc":"夜魇","zytb":"http://www.dota2.com.cn/images/heropedia/dire.jpg","yxtp":"http://www.dota2.com.cn/images/others/sand_king_big1.jpg","gjlxxj":"1","yxdwxj":"3|2|1","llsjsmz":"19","llsjsmhf":"0.03","mjsjhj":"1","mjsjgjsd":"1","zlsjmfz":"13","zlsjmfhf":"0.04","sjgjl":"1","pjsh":"51","gjsd":"119|127|169","gjms":"1.43","gjsh":"43-59","gjjl":"128|128|128","wlhj":"2","wlshkx":"13%","mfshkx":"25%","minitb":"http://www.dota2.com.cn/images/heroes/sand_king_icon.png"}],"videoList":[{"id":5,"spdz":"http://dota2.dl.wanmei.com/dota2/patch/windrunner_basic.flv","zwm":"风行者","splx":"新手教学","createtime":null,"img":"http://www.dota2.com.cn/apps/dota2/images/video/raider/windrunner_basic.jpg","bfsc":"2:57","gxsj":"2013-10-30","spbb":"6.79","spdzm":"http://dota2.dl.wanmei.com/dota2/video/windrunner_basic.mp4"}],"recommendList":[{"id":33,"gldz":"http://www.dota2.com.cn/raiders/step/20131101/152806.shtml","tm":"Dota2风行者攻略打法风中舞者奥雷利亚","sj":"2013-11-1","zwm":"风行者","tp":"http://dota2.wanmei.com/resources/jpg/140210/10251391997259353.jpg","js":"风行是一个很全能的英雄。不仅能逃生，而且aoe控制应有尽有。"}],"adapt_bkz_list":[{"id":95,"zwm":"嗜血狂魔","ywm":"Bloodseeker","jc":"BS","xttx":"http://www.dota2.com.cn/images/heroes/bloodseeker_full.png","dttx":"http://www.dota2.com.cn/images/heroes/bloodseeker_vert.jpg","gjlx":"近战","yxlx":"敏捷","yxdw":"核心|打野","zltb":"http://www.dota2.com.cn/images/info1301/tit_img01.gif","zljc":"18","zlsj":"1.7","mjtb":"http://www.dota2.com.cn/images/info1301/tit_img02.gif","mjjc":"24","mjsj":"3","lltb":"http://www.dota2.com.cn/images/info1301/tit_img03.gif","lljc":"23","llsj":"2","gjltb":"http://www.dota2.com.cn/images/info1301/tit_img06.gif","csgjl":"29-35","ydsdtb":"http://www.dota2.com.cn/images/info1301/tit_img05.gif","csydsd":"300","hjtb":"http://www.dota2.com.cn/images/info1301/tit_img04.gif","cshj":"3.36","yxbj":"血魔史德利古尔是通过仪式严格甄选出的猎手，更准确的说，他是剥皮双子忠实的走狗，他从常年云雾缭绕的噬血之峰被派下去搜寻鲜血。剥皮双子需要海量的鲜血来获得满足和安抚，而如果当地的祭祀没能满足他们，他们就会抽干这个高原王国所有人民的鲜血。因此史德利古尔总是外出进行屠戮。他能榨取出血液之中的生命之力，然后这些能量通过他武器和护甲上的附魔标记立刻流向双子。多年以来，他一直是一条得力的走狗，在战斗时他像豺狼一样残暴。据说，在血魔那涌动着对鲜血的渴望的面具之下，能够直视剥皮双子那可怖的嘴脸。","dj":"1|15|25","smz":"587|1119|1879","mfz":"234|543|1024","gjl":"53-59|95-101|145-151","hj":"3|9|16","syfw":"1800/800","gjfw":"128","ddsd":"N/A","jdtj1":"http://www.dota2.com.cn/images/property/add/bloodseeker.jpg","jdms1":"血魔的加点变化不多，主3和主2都有选择。这套加点相对平均，六级时有两级屠戮和嗜血渴望。建议在线上压力不是很大的情况下优先将3技能加满。增加血魔gank的机动性。","jdtj2":"","jdms2":"","cmzb":"树之祭祀*1|圆盾*1|压制之刃*1","qqzb":"穷鬼盾*1|速度之靴*1|魔杖*1|回城卷轴*1","hxzb":"动力鞋*1|怨灵系带*1|散夜对剑*1","hqsz":"辉耀*1|蝴蝶*1|黑皇杖*1|金箍棒*1|强袭胸甲*1|恐鳌之心*1","ljt":"http://www.dota2.com.cn/images/property/bloodseeker.gif","path":"bloodseeker","zymc":"夜魇","zytb":"http://www.dota2.com.cn/images/heropedia/dire.jpg","yxtp":"http://www.dota2.com.cn/images/others/bloodseeker_big1.jpg","gjlxxj":"1","yxdwxj":"1|1","llsjsmz":"19","llsjsmhf":"0.03","mjsjhj":"1","mjsjgjsd":"1","zlsjmfz":"13","zlsjmfhf":"0.04","sjgjl":"1","pjsh":"56","gjsd":"124|136|196","gjms":"1.37","gjsh":"53-59","gjjl":"128|128|128","wlhj":"3","wlshkx":"16%","mfshkx":"25%","minitb":"http://www.dota2.com.cn/images/heroes/bloodseeker_icon.png"},{"id":78,"zwm":"司夜刺客","ywm":"Nyx Assassin","jc":"NA，小强","xttx":"http://www.dota2.com.cn/images/heroes/nyx_assassin_full.png","dttx":"http://www.dota2.com.cn/images/heroes/nyx_assassin_vert.jpg","gjlx":"近战","yxlx":"敏捷","yxdw":"控制|爆发","zltb":"http://www.dota2.com.cn/images/info1301/tit_img01.gif","zljc":"18","zlsj":"2.1","mjtb":"http://www.dota2.com.cn/images/info1301/tit_img02.gif","mjjc":"19","mjsj":"2.2","lltb":"http://www.dota2.com.cn/images/info1301/tit_img03.gif","lljc":"18","llsj":"2","gjltb":"http://www.dota2.com.cn/images/info1301/tit_img06.gif","csgjl":"30-34","ydsdtb":"http://www.dota2.com.cn/images/info1301/tit_img05.gif","csydsd":"300","hjtb":"http://www.dota2.com.cn/images/info1301/tit_img04.gif","cshj":"3.66","yxbj":"在秘湮学院的禁断圣所中，在那些研究龙类遗传学论文和艰深晦涩的咒语书之间，藏有一本记录着古代昆虫学的珍贵书籍。这本凝聚了学者们心血的书里面记录了一种天生具有读心术的狂热圣甲虫，这种具有社会性的昆虫在七个位面的所以世界中都是独一无二的。和他领地中的其他幼虫不一样的是，司夜刺客的变形并不是被那种工兵般无聊乏味的思想所引领的。他的变化很特别，受到了夜神妮克丝的恩赐。他是天选者，被女神从万千族人中挑选出来并赐予了女神精华。他的族人大多都在虫后密室的黑暗祝福下死去，而后他出现了，有着犀利的读心术，尖刀般锋利的爪子和剃刀一样的下颚，通过空气感知着他身边的那些同类的想法。在所有的狂热圣甲虫中，只有他被最高存在召唤。在妮克丝的恩惠下，他变体了，重生了，被赋予了各种能力，去完成他的创造者唯一的要求：以女神之名杀戮。","dj":"1|15|25","smz":"492|1024|1784","mfz":"234|616|1149","gjl":"49-53|80-84|122-126","hj":"4|8|14","syfw":"1800/800","gjfw":"128","ddsd":"N/A","jdtj1":"http://www.dota2.com.cn/images/property/add/nyx_assassin.jpg","jdms1":"这是一种比较主流的司夜刺客加点，力求做到输出最大化，对线选择主法力燃烧还是主穿刺应该根据实际情况做出判断。前期可以点1级外壳用来保命逃生，关键时刻还是非常好用的。","jdtj2":"","jdms2":"","cmzb":"动物信使*1|树之祭祀*1|治疗药膏*1|净化药水*1|铁树枝干*3","qqzb":"魔棒*1|速度之靴*1|治疗指环*1","hxzb":"魔杖*1|奥术鞋*1|达贡之神力*1","hqsz":"Eul的神圣法杖*1|幽魂权杖*1|邪恶镰刀*1|阿哈利姆神杖*1|希瓦的守护*1|黯灭*1","ljt":"http://www.dota2.com.cn/images/property/nyx_assassin.gif","path":"nyx_assassin","zymc":"夜魇","zytb":"http://www.dota2.com.cn/images/heropedia/dire.jpg","yxtp":"http://www.dota2.com.cn/images/others/nyx_assassin_big1.jpg","gjlxxj":"1","yxdwxj":"2|2","llsjsmz":"19","llsjsmhf":"0.03","mjsjhj":"1","mjsjgjsd":"1","zlsjmfz":"13","zlsjmfhf":"0.04","sjgjl":"1","pjsh":"51","gjsd":"119|128|172","gjms":"1.43","gjsh":"49-53","gjjl":"128|128|128","wlhj":"3","wlshkx":"18%","mfshkx":"25%","minitb":"http://www.dota2.com.cn/images/heroes/nyx_assassin_icon.png"},{"id":100,"zwm":"宙斯","ywm":"Zeus","jc":"神王","xttx":"http://www.dota2.com.cn/images/heroes/zuus_full.png","dttx":"http://www.dota2.com.cn/images/heroes/zuus_vert.jpg","gjlx":"远程","yxlx":"智力","yxdw":"爆发|辅助","zltb":"http://www.dota2.com.cn/images/info1301/tit_img01.gif","zljc":"22","zlsj":"2.6","mjtb":"http://www.dota2.com.cn/images/info1301/tit_img02.gif","mjjc":"17","mjsj":"1.4","lltb":"http://www.dota2.com.cn/images/info1301/tit_img03.gif","lljc":"17","llsj":"1.4","gjltb":"http://www.dota2.com.cn/images/info1301/tit_img06.gif","csgjl":"22-34","ydsdtb":"http://www.dota2.com.cn/images/info1301/tit_img05.gif","csydsd":"295","hjtb":"http://www.dota2.com.cn/images/info1301/tit_img04.gif","cshj":"1.38","yxbj":"天界之王，众神之父，宙斯在对待英雄一向视如己出。然而在无数次与凡人女性幽会时当场被抓后，宙斯的妻子给他下了最后通牒：“既然你这么喜欢凡人，就去当凡人吧。如果你能证明的忠诚，就回来做我永生的丈夫。否则的话，就去和你的创造物死在一起吧。”宙斯无奈的发现她的逻辑（和她的魔法）无懈可击，只好照她说的去做。从那以后宙斯洗心革面，在凡人面前不再多情，将爱留给他永生的女神。但为了证明他配得上他那永恒的爱人，他还必须在战场上继续追寻胜利。","dj":"1|15|25","smz":"511|1123|1940","mfz":"260|751|1362","gjl":"41-49|79-87|126-134","hj":"2|4|8","syfw":"1800/800","gjfw":"350","ddsd":"1100","jdtj1":"http://www.dota2.com.cn/images/property/add/zeus.jpg","jdms1":"天界之王，众神之父，宙斯在对待英雄一向视如己出。然而在无数次与凡人女性幽会时当场被抓后，宙斯的妻子给他下了最后通牒：“既然你这么喜欢凡人，就去当凡人吧。如果你能证明的忠诚，就回来做我永生的丈夫。否则的话，就去和你的创造物死在一起吧。”宙斯无奈的发现她的逻辑（和她的魔法）无懈可击，只好照她说的去做。从那以后宙斯洗心革面，在凡人面前不再多情，将爱留给他永生的女神。但为了证明他配得上他那永恒的爱人，他还必须在战场上继续追寻胜利。","jdtj2":"","jdms2":"","cmzb":"树之祭祀*1|净化药水*2|治疗药膏*1|铁树枝干*2","qqzb":"魔瓶*1|速度之靴*1","hxzb":"奥术鞋*1|纷争面纱*1","hqsz":"阿哈利姆神杖*1|刷新球*1|邪恶镰刀*1|血精石*1|Eul的神圣法杖*1","ljt":"http://www.dota2.com.cn/images/property/zuus.gif","path":"zeus","zymc":"天辉","zytb":"http://www.dota2.com.cn/images/heropedia/radiant.jpg","yxtp":"http://www.dota2.com.cn/images/others/zuus_big1.jpg","gjlxxj":"1","yxdwxj":"","llsjsmz":"19","llsjsmhf":"0.03","mjsjhj":"1","mjsjgjsd":"1","zlsjmfz":"15","zlsjmfhf":"0.04","sjgjl":"1","pjsh":"45","gjsd":"111|116|140","gjms":"1.53","gjsh":"41-49","gjjl":"350|350|350","wlhj":"1","wlshkx":"8%","mfshkx":"25%","minitb":"http://www.dota2.com.cn/images/heroes/zuus_icon.png"},{"id":17,"zwm":"发条技师","ywm":"Clockwerk","jc":"发条、CG","xttx":"http://www.dota2.com.cn/images/heroes/rattletrap_full.png","dttx":"http://www.dota2.com.cn/images/heroes/rattletrap_vert.jpg","gjlx":"近战","yxlx":"力量","yxdw":"先手|耐久","zltb":"http://www.dota2.com.cn/images/info1301/tit_img01.gif","zljc":"17","zlsj":"1.30","mjtb":"http://www.dota2.com.cn/images/info1301/tit_img02.gif","mjjc":"13","mjsj":"2.30","lltb":"http://www.dota2.com.cn/images/info1301/tit_img03.gif","lljc":"24","llsj":"2.70","gjltb":"http://www.dota2.com.cn/images/info1301/tit_img06.gif","csgjl":"31-33","ydsdtb":"http://www.dota2.com.cn/images/info1301/tit_img05.gif","csydsd":"315","hjtb":"http://www.dota2.com.cn/images/info1301/tit_img04.gif","cshj":"1.82","yxbj":"瑞托崔普和狙击手以及修补匠属于同一个分布广泛的种族，和其他许多敏感的族人一样，瑞托崔普用他的智慧和一些小玩意弥补了体型上的矮小。作为一个钟表匠的孙子，瑞托崔普在这个行业当了很多年的学徒，直到战争从山的另一边席卷而来，摧毁了这个从事着与战斗无关的行业的无辜村庄。祖先传下来的村庄变成了满是焦火和黑烟的废墟，\"你的新行业是战斗\"他的父亲临死前留下这样一句话。这个可怜的生意人责备他的工具无法用于战斗，但瑞托崔普从不找借口。在村庄的废墟中埋葬了父亲后，瑞托崔普开始着手将他自己转变为前所未见的最强大的战争道具。他发誓永远不再毫无防备的被抓住，瑞托崔普用他的智慧装配了一套强大的发条动力装甲，这使其它大陆的骑士在他面前就像易拉罐般渺小。现在瑞托崔普全身充满各种装置，小而强大的战士，他埋伏和破坏的技术已经达到了几乎自动化的高效水平。这个死亡工匠的机械可以迅速干掉不够谨慎的敌人，在这个战争时代宣告了新的曙光。是时候让你们见识见识发条技师的厉害了！","dj":"1|15|25","smz":"606|1324|2217","mfz":"221|458|887","gjl":"55-57|93-95|140-142","hj":"2|6|12","syfw":"1800/800","gjfw":"128","ddsd":"N/A","jdtj1":"http://www.dota2.com.cn/images/property/add/clockwerk.jpg","jdms1":"这个加点应该是中单或者优势路发条比较凶猛的一种加点了，一技能的高伤害配合一级导弹的开视野和大招能更好的单杀对方英雄，而且发条的战场插入能力也能让对方脆皮英雄或者后排英雄放不出技能就被秒杀。这种加点的优势就是暴力凶残，自己的输出就很高，但是缺点就是控制对方的时间不多，毕竟框住对方的时间在很长一段时间内都是3秒。","jdtj2":null,"jdms2":null,"cmzb":"树之祭祀*1|治疗药膏*1|圆盾*1|铁树枝干*3","qqzb":"速度之靴*1|护腕*1|魔瓶*1","hxzb":"相位鞋*1|魔杖*1|刃甲*1","hqsz":"阿哈利姆神杖*1|韧鼓*1|洞察烟斗*1|恐鳌之心*1|辉耀*1|希瓦的守护*1","ljt":"http://www.dota2.com.cn/images/property/clockwerk.gif","path":"clockwerk","zymc":"天辉","zytb":"http://www.dota2.com.cn/images/heropedia/radiant.jpg","yxtp":"http://www.dota2.com.cn/images/others/rattletrap_big1.jpg","gjlxxj":"1","yxdwxj":"1|1","llsjsmz":"19","llsjsmhf":"0.03","mjsjhj":"1","mjsjgjsd":"1","zlsjmfz":"13","zlsjmfhf":"0.04","sjgjl":"1","pjsh":"56","gjsd":"113|122|168","gjms":"1.5","gjsh":"55-57","gjjl":"128|128|128","wlhj":"1.82","wlshkx":"9%","mfshkx":"25%","minitb":"http://www.dota2.com.cn/images/heroes/rattletrap_icon.png"},{"id":32,"zwm":"祸乱之源","ywm":"Bane","jc":"痛苦之源","xttx":"http://www.dota2.com.cn/images/heroes/bane_full.png","dttx":"http://www.dota2.com.cn/images/heroes/bane_vert.jpg","gjlx":"远程","yxlx":"智力","yxdw":"控制|爆发|辅助","zltb":"http://www.dota2.com.cn/images/info1301/tit_img01.gif","zljc":"22","zlsj":"2.1","mjtb":"http://www.dota2.com.cn/images/info1301/tit_img02.gif","mjjc":"22","mjsj":"2.1","lltb":"http://www.dota2.com.cn/images/info1301/tit_img03.gif","lljc":"22","llsj":"2.1","gjltb":"http://www.dota2.com.cn/images/info1301/tit_img06.gif","csgjl":"33-39","ydsdtb":"http://www.dota2.com.cn/images/info1301/tit_img05.gif","csydsd":"315","hjtb":"http://www.dota2.com.cn/images/info1301/tit_img04.gif","cshj":"4.08","yxbj":"如果神做了噩梦，那一定是祸乱之源带来的。被称为阿特洛波斯的祸乱之源诞生自夜之女神妮塔莎午夜的恐惧。永生的女神在漫长的时间中孕育了过强的恐惧，已经无法用睡眠抑制，于是，祸乱之源从女神的躯体中逃脱了，他雾状的身形源自女神墨色的鲜血。他的存在就是恐惧本身。听见他声音的凡人会感觉他们心中最阴暗的秘密在耳边低语。他呼唤着所有英雄内心隐藏的恐惧。就算不眠亦无济于事，因为祸乱之源会用他不停滴落的黑色血液把敌人困在噩梦中。只要祸乱之源一出现，所有英雄心中都会想起那可怖的黑暗。","dj":"1|15|25","smz":"568|1127|1906","mfz":"286|668|1201","gjl":"55-61|84-90|125-131","hj":"4|8|14","syfw":"1800/800","gjfw":"400","ddsd":"900","jdtj1":"http://www.dota2.com.cn/images/property/add/bane.jpg","jdms1":"祸乱之源是dota2中唯一一个三维水桶成长的英雄，不仅如此，四个imba技能，前期一对一时几乎没有人可以战胜祸乱之源。对于bane来说，单杀实在太轻松了。这套加点无论前中期游走gank，还是团战都能发挥出很大作用，记住虚弱永远留给地方dps，bane的虚弱对物理dps是极大的克制。","jdtj2":"","jdms2":"","cmzb":"树之祭祀*1|治疗药膏*1|净化药水*2|智力斗篷*1|铁树枝干*2","qqzb":"速度之靴*1|魔棒*1|护腕*1","hxzb":"奥术鞋*1|魔杖*1|原力法杖*1|侦查守卫*1","hqsz":"阿哈利姆神杖*1|原力法杖*1|希瓦的守护*1|闪烁匕首*1|邪恶镰刀*1|纷争面纱*1","ljt":"http://www.dota2.com.cn/images/property/bane.gif","path":"bane","zymc":"夜魇","zytb":"http://www.dota2.com.cn/images/heropedia/dire.jpg","yxtp":"http://www.dota2.com.cn/images/others/bane_big1.jpg","gjlxxj":"1","yxdwxj":"3|2|1","llsjsmz":"19","llsjsmhf":"0.03","mjsjhj":"1","mjsjgjsd":"1","zlsjmfz":"13","zlsjmfhf":"0.04","sjgjl":"1","pjsh":"58","gjsd":"122|130|172","gjms":"1.39","gjsh":"55-61","gjjl":"400|400|400","wlhj":"4","wlshkx":"19%","mfshkx":"25%","minitb":"http://www.dota2.com.cn/images/heroes/bane_icon.png"},{"id":70,"zwm":"末日使者","ywm":"Doom","jc":"末日，爸爸","xttx":"http://www.dota2.com.cn/images/heroes/doom_bringer_full.png","dttx":"http://www.dota2.com.cn/images/heroes/doom_bringer_vert.jpg","gjlx":"近战","yxlx":"力量","yxdw":"耐久|核心|爆发","zltb":"http://www.dota2.com.cn/images/info1301/tit_img01.gif","zljc":"13","zlsj":"2.10","mjtb":"http://www.dota2.com.cn/images/info1301/tit_img02.gif","mjjc":"11","mjsj":"0.90","lltb":"http://www.dota2.com.cn/images/info1301/tit_img03.gif","lljc":"26","llsj":"3.20","gjltb":"http://www.dota2.com.cn/images/info1301/tit_img06.gif","csgjl":"27-43","ydsdtb":"http://www.dota2.com.cn/images/info1301/tit_img05.gif","csydsd":"290","hjtb":"http://www.dota2.com.cn/images/info1301/tit_img04.gif","cshj":"0.54","yxbj":"他的烈焰永不熄灭，他的吞食永远得不到满足，他的杀戮无人能够制裁——路西法带给他的敌人的只有末日。手持火焰之剑，掠夺灵魂，他是堕落者，曾经是暗之国度备受敬畏的将军，却因蔑视之罪而被放逐——他拒绝向任何人下跪。佤什昂多的丧钟六次为他敲响。他的翅膀受到六十六次烙印之刑，直到只剩下烧焦的残支。失去双翼之后，他尖叫着坠向大地。落到了沙漠中的一个火山口，失落的乐园。现在他的进攻毫无怜悯，也不需理由，在七片黑暗领土上，只有他能自由行动。受到无法摆脱的欲望束缚，被难以想象的天赋所扭曲，末日使者所到之处既是地狱。蔑视世间一切。最终，世界将归于末日。","dj":"1|15|25","smz":"644|1495|2483","mfz":"169|551|1084","gjl":"53-69|98-114|150-166","hj":"1|2|6","syfw":"1800/800","gjfw":"150","ddsd":"N/A","jdtj1":"http://www.dota2.com.cn/images/property/add/doom_bringer.jpg","jdms1":"新版本末日改版之后，无论你是打野流，发育流还是gank打法的末日，一级学吃兵都是性价比最高的。这种加点是打野末日加点，前期主吃兵和焦土，可以再野区有比较好的发育，到六级之后开始补等级炮，配合队友gank会有这不错的效果。","jdtj2":null,"jdms2":null,"cmzb":"铁树枝干*1|树之祭祀*1|治疗药膏*2|圆盾*1","qqzb":"治疗指环*1|魔棒*1|速度之靴*1|王者之戒*1","hxzb":"魔杖*1|先锋盾*1|相位鞋*1","hqsz":"辉耀*1|恐鳌之心*1|强袭胸甲*1|希瓦的守护*1|阿哈利姆神杖*1|刷新球*1","ljt":"http://www.dota2.com.cn/images/property/doom_bringer.gif","path":"doom","zymc":"夜魇","zytb":"http://www.dota2.com.cn/images/heropedia/dire.jpg","yxtp":"http://www.dota2.com.cn/images/others/doom_bringer_big1.jpg","gjlxxj":"1","yxdwxj":"2|2|1","llsjsmz":"19","llsjsmhf":"0.03","mjsjhj":"1","mjsjgjsd":"1","zlsjmfz":"13","zlsjmfhf":"0.04","sjgjl":"1","pjsh":"61","gjsd":"111|115|133","gjms":"1.53","gjsh":"53-69","gjjl":"150|150|150","wlhj":"0","wlshkx":"3%","mfshkx":"25%","minitb":"http://www.dota2.com.cn/images/heroes/doom_icon.png"},{"id":98,"zwm":"幽鬼","ywm":"Spectre","jc":"Spe","xttx":"http://www.dota2.com.cn/images/heroes/spectre_full.png","dttx":"http://www.dota2.com.cn/images/heroes/spectre_vert.jpg","gjlx":"近战","yxlx":"敏捷","yxdw":"核心|耐久","zltb":"http://www.dota2.com.cn/images/info1301/tit_img01.gif","zljc":"16","zlsj":"1.9","mjtb":"http://www.dota2.com.cn/images/info1301/tit_img02.gif","mjjc":"23","mjsj":"2.2","lltb":"http://www.dota2.com.cn/images/info1301/tit_img03.gif","lljc":"19","llsj":"2","gjltb":"http://www.dota2.com.cn/images/info1301/tit_img06.gif","csgjl":"23-27","ydsdtb":"http://www.dota2.com.cn/images/info1301/tit_img05.gif","csydsd":"295","hjtb":"http://www.dota2.com.cn/images/info1301/tit_img04.gif","cshj":"3.22","yxbj":"和所有强大的能量都喜欢欺凌弱小一样，被称为墨丘利的幽鬼也是一个拥有着强横能量的存在，同样的，她对现实世界中的冲突和纷争无比着迷。然而她平时的幽鬼形态超越了常人的感知范围，因此每当她以实体形态出现时，她不得不损失一部分自我能量——尽管她也不愿意。在战斗中，她的自我意识逐渐散落并重新聚合，她也开始有了意识。她意识到了自己是幽鬼墨丘利——其他所有的鬼影都只是她自我的阴影。出于重新凝聚的打算，她开始专注，她的心智也在不断的成熟。只有等到她取得胜利或者彻底失败时，她那超物质的形态才会得以重聚。","dj":"1|15|25","smz":"511|1043|1803","mfz":"208|554|1061","gjl":"46-50|77-81|119-123","hj":"3|8|13","syfw":"1800/800","gjfw":"128","ddsd":"N/A","jdtj1":"http://www.dota2.com.cn/images/property/add/spectre.jpg","jdms1":"幽鬼，曾经Dota中的无敌大后期之一，被看作是为数不多的可以后期1V5的英雄。幽鬼是大后期，所以前期线上受到的压力一般不会小，主加幽鬼之刃让幽鬼拥有更强的自保的能力。中后期补满荒芜可以让幽鬼拥有更强的作战能力。有大加大，大招也是幽鬼可以瞬间切入战场的利器。","jdtj2":"","jdms2":"","cmzb":"压制之刃*1|树之祭祀*1|治疗药膏*1|铁树枝干*3","qqzb":"魔棒*1|速度之靴*1|治疗指环*1","hxzb":"魔杖*1|动力鞋*1|先锋盾*1|净魂之刃*1","hqsz":"辉耀*1|幻影斧*1|代达罗斯之殇*1|蝴蝶*1|恐鳌之心*1|散夜对剑*1","ljt":"http://www.dota2.com.cn/images/property/spectre.gif","path":"spectre","zymc":"夜魇","zytb":"http://www.dota2.com.cn/images/heropedia/dire.jpg","yxtp":"http://www.dota2.com.cn/images/others/spectre_big1.jpg","gjlxxj":"1","yxdwxj":"3|1","llsjsmz":"19","llsjsmhf":"0.03","mjsjhj":"1","mjsjgjsd":"1","zlsjmfz":"13","zlsjmfhf":"0.04","sjgjl":"1","pjsh":"48","gjsd":"123|132|176","gjms":"1.38","gjsh":"46-50","gjjl":"128|128|128","wlhj":"3","wlshkx":"16%","mfshkx":"25%","minitb":"http://www.dota2.com.cn/images/heroes/spectre_icon.png"},{"id":83,"zwm":"剃刀","ywm":"Razor","jc":"电棍","xttx":"http://www.dota2.com.cn/images/heroes/razor_full.png","dttx":"http://www.dota2.com.cn/images/heroes/razor_vert.jpg","gjlx":"远程","yxlx":"敏捷","yxdw":"核心|耐久|爆发","zltb":"http://www.dota2.com.cn/images/info1301/tit_img01.gif","zljc":"19","zlsj":"1.8","mjtb":"http://www.dota2.com.cn/images/info1301/tit_img02.gif","mjjc":"22","mjsj":"2","lltb":"http://www.dota2.com.cn/images/info1301/tit_img03.gif","lljc":"21","llsj":"1.7","gjltb":"http://www.dota2.com.cn/images/info1301/tit_img06.gif","csgjl":"23-25","ydsdtb":"http://www.dota2.com.cn/images/info1301/tit_img05.gif","csydsd":"295","hjtb":"http://www.dota2.com.cn/images/info1301/tit_img04.gif","cshj":"2.08","yxbj":"闪电幽魂-剃刀，是永劫之墟中最有代表性的可怕力量。他鞭打着闪电巡回在狭窄迷宫中，这是一个区分死者灵魂的迷宫，他们要靠生前的智慧、精明和毅力来通过其中变化莫测的网络通道。剃刀飘浮于迷宫上方，俯视着那些迷茫不前的灵魂，用闪电鞭打他们赶快前进去决定他们的命运，朝向光明的出口或者黑暗的地狱。剃刀是支配力量的永恒化身，他使用力量时残忍而客观。但他贵族般的气势暗示了他对工作那讽刺的满足。","dj":"1|15|25","smz":"549|1001|1704","mfz":"247|575|1069","gjl":"45-47|72-75|113-115","hj":"3|9|16","syfw":"1800/800","gjfw":"475","ddsd":"2000","jdtj1":"http://www.dota2.com.cn/images/property/add/razor.jpg","jdms1":"这是目前比较主流的电魂加点，主等离子场让电魂GANK，刷线都有不错的效果。前期优先升满不稳定电流让电魂增加机动性和逃生能力。","jdtj2":"","jdms2":"","cmzb":"守护指环*1|树之祭祀*1|治疗药膏*1|铁树枝干*2","qqzb":"魔棒*1|天鹰之戒*1|速度之靴*1","hxzb":"魔杖*1|动力鞋*1|先锋盾*1","hqsz":"散夜对剑*1|黯灭*1|恐鳌之心*1|蝴蝶*1|阿哈利姆神杖*1","ljt":"http://www.dota2.com.cn/images/property/razor.gif","path":"razor","zymc":"夜魇","zytb":"http://www.dota2.com.cn/images/heropedia/dire.jpg","yxtp":"http://www.dota2.com.cn/images/others/razor_big1.jpg","gjlxxj":"1","yxdwxj":"1|1|1","llsjsmz":"19","llsjsmhf":"0.03","mjsjhj":"1","mjsjgjsd":"1","zlsjmfz":"13","zlsjmfhf":"0.04","sjgjl":"1","pjsh":"46","gjsd":"122|130|170","gjms":"1.39","gjsh":"45-47","gjjl":"475|475|475","wlhj":"2","wlshkx":"11%","mfshkx":"25%","minitb":"http://www.dota2.com.cn/images/heroes/razor_icon.png"}],"honorList":[{"id":58,"zwm":"风行者","msg":"暂无","createtime":null}],"adapt_zd_list":[{"id":90,"zwm":"先知","ywm":"Natures Prophet","jc":"FUR","xttx":"http://www.dota2.com.cn/images/heroes/furion_full.png","dttx":"http://www.dota2.com.cn/images/heroes/furion_vert.jpg","gjlx":"远程","yxlx":"智力","yxdw":"打野|推进|核心|逃生","zltb":"http://www.dota2.com.cn/images/info1301/tit_img01.gif","zljc":"21","zlsj":"2.9","mjtb":"http://www.dota2.com.cn/images/info1301/tit_img02.gif","mjjc":"18","mjsj":"1.9","lltb":"http://www.dota2.com.cn/images/info1301/tit_img03.gif","lljc":"19","llsj":"1.8","gjltb":"http://www.dota2.com.cn/images/info1301/tit_img06.gif","csgjl":"24-38","ydsdtb":"http://www.dota2.com.cn/images/info1301/tit_img05.gif","csydsd":"295","hjtb":"http://www.dota2.com.cn/images/info1301/tit_img04.gif","cshj":"3.52","yxbj":"在种子里埋入盘起的灵魂，从岩石深处引出缠绕的水流，起誓阳光会普照这生长的一切，当树木之神维萝迪希娅完成这一系列森林的创造后，她意识到自己的生命也到达终点，如一片命运已被她印在种子中的树叶一样飘落，无法看见自己的梦想结果。嫩芽尚未破土，即使破土，脆弱的嫩芽也很容易受到各种伤害，而她却即将辞世，无能为力，这让她无比痛心。然而她在种子袋中发现了一颗播种时漏掉的种子，在弥留之际，她将力量化作一字箴言，寄于此种，然后将其服下。在漫长的冬天，她巨大的身体逐渐分解，化为了幼苗来年春天的肥料。在春分的早晨，当其它种子还没有苏醒时，最后那颗种子在一瞬间成熟然后爆裂了。从中走出了自然的先知，他身披树叶，强壮且智慧，拥有树木之神维萝迪希娅的力量，能预见到森林最需要他的地方，同时他也很清楚，能作为他的盟友，是天赐的幸运。","dj":"1|15|25","smz":"511|990|1712","mfz":"273|801|1438","gjl":"45-59|86-100|135-149","hj":"4|7|13","syfw":"1800/800","gjfw":"600","ddsd":"1125","jdtj1":"http://www.dota2.com.cn/images/property/add/natures_prophet.jpg","jdms1":"先知是一个加点非常灵活的英雄，选择加点的不同扮演的角色也不相同，这套加点完美体现除了先知机动性高的特点。两级发芽长达3.75秒的控制时间已经足够，主传送，CD时间的简短，让先知可以随时进行支援，gank，中期补满树人开始带线推塔。这样加点的先知线上能力很强，支援能力，gank能力都非常强大。不过由于当前版本选先知大多需要初期参与推进，所以这种打法的出现频率较低。","jdtj2":"","jdms2":"","cmzb":"守护指环*1|净化药水*3|树之祭祀*3","qqzb":"魔棒*1|速度之靴*1|王者之戒*1","hxzb":"魔杖*1|动力鞋*1|邪恶镰刀*1","hqsz":"迈达斯之手*1|阿哈利姆神杖*1|紫怨*1|黯灭*1|死灵书*1|代达罗斯之殇*1","ljt":"http://www.dota2.com.cn/images/property/furion.gif","path":"natures_prophet","zymc":"天辉","zytb":"http://www.dota2.com.cn/images/heropedia/radiant.jpg","yxtp":"http://www.dota2.com.cn/images/others/furion_big1.jpg","gjlxxj":"1","yxdwxj":"2|2|1|1","llsjsmz":"19","llsjsmhf":"0.03","mjsjhj":"1","mjsjgjsd":"1","zlsjmfz":"13","zlsjmfhf":"0.04","sjgjl":"1","pjsh":"52","gjsd":"118|126|164","gjms":"1.44","gjsh":"45-59","gjjl":"600|600|600","wlhj":"3","wlshkx":"17%","mfshkx":"25%","minitb":"http://www.dota2.com.cn/images/heroes/furion_icon.png"},{"id":81,"zwm":"斯温","ywm":"Sven","jc":"SV，流浪","xttx":"http://www.dota2.com.cn/images/heroes/sven_full.png","dttx":"http://www.dota2.com.cn/images/heroes/sven_vert.jpg","gjlx":"近战","yxlx":"力量","yxdw":"控制|先手|核心|辅助","zltb":"http://www.dota2.com.cn/images/info1301/tit_img01.gif","zljc":"16","zlsj":"1.30","mjtb":"http://www.dota2.com.cn/images/info1301/tit_img02.gif","mjjc":"21","mjsj":"2.00","lltb":"http://www.dota2.com.cn/images/info1301/tit_img03.gif","lljc":"23","llsj":"2.70","gjltb":"http://www.dota2.com.cn/images/info1301/tit_img06.gif","csgjl":"37-39","ydsdtb":"http://www.dota2.com.cn/images/info1301/tit_img05.gif","csydsd":"295","hjtb":"http://www.dota2.com.cn/images/info1301/tit_img04.gif","cshj":"1.94","yxbj":"斯温是一名守夜骑士的私生子，身怀苍白南海人的血统，在影承废墟长大。他父亲因为违背了守夜人法典而被处决，母亲又因为她的种族而被驱逐，这一切让斯温坚信所谓的社会法则中毫无荣誉可言——荣誉只存在于他心中。在照顾母亲走过弥留之际以后，他以新人的身份参加了守夜骑士团，并对自己的身份绝对保密。十三年来，他一直在他父亲当年的学校里学习，掌握那些仇视他出身的人所撰写的法则。接着，在他本该立誓成为守夜骑士的那天，他手持弃誓之刃，击碎神圣之盔，用守夜圣火烧毁了那所谓的法则。他大步流星的从守夜堡离开，注定了永世孤独，并向圣符起誓，只遵循他自己心中的法则。是的，他仍然是一名骑士，不过是只效忠于自己心中正义的...流浪剑客。","dj":"1|15|25","smz":"587|1305|2198","mfz":"208|445|874","gjl":"60-62|98-100|145-147","hj":"5|9|14","syfw":"1800/800","gjfw":"128","ddsd":"N/A","jdtj1":"http://www.dota2.com.cn/images/property/add/sven.jpg","jdms1":"这是一种比较常见的加点方式，首先流浪剑客的锤子是一个范围眩晕伤害技能，但是这个技能耗蓝比较高，前期加一点黄点是为了能多扔一个锤子。其次加的三技能是为了防止对方减价流而设置的，但是这个技能没有黄点的效果好。所以根据对方的技能来看是否加这个技能，因为这个技能一级就能有很好的作用了。最后就是二技能的取舍，因为流浪剑客不是带线英雄，所以这个英雄不需要早加这个技能，最后补满即可。大招因为是提高100%的攻击力，所以只要能加必须加起来，而且只有第一级才是100%，以后会越来越高呦。","jdtj2":null,"jdms2":null,"cmzb":"净化药水*1|治疗药膏*1|治疗药膏*1|力量手套*1|力量手套*1|铁树枝干*1","qqzb":"魔棒*1|护腕*1|速度之靴*1","hxzb":"魔杖*1|动力鞋*1|黑皇杖*1","hqsz":"闪烁匕首*1|韧鼓*1|恐鳌之心*1|强袭胸甲*1|疯狂面具*1|代达罗斯之殇*1","ljt":"http://www.dota2.com.cn/images/property/sven.gif","path":"sven","zymc":"天辉","zytb":"http://www.dota2.com.cn/images/heropedia/radiant.jpg","yxtp":"http://www.dota2.com.cn/images/others/sven_big1.jpg","gjlxxj":"1","yxdwxj":"2|1|1|1","llsjsmz":"19","llsjsmhf":"0.03","mjsjhj":"1","mjsjgjsd":"1","zlsjmfz":"13","zlsjmfhf":"0.04","sjgjl":"1","pjsh":"55","gjsd":"121|129|169","gjms":"1.4","gjsh":"60-62","gjjl":"128|128|128","wlhj":"4.94","wlshkx":"10%","mfshkx":"25%","minitb":"http://www.dota2.com.cn/images/heroes/sven_icon.png"},{"id":91,"zwm":"小小","ywm":"Tiny","jc":"山岭","xttx":"http://www.dota2.com.cn/images/heroes/tiny_full.png","dttx":"http://www.dota2.com.cn/images/heroes/tiny_vert.jpg","gjlx":"近战","yxlx":"力量","yxdw":"控制|爆发|先手|耐久","zltb":"http://www.dota2.com.cn/images/info1301/tit_img01.gif","zljc":"17","zlsj":"1.60","mjtb":"http://www.dota2.com.cn/images/info1301/tit_img02.gif","mjjc":"9","mjsj":"0.90","lltb":"http://www.dota2.com.cn/images/info1301/tit_img03.gif","lljc":"26","llsj":"3.00","gjltb":"http://www.dota2.com.cn/images/info1301/tit_img06.gif","csgjl":"37-43","ydsdtb":"http://www.dota2.com.cn/images/info1301/tit_img05.gif","csydsd":"285","hjtb":"http://www.dota2.com.cn/images/info1301/tit_img04.gif","cshj":"0.26","yxbj":"以一团石头的形式出现的生命体，小小不断思索他的起源，但这始终是个谜。现在的他是个石巨人，但过去是什么呢？从土傀儡的脚后跟掉落的碎片？从制造石像鬼的工房被打扫出来的碎屑？神圣预言石的表层之砂？受到强烈的好奇心驱使，他不知疲倦的环游世界，寻找着他的起源，他的出身，和他的种族。在旅途中，他变得越来越庞大，不过路上的风雨吹打掉了他身上的石头，所以他不停的吸收新的岩石，永远在长大。","dj":"1|15|25","smz":"644|1442|2392","mfz":"221|512|980","gjl":"63-69|105-111|155-161","hj":"0|2|6","syfw":"1800/800","gjfw":"128","ddsd":"N/A","jdtj1":"http://www.dota2.com.cn/images/property/add/tiny.jpg","jdms1":"鉴于lv1-3的V每级伤害提升80，一旦打出两次V的伤害，就相当于每级伤害提升了160。单级伤害提升如此之大，全dota无人能出其右。所以5级时要保证lv3的V。","jdtj2":null,"jdms2":null,"cmzb":"净化药水*1|树之祭祀*2|铁树枝干*3|圆环*1","qqzb":"魔棒*1|速度之靴*1|护腕*1|魔瓶*1","hxzb":"魔杖*1|奥术鞋*1|闪烁匕首*1","hqsz":"阿哈利姆神杖*1|强袭胸甲*1|韧鼓*1|恐鳌之心*1|邪恶镰刀*1|希瓦的守护*1","ljt":"http://www.dota2.com.cn/images/property/tiny.gif","path":"tiny","zymc":"天辉","zytb":"http://www.dota2.com.cn/images/heropedia/radiant.jpg","yxtp":"http://www.dota2.com.cn/images/others/tiny_big1.jpg","gjlxxj":"1","yxdwxj":"2|2|1|1","llsjsmz":"19","llsjsmhf":"0.03","mjsjhj":"1","mjsjgjsd":"1","zlsjmfz":"13","zlsjmfhf":"0.04","sjgjl":"1","pjsh":"64","gjsd":"109|113|131","gjms":"1.56","gjsh":"61-67","gjjl":"128|128|128","wlhj":"0.26","wlshkx":"1%","mfshkx":"25%","minitb":"http://www.dota2.com.cn/images/heroes/tiny_icon.png"},{"id":58,"zwm":"沙王","ywm":"Sand King","jc":"SK","xttx":"http://www.dota2.com.cn/images/heroes/sand_king_full.png","dttx":"http://www.dota2.com.cn/images/heroes/sand_king_vert.jpg","gjlx":"近战","yxlx":"力量","yxdw":"先手|控制|爆发","zltb":"http://www.dota2.com.cn/images/info1301/tit_img01.gif","zljc":"16","zlsj":"1.80","mjtb":"http://www.dota2.com.cn/images/info1301/tit_img02.gif","mjjc":"19","mjsj":"2.10","lltb":"http://www.dota2.com.cn/images/info1301/tit_img03.gif","lljc":"18","llsj":"2.60","gjltb":"http://www.dota2.com.cn/images/info1301/tit_img06.gif","csgjl":"25-41","ydsdtb":"http://www.dota2.com.cn/images/info1301/tit_img05.gif","csydsd":"300","hjtb":"http://www.dota2.com.cn/images/info1301/tit_img04.gif","cshj":"2.66","yxbj":"闪烁荒原的沙漠是有知觉的活物，它与自我对话，思考着只有这广阔的沙漠能包容的思想。当它必须要寻找一种和那些有限的存在交流的方式时，它解放了一块它的碎片，填入一块由狡猾的卡尔丁灯神创造的魔法甲壳中。这个存在称它自己为克里瑟历斯，意为\"沙之魂\"，不过世人都称他为沙王。沙王那巨大蛛形生物的外形源自闪烁荒地那些渺小但无处不及的居民，这身形真实地展示了他残忍的天性。沙王无法与赐予他生命的无限沙漠分开，他是这片沙漠的守卫者、战士、使节。","dj":"1|15|25","smz":"492|1184|2058","mfz":"208|536|1030","gjl":"43-59|79-95|125-141","hj":"3|7|13","syfw":"1800/800","gjfw":"128","ddsd":"N/A","jdtj1":"http://www.dota2.com.cn/images/property/add/sand_king.jpg","jdms1":"沙王的加点变化不多，主要有两种就是沙尘暴与腐蚀毒的选择。主升穿刺是毫无疑问的，这套加点选择的是沙王辅升级沙尘暴，在线上压力大的情况下，沙王可以利用沙尘暴做到躲技能压制对手。","jdtj2":null,"jdms2":null,"cmzb":"力量手套*2|治疗药膏*2|净化药水*1|铁树枝干*1","qqzb":"魔棒*1|速度之靴*1|护腕*1","hxzb":"魔杖*1|奥术鞋*1|闪烁匕首*1","hqsz":"阿哈利姆神杖*1|纷争面纱*1|刃甲*1|希瓦的守护*1|黑皇杖*1|恐鳌之心*1","ljt":"http://www.dota2.com.cn/images/property/sand_king.gif","path":"sand_king","zymc":"夜魇","zytb":"http://www.dota2.com.cn/images/heropedia/dire.jpg","yxtp":"http://www.dota2.com.cn/images/others/sand_king_big1.jpg","gjlxxj":"1","yxdwxj":"3|2|1","llsjsmz":"19","llsjsmhf":"0.03","mjsjhj":"1","mjsjgjsd":"1","zlsjmfz":"13","zlsjmfhf":"0.04","sjgjl":"1","pjsh":"51","gjsd":"119|127|169","gjms":"1.43","gjsh":"43-59","gjjl":"128|128|128","wlhj":"2","wlshkx":"13%","mfshkx":"25%","minitb":"http://www.dota2.com.cn/images/heroes/sand_king_icon.png"}],"hqszList":[{"goods":{"id":81,"bigtype":"升级物品","type":"法器","wpmc":"邪恶镰刀","wppz":"3","wptp":"http://www.dota2.com.cn/images/items/sheepstick_lg.png","jgtb":"http://www.dota2.com.cn/images/info1301/tit_img07.gif","jg":"5675","wpjs":"Vyse教徒最为宝贵的圣物，法师们最为垂涎的武器。","wpzyms":"","wpsyff":"主动：妖术-将一个单位变成无害的小动物，持续3.5秒。消灭幻象。","wpxg":"+ <span class=\"color_yellow\">10</span> 力量<br/>+ <span class=\"color_yellow\">10</span> 敏捷<br/>+ <span class=\"color_yellow\">35</span> 智力<br/>+ <span class=\"color_yellow\">150%</span> 魔法恢复","lqsjtb":"http://www.dota2.com.cn/images/info1301/ico2.gif","lqsj":"30","mfxhtb":"http://www.dota2.com.cn/images/info1301/ico1.gif","mfxh":"100","qzwptb":null,"wpzyms2":"立刻杀死幻象。<br>目标的基础移动速度为100，但是如果目标有满速状态则移速不受影响。<br>妖术将使伤害格挡和闪避无效。","item_en":"sheepstick"},"count":1},{"goods":{"id":79,"bigtype":"升级物品","type":"法器","wpmc":"紫怨","wppz":"3","wptp":"http://www.dota2.com.cn/images/items/orchid_lg.png","jgtb":"http://www.dota2.com.cn/images/info1301/tit_img07.gif","jg":"5025","wpjs":"一颗诞自火焰恶魔精华的榴石。","wpzyms":"","wpsyff":"主动：灵魂燃烧-沉默目标单位5.0秒，并使他受到的伤害提高30.0%。","wpxg":"+ <span class=\"color_yellow\">25</span> 智力<br/>+ <span class=\"color_yellow\">30</span> 攻击速度<br/>+ <span class=\"color_yellow\">30</span> 攻击力<br/>+ <span class=\"color_yellow\">150%</span> 魔法恢复","lqsjtb":"http://www.dota2.com.cn/images/info1301/ico2.gif","lqsj":"18","mfxhtb":"http://www.dota2.com.cn/images/info1301/ico1.gif","mfxh":"100","qzwptb":"","wpzyms2":"伤害加深效果在持续时间结束时以魔法伤害结算。","item_en":"orchid"},"count":1},{"goods":{"id":99,"bigtype":"升级物品","type":"防具","wpmc":"希瓦的守护","wppz":"4","wptp":"http://www.dota2.com.cn/images/items/shivas_guard_lg.png","jgtb":"http://www.dota2.com.cn/images/info1301/tit_img07.gif","jg":"4700","wpjs":"据说曾经属于某位女神，至今仍保持大部分神力。","wpzyms":"多个霜冷光坏的效果无法叠加。","wpsyff":"主动：极寒冲击 - 发出一道寒冷的波动，对敌人造成200伤害并减速-40%持续4.0秒。<br>被动：霜冷光环 - 降低敌人攻击速度。","wpxg":"+ <span class=\"color_yellow\">30</span> 智力<br/>+ <span class=\"color_yellow\">15</span> 护甲<br/>光环攻速降低：<span class=\"color_yellow\">40</span>","lqsjtb":"http://www.dota2.com.cn/images/info1301/ico2.gif","lqsj":"30","mfxhtb":"http://www.dota2.com.cn/images/info1301/ico1.gif","mfxh":"100","qzwptb":"","wpzyms2":"极寒冲击的扩张速度为350，最大半径为900。 <br>极寒冲击将以施放者为中心。","item_en":"shivas_guard"},"count":1},{"goods":{"id":102,"bigtype":"升级物品","type":"防具","wpmc":"林肯法球","wppz":"4","wptp":"http://www.dota2.com.cn/images/items/sphere_lg.png","jgtb":"http://www.dota2.com.cn/images/info1301/tit_img07.gif","jg":"5175","wpjs":"这个有魔力的球体曾经保护了一位历史上最有名的英雄。","wpzyms":"","wpsyff":"法术抵抗-每17秒被动抵挡一次大部分指向性法术。可以对友方单位使用，将抵挡状态暂时转移。","wpxg":"+ <span class=\"color_yellow\">15</span> 所有属性<br/>+ <span class=\"color_yellow\">6</span> 生命恢复速率<br/>+ <span class=\"color_yellow\">150%</span> 魔法恢复<br/>+ <span class=\"color_yellow\">10</span> 攻击力","lqsjtb":"http://www.dota2.com.cn/images/info1301/ico2.gif","lqsj":"17","mfxhtb":"","mfxh":"","qzwptb":"","wpzyms2":"","item_en":"sphere"},"count":1},{"goods":{"id":78,"bigtype":"升级物品","type":"法器","wpmc":"阿哈利姆神杖","wppz":"3","wptp":"http://www.dota2.com.cn/images/items/ultimate_scepter_lg.png","jgtb":"http://www.dota2.com.cn/images/info1301/tit_img07.gif","jg":"4200","wpjs":"拥有半神之力的法师的权杖。","wpzyms":"","wpsyff":"被动：终极技能升级 - 能提升某些英雄终极技能。","wpxg":"+ <span class=\"color_yellow\">10</span> 所有属性<br/>+ <span class=\"color_yellow\">200</span> 生命值<br/>+ <span class=\"color_yellow\">150</span> 魔法值","lqsjtb":"","lqsj":"","mfxhtb":"","mfxh":"","qzwptb":"","wpzyms2":"","item_en":"ultimate_scepter"},"count":1}],"hxzbList":[{"goods":{"id":50,"bigtype":"升级物品","type":"普通","wpmc":"魔杖","wppz":"2","wptp":"http://www.dota2.com.cn/images/items/magic_wand_lg.png","jgtb":"http://www.dota2.com.cn/images/info1301/tit_img07.gif","jg":"509","wpjs":"一个简易但实用的魔杖，能够补充使用者的能量--巫师学徒和高级术士都喜欢。","wpzyms":"","wpsyff":"主动：充能 - 每当周围有敌人施放技能都会自动充能（最多15点能量）。当使用时，每点能量为你回复生命值和魔法值。","wpxg":"+ <span class=\"color_yellow\">3</span> 所有属性<br/>每点能量回复：<span class=\"color_yellow\">15</span>","lqsjtb":"http://www.dota2.com.cn/images/info1301/ico2.gif","lqsj":"12","mfxhtb":"","mfxh":"","qzwptb":"","wpzyms2":"1200码视野范围内敌人使用技能就会获得点数。 <br>部分英雄技能和物品技能的施放将不会增加点数。","item_en":"magic_wand"},"count":1},{"goods":{"id":54,"bigtype":"升级物品","type":"普通","wpmc":"相位鞋","wppz":"2","wptp":"http://www.dota2.com.cn/images/items/phase_boots_lg.png","jgtb":"http://www.dota2.com.cn/images/info1301/tit_img07.gif","jg":"1350","wpjs":"穿着它的人可以穿越虚空。","wpzyms":"多个鞋类物品提供的数值移动速度加成不叠加。","wpsyff":"主动：相位移动-提升移动速度并使你可以穿越单位。使用其他物品或技能将取消相位移动效果。","wpxg":"相位移动持续时间：<span class=\"color_yellow\">2.5</span><br/>相位移动加速：<span class=\"color_yellow\">24%/20%</span><br/>+ <span class=\"color_yellow\">50</span> 移动速度<br/>+ <span class=\"color_yellow\">24</span> 攻击力","lqsjtb":"http://www.dota2.com.cn/images/info1301/ico2.gif","lqsj":"8","mfxhtb":"","mfxh":"","qzwptb":null,"wpzyms2":"","item_en":"phase_boots"},"count":1},{"goods":{"id":72,"bigtype":"升级物品","type":"法器","wpmc":"原力法杖","wppz":"3","wptp":"http://www.dota2.com.cn/images/items/force_staff_lg.png","jgtb":"http://www.dota2.com.cn/images/info1301/tit_img07.gif","jg":"2250","wpjs":"让你可以操纵他人，不论出于善或恶。","wpzyms":"","wpsyff":"主动：原力-将任何目标单位向其面对方向推进600距离。双击对自身使用。","wpxg":"+ <span class=\"color_yellow\">10</span> 智力<br/>+ <span class=\"color_yellow\">3</span> 生命恢复速率","lqsjtb":"http://www.dota2.com.cn/images/info1301/ico2.gif","lqsj":"20","mfxhtb":"http://www.dota2.com.cn/images/info1301/ico1.gif","mfxh":"25","qzwptb":"","wpzyms2":"快速点击两次可以对自身施放原力。<br>原力法杖不会打断目标的动作。<br>对时间结界或黑洞内的单位无效。","item_en":"force_staff"},"count":1}],"adapt_kz_list":[{"id":6,"zwm":"哈斯卡","ywm":"Huskar","jc":"神灵、神灵武士","xttx":"http://www.dota2.com.cn/images/heroes/huskar_full.png","dttx":"http://www.dota2.com.cn/images/heroes/huskar_vert.jpg","gjlx":"远程","yxlx":"力量","yxdw":"核心|先手|耐久","zltb":"http://www.dota2.com.cn/images/info1301/tit_img01.gif","zljc":"18","zlsj":"1.50","mjtb":"http://www.dota2.com.cn/images/info1301/tit_img02.gif","mjjc":"15","mjsj":"1.40","lltb":"http://www.dota2.com.cn/images/info1301/tit_img03.gif","lljc":"21","llsj":"2.40","gjltb":"http://www.dota2.com.cn/images/info1301/tit_img06.gif","csgjl":"21-30","ydsdtb":"http://www.dota2.com.cn/images/info1301/tit_img05.gif","csydsd":"300","hjtb":"http://www.dota2.com.cn/images/info1301/tit_img04.gif","cshj":"1.1","yxbj":"从虚无之境带给他的剧痛中逃离后，哈斯卡终于睁开了双眼，醒来的第一件事却是发现暗影牧师戴泽正在对他吟唱一个艰深的咒语。哈斯卡的灵魂从永恒虚无中被救了出来，这是违背了德尊教团古老仪式的准则的，然而和其他去过虚无之境的人一样，哈斯卡也发现自己的身体被那里所彻底改变了。他不再怜悯凡人的肉体，他的生命之血成为了强大的力量源泉，每一滴鲜血都给他成倍的狂暴的、灼热的能量。然而，这一新生的天赋却激怒了哈斯卡，因为在拯救他逃离虚无之境时，戴泽拒绝让他进入神灵之地。他的自我牺牲也被拒绝。当教团的的长老们试图寻找一个扩大自己影响的方法时，他们一致认为哈斯卡将成为他们在战争中最可怕的武器。然而，成为教团的武器让哈斯卡更加愤怒，因为他们不仅利用他，还否定了他与生俱来的权利。于是在战争打响之际，他逃离了家乡，去寻找新的盟友，寻找那些值得他牺牲自己，释放强大力量的盟友。","dj":"1|15|25","smz":"549|1187|2023","mfz":"234|507|962","gjl":"42-51|76-85|120-129","hj":"2|7|13","syfw":"1800/800","gjfw":"400","ddsd":"1400","jdtj1":"http://www.dota2.com.cn/images/property/add/huskar.jpg","jdms1":"这种就是比较老一点的神灵的加点，也是比较稳妥的一种。上来有火箭去消耗对方的血，之后有三级能的加攻击让自己成为最强悍的男人。这种加点需要第二个技能补充活血术，这是为了在团战或者小范围团战中能有持续的高输出，这样才是神灵的真谛，真男人是时间持续的久。","jdtj2":null,"jdms2":null,"cmzb":"治疗药膏*1|树之祭祀*1|力量手套*2|铁树枝干*1","qqzb":"速度之靴*1|魔棒*1|影之灵龛*1","hxzb":"动力鞋*1|魔杖*1|莫尔迪基安的臂章*1|支配头盔*1|回城卷轴*1","hqsz":"黑皇杖*1|撒旦之邪力*1|恐鳌之心*1|强袭胸甲*1|阿哈利姆神杖*1|影刃*1|天堂之戟*1|梅肯斯姆*1|白银之锋*1","ljt":"http://www.dota2.com.cn/images/property/huskar.gif","path":"huskar","zymc":"天辉","zytb":"http://www.dota2.com.cn/images/heropedia/radiant.jpg","yxtp":"http://www.dota2.com.cn/images/others/huskar_big1.jpg","gjlxxj":"1","yxdwxj":"1|1|1","llsjsmz":"19","llsjsmhf":"0.03","mjsjhj":"1","mjsjgjsd":"1","zlsjmfz":"13","zlsjmfhf":"0.04","sjgjl":"1","pjsh":"46","gjsd":"121|127|155","gjms":"1.39","gjsh":"42-51","gjjl":"400|400|400","wlhj":"1.1","wlshkx":"6%","mfshkx":"25%","minitb":"http://www.dota2.com.cn/images/heroes/huskar_icon.png"},{"id":37,"zwm":"巨魔战将","ywm":"Troll Warlord","jc":"巨魔","xttx":"http://www.dota2.com.cn/images/heroes/troll_warlord_full.png","dttx":"http://www.dota2.com.cn/images/heroes/troll_warlord_vert.jpg","gjlx":"远程","yxlx":"敏捷","yxdw":"核心","zltb":"http://www.dota2.com.cn/images/info1301/tit_img01.gif","zljc":"13","zlsj":"1","mjtb":"http://www.dota2.com.cn/images/info1301/tit_img02.gif","mjjc":"21","mjsj":"2.75","lltb":"http://www.dota2.com.cn/images/info1301/tit_img03.gif","lljc":"17","llsj":"2.205","gjltb":"http://www.dota2.com.cn/images/info1301/tit_img06.gif","csgjl":"17-35","ydsdtb":"http://www.dota2.com.cn/images/info1301/tit_img05.gif","csydsd":"300","hjtb":"http://www.dota2.com.cn/images/info1301/tit_img04.gif","cshj":"1.94","yxbj":"激怒巨魔是非常轻松的一件事情。巨魔这个种族的特点是容易动怒，喜爱争斗，靠着争吵和打架度日，不会错过任何话茬扯着嗓门与人争辩。男性巨魔在女族长的统治下在地下洞穴长到成年，终日饭来张口，游手好闲。通常在成年后他们还会待上数年，女族长继续负责他们的吃喝拉撒。当年轻的巨魔最终离开地下的洞穴时，他们会找到同类三两成群，组成团伙四处游荡，高声抱怨各种琐事。</p><p>既然巨魔生性爱吵架，可以想象下一只巨魔因为太难相处被族人赶走是件多么稀罕的事。比如巨魔战将的经历，来自霍文林地深处的巨魔商人。他是如此的轻信别人，言语又十分刻薄粗暴，即使是其他巨魔也发现难以与他相处。特别是有一次他用嘲讽的语气声称刚才突袭抓住的狮子他也该分到一份时，他的同伴们爆发了。他们把矛头都指向他，用棍棒痛扁了一顿，还把他赶出了露营聚集地。他因为这次驱逐暴跳如雷，第二天回去的时候已经全副武装，一个接一个地把同伴杀光。接着他立下血誓：此后成为一支战斗力量为自己卖命。现在他以巨魔战将的称号在世界上游荡，言语尖酸，动作凶猛，作为一支单兵军队里高高在上的高级指挥官。","dj":"1|15|25","smz":"473|1058|1856","mfz":"169|351|741","gjl":"38-56|77-95|124-142","hj":"2|7|14","syfw":"1800/800","gjfw":"500","ddsd":"1200","jdtj1":"http://www.dota2.com.cn/images/property/add/troll_warlord.jpg","jdms1":"推荐一套比较实在的加点方式，核心思想是把技能点更多地投入用于稳定的伤害输出。游戏开始1级狂战士之怒即可提供巨魔招牌式的远程近战切换能力，便于线上补刀和适当压制对手。之后优先升满旋风飞斧，保证前期一套技能的杀伤力。接下来选择提升热血战魂，继续提升前中期的稳定输出能力。大招的效果在新版本中有所加强，应保证等级以增强全队的作战能力。游戏后期补满狂战士之怒，用于与对方核心英雄展开正面对决。","jdtj2":"","jdms2":"","cmzb":"敏捷便鞋*2|树之祭祀*1|治疗药膏*1|净化药水*1|铁树枝干*1","qqzb":"速度之靴*1|怨灵系带*1","hxzb":"魔杖*1|相位鞋*1|影刃*1|黑皇杖*1","hqsz":"幻影斧*1|黯灭*1|蝴蝶*1|雷神之锤*1|斯嘉蒂之眼*1|撒旦之邪力*1","ljt":"http://www.dota2.com.cn/images/property/troll_warlord.gif","path":"troll_warlord","zymc":"天辉","zytb":"http://www.dota2.com.cn/images/heropedia/radiant.jpg","yxtp":"http://www.dota2.com.cn/images/others/troll_warlord_big1.jpg","gjlxxj":"1","yxdwxj":"3","llsjsmz":"19","llsjsmhf":"0.03","mjsjhj":"1","mjsjgjsd":"1","zlsjmfz":"13","zlsjmfhf":"0.04","sjgjl":"1","pjsh":"47","gjsd":"121|132|187","gjms":"1.4","gjsh":"38-56","gjjl":"500|500|500","wlhj":"1","wlshkx":"10%","mfshkx":"25%","minitb":"http://www.dota2.com.cn/images/heroes/troll_warlord_icon.png"},{"id":73,"zwm":"噬魂鬼","ywm":"Lifestealer","jc":"小狗","xttx":"http://www.dota2.com.cn/images/heroes/life_stealer_full.png","dttx":"http://www.dota2.com.cn/images/heroes/life_stealer_vert.jpg","gjlx":"近战","yxlx":"力量","yxdw":"核心|耐久|打野|逃生","zltb":"http://www.dota2.com.cn/images/info1301/tit_img01.gif","zljc":"15","zlsj":"1.75","mjtb":"http://www.dota2.com.cn/images/info1301/tit_img02.gif","mjjc":"18","mjsj":"1.90","lltb":"http://www.dota2.com.cn/images/info1301/tit_img03.gif","lljc":"25","llsj":"2.40","gjltb":"http://www.dota2.com.cn/images/info1301/tit_img06.gif","csgjl":"32-42","ydsdtb":"http://www.dota2.com.cn/images/info1301/tit_img05.gif","csydsd":"315","hjtb":"http://www.dota2.com.cn/images/info1301/tit_img04.gif","cshj":"1.52","yxbj":"在德瓦克地下城中，关押着一个一心想要复仇的巫师，他正在密谋着如何逃跑。和他被关在同一间牢房的，是一个口齿不清的生物，一个名叫奈克斯的贼，它被邪恶议会施加了长命百岁的诅咒，这样才有足够的时间来尽可能多的惩罚它的偷窃和欺骗的行径。年复一年，它的枷锁已然被侵蚀得不成样子，它的思维也不再清醒；奈克斯已经完全忘记了以前的事情，也不再想着逃跑。巫师见状，觉得自己为逃跑大计找到了一个完美的牺牲品，于是对奈克斯施放了感染之咒，将自己的生命之力灌注到奈克斯的躯壳里，然后指使奈克斯制造暴乱，牺牲它的躯体来破坏囚牢，巫师随后就能返回自己的身体，然后神不知鬼不觉的逃跑。然而他的如意算盘并未实现，在进入奈克斯躯体以后，巫师发现他的神志被一个疯狂的旋涡所捕获，那个旋涡的力量强横无匹，抹掉了他所有的意识。由于其意识被一个鲜活生命的闯入刺激，奈克斯突然之间从它那疯狂的梦魇中清醒了过来，并且按着脑海中那个虚无的声音的唯一的指令行动：逃跑。也就是在那个时候，噬魂鬼正式诞生。这个生命体将自己的心智灌注到地下城里面的卫兵身体里，强迫他们打开牢笼，杀死其他卫兵，为噬魂鬼打开了一条畅通无阻的自由大道，而他们的生命也在被吞噬。现在，噬魂鬼仍然带着那串破碎的镣铐，似乎是在告诉世界没有人能够禁锢住他，但同时它心里还认为自己是个囚犯。两个意识共存于一个身体里——一个恶毒狡猾，阳奉阴违的生命。","dj":"1|15|25","smz":"625|1263|2099","mfz":"195|514|1001","gjl":"57-67|91-101|135-145","hj":"2|5|11","syfw":"1800/800","gjfw":"128","ddsd":"N/A","jdtj1":"http://www.dota2.com.cn/images/property/add/lifestealer.jpg","jdms1":"小狗的加点比较灵活，在不同的局势下前期加满任何一种技能都是可以的。建议3级的时候3个技能个点一级，然后再根据场上形势选择主次。","jdtj2":null,"jdms2":null,"cmzb":"树之祭祀*1|治疗药膏*1|圆盾*1|铁树枝干*3","qqzb":"速度之靴*1|魔棒*1","hxzb":"动力鞋*1|魔杖*1|莫尔迪基安的臂章*1|振奋宝石*1","hqsz":"雷神之锤*1|强袭胸甲*1|深渊之刃*1|黯灭*1|闪烁匕首*1|撒旦之邪力*1","ljt":"http://www.dota2.com.cn/images/property/life_stealer.gif","path":"lifestealer","zymc":"夜魇","zytb":"http://www.dota2.com.cn/images/heropedia/dire.jpg","yxtp":"http://www.dota2.com.cn/images/others/life_stealer_big1.jpg","gjlxxj":"1","yxdwxj":"2|2|1|1","llsjsmz":"19","llsjsmhf":"0.03","mjsjhj":"1","mjsjgjsd":"1","zlsjmfz":"13","zlsjmfhf":"0.04","sjgjl":"1","pjsh":"62","gjsd":"118|126|164","gjms":"1.44","gjsh":"57-67","gjjl":"128|128|128","wlhj":"1","wlshkx":"8%","mfshkx":"25%","minitb":"http://www.dota2.com.cn/images/heroes/life_lifestealer_icon.png"},{"id":67,"zwm":"米波","ywm":"Meepo","jc":"地卜","xttx":"http://www.dota2.com.cn/images/heroes/meepo_full.png","dttx":"http://www.dota2.com.cn/images/heroes/meepo_vert.jpg","gjlx":"近战","yxlx":"敏捷","yxdw":"核心|控制|先手","zltb":"http://www.dota2.com.cn/images/info1301/tit_img01.gif","zljc":"20","zlsj":"1.6","mjtb":"http://www.dota2.com.cn/images/info1301/tit_img02.gif","mjjc":"23","mjsj":"1.9","lltb":"http://www.dota2.com.cn/images/info1301/tit_img03.gif","lljc":"23","llsj":"1.6","gjltb":"http://www.dota2.com.cn/images/info1301/tit_img06.gif","csgjl":"16-22","ydsdtb":"http://www.dota2.com.cn/images/info1301/tit_img05.gif","csydsd":"305","hjtb":"http://www.dota2.com.cn/images/info1301/tit_img04.gif","cshj":"4.22","yxbj":"对我而言，生活就是你所知和所能发现的一切。当你住在裂影荒墟时，想要找到食物并不是一件容易的事。因此，你需要走捷径，你需要会忽悠，你需要对自己的能力充分了解。有些野兽能够杀掉你，那么你就需要躲开强壮的，捕杀弱小的。在荒墟之上，有过一段往事，一段对某些人意义重大的往事。曾经那里有个宫殿，他们在宫殿里面举行黑暗的仪式，非常邪恶。如果你从仪式中幸存下来，他们还会以击碎水晶的方式将你的灵魂撕裂成碎片。不过他们的艺术成就也很高，比如雕塑之类的。记住这点：如果你在某个时候发现了这些雕塑，一定把他们全拿到市场上去卖掉，然后你接下来的一周都不会饿肚子。如果你走运的话，你可能会发现影墟水晶，那赶紧找人帮你估价，多问问，总有人能帮你找到需要这玩意的疯子买主的。就算别人都不要，你也可以卖给城里的魔导师，他们喜欢这玩意。不过，不管你怎么做，一定要小心这些水晶，这玩意要是在你身上炸开，可是很疼的。","dj":"1|15|25","smz":"587|1013|1697","mfz":"260|551|1019","gjl":"39-45|66-72|105-111","hj":"4|8|13","syfw":"1800/800","gjfw":"128","ddsd":"N/A","jdtj1":"http://www.dota2.com.cn/images/property/add/meepo.jpg","jdms1":"这是目前地卜师最主流的加点路线，前期主忽悠保证高伤害高输出。被动前期点一级就已经够用了，之后优先将网升满，高等级的网对施放距离的加成对于地卜师来说还是非常重要的。大招自然不用多说，有大点大。","jdtj2":"","jdms2":"","cmzb":"树之祭祀*1|力量手套*2|治疗药膏*1|铁树枝干*2","qqzb":"治疗指环*1|魔棒*1|速度之靴*1|王者之戒*1","hxzb":"魔杖*1|动力鞋*1|梅肯斯姆*1","hqsz":"阿哈利姆神杖*1|弗拉迪米尔的祭品*1|邪恶镰刀*1|强袭胸甲*1|恐鳌之心*1|希瓦的守护*1","ljt":"http://www.dota2.com.cn/images/property/meepo.gif","path":"meepo","zymc":"夜魇","zytb":"http://www.dota2.com.cn/images/heropedia/dire.jpg","yxtp":"http://www.dota2.com.cn/images/others/meepo_big1.jpg","gjlxxj":"1","yxdwxj":"1|1|1","llsjsmz":"19","llsjsmhf":"0.03","mjsjhj":"1","mjsjgjsd":"1","zlsjmfz":"13","zlsjmfhf":"0.04","sjgjl":"1","pjsh":"42","gjsd":"123|131|169","gjms":"1.38","gjsh":"39-45","gjjl":"128|128|128","wlhj":"4","wlshkx":"20%","mfshkx":"35%","minitb":"http://www.dota2.com.cn/images/heroes/meepo_icon.png"},{"id":19,"zwm":"风暴之灵","ywm":"Storm Spirit","jc":"蓝猫","xttx":"http://www.dota2.com.cn/images/heroes/storm_spirit_full.png","dttx":"http://www.dota2.com.cn/images/heroes/storm_spirit_vert.jpg","gjlx":"远程","yxlx":"智力","yxdw":"核心|先手|逃生|控制","zltb":"http://www.dota2.com.cn/images/info1301/tit_img01.gif","zljc":"23","zlsj":"2.6","mjtb":"http://www.dota2.com.cn/images/info1301/tit_img02.gif","mjjc":"22","mjsj":"1.8","lltb":"http://www.dota2.com.cn/images/info1301/tit_img03.gif","lljc":"19","llsj":"1.5","gjltb":"http://www.dota2.com.cn/images/info1301/tit_img06.gif","csgjl":"22-32","ydsdtb":"http://www.dota2.com.cn/images/info1301/tit_img05.gif","csydsd":"285","hjtb":"http://www.dota2.com.cn/images/info1301/tit_img04.gif","cshj":"5.08","yxbj":"风暴之灵，正如其名，是狂风和暴雨的野性凝成人形的自然之力。他狂放，乐天，恣意挥洒！就像个受人喜爱的大叔一样，他给所到之处充满欢乐的能量。但事实上，创造出他的是一起灾难。几个世代前，在悲叹山脉远处的平原上，很多人正因干旱和饥荒而挨饿。一个名叫风暴烈酒的元素使，使用禁忌的咒语召唤了风暴之灵，天真的向他祈求雨水。被称为雷神的暴风雨天神对这个凡人的放肆感到愤怒，打算用狂风和洪水把这片土地化为荒地。风暴烈酒完全不是天神的对手，直到最后他用了一个自杀性的咒语，将他和雷神的命运融在了一起，他用自己的身体作为牢笼捕获了雷神。被困在一起后，风暴烈酒那无限的幽默感与雷神疯狂的能量融合了，创造了乐天的雷神·风暴烈酒，一个以物质形态行于世间的天神。","dj":"1|15|25","smz":"511|910|1575","mfz":"299|772|1370","gjl":"45-55|81-91|127-137","hj":"5|9|14","syfw":"1800/800","gjfw":"480","ddsd":"1100","jdtj1":"http://www.dota2.com.cn/images/property/add/storm_spirit.jpg","jdms1":"风暴之灵的加点比较灵活多变，完全根据使用者习惯和场上局势来选择，一种是主残影，在补刀，gank，线上压制上都有着不错的效果，而且aoe高，爆发强，适用于中路solo带节奏，或者混野区打野的风暴之灵。","jdtj2":null,"jdms2":null,"cmzb":"树之祭祀*1|治疗药膏*1|净化药水*2|智力斗篷*2","qqzb":"魔棒*1|速度之靴*1|空灵挂件*1|空灵挂件*1","hxzb":"魔杖*1|动力鞋*1|魔瓶*1","hqsz":"邪恶镰刀*1|血精石*1|林肯法球*1|黑皇杖*1|达贡之神力*1|希瓦的守护*1","ljt":"http://www.dota2.com.cn/images/property/storm_spirit.gif","path":"storm_spirit","zymc":"天辉","zytb":"http://www.dota2.com.cn/images/heropedia/radiant.jpg","yxtp":"http://www.dota2.com.cn/images/others/storm_spirit_big1.jpg","gjlxxj":"1","yxdwxj":"2|2|2|1","llsjsmz":"19","llsjsmhf":"0.03","mjsjhj":"1","mjsjgjsd":"1","zlsjmfz":"13","zlsjmfhf":"0.04","sjgjl":"1","pjsh":"50","gjsd":"122|129|165","gjms":"1.39","gjsh":"45-55","gjjl":"480|480|480","wlhj":"5","wlshkx":"23%","mfshkx":"25%","minitb":"http://www.dota2.com.cn/images/heroes/storm_spirit_icon.png"},{"id":91,"zwm":"小小","ywm":"Tiny","jc":"山岭","xttx":"http://www.dota2.com.cn/images/heroes/tiny_full.png","dttx":"http://www.dota2.com.cn/images/heroes/tiny_vert.jpg","gjlx":"近战","yxlx":"力量","yxdw":"控制|爆发|先手|耐久","zltb":"http://www.dota2.com.cn/images/info1301/tit_img01.gif","zljc":"17","zlsj":"1.60","mjtb":"http://www.dota2.com.cn/images/info1301/tit_img02.gif","mjjc":"9","mjsj":"0.90","lltb":"http://www.dota2.com.cn/images/info1301/tit_img03.gif","lljc":"26","llsj":"3.00","gjltb":"http://www.dota2.com.cn/images/info1301/tit_img06.gif","csgjl":"37-43","ydsdtb":"http://www.dota2.com.cn/images/info1301/tit_img05.gif","csydsd":"285","hjtb":"http://www.dota2.com.cn/images/info1301/tit_img04.gif","cshj":"0.26","yxbj":"以一团石头的形式出现的生命体，小小不断思索他的起源，但这始终是个谜。现在的他是个石巨人，但过去是什么呢？从土傀儡的脚后跟掉落的碎片？从制造石像鬼的工房被打扫出来的碎屑？神圣预言石的表层之砂？受到强烈的好奇心驱使，他不知疲倦的环游世界，寻找着他的起源，他的出身，和他的种族。在旅途中，他变得越来越庞大，不过路上的风雨吹打掉了他身上的石头，所以他不停的吸收新的岩石，永远在长大。","dj":"1|15|25","smz":"644|1442|2392","mfz":"221|512|980","gjl":"63-69|105-111|155-161","hj":"0|2|6","syfw":"1800/800","gjfw":"128","ddsd":"N/A","jdtj1":"http://www.dota2.com.cn/images/property/add/tiny.jpg","jdms1":"鉴于lv1-3的V每级伤害提升80，一旦打出两次V的伤害，就相当于每级伤害提升了160。单级伤害提升如此之大，全dota无人能出其右。所以5级时要保证lv3的V。","jdtj2":null,"jdms2":null,"cmzb":"净化药水*1|树之祭祀*2|铁树枝干*3|圆环*1","qqzb":"魔棒*1|速度之靴*1|护腕*1|魔瓶*1","hxzb":"魔杖*1|奥术鞋*1|闪烁匕首*1","hqsz":"阿哈利姆神杖*1|强袭胸甲*1|韧鼓*1|恐鳌之心*1|邪恶镰刀*1|希瓦的守护*1","ljt":"http://www.dota2.com.cn/images/property/tiny.gif","path":"tiny","zymc":"天辉","zytb":"http://www.dota2.com.cn/images/heropedia/radiant.jpg","yxtp":"http://www.dota2.com.cn/images/others/tiny_big1.jpg","gjlxxj":"1","yxdwxj":"2|2|1|1","llsjsmz":"19","llsjsmhf":"0.03","mjsjhj":"1","mjsjgjsd":"1","zlsjmfz":"13","zlsjmfhf":"0.04","sjgjl":"1","pjsh":"64","gjsd":"109|113|131","gjms":"1.56","gjsh":"61-67","gjjl":"128|128|128","wlhj":"0.26","wlshkx":"1%","mfshkx":"25%","minitb":"http://www.dota2.com.cn/images/heroes/tiny_icon.png"},{"id":57,"zwm":"全能骑士","ywm":"Omniknight","jc":"全能","xttx":"http://www.dota2.com.cn/images/heroes/omniknight_full.png","dttx":"http://www.dota2.com.cn/images/heroes/omniknight_vert.jpg","gjlx":"近战","yxlx":"力量","yxdw":"耐久|对线辅助|辅助","zltb":"http://www.dota2.com.cn/images/info1301/tit_img01.gif","zljc":"17","zlsj":"1.80","mjtb":"http://www.dota2.com.cn/images/info1301/tit_img02.gif","mjjc":"15","mjsj":"1.75","lltb":"http://www.dota2.com.cn/images/info1301/tit_img03.gif","lljc":"20","llsj":"2.65","gjltb":"http://www.dota2.com.cn/images/info1301/tit_img06.gif","csgjl":"31-41","ydsdtb":"http://www.dota2.com.cn/images/info1301/tit_img05.gif","csydsd":"305","hjtb":"http://www.dota2.com.cn/images/info1301/tit_img04.gif","cshj":"5.1","yxbj":"普利斯特·雷霆之怒是一名见多识广、勇于拼搏、无比虔诚的骑士，他被声望极高的骑士团长老抚养长大，作为他们的贴身侍卫，立誓遵守他们的命令。他将一生都献给了全知全能的神。骑士团毕生都在进行艰苦的圣战，而普利斯特也至死不渝的履行着他的职责，奉献他的力量以及那年轻人特有的热忱，从未有过怀疑。然而，多年的远征让他的长辈和上级都已经归于尘土，带着悔恨和愧疚，被埋葬在远征路上的墓穴里，他亲如兄弟的战友，在同那些拒绝臣服于全能之神的野蛮人的战斗中陨落，而他自己的亲卫，也被伏击、瘟疫吞噬，于是他开始质疑自己誓言的意义——远征的意义。经过了深刻的冥想，他离开了他的军队，长途跋涉回到了晴雪城——传说中的圣城，在那里，他对全能之神的祭司们发出了质问。从来没有哪个骑士胆敢如此，祭司们试图将他投入献祭之渊，然而普利斯特却如山一般无法撼动。因为当他俯视着祭司时，全身闪耀着圣洁之光，祭司们看到全能之神选择了他作为其显圣之身。年长的大祭司见状，便亲自花费了数周的时间，指引他前往圣城深处的密室，世间最为圣洁之地，在那里等着他的，并不是一些充满智慧的晦涩抽象的书籍，也不是什么供人信奉的洞窟遗迹，而是全能之神本尊。神在这个密室里已经居住了千万年，并且创造了世间万物，在星球周围创造了巨大的保护外壳，抵御来自其他世界的邪恶。全能之神告诉普利斯特，他创造了世界，并且给予了教徒世间的真理。骑士没有办法驳斥这个故事。也许全能之神只是一个被关在石牢里面的骗子，根本不是什么创世者，但是全能骑士也不再质疑他的信仰。他的战斗终于有了意义，毫无疑问，他身体里面涌动着神圣的光明之力，而他在战斗中带给战友的力量，更是不容置疑。","dj":"1|15|25","smz":"530|1235|2118","mfz":"221|549|1043","gjl":"51-61|88-98|135-145","hj":"4|8|13","syfw":"1800/800","gjfw":"128","ddsd":"N/A","jdtj1":"http://www.dota2.com.cn/images/property/add/omniknight.jpg","jdms1":"不管是中单还是边路的全能骑士都是这么加点，因为这个英雄本身就是一个奶妈级别的英雄，所以这么加点不仅能保证自己的生存还能让队友有更长的生存时间。其次说一下光环和加血的取舍，基本上dota有一个共通点就是很多技能都是1级收益最大，所以一级的魔免能让你躲过对方的集火就可以了，次要升级光环是因为这个光环黏人的效果很明显，都是百分比的减少对方的攻击速度和移动速度，虽然只有300码，但是只要黏住就能给队友创造击杀的机会。","jdtj2":null,"jdms2":null,"cmzb":"治疗药膏*1|净化药水*2|铁树枝干*2|守护指环*1|树之祭祀*1","qqzb":"速度之靴*1|魔棒*1|王者之戒*1","hxzb":"灵魂之戒*1|奥术鞋*1|魔杖*1|侦查守卫*1|回城卷轴*1","hqsz":"阿哈利姆神杖*1|梅肯斯姆*1|邪恶镰刀*1|希瓦的守护*1|远行鞋*1|弗拉迪米尔的祭品*1","ljt":"http://www.dota2.com.cn/images/property/omniknight.gif","path":"omniknight","zymc":"天辉","zytb":"http://www.dota2.com.cn/images/heropedia/radiant.jpg","yxtp":"http://www.dota2.com.cn/images/others/omniknight_big1.jpg","gjlxxj":"1","yxdwxj":"2|1|1","llsjsmz":"19","llsjsmhf":"0.03","mjsjhj":"1","mjsjgjsd":"1","zlsjmfz":"13","zlsjmfhf":"0.04","sjgjl":"1","pjsh":"56","gjsd":"115|122|157","gjms":"1.48","gjsh":"51-61","gjjl":"128|128|128","wlhj":"5.1","wlshkx":"19%","mfshkx":"25%","minitb":"http://www.dota2.com.cn/images/heroes/omniknight_icon.png"},{"id":12,"zwm":"沉默术士","ywm":"Silencer","jc":"沉默、诺崇","xttx":"http://www.dota2.com.cn/images/heroes/silencer_full.png","dttx":"http://www.dota2.com.cn/images/heroes/silencer_vert.jpg","gjlx":"远程","yxlx":"智力","yxdw":"辅助|核心|先手","zltb":"http://www.dota2.com.cn/images/info1301/tit_img01.gif","zljc":"27","zlsj":"2.5","mjtb":"http://www.dota2.com.cn/images/info1301/tit_img02.gif","mjjc":"16","mjsj":"2.1","lltb":"http://www.dota2.com.cn/images/info1301/tit_img03.gif","lljc":"17","llsj":"2.2","gjltb":"http://www.dota2.com.cn/images/info1301/tit_img06.gif","csgjl":"16-30","ydsdtb":"http://www.dota2.com.cn/images/info1301/tit_img05.gif","csydsd":"295","hjtb":"http://www.dota2.com.cn/images/info1301/tit_img04.gif","cshj":"1.24","yxbj":"作为一支精心呵护的传承血脉中第七代也是最后一代的成员，诺崇从小就被一个叫做风蚀之寒的古老组织抚养，为的是让他成为世界上技艺空前的大魔法师。他就是预言中那个天选者，两百年来，先人在配偶和繁衍时谨慎无比，积累了数代的优秀血统，就是要培养出一个能够为组织带来无上荣誉的战斗法师，同时，毁灭他们的死敌：教会骑士团。组织在哈扎达尔废墟旁的山上的一个隐秘营地中抚养着一群和诺崇一样年轻的法师，导师们一直在等着诺崇展现自己独特的天赋。然而，就当其他学徒都开始施展并提升自己的火系、冰系、变形系魔法的时候，诺崇仍然是沉默的坐在那里，其貌不扬，连变形术都不会。随着最终考核日的临近，他身上仍然一点魔力都没有。导师们厌恶地斥责了他，其他人则大声的嘲笑着。“你根本不是法师。”组织的领袖大声的宣布。然而，诺崇并没有灰溜溜的走掉。他进入了比赛场，俯视着那些嘲笑他的年轻法师们，随后，他让这些人以及他们的导师们明白了一个重要的道理：魔法之极，唯寂方至。诺崇将那些所谓的天才法师们一个接一个的沉默，让他们不得不和他近身搏斗，直到最后，赛场中站着的只有他一个人，正如预言所说，他是风蚀之寒的首席法师。随后，他走出群山，走进大陆，现在的他有一个全新的名字：沉默术士，一切魔法，遭遇了他，都将归于寂静。","dj":"1|15|25","smz":"473|1058|1856","mfz":"351|806|1391","gjl":"43-57|78-92|123-137","hj":"1|5|11","syfw":"1800/800","gjfw":"600","ddsd":"1000","jdtj1":"http://www.dota2.com.cn/images/property/add/silencer.jpg","jdms1":"主静默诅咒的沉默在之前版本中一直是主流加点方式，线上强大的压制力，对于技能cd长，蓝量少的英雄来说简直犹如噩梦。最后遗言在团战中也能发挥出重要作用，应注意用来干扰敌方关键英雄的技能combo。同时也能弥补较晚升级智慧之刃造成的输出缺口。","jdtj2":null,"jdms2":null,"cmzb":"树之祭祀*1|治疗药膏*1|净化药水*1|圆环*1|智力斗篷*1","qqzb":"速度之靴*1|魔棒*1|空灵挂件*1|回城卷轴*1","hxzb":"动力鞋*1|原力法杖*1|魔杖*1|梅肯斯姆*1|回城卷轴*1","hqsz":"邪恶镰刀*1|阿托斯之棍*1|希瓦的守护*1|Eul的神圣法杖*1|紫怨*1|黑皇杖*1","ljt":"http://www.dota2.com.cn/images/property/silencer.gif","path":"silencer","zymc":"天辉","zytb":"http://www.dota2.com.cn/images/heropedia/radiant.jpg","yxtp":"http://www.dota2.com.cn/images/others/silencer_big1.jpg","gjlxxj":"1","yxdwxj":"1|1|1","llsjsmz":"19","llsjsmhf":"0.03","mjsjhj":"1","mjsjgjsd":"1","zlsjmfz":"13","zlsjmfhf":"0.04","sjgjl":"1","pjsh":"50","gjsd":"116|124|166","gjms":"1.47","gjsh":"43-57","gjjl":"600|600|600","wlhj":"1","wlshkx":"6%","mfshkx":"25%","minitb":"http://www.dota2.com.cn/images/heroes/silencer_icon.png"}]}