{"hero":{"id":110,"zwm":"寒冬飞龙","ywm":"Winter Wyvern","jc":"冰龙","xttx":"http://www.dota2.com.cn/images/heroes/winter_wyvern_full.png","dttx":"http://www.dota2.com.cn/images/heroes/winter_wyvern_vert.jpg","gjlx":"远程","yxlx":"智力","yxdw":"爆发-控制","zltb":"http://www.dota2.com.cn/images/info1301/tit_img01.gif","zljc":"25","zlsj":"3.1","mjtb":"http://www.dota2.com.cn/images/info1301/tit_img02.gif","mjjc":"16","mjsj":"1.9","lltb":"http://www.dota2.com.cn/images/info1301/tit_img03.gif","lljc":"24","llsj":"2.1","gjltb":"http://www.dota2.com.cn/images/info1301/tit_img06.gif","csgjl":"13-20","ydsdtb":"http://www.dota2.com.cn/images/info1301/tit_img05.gif","csydsd":"285","hjtb":"http://www.dota2.com.cn/images/info1301/tit_img04.gif","cshj":"1.24","yxbj":"就像许多伟大的诗人，傲洛斯只想用她的一生书写诗篇。可是寒冬飞龙在生活中不断受到干扰。古龙的史诗漫长而多彩，但是世上残存的龙族学者在有些人眼里不像他们的前辈那样博学，上个盛世之后，古龙的龙诗中只加入了寥寥数行。傲洛斯哀悼道，“生活之中，不应尽是制敌和赢敌，此点却被众人遗忘。我们必须穷己一生，追寻妙语隽言。”她开始着手探险研究，收集能激发灵感的书籍。不过这样的研究极大地分散了她的精力，用于写作的时间所剩无几。尽管她明白自己应当潜藏在巢穴中，为龙诗增添新的诗句，可她发现自己已陷入了一场史诗级战斗，面对着强大的敌人。她掠夺城堡，搜刮古代的图书馆...对于偶然得之的荣光，她告诉自己这仅仅是研究的一个副作用。事实上，由于她的技艺和力量在战场上过于神妙，她在学术上的努力并不为人称道。但是她不满足于撰写英雄的传说。她还想要去亲手缔造。","dj":"1/15/25","smz":"606/1165/1944","mfz":"325/889/1552","gjl":"38-45/81-88/132-139","hj":"1/5/10","syfw":"1800/800","gjfw":"425","ddsd":"700","jdtj1":"","jdms1":"","jdtj2":null,"jdms2":null,"cmzb":"树之祭祀*1|治疗药膏*1|动物信使*1|铁树枝干*3","qqzb":"魔棒*1|速度之靴*1|护腕*1|侦查守卫*1","hxzb":"魔杖*1|奥术鞋*1|梅肯斯姆*1|原力法杖*1","hqsz":"远行鞋*1|死灵书*1|血精石*1|邪恶镰刀*1|希瓦的守护*1|黑皇杖*1","ljt":"","path":"winter_wyvern","zymc":"夜魇","zytb":"http://www.dota2.com.cn/images/heropedia/dire.jpg","yxtp":"http://www.dota2.com.cn/images/others/winter_wyvern_big1.jpg","gjlxxj":"","yxdwxj":"","llsjsmz":"19","llsjsmhf":"0.03","mjsjhj":"1","mjsjgjsd":"1","zlsjmfz":"13","zlsjmfhf":"0.04","sjgjl":"1","pjsh":"41","gjsd":"116/143/162","gjms":"1.47","gjsh":"38-45","gjjl":"425/425/425","wlhj":"1","wlshkx":"6%","mfshkx":"25%","minitb":"http://www.dota2.com.cn/images/heroes/winter_wyvern_icon.png"},"skillList":[{"id":495,"zwm":"寒冬飞龙","jnmc":"严寒烧灼","jntb":"http://www.dota2.com.cn/images/heroes/abilities/winter_wyvern_arctic_burn_hp1.png","jnms":"寒冬飞龙乘着一股极地寒风扶摇而上，移动将无视地形，每次攻击都将呼出逼人的寒气。高飞时，她的攻击射程更远，攻击弹道速度也更快，被攻击的敌人在寒意作用下，移动速度也被减缓，同时每秒损失8%的当前生命值。在夜晚的寒风中，她的视野还会被加强，在技能期间夜晚将额外获得400%的视野范围。","mftb":"http://www.dota2.com.cn/style/../images/info1301/ico1.gif","mfxh":"120/110/100/90","lqtb":"http://www.dota2.com.cn/style/../images/info1301/ico2.gif","lqsj":"50/40/30/20","jnxg":"<span class=\"color_white\">技能：</span>无目标|<span class=\"color_white\">飞行持续时间：</span>6|<span class=\"color_white\">伤害类型：</span>魔法|<span class=\"color_white\">攻击射程加成：</span>275/375/475/575|<span class=\"color_white\">无视技能免疫：</span><span class=\"color_green\">否</span>|<span class=\"color_white\">生命值烧灼百分比：</span>8%|<span class=\"color_white\">烧灼持续时间：</span>5|<span class=\"color_white\">移动速度减缓：</span>25%/30%/35%/40%|<span class=\"color_white\">夜晚视野范围加成：</span>400","jnsp":"","spms":"在傲洛斯体内，其他龙点燃龙炎的器官熔炼的是难以想象的寒冷。从她咽喉的深处呼出的气会将敌人送入烧灼的痛苦中。","djjd":"2,8,9,10","ewms":"每次施放严寒灼烧时敌方单位只会获得一次负面效果。<br>本技能无法作用于Roshan。<br>寒冬飞龙的攻击点降低至0.1。"},{"id":496,"zwm":"寒冬飞龙","jnmc":"碎裂冲击","jntb":"http://www.dota2.com.cn/images/heroes/abilities/winter_wyvern_splinter_blast_hp1.png","jnms":"向目标单位发射一团易碎的冰球。冰球一击中目标就会碎裂，而目标单位将不会受到任何效果，但是附近500范围内敌人都将因碎片的冲击受到伤害，并且移动速度减缓25%。","mftb":"http://www.dota2.com.cn/style/../images/info1301/ico1.gif","mfxh":"120/130/140/150","lqtb":"http://www.dota2.com.cn/style/../images/info1301/ico2.gif","lqsj":"7","jnxg":"<span class=\"color_white\">技能：</span>单位目标|<span class=\"color_white\">攻击力：</span>100/180/260/340|<span class=\"color_white\">影响：</span>敌方单位|<span class=\"color_white\">碎裂作用范围：</span>500|<span class=\"color_white\">伤害类型：</span><span class=\"color_white\">魔法</span>|<span class=\"color_white\">移动速度减缓：</span>25%|<span class=\"color_white\">无视技能免疫：</span>否|<span class=\"color_white\">减速持续时间：</span>4","jnsp":"","spms":"这些冰渣由她冰冻的咽喉中特殊的囊泡慢慢生成，寒冬飞龙正借此轰击她的敌人。","djjd":"1,3,5,7","ewms":"作用于主目标的冰球弹道速度为650，或经过1秒到达目标，取决于哪个更快。<br>无论是初始的冰球还是破碎后的冰片都无法被躲避。"},{"id":497,"zwm":"寒冬飞龙","jnmc":"极寒之拥","jntb":"http://www.dota2.com.cn/images/heroes/abilities/winter_wyvern_cold_embrace_hp1.png","jnms":"将队友封入一个冰茧中，使其被冻在原地并恢复生命值，恢复数值为基础数值加上最大生命值的一定比例。冰茧将阻隔一切物理伤害。","mftb":"http://www.dota2.com.cn/style/../images/info1301/ico1.gif","mfxh":"75/75/75/75","lqtb":"http://www.dota2.com.cn/style/../images/info1301/ico2.gif","lqsj":"17/16/15/14","jnxg":"<span class=\"color_white\">技能：</span>单位目标|<span class=\"color_white\">持续时间：</span>4|<span class=\"color_white\">影响：</span>友方单位|<span class=\"color_white\">基础生命恢复速率：</span>20|<span class=\"color_white\">无视技能免疫：</span><span class=\"color_green\">是</span>|<span class=\"color_white\">最大生命值恢复百分比：</span>3%/4%/5%/6%","jnsp":"","spms":"寒冬之心中有着寒冷而治愈的拥抱。坚冰减缓了血液的流动，使治疗的魔力发挥得更加彻底。","djjd":"4,12,13,14","ewms":"无法被驱散。"},{"id":498,"zwm":"寒冬飞龙","jnmc":"寒冬诅咒","jntb":"http://www.dota2.com.cn/images/heroes/abilities/winter_wyvern_winters_curse_hp1.png","jnms":"寒冬飞龙将一个敌方目标冻在原地，附近的其他敌人将受到癫狂诅咒，对冻住的队友进行攻击。被诅咒攻击队友的敌人承受伤害减少70%。","mftb":"http://www.dota2.com.cn/style/../images/info1301/ico1.gif","mfxh":"250","lqtb":"http://www.dota2.com.cn/style/../images/info1301/ico2.gif","lqsj":"110/100/90","jnxg":"<span class=\"color_white\">技能：</span>单位目标|<span class=\"color_white\">诅咒持续时间：</span>2.5/3/3.5|<span class=\"color_white\">影响：</span>敌方单位|<span class=\"color_white\">诅咒作用范围：</span>400|<span class=\"color_white\">无视技能免疫：</span><span class=\"color_green\">是|<span class=\"color_white\">诅咒所受伤害降低：</span>70%","jnsp":"","spms":"这个诅咒在书龙咒语中最为古老，也是那句老话的真相：有时候我的敌人的敌人还是我的敌人。","djjd":"6,11,16","ewms":"如果目标被其队友击杀，击杀者仍是寒冬飞龙。"}],"qqzbList":[{"goods":{"id":36,"bigtype":"基础物品","type":"奥术","wpmc":"魔棒","wppz":"1","wptp":"http://www.dota2.com.cn/images/items/magic_stick_lg.png","jgtb":"http://www.dota2.com.cn/images/info1301/tit_img07.gif","jg":"200","wpjs":"一个简易但实用的魔杖，能够补充使用者的能量--巫师学徒和高级术士都喜欢。","wpzyms":"","wpsyff":"主动：充能 - 每当周围有敌人施放技能都会自动充能（最多10点能量）。当使用时，每点能量为你回复生命值和魔法值。","wpxg":"每点能量回复：<span class=\"color_yellow\">15</span>","lqsjtb":"http://www.dota2.com.cn/images/info1301/ico2.gif","lqsj":"13","mfxhtb":"","mfxh":"","qzwptb":"","wpzyms2":"1200码视野范围内敌人使用技能就会获得点数。<br>部分英雄技能和物品技能的施放将不会增加点数。","item_en":"magic_stick"},"count":1},{"goods":{"id":39,"bigtype":"基础物品","type":"奥术","wpmc":"速度之靴","wppz":"1","wptp":"http://www.dota2.com.cn/images/items/boots_lg.png","jgtb":"http://www.dota2.com.cn/images/info1301/tit_img07.gif","jg":"450","wpjs":"穿双鞋子，跑的更快。","wpzyms":"移动速度提升效果不与其他鞋子叠加。","wpsyff":"","wpxg":"+ <span class=\"color_yellow\">50</span> 移动速度","lqsjtb":"","lqsj":"","mfxhtb":"","mfxh":"","qzwptb":"","wpzyms2":"","item_en":"boots"},"count":1},{"goods":{"id":51,"bigtype":"升级物品","type":"普通","wpmc":"护腕","wppz":"2","wptp":"http://www.dota2.com.cn/images/items/bracer_lg.png","jgtb":"http://www.dota2.com.cn/images/info1301/tit_img07.gif","jg":"525","wpjs":"护腕是一种常见的增强防御和延长寿命的选择。","wpzyms":"","wpsyff":"","wpxg":"+ <span class=\"color_yellow\">6</span> 力量<br/>+ <span class=\"color_yellow\">3</span> 敏捷<br/>+ <span class=\"color_yellow\">3</span> 智力<br/>+ <span class=\"color_yellow\">3</span> 攻击力","lqsjtb":"","lqsj":"","mfxhtb":"","mfxh":"","qzwptb":"","wpzyms2":"","item_en":"bracer"},"count":1},{"goods":{"id":9,"bigtype":"基础物品","type":"消耗品","wpmc":"侦查守卫","wppz":"3","wptp":"http://www.dota2.com.cn/images/items/ward_observer_lg.png","jgtb":"http://www.dota2.com.cn/images/info1301/tit_img07.gif","jg":"150","wpjs":"","wpzyms":"持续7分钟。","wpsyff":"使用：放置侦查守卫来获得附近区域的视野。","wpxg":"","lqsjtb":"http://www.dota2.com.cn/images/info1301/ico2.gif","lqsj":"1","mfxhtb":"","mfxh":"","qzwptb":"","wpzyms2":"","item_en":"ward_observer"},"count":1}],"cmzbList":[{"goods":{"id":2,"bigtype":"基础物品","type":"消耗品","wpmc":"树之祭祀","wppz":"3","wptp":"http://www.dota2.com.cn/images/items/tango_lg.png","jgtb":"http://www.dota2.com.cn/images/info1301/tit_img07.gif","jg":"125","wpjs":"战场上的救命稻草。","wpzyms":"","wpsyff":"使用：吃树-吃掉一棵树来恢复生命值。可以使用4次。","wpxg":"持续时间：<span class=\"color_yellow\">16</span><br/>生命恢复量：<span class=\"color_yellow\">115</span>","lqsjtb":"","lqsj":"","mfxhtb":"","mfxh":"","qzwptb":"","wpzyms2":"","item_en":"tango"},"count":1},{"goods":{"id":3,"bigtype":"基础物品","type":"消耗品","wpmc":"治疗药膏","wppz":"3","wptp":"http://www.dota2.com.cn/images/items/flask_lg.png","jgtb":"http://www.dota2.com.cn/images/info1301/tit_img07.gif","jg":"115","wpjs":"即使最严重的伤口也能快速治愈的魔法药膏。","wpzyms":"","wpsyff":"使用：恢复 - 持续恢复生命值，受到攻击会驱散效果。","wpxg":"持续时间：<span class=\"color_yellow\">10</span><br/>生命回复量：<span class=\"color_yellow\">400</span>","lqsjtb":"","lqsj":"","mfxhtb":"","mfxh":"","qzwptb":"","wpzyms2":"治疗药膏可以共享。","item_en":"flask"},"count":1},{"goods":{"id":7,"bigtype":"基础物品","type":"消耗品","wpmc":"动物信使","wppz":"3","wptp":"http://www.dota2.com.cn/images/items/courier_lg.png","jgtb":"http://www.dota2.com.cn/images/info1301/tit_img07.gif","jg":"150","wpjs":"弄丢驴子会被判处死亡的惩罚。","wpzyms":"","wpsyff":"可以运载物品往返于基地的生物。","wpxg":"","lqsjtb":"","lqsj":"","mfxhtb":"","mfxh":"","qzwptb":"","wpzyms2":"","item_en":"courier"},"count":1},{"goods":{"id":12,"bigtype":"基础物品","type":"属性","wpmc":"铁树枝干","wppz":"1","wptp":"http://www.dota2.com.cn/images/items/branches_lg.png","jgtb":"http://www.dota2.com.cn/images/info1301/tit_img07.gif","jg":"50","wpjs":"一根看起来很普通的树枝，它如铁般坚硬的品质赋予持有者好运。","wpzyms":"","wpsyff":"","wpxg":"+ <span class=\"color_yellow\">1</span> 所有属性","lqsjtb":"","lqsj":"","mfxhtb":"","mfxh":"","qzwptb":"","wpzyms2":"","item_en":"branches"},"count":3}],"adapt_type_list":[{"id":77,"zwm":"水晶室女","ywm":"Crystal Maiden","jc":"冰女","xttx":"http://www.dota2.com.cn/images/heroes/crystal_maiden_full.png","dttx":"http://www.dota2.com.cn/images/heroes/crystal_maiden_vert.jpg","gjlx":"远程","yxlx":"智力","yxdw":"辅助|控制|爆发|对线辅助","zltb":"http://www.dota2.com.cn/images/info1301/tit_img01.gif","zljc":"16","zlsj":"2.9","mjtb":"http://www.dota2.com.cn/images/info1301/tit_img02.gif","mjjc":"16","mjsj":"1.6","lltb":"http://www.dota2.com.cn/images/info1301/tit_img03.gif","lljc":"16","llsj":"1.7","gjltb":"http://www.dota2.com.cn/images/info1301/tit_img06.gif","csgjl":"19-25","ydsdtb":"http://www.dota2.com.cn/images/info1301/tit_img05.gif","csydsd":"280","hjtb":"http://www.dota2.com.cn/images/info1301/tit_img04.gif","cshj":"1.24","yxbj":"水晶室女莉莱出生在一个气候温和的地区，与性子火爆的姐姐莉娜一起长大，她很快就发现她天生对冰元素的吸引力给周围所有人制造了麻烦。只要她在附近坐下休息，井水和山泉瞬间就会被冻住；成熟的庄稼被寒霜冻伤，果园变成了冰的迷宫，然后垮塌损毁。当他们无奈的父母把莉娜送到南方后，又把莉莱流放到了寒冷北方的冰川残骸，一个隐居在蓝心冰川顶峰的寒冰巫师收留了她。经过长期的学习后，巫师认为莉莱已经能够独立的修习冰冻魔法了，于是他便降入冰川内开始千年的冬眠。从那以后，莉莱的冰冻法术变的愈发精湛，而现在，她的魔法已无可匹敌。","dj":"1|15|25","smz":"454|906|1609","mfz":"208|736|1343","gjl":"35-41|76-82|125-131","hj":"1|4|9","syfw":"1800/800","gjfw":"600","ddsd":"900","jdtj1":"http://www.dota2.com.cn/images/property/add/crystal_maiden.jpg","jdms1":"上来先加冰霜新星有利于帮助队友拿1血，然后加个冰封禁制，有了控制以防不备之需，然后就是奥术光环，冰女的灵魂技能，无论何种加点方式7级时满光环是优秀的辅助冰女不二选择。冰封禁制、冰霜新星：两个限制技能各有千秋，前者偏控制，后者偏限制。无论版本如何改动还是改变不了冰女打辅助为主的命，具体哪个技能第二优先点满看阵容及场上形势决定。前期两者各升一级是必须的。","jdtj2":null,"jdms2":null,"cmzb":"树之祭祀*1|治疗药膏*1|净化药水*1|力量手套*1|动物信使*1|铁树枝干*1","qqzb":"魔棒*1|速度之靴*1|护腕*1|护腕*1","hxzb":"魔杖*1|静谧之鞋*1|韧鼓*1|侦查守卫*1","hqsz":"Eul的神圣法杖*1|幽魂权杖*1|邪恶镰刀*1|阿哈利姆神杖*1|希瓦的守护*1|影刃*1","ljt":"http://www.dota2.com.cn/images/property/crystal_maiden.gif","path":"crystal_maiden","zymc":"天辉","zytb":"http://www.dota2.com.cn/images/heropedia/radiant.jpg","yxtp":"http://www.dota2.com.cn/images/others/crystal_maiden_big1.jpg","gjlxxj":"1","yxdwxj":"3|2|2|1","llsjsmz":"19","llsjsmhf":"0.03","mjsjhj":"1","mjsjgjsd":"1","zlsjmfz":"13","zlsjmfhf":"0.04","sjgjl":"1","pjsh":"41","gjsd":"116|122|154","gjms":"1.47","gjsh":"38-44","gjjl":"600|600|600","wlhj":"1","wlshkx":"6%","mfshkx":"25%","minitb":"http://www.dota2.com.cn/images/heroes/crystal_maiden_icon.png"},{"id":66,"zwm":"魅惑魔女","ywm":"Enchantress","jc":"小鹿","xttx":"http://www.dota2.com.cn/images/heroes/enchantress_full.png","dttx":"http://www.dota2.com.cn/images/heroes/enchantress_vert.jpg","gjlx":"远程","yxlx":"智力","yxdw":"辅助|推进|耐久|打野","zltb":"http://www.dota2.com.cn/images/info1301/tit_img01.gif","zljc":"16","zlsj":"2.8","mjtb":"http://www.dota2.com.cn/images/info1301/tit_img02.gif","mjjc":"19","mjsj":"1.8","lltb":"http://www.dota2.com.cn/images/info1301/tit_img03.gif","lljc":"16","llsj":"1","gjltb":"http://www.dota2.com.cn/images/info1301/tit_img06.gif","csgjl":"31-41","ydsdtb":"http://www.dota2.com.cn/images/info1301/tit_img05.gif","csydsd":"335","hjtb":"http://www.dota2.com.cn/images/info1301/tit_img04.gif","cshj":"1.66","yxbj":"从外表上看，爱由莎就像是一个天真无忧的森林精灵，尽管的确如此，但这也不是对她最为完整的评价。她对自然所遭受的苦难感同身受。她曾跋山涉水，穿越过斑驳的森林，走过四季变换，结识新的朋友，分享新的见闻，为她所到之处带去自然的治愈和欢乐的笑容。因为在那些饱受战乱折磨的地区，森林被大规模的砍伐，用作造船以及制造攻城车；而即使是在和平地区，也有人因为建造房屋而砍伐森林，为添加灶火而毁坏树木。爱由莎从森林中的小精灵处听闻了这些事情，这些小家伙需要森林的荫蔽来繁衍。她耐心的倾听着那些苦于无法倾诉的人诉说着痛苦，坚信自己的鼓励也是一种魅力，一种能够让未来再次充满绿色的魅之魔力。","dj":"1|15|25","smz":"454|720|1290","mfz":"208|718|1342","gjl":"47-57|86-96|134-144","hj":"2|5|11","syfw":"1800/800","gjfw":"550","ddsd":"900","jdtj1":"http://www.dota2.com.cn/images/property/add/enchantress.jpg","jdms1":"这种加法适合中路solo，或者混线流小鹿的打法。1级魅惑保证前期减速效果，主升自然之助和不可侵犯可以让小鹿在对线时占据更多主动。不可侵犯可以视为一个特殊的物理免疫（仅适用于前期），自然之助的存在让那些没有超强爆发的英雄对小鹿再也构不成威胁。大招还是小鹿最主要的输出手段，所以有大招的情况下优先升级大招。","jdtj2":null,"jdms2":null,"cmzb":"树之祭祀*1|力量手套*2|治疗药膏*1|铁树枝干*2","qqzb":"魔棒*1|速度之靴*1","hxzb":"魔杖*1|动力鞋*1|影之灵龛*1|阿哈利姆神杖*1|侦查守卫*1","hqsz":"血精石*1|希瓦的守护*1|邪恶镰刀*1|紫怨*1|恐鳌之心*1|强袭胸甲*1","ljt":"http://www.dota2.com.cn/images/property/enchantress.gif","path":"enchantress","zymc":"天辉","zytb":"http://www.dota2.com.cn/images/heropedia/radiant.jpg","yxtp":"http://www.dota2.com.cn/images/others/enchantress_big1.jpg","gjlxxj":"1","yxdwxj":"2|2|1|1","llsjsmz":"19","llsjsmhf":"0.03","mjsjhj":"1","mjsjgjsd":"1","zlsjmfz":"13","zlsjmfhf":"0.04","sjgjl":"1","pjsh":"52","gjsd":"119|126|162","gjms":"1.43","gjsh":"47-57","gjjl":"550|550|550","wlhj":"1","wlshkx":"9%","mfshkx":"25%","minitb":"http://www.dota2.com.cn/images/heroes/enchantress_icon.png"},{"id":34,"zwm":"杰奇洛","ywm":"Jakiro","jc":"双头龙","xttx":"http://www.dota2.com.cn/images/heroes/jakiro_full.png","dttx":"http://www.dota2.com.cn/images/heroes/jakiro_vert.jpg","gjlx":"远程","yxlx":"智力","yxdw":"爆发|推进|对线辅助|控制","zltb":"http://www.dota2.com.cn/images/info1301/tit_img01.gif","zljc":"28","zlsj":"2.8","mjtb":"http://www.dota2.com.cn/images/info1301/tit_img02.gif","mjjc":"10","mjsj":"1.2","lltb":"http://www.dota2.com.cn/images/info1301/tit_img03.gif","lljc":"25","llsj":"2.3","gjltb":"http://www.dota2.com.cn/images/info1301/tit_img06.gif","csgjl":"18-26","ydsdtb":"http://www.dota2.com.cn/images/info1301/tit_img05.gif","csydsd":"290","hjtb":"http://www.dota2.com.cn/images/info1301/tit_img04.gif","cshj":"2.4","yxbj":"即使是在那些奇怪的魔法生物中，双头龙也算是一头怪物。同时拥有着冰火之力，狡黠且狂猛，被称为杰奇洛的双头龙在战场上空肆意的灼烧大地，冰封敌人，将胆敢和它对抗的任何事物变成废墟。灼霜龙族的窝中从来都是有两只幼龙。与生俱来的凶残使它们闻名于世，这一种族中，新孵化的幼龙在出生伊始就会努力的杀死自己的兄弟姐妹。强者生存。这就是灼霜龙族维系其强大力量的办法。在一次意外中，怪胎杰奇洛从一个龙蛋里孵化出来了，在这一头幼龙的身体里有着灼霜龙族所有的力量。在它那厚重的龙鳞内，蕴含着冰火之力，在这样的力量面前，随时可能丧命。","dj":"1|15|25","smz":"606|1218|2035","mfz":"364|874|1438","gjl":"46-54|85-93|133-141","hj":"2|5|9","syfw":"1800/800","gjfw":"400","ddsd":"1100","jdtj1":"http://www.dota2.com.cn/images/property/add/jakiro.jpg","jdms1":"这种复古的打法在双头龙的冰封路径重做之后成为了当下最为凶猛的加点，大范围AOE加控制型的双头龙又回来了。鉴于强大的新版冰封路径，我们完全可以把那个被动液态火放到最后去加。","jdtj2":null,"jdms2":null,"cmzb":"动物信使*1|树之祭祀*1|治疗药膏*1|净化药水*1|铁树枝干*3","qqzb":"速度之靴*1|魔棒*1|王者之戒*1","hxzb":"魔杖*1|梅肯斯姆*1|奥术鞋*1|侦查守卫*1","hqsz":"纷争面纱*1|希瓦的守护*1|邪恶镰刀*1|洞察烟斗*1|Eul的神圣法杖*1|阿哈利姆神杖*1","ljt":"http://www.dota2.com.cn/images/property/jakiro.gif","path":"jakiro","zymc":"天辉","zytb":"http://www.dota2.com.cn/images/heropedia/radiant.jpg","yxtp":"http://www.dota2.com.cn/images/others/jakiro_big1.jpg","gjlxxj":"1","yxdwxj":"2|2|2|1","llsjsmz":"19","llsjsmhf":"0.03","mjsjhj":"1","mjsjgjsd":"1","zlsjmfz":"13","zlsjmfhf":"0.04","sjgjl":"1","pjsh":"50","gjsd":"110|115|139","gjms":"1.55","gjsh":"46-54","gjjl":"400|400|400","wlhj":"2","wlshkx":"12%","mfshkx":"25%","minitb":"http://www.dota2.com.cn/images/heroes/jakiro_icon.png"},{"id":86,"zwm":"维萨吉","ywm":"Visage","jc":"灰鸟，死灵飞龙","xttx":"http://www.dota2.com.cn/images/heroes/visage_full.png","dttx":"http://www.dota2.com.cn/images/heroes/visage_vert.jpg","gjlx":"远程","yxlx":"智力","yxdw":"爆发|耐久|控制","zltb":"http://www.dota2.com.cn/images/info1301/tit_img01.gif","zljc":"24","zlsj":"2.5","mjtb":"http://www.dota2.com.cn/images/info1301/tit_img02.gif","mjjc":"11","mjsj":"1.3","lltb":"http://www.dota2.com.cn/images/info1301/tit_img03.gif","lljc":"22","llsj":"2.4","gjltb":"http://www.dota2.com.cn/images/info1301/tit_img06.gif","csgjl":"24-34","ydsdtb":"http://www.dota2.com.cn/images/info1301/tit_img05.gif","csydsd":"295","hjtb":"http://www.dota2.com.cn/images/info1301/tit_img04.gif","cshj":"-0.46","yxbj":"面目狰狞的石像鬼庞大的身影蹲坐在狭窄迷宫的入口，永恒地凝视着通往往生之境的路径。无论走兽还是飞鸟，人类还是怪物，一切服从生老病死并选择进入冥府的生物终有一天会经过它们的面前。对于一个离开肉体的灵魂而言，一旦做出了穿过死亡幕帘的决定就再无回头之路。不过总有一些不安分的灵魂凭着智力或机巧，借着偶然的契机得以从天国或是地狱逃离。这时候，令人胆寒的石像鬼维萨吉，承载死灵飞龙不朽灵魂的形体，就会被派遣出去寻回他们。维萨吉精明强干又冷酷无情，不受死亡或是疲倦的支配。它无休无止、毫不留情地追踪它的猎物，一心只想摧毁一切逃亡灵魂的藏身之处。谁敢嘲笑冥界的法则，谁就永远不得安宁。虽然亡者的确可以被复活，但他们迟早会被维萨吉找到，并且遣送回他们本来该在的地方。","dj":"1|15|25","smz":"568|1206|2042","mfz":"312|767|1352","gjl":"48-58|83-93|128-138","hj":"-0|2|7","syfw":"1800/800","gjfw":"600","ddsd":"900","jdtj1":"http://www.dota2.com.cn/images/property/add/visage.jpg","jdms1":"如今的死灵飞龙维萨吉已经很少出现在CW舞台中了，这是一个天生为三人路而生的英雄，前期灵魂超度堪称神技。新版本总更是加强了黄泉颤抖技能，在路人战中，玩得溜的死灵飞龙依然能有着亮眼的操作。如果前期压力较大，可以考虑多提升被动的等级，增加死灵飞龙的抗击打能力。","jdtj2":"","jdms2":"","cmzb":"树之祭祀*1|治疗药膏*1|净化药水*2|守护指环*1|铁树枝干*2","qqzb":"速度之靴*1|魔棒*1|王者之戒*1","hxzb":"动力鞋*1|魔杖*1|梅肯斯姆*1|勇气勋章*1","hqsz":"阿哈利姆神杖*1|邪恶镰刀*1|希瓦的守护*1|强袭胸甲*1|阿托斯之棍*1|恐鳌之心*1","ljt":"http://www.dota2.com.cn/images/property/visage.gif","path":"visage","zymc":"夜魇","zytb":"http://www.dota2.com.cn/images/heropedia/dire.jpg","yxtp":"http://www.dota2.com.cn/images/others/visage_big1.jpg","gjlxxj":"1","yxdwxj":"2|2|1","llsjsmz":"19","llsjsmhf":"0.03","mjsjhj":"1","mjsjgjsd":"1","zlsjmfz":"13","zlsjmfhf":"0.04","sjgjl":"1","pjsh":"53","gjsd":"111|116|142","gjms":"1.53","gjsh":"48-58","gjjl":"600|600|600","wlhj":"0","wlshkx":"-2%","mfshkx":"10%","minitb":"http://www.dota2.com.cn/images/heroes/visage_icon.png"},{"id":89,"zwm":"巫医","ywm":"Witch Doctor","jc":"WD","xttx":"http://www.dota2.com.cn/images/heroes/witch_doctor_full.png","dttx":"http://www.dota2.com.cn/images/heroes/witch_doctor_vert.jpg","gjlx":"远程","yxlx":"智力","yxdw":"辅助|控制","zltb":"http://www.dota2.com.cn/images/info1301/tit_img01.gif","zljc":"24","zlsj":"2.9","mjtb":"http://www.dota2.com.cn/images/info1301/tit_img02.gif","mjjc":"13","mjsj":"1.4","lltb":"http://www.dota2.com.cn/images/info1301/tit_img03.gif","lljc":"16","llsj":"1.8","gjltb":"http://www.dota2.com.cn/images/info1301/tit_img06.gif","csgjl":"27-37","ydsdtb":"http://www.dota2.com.cn/images/info1301/tit_img05.gif","csydsd":"305","hjtb":"http://www.dota2.com.cn/images/info1301/tit_img04.gif","cshj":"0.82","yxbj":"一个轮廓不匀的瘦长身影迈着怪异的步伐纵横在战场上，寻找着敌人的致命弱点，用他可怕的才能造成严重的伤害。无论他那扭曲的身体是被打断的还是先天的，没有人可以质疑其中的力量。巫医扎瓦克用他的长杖猛击地面前进，他是一个迷信、巫术和咒语的恐怖聚合体。这个身体在阿克图拉岛的高原地带学习了魔法知识并磨练娴熟，现在精确的用在他的敌人身上。治疗友军，践踏敌人，扎瓦克可以成为你的好战友，或者最糟糕的敌人。","dj":"1|15|25","smz":"454|933|1655","mfz":"312|840|1477","gjl":"51-61|92-102|141-151","hj":"1|4|8","syfw":"1800/800","gjfw":"600","ddsd":"1200","jdtj1":"http://www.dota2.com.cn/images/property/add/witch_doctor.jpg","jdms1":"路人局中大多数巫医都会选择如此加点，前中期爆发很高，记得一定要把诅咒用好。","jdtj2":"","jdms2":"","cmzb":"树之祭祀*1|净化药水*2|治疗药膏*1|力量手套*1|动物信使*1","qqzb":"魔棒*1|速度之靴*1|护腕*1|侦查守卫*1","hxzb":"魔杖*1|相位鞋*1|侦查守卫*1","hqsz":"邪恶镰刀*1|黑皇杖*1|希瓦的守护*1|血精石*1|达贡之神力*1|阿哈利姆神杖*1","ljt":"http://www.dota2.com.cn/images/property/witch_doctor.gif","path":"witch_doctor","zymc":"夜魇","zytb":"http://www.dota2.com.cn/images/heropedia/dire.jpg","yxtp":"http://www.dota2.com.cn/images/others/witch_doctor_big1.jpg","gjlxxj":"1","yxdwxj":"2|1","llsjsmz":"19","llsjsmhf":"0.03","mjsjhj":"1","mjsjgjsd":"1","zlsjmfz":"13","zlsjmfhf":"0.04","sjgjl":"1","pjsh":"56","gjsd":"113|119|147","gjms":"1.5","gjsh":"51-61","gjjl":"600|600|600","wlhj":"0","wlshkx":"4%","mfshkx":"25%","minitb":"http://www.dota2.com.cn/images/heroes/witch_doctor_icon.png"}],"videoList":[],"recommendList":[],"adapt_bkz_list":[{"id":83,"zwm":"剃刀","ywm":"Razor","jc":"电棍","xttx":"http://www.dota2.com.cn/images/heroes/razor_full.png","dttx":"http://www.dota2.com.cn/images/heroes/razor_vert.jpg","gjlx":"远程","yxlx":"敏捷","yxdw":"核心|耐久|爆发","zltb":"http://www.dota2.com.cn/images/info1301/tit_img01.gif","zljc":"19","zlsj":"1.8","mjtb":"http://www.dota2.com.cn/images/info1301/tit_img02.gif","mjjc":"22","mjsj":"2","lltb":"http://www.dota2.com.cn/images/info1301/tit_img03.gif","lljc":"21","llsj":"1.7","gjltb":"http://www.dota2.com.cn/images/info1301/tit_img06.gif","csgjl":"23-25","ydsdtb":"http://www.dota2.com.cn/images/info1301/tit_img05.gif","csydsd":"295","hjtb":"http://www.dota2.com.cn/images/info1301/tit_img04.gif","cshj":"2.08","yxbj":"闪电幽魂-剃刀，是永劫之墟中最有代表性的可怕力量。他鞭打着闪电巡回在狭窄迷宫中，这是一个区分死者灵魂的迷宫，他们要靠生前的智慧、精明和毅力来通过其中变化莫测的网络通道。剃刀飘浮于迷宫上方，俯视着那些迷茫不前的灵魂，用闪电鞭打他们赶快前进去决定他们的命运，朝向光明的出口或者黑暗的地狱。剃刀是支配力量的永恒化身，他使用力量时残忍而客观。但他贵族般的气势暗示了他对工作那讽刺的满足。","dj":"1|15|25","smz":"549|1001|1704","mfz":"247|575|1069","gjl":"45-47|72-75|113-115","hj":"3|9|16","syfw":"1800/800","gjfw":"475","ddsd":"2000","jdtj1":"http://www.dota2.com.cn/images/property/add/razor.jpg","jdms1":"这是目前比较主流的电魂加点，主等离子场让电魂GANK，刷线都有不错的效果。前期优先升满不稳定电流让电魂增加机动性和逃生能力。","jdtj2":"","jdms2":"","cmzb":"守护指环*1|树之祭祀*1|治疗药膏*1|铁树枝干*2","qqzb":"魔棒*1|天鹰之戒*1|速度之靴*1","hxzb":"魔杖*1|动力鞋*1|先锋盾*1","hqsz":"散夜对剑*1|黯灭*1|恐鳌之心*1|蝴蝶*1|阿哈利姆神杖*1","ljt":"http://www.dota2.com.cn/images/property/razor.gif","path":"razor","zymc":"夜魇","zytb":"http://www.dota2.com.cn/images/heropedia/dire.jpg","yxtp":"http://www.dota2.com.cn/images/others/razor_big1.jpg","gjlxxj":"1","yxdwxj":"1|1|1","llsjsmz":"19","llsjsmhf":"0.03","mjsjhj":"1","mjsjgjsd":"1","zlsjmfz":"13","zlsjmfhf":"0.04","sjgjl":"1","pjsh":"46","gjsd":"122|130|170","gjms":"1.39","gjsh":"45-47","gjjl":"475|475|475","wlhj":"2","wlshkx":"11%","mfshkx":"25%","minitb":"http://www.dota2.com.cn/images/heroes/razor_icon.png"},{"id":47,"zwm":"力丸","ywm":"Riki","jc":"隐刺","xttx":"http://www.dota2.com.cn/images/heroes/riki_full.png","dttx":"http://www.dota2.com.cn/images/heroes/riki_vert.jpg","gjlx":"近战","yxlx":"敏捷","yxdw":"核心|逃生","zltb":"http://www.dota2.com.cn/images/info1301/tit_img01.gif","zljc":"14","zlsj":"1.3","mjtb":"http://www.dota2.com.cn/images/info1301/tit_img02.gif","mjjc":"34","mjsj":"2.9","lltb":"http://www.dota2.com.cn/images/info1301/tit_img03.gif","lljc":"17","llsj":"2","gjltb":"http://www.dota2.com.cn/images/info1301/tit_img06.gif","csgjl":"14-18","ydsdtb":"http://www.dota2.com.cn/images/info1301/tit_img05.gif","csydsd":"300","hjtb":"http://www.dota2.com.cn/images/info1301/tit_img04.gif","cshj":"5.76","yxbj":"力丸是伟大的塔林王朝的二皇子。他有一个将会继承王位的兄长，还有一个受到百般照顾的弟弟，而作为二子的力丸，则似乎生来就是隐形人。他自己很注意培养这一项特殊才能，在一个晚上，国家被叛徒所颠覆，他的家人被屠杀，只有力丸因为隐身技能活了下来。矮小而敏捷的力丸用烟雾做掩护，无比谨慎的逃离了，他也是唯一逃脱的皇族。善于突袭的他杀出了皇家庭院，无声地切开一个又一个敌人的喉咙。不再背负皇室治国之责以后，力丸开始运用他的天赋以谋生，他成为了一名隐形刺客。现在他于无声中将敌人杀死，不断精进自己的技术，期望有一天可以能够手刃那些杀死他家人，夺走他国家的叛徒。","dj":"1|15|25","smz":"473|1005|1765","mfz":"182|419|848","gjl":"48-52|89-93|138-142","hj":"6|11|18","syfw":"1800/800","gjfw":"128","ddsd":"N/A","jdtj1":"http://www.dota2.com.cn/images/property/add/riki.jpg","jdms1":"隐形刺客的加点比较灵活，1级可以点闪烁也可以点雾，雾有沉默效果关键时刻可以用来保命。背刺前期可以只点1级也可以主升，主要依据形势而定。闪烁是优先加满的技能，做为一名刺客，这还是必须拥有的看家本领。至于大招的升级，其实可以在其他技能点满之后再升级2、3级大招。如果处于劣势可以优先考虑，毕竟缩短进入隐身的时间还是很有用的。","jdtj2":"","jdms2":"","cmzb":"树之祭祀*2|治疗药膏*1|敏捷便鞋*1|铁树枝干*3","qqzb":"魔棒*1|速度之靴*1|穷鬼盾*1","hxzb":"动力鞋*1|魔杖*1|净魂之刃*1","hqsz":"蝴蝶*1|弗拉迪米尔的祭品*1|黑皇杖*1|强袭胸甲*1|散夜对剑*1","ljt":"http://www.dota2.com.cn/images/property/riki.gif","path":"riki","zymc":"天辉","zytb":"http://www.dota2.com.cn/images/heropedia/radiant.jpg","yxtp":"http://www.dota2.com.cn/images/others/riki_big1.jpg","gjlxxj":"1","yxdwxj":"2|1","llsjsmz":"19","llsjsmhf":"0.03","mjsjhj":"1","mjsjgjsd":"1","zlsjmfz":"13","zlsjmfhf":"0.04","sjgjl":"1","pjsh":"50","gjsd":"134|146|204","gjms":"1.27","gjsh":"48-52","gjjl":"128|128|128","wlhj":"5","wlshkx":"25%","mfshkx":"25%","minitb":"http://www.dota2.com.cn/images/heroes/riki_icon.png"},{"id":102,"zwm":"卓尔游侠","ywm":"Drow Ranger","jc":"小黑、崔希丝","xttx":"http://www.dota2.com.cn/images/heroes/drow_ranger_full.png","dttx":"http://www.dota2.com.cn/images/heroes/drow_ranger_vert.jpg","gjlx":"远程","yxlx":"敏捷","yxdw":"核心","zltb":"http://www.dota2.com.cn/images/info1301/tit_img01.gif","zljc":"15","zlsj":"1.4","mjtb":"http://www.dota2.com.cn/images/info1301/tit_img02.gif","mjjc":"26","mjsj":"1.9","lltb":"http://www.dota2.com.cn/images/info1301/tit_img03.gif","lljc":"17","llsj":"1.9","gjltb":"http://www.dota2.com.cn/images/info1301/tit_img06.gif","csgjl":"18-29","ydsdtb":"http://www.dota2.com.cn/images/info1301/tit_img05.gif","csydsd":"300","hjtb":"http://www.dota2.com.cn/images/info1301/tit_img04.gif","cshj":"0.64","yxbj":"卓尔游侠名叫崔希丝，这个名字很适合矮小、有点像侏儒、令人生厌的卓尔人。但崔希丝并不是卓尔人。她的双亲在坐大篷车旅行时受到土匪的袭击，滥杀无辜的土匪激怒了附近爱好和平的卓尔人。战斗结束后，卓尔人发现了一个藏在马车残骸中的小女孩，他们一致同意不能让这个失去父母的孩子被抛弃。还是孩童时，崔希丝就展现出了她对那些卓尔人引以为傲的技术的天赋：隐秘、沉默、敏锐。如果不看身体，在精神上她就像一个被拐走后又回到自己真正家中的卓尔人孩童。但随着她的成长，她的个头比她的家人高了不少，她因此认为自己是个丑陋的卓尔人。即使她皮肤光滑且长的匀称，完全没有卓尔人的肉疣和粗糙的髯须。与收养她的部族疏远后，她独自居住在森林中。许多在森林中寻路的旅行者都说他们见过一个美丽得难以置信的游侠在树林深处凝视他们，而当他们试图接近时，她又消失的无影无踪。轻盈、隐秘的冷美人，她像无声的迷雾般移动。你听到的森林低语，其实是她命中敌人心脏的霜冻箭矢的破空之声。","dj":"1|15|25","smz":"473|978|1719","mfz":"195|450|892","gjl":"44-55|71-82|110-121","hj":"1|4|10","syfw":"1800/1700","gjfw":"625","ddsd":"1250","jdtj1":"http://www.dota2.com.cn/images/property/add/drow_ranger.jpg","jdms1":"卓尔游侠是一名敏捷型后期英雄，卓尔游侠的加点选择也非常多，这种是前期主加冰箭的，满级冰箭50%的减速效果还是非常恶心人的，也成为前期对线的一大利器。值得注意的就是前期务必要加一点沉默，往往在击杀或者被gank时有着意想不到的效果。","jdtj2":"","jdms2":"","cmzb":"治疗药膏*1|树之祭祀*1|敏捷便鞋*2|铁树枝干*2","qqzb":"速度之靴*1|魔棒*1|怨灵系带*2","hxzb":"魔杖*1|动力鞋*1|幻影斧*1","hqsz":"影刃*1|蝴蝶*1|代达罗斯之殇*1|黑皇杖*1|撒旦之邪力*1","ljt":"http://www.dota2.com.cn/images/property/drow_ranger.gif","path":"drow_ranger","zymc":"天辉","zytb":"http://www.dota2.com.cn/images/heropedia/radiant.jpg","yxtp":"http://www.dota2.com.cn/images/others/drow_ranger_big1.jpg","gjlxxj":"1","yxdwxj":"2","llsjsmz":"19","llsjsmhf":"0.03","mjsjhj":"1","mjsjgjsd":"1","zlsjmfz":"13","zlsjmfhf":"0.04","sjgjl":"1","pjsh":"49","gjsd":"126|134|172","gjms":"1.35","gjsh":"44-55","gjjl":"625|625|625","wlhj":"0","wlshkx":"3%","mfshkx":"25%","minitb":"http://www.dota2.com.cn/images/heroes/drow_ranger_icon.png"},{"id":4,"zwm":"钢背兽","ywm":"Bristleback","jc":"钢背，背背猪","xttx":"http://www.dota2.com.cn/images/heroes/bristleback_full.png","dttx":"http://www.dota2.com.cn/images/heroes/bristleback_vert.jpg","gjlx":"近战","yxlx":"力量","yxdw":"耐久|先手|控制","zltb":"http://www.dota2.com.cn/images/info1301/tit_img01.gif","zljc":"14","zlsj":"2.80","mjtb":"http://www.dota2.com.cn/images/info1301/tit_img02.gif","mjjc":"17","mjsj":"1.80","lltb":"http://www.dota2.com.cn/images/info1301/tit_img03.gif","lljc":"22","llsj":"2.20","gjltb":"http://www.dota2.com.cn/images/info1301/tit_img06.gif","csgjl":"26-36","ydsdtb":"http://www.dota2.com.cn/images/info1301/tit_img05.gif","csydsd":"290","hjtb":"http://www.dota2.com.cn/images/info1301/tit_img04.gif","cshj":"3.38","yxbj":"瑞格沃在打架时从不以背示人，他因与众多强大烦人的拳手进行的正面交锋为人称道。醉酒的人群给他冠以“刚背大师”的美名，他曾徒步从斯洛姆王国前往厄泽王庭，沿途经过的所有酒馆他都插手了后院发生的斗殴。为了少许的酒钱，刚背兽帮酒馆收集账单，维护秩序，偶尔还能折断一两条腿，如果不走运的吐丝家伙碰到了他那就是五条。在一晚痛快的干架中，钢背兽终于遇到了自己的对手，他眼看着酒馆的常客和老板身上都受了不少伤。“先生，你那长牙让我不爽。”他对着一个来自北方荒原体型巨大的家伙醉醺醺地哼道。接下来就是场世纪大战。十多个斗士一拥而上。凳子无一幸免，最后不可思议的发生了：账单没付。数月过去，钢背兽的伤口愈合了，他的刺针也长回来了；但是执法者的名誉受损非常棘手。他自己拿钱付了账单，发誓要去追寻这个北方人，让他加倍偿还。然后他做了件之前从没做过的事——实际上他训练过，在训练中他对自己有了惊人的发现。他折了折自己的刺针后，嘴角扬起了一丝微笑。在战斗中背部迎人或许正好合适。","dj":"1|15|25","smz":"568|1153|1951","mfz":"182|692|1316","gjl":"48-58|79-89|121-131","hj":"3|7|12","syfw":"1800/800","gjfw":"128","ddsd":"900","jdtj1":"http://www.dota2.com.cn/images/property/add/bristleback.jpg","jdms1":"本套加点，总的思路是主加刺针扫射来提高AOE输出能力。1级选择粘稠鼻液的理由是可以配合队友和兵线进行线上压制。等到拥有2级刺针扫射的时候，一般就可以适当利用来补兵和消耗对手了，但应注意控制魔法消耗。接下来，由于升级粘稠鼻液的效果提升不是非常明显，建议加满钢毛后背来提升带线中的反杀能力以及团战中的肉盾能力。最后，大招战意提供的加成非常关键，有大点大成为钢背兽的必然选择。","jdtj2":null,"jdms2":null,"cmzb":"治疗药膏*1|树之祭祀*1|净化药水*1|铁树枝干*1|圆盾*1","qqzb":"速度之靴*1|治疗指环*1|王者之戒*1|魔杖*1","hxzb":"动力鞋*1|先锋盾*1|回城卷轴*1","hqsz":"刃甲*1|赤红甲*1|天堂之戟*1|强袭胸甲*1|洞察烟斗*1|希瓦的守护*1|恐鳌之心*1|辉耀*1|阿托斯之棍*1|玲珑心*1|清莲宝珠*1|炎阳纹章*1|银月之晶*1","ljt":"http://www.dota2.com.cn/images/property/bristleback.gif","path":"bristleback","zymc":"天辉","zytb":"http://www.dota2.com.cn/images/heropedia/radiant.jpg","yxtp":"http://www.dota2.com.cn/images/others/bristleback_big1.jpg","gjlxxj":"1","yxdwxj":"3|1|1","llsjsmz":"19","llsjsmhf":"0.03","mjsjhj":"1","mjsjgjsd":"1","zlsjmfz":"13","zlsjmfhf":"0.04","sjgjl":"1","pjsh":"57","gjsd":"117|124|160","gjms":"1.45","gjsh":"48-58","gjjl":"128|128|128","wlhj":"3","wlshkx":"16%","mfshkx":"25%","minitb":"http://www.dota2.com.cn/images/heroes/bristleback_icon.png"},{"id":40,"zwm":"克林克兹","ywm":"clinkz","jc":"骨弓","xttx":"http://www.dota2.com.cn/images/heroes/clinkz_full.png","dttx":"http://www.dota2.com.cn/images/heroes/clinkz_vert.jpg","gjlx":"远程","yxlx":"敏捷","yxdw":"辅助|爆发|先手|推进","zltb":"http://www.dota2.com.cn/images/info1301/tit_img01.gif","zljc":"16","zlsj":"1.55","mjtb":"http://www.dota2.com.cn/images/info1301/tit_img02.gif","mjjc":"22","mjsj":"3","lltb":"http://www.dota2.com.cn/images/info1301/tit_img03.gif","lljc":"15","llsj":"1.6","gjltb":"http://www.dota2.com.cn/images/info1301/tit_img06.gif","csgjl":"15-21","ydsdtb":"http://www.dota2.com.cn/images/info1301/tit_img05.gif","csydsd":"300","hjtb":"http://www.dota2.com.cn/images/info1301/tit_img04.gif","cshj":"2.08","yxbj":"在流血丘陵的底部，蔓延着一片庞大的森林——霍文林地，在那里，有着数个幽暗的湖泊，汇集着丘陵上渗透下来的死血。萨瑟雷克斯，王之魔法师，用他的仁慈统治着这片土地。他手下最为忠心的，霍文林地的誓约守护者，克林克兹，是一名技艺精湛的弓箭手。在王之魔法师统治的第三百年，来自第六狱的恶魔莫拉格斯出现了，声称要占领这片森林。作为反击，王之魔法师降下了一个牢不可破的咒语：任何打败恶魔的人，都能获得无尽的生命。克林克兹在对咒语一无所知的情况下，毅然加入到了对莫拉格斯的战斗中，保护他的土地免遭恶魔的屠戮。逐渐的，克林克兹将莫拉格斯驱逐到了第六狱的传送门前，在那里与其进行了殊死的决斗。双双重伤的情况下，恶魔竭尽生命之力放出了地狱之火，而克林克兹也射出了自己的最后一箭。在箭矢射中恶魔并将其杀死的同时，地狱之火也在大地上蔓延开来，眼看克林克兹就要被活活烧死。然而，就在弓箭手燃烧的时候，王之魔法师的咒语生效了，让他以这种邪恶的形态活了下来。现在，克林克兹肉体已失，生命被禁锢在死亡的契约之中，只留下灼热的骷髅和无尽的怒气。他永不停止的呼吸中，充斥着地狱的灼热。","dj":"1|15|25","smz":"435|861|1545","mfz":"208|490|952","gjl":"37-43|79-85|129-135","hj":"2|8|15","syfw":"1800/800","gjfw":"630","ddsd":"900","jdtj1":"http://www.dota2.com.cn/images/property/add/clinkz.jpg","jdms1":"骷髅射手是一名敏捷型中后期英雄，骷髅射手的加点没有太多变化，前期主火箭，线上压人加补刀，自带的50点攻击力还是很客观的。前期扫射只点一级就足够了，今早的将疾风步升高，提高自身机动性。杀人，或者团战时，记住提前吃个野怪增加血量和攻击力。","jdtj2":null,"jdms2":null,"cmzb":"治疗药膏*1|树之祭祀*1|敏捷便鞋*1|铁树枝干*3|","qqzb":"速度之靴*1|天鹰之戒*1|魔杖*1|空明杖*1","hxzb":"动力鞋*1|紫怨*1|金箍棒*1|","hqsz":"代达罗斯之殇*1|蝴蝶*1|斯嘉蒂之眼*1|邪恶镰刀*1|黑皇杖*1|","ljt":"http://www.dota2.com.cn/images/property/clinkz.gif","path":"clinkz","zymc":"夜魇","zytb":"http://www.dota2.com.cn/images/heropedia/dire.jpg","yxtp":"http://www.dota2.com.cn/images/others/clinkz_big1.jpg","gjlxxj":"1","yxdwxj":"2|2","llsjsmz":"19","llsjsmhf":"0.03","mjsjhj":"1","mjsjgjsd":"1","zlsjmfz":"13","zlsjmfhf":"0.04","sjgjl":"1","pjsh":"40","gjsd":"122|134|194","gjms":"1.39","gjsh":"37-43","gjjl":"630|630|630","wlhj":"2","wlshkx":"11%","mfshkx":"25%","minitb":"http://www.dota2.com.cn/images/heroes/clinkz_icon.png"},{"id":92,"zwm":"熊战士","ywm":"Ursa","jc":"拍拍熊","xttx":"http://www.dota2.com.cn/images/heroes/ursa_full.png","dttx":"http://www.dota2.com.cn/images/heroes/ursa_vert.jpg","gjlx":"近战","yxlx":"敏捷","yxdw":"核心|打野|耐久","zltb":"http://www.dota2.com.cn/images/info1301/tit_img01.gif","zljc":"16","zlsj":"1.5","mjtb":"http://www.dota2.com.cn/images/info1301/tit_img02.gif","mjjc":"18","mjsj":"2.1","lltb":"http://www.dota2.com.cn/images/info1301/tit_img03.gif","lljc":"23","llsj":"2.7","gjltb":"http://www.dota2.com.cn/images/info1301/tit_img06.gif","csgjl":"27-31","ydsdtb":"http://www.dota2.com.cn/images/info1301/tit_img05.gif","csydsd":"310","hjtb":"http://www.dota2.com.cn/images/info1301/tit_img04.gif","cshj":"5.52","yxbj":"战士乌尔萨是熊怪部落最强大的一员，保护着他的家园和人民。在漫长的冬季，当女性族人在睡觉和照料后代时，男性则外出巡逻，他们不知疲倦、保持警惕，按自古以来的传统守卫着部落。乌尔萨听见一些模糊但在增加的传言说有一股邪恶势力正在扩散，他便跑出了这个野性部族的边界线，希望追踪到这个邪恶势力并在它能危害到他的人民之前，就将其在源头摧毁。自豪的乌尔萨有着光明且强大的灵魂，他是个绝对值得信任的忠实战友和守卫者。","dj":"1|15|25","smz":"587|1305|2198","mfz":"208|481|936","gjl":"45-49|74-78|115-119","hj":"6|10|15","syfw":"1800/800","gjfw":"128","ddsd":"N/A","jdtj1":"http://www.dota2.com.cn/images/property/add/ursa.jpg","jdms1":"熊战士真没有什么非主流加点，前期唯一的加点出入可能就是在学震撼大地的等级上，有人喜欢后面补，有人喜欢前期学。主要还是根据个人习惯，以及阵容搭配，在控制多的情况下，熊战士可以晚点学习震撼大地。","jdtj2":null,"jdms2":null,"cmzb":"树之祭祀*2|治疗药膏*1|铁树枝干*1|圆盾*1","qqzb":"速度之靴*1|魔棒*1|王者之戒*1","hxzb":"相位鞋*1|魔杖*1|弗拉迪米尔的祭品*1|闪烁匕首*1","hqsz":"蝴蝶*1|黯灭*1|强袭胸甲*1|金箍棒*1|代达罗斯之殇*1|恐鳌之心*1","ljt":"http://www.dota2.com.cn/images/property/ursa.gif","path":"ursa","zymc":"天辉","zytb":"http://www.dota2.com.cn/images/heropedia/radiant.jpg","yxtp":"http://www.dota2.com.cn/images/others/ursa_big1.jpg","gjlxxj":"1","yxdwxj":"2|2|1","llsjsmz":"19","llsjsmhf":"0.03","mjsjhj":"1","mjsjgjsd":"1","zlsjmfz":"13","zlsjmfhf":"0.04","sjgjl":"1","pjsh":"47","gjsd":"118|126|168","gjms":"1.44","gjsh":"45-49","gjjl":"128|128|128","wlhj":"5","wlshkx":"24%","mfshkx":"25%","minitb":"http://www.dota2.com.cn/images/heroes/ursa_icon.png"},{"id":36,"zwm":"狙击手","ywm":"Sniper","jc":"火枪，传说哥","xttx":"http://www.dota2.com.cn/images/heroes/sniper_full.png","dttx":"http://www.dota2.com.cn/images/heroes/sniper_vert.jpg","gjlx":"远程","yxlx":"敏捷","yxdw":"核心","zltb":"http://www.dota2.com.cn/images/info1301/tit_img01.gif","zljc":"15","zlsj":"2.6","mjtb":"http://www.dota2.com.cn/images/info1301/tit_img02.gif","mjjc":"21","mjsj":"2.5","lltb":"http://www.dota2.com.cn/images/info1301/tit_img03.gif","lljc":"16","llsj":"1.7","gjltb":"http://www.dota2.com.cn/images/info1301/tit_img06.gif","csgjl":"15-21","ydsdtb":"http://www.dota2.com.cn/images/info1301/tit_img05.gif","csydsd":"290","hjtb":"http://www.dota2.com.cn/images/info1301/tit_img04.gif","cshj":"1.94","yxbj":"卡德尔·鹰眼出生在诺伦山脉的山谷中，这里的住民从太古以来就靠猎杀居住在村庄上方悬崖上的一种奇怪生物为生，他们从远距离杀死这种叫峭壁潜行兽的生物，然后收集他们掉下来的尸体。鹰眼是这些怪异住民中其中最棒的射手之一，对他来说，枪械是他身体的一部分，射击就和触摸一样自然。在征召之日，他即将在村庄中获得完全的地位时，他经历了古老的考验：从谷底一击射下一头悬崖上的潜行兽。打空则是耻辱。在全体村民的注视下，鹰眼射击了。一头潜行兽掉下来了；人群欢呼了。但当尸体被收起时，整个村子都沉默了，长老发现子弹穿过了潜行兽中间的眼睛后，紧紧的卡在了它的下颚骨中。这个凶兆正是黑暗预言的开端所描述的，按预言中所说，射出这发子弹的枪手将成为伟大的人，但也将被流放。狙击手鹰眼因此离开了他的人民，被他自己的技术所诅咒，在剩下的预言实现前不得回来，他必须成为战场上的传说。","dj":"1|15|25","smz":"454|906|1609","mfz":"195|668|1266","gjl":"36-42|77-83|126-132","hj":"2|8|14","syfw":"1800/1000","gjfw":"550","ddsd":"3000","jdtj1":"http://www.dota2.com.cn/images/property/add/sniper.jpg","jdms1":"狙击手的加点主要有两种，主加散弹和不加散弹，这套加点是主加散弹和射程，散弹的范围伤害很高，并有减速效果还能对塔造成伤害，性价比还是很不错的。","jdtj2":null,"jdms2":null,"cmzb":"树之祭祀*1|净化药水*1|敏捷便鞋*2|铁树枝干*2","qqzb":"速度之靴*1|怨灵系带*1","hxzb":"魔杖*1|动力鞋*1|影刃*1","hqsz":"幻影斧*1|黯灭*1|蝴蝶*1|雷神之锤*1|斯嘉蒂之眼*1|撒旦之邪力*1","ljt":"http://www.dota2.com.cn/images/property/sniper.gif","path":"sniper","zymc":"天辉","zytb":"http://www.dota2.com.cn/images/heropedia/radiant.jpg","yxtp":"http://www.dota2.com.cn/images/others/sniper_big1.jpg","gjlxxj":"1","yxdwxj":"2","llsjsmz":"19","llsjsmhf":"0.03","mjsjhj":"1","mjsjgjsd":"1","zlsjmfz":"13","zlsjmfhf":"0.04","sjgjl":"1","pjsh":"39","gjsd":"121|133|191","gjms":"1.4","gjsh":"36-42","gjjl":"550|550|550","wlhj":"1","wlshkx":"10%","mfshkx":"25%","minitb":"http://www.dota2.com.cn/images/heroes/sniper_icon.png"},{"id":94,"zwm":"虚空假面","ywm":"FacelessVoid","jc":"虚空","xttx":"http://www.dota2.com.cn/images/heroes/faceless_void_full.png","dttx":"http://www.dota2.com.cn/images/heroes/faceless_void_vert.jpg","gjlx":"近战","yxlx":"敏捷","yxdw":"核心|先手|控制|逃生","zltb":"http://www.dota2.com.cn/images/info1301/tit_img01.gif","zljc":"15","zlsj":"1.5","mjtb":"http://www.dota2.com.cn/images/info1301/tit_img02.gif","mjjc":"21","mjsj":"2.65","lltb":"http://www.dota2.com.cn/images/info1301/tit_img03.gif","lljc":"23","llsj":"1.6","gjltb":"http://www.dota2.com.cn/images/info1301/tit_img06.gif","csgjl":"37-43","ydsdtb":"http://www.dota2.com.cn/images/info1301/tit_img05.gif","csydsd":"300","hjtb":"http://www.dota2.com.cn/images/info1301/tit_img04.gif","cshj":"3.94","yxbj":"暗惧者虚空假面是来自超维视界的一名访客，一个时间之外的境域。这个来自其他维度的存在，坚信为复仇之石的争斗值得它降临我们物质位面的原因，依然是个迷，但显然它对这个世界平衡力扰乱的后果已经反映到了相邻的维度。时间对暗惧者毫无意义，除了作为一种阻挠敌人并帮助盟友的手段。它那长远的宇宙视角赐予它悠久却不相关的特技，但没关系，在战场上它完全能随心施展这些能力。","dj":"1|15|25","smz":"587|1013|1697","mfz":"195|468|923","gjl":"58-64|95-101|142-148","hj":"4|9|16","syfw":"1800/800","gjfw":"128","ddsd":"N/A","jdtj1":"http://www.dota2.com.cn/images/property/add/faceless_void.jpg","jdms1":"虚空假面是Dota2中最富有传奇色彩的英雄，从dota1中开始谁是Dota中第一大后期的讨论就没停过。但是无论什么版本，虚空大后期的地位还是没有质疑的。人品无敌的虚空不是任何英雄可以抵抗的。前期时间漫游的等级不需要升的太高，一般两级就够用了。线上压力较大就主回到过去，否则就主时间锁定。","jdtj2":"","jdms2":"","cmzb":"压制之刃*1|树之祭祀*1|治疗药膏*1|敏捷便鞋*1","qqzb":"魔棒*1|速度之靴*1|吸血面具*1","hxzb":"魔杖*1|动力鞋*1|疯狂面具*1","hqsz":"蝴蝶*1|黯灭*1|强袭胸甲*1|金箍棒*1|代达罗斯之殇*1|阿哈利姆神杖*1","ljt":"http://www.dota2.com.cn/images/property/faceless_void.gif","path":"faceless_void","zymc":"夜魇","zytb":"http://www.dota2.com.cn/images/heropedia/dire.jpg","yxtp":"http://www.dota2.com.cn/images/others/faceless_void_big1.jpg","gjlxxj":"1","yxdwxj":"3|2|1|1","llsjsmz":"19","llsjsmhf":"0.03","mjsjhj":"1","mjsjgjsd":"1","zlsjmfz":"13","zlsjmfhf":"0.04","sjgjl":"1","pjsh":"61","gjsd":"121|132|185","gjms":"1.4","gjsh":"48-64","gjjl":"128|128|128","wlhj":"3","wlshkx":"19%","mfshkx":"25%","minitb":"http://www.dota2.com.cn/images/heroes/faceless_void_icon.png"}],"honorList":[],"adapt_zd_list":[{"id":77,"zwm":"水晶室女","ywm":"Crystal Maiden","jc":"冰女","xttx":"http://www.dota2.com.cn/images/heroes/crystal_maiden_full.png","dttx":"http://www.dota2.com.cn/images/heroes/crystal_maiden_vert.jpg","gjlx":"远程","yxlx":"智力","yxdw":"辅助|控制|爆发|对线辅助","zltb":"http://www.dota2.com.cn/images/info1301/tit_img01.gif","zljc":"16","zlsj":"2.9","mjtb":"http://www.dota2.com.cn/images/info1301/tit_img02.gif","mjjc":"16","mjsj":"1.6","lltb":"http://www.dota2.com.cn/images/info1301/tit_img03.gif","lljc":"16","llsj":"1.7","gjltb":"http://www.dota2.com.cn/images/info1301/tit_img06.gif","csgjl":"19-25","ydsdtb":"http://www.dota2.com.cn/images/info1301/tit_img05.gif","csydsd":"280","hjtb":"http://www.dota2.com.cn/images/info1301/tit_img04.gif","cshj":"1.24","yxbj":"水晶室女莉莱出生在一个气候温和的地区，与性子火爆的姐姐莉娜一起长大，她很快就发现她天生对冰元素的吸引力给周围所有人制造了麻烦。只要她在附近坐下休息，井水和山泉瞬间就会被冻住；成熟的庄稼被寒霜冻伤，果园变成了冰的迷宫，然后垮塌损毁。当他们无奈的父母把莉娜送到南方后，又把莉莱流放到了寒冷北方的冰川残骸，一个隐居在蓝心冰川顶峰的寒冰巫师收留了她。经过长期的学习后，巫师认为莉莱已经能够独立的修习冰冻魔法了，于是他便降入冰川内开始千年的冬眠。从那以后，莉莱的冰冻法术变的愈发精湛，而现在，她的魔法已无可匹敌。","dj":"1|15|25","smz":"454|906|1609","mfz":"208|736|1343","gjl":"35-41|76-82|125-131","hj":"1|4|9","syfw":"1800/800","gjfw":"600","ddsd":"900","jdtj1":"http://www.dota2.com.cn/images/property/add/crystal_maiden.jpg","jdms1":"上来先加冰霜新星有利于帮助队友拿1血，然后加个冰封禁制，有了控制以防不备之需，然后就是奥术光环，冰女的灵魂技能，无论何种加点方式7级时满光环是优秀的辅助冰女不二选择。冰封禁制、冰霜新星：两个限制技能各有千秋，前者偏控制，后者偏限制。无论版本如何改动还是改变不了冰女打辅助为主的命，具体哪个技能第二优先点满看阵容及场上形势决定。前期两者各升一级是必须的。","jdtj2":null,"jdms2":null,"cmzb":"树之祭祀*1|治疗药膏*1|净化药水*1|力量手套*1|动物信使*1|铁树枝干*1","qqzb":"魔棒*1|速度之靴*1|护腕*1|护腕*1","hxzb":"魔杖*1|静谧之鞋*1|韧鼓*1|侦查守卫*1","hqsz":"Eul的神圣法杖*1|幽魂权杖*1|邪恶镰刀*1|阿哈利姆神杖*1|希瓦的守护*1|影刃*1","ljt":"http://www.dota2.com.cn/images/property/crystal_maiden.gif","path":"crystal_maiden","zymc":"天辉","zytb":"http://www.dota2.com.cn/images/heropedia/radiant.jpg","yxtp":"http://www.dota2.com.cn/images/others/crystal_maiden_big1.jpg","gjlxxj":"1","yxdwxj":"3|2|2|1","llsjsmz":"19","llsjsmhf":"0.03","mjsjhj":"1","mjsjgjsd":"1","zlsjmfz":"13","zlsjmfhf":"0.04","sjgjl":"1","pjsh":"41","gjsd":"116|122|154","gjms":"1.47","gjsh":"38-44","gjjl":"600|600|600","wlhj":"1","wlshkx":"6%","mfshkx":"25%","minitb":"http://www.dota2.com.cn/images/heroes/crystal_maiden_icon.png"},{"id":34,"zwm":"杰奇洛","ywm":"Jakiro","jc":"双头龙","xttx":"http://www.dota2.com.cn/images/heroes/jakiro_full.png","dttx":"http://www.dota2.com.cn/images/heroes/jakiro_vert.jpg","gjlx":"远程","yxlx":"智力","yxdw":"爆发|推进|对线辅助|控制","zltb":"http://www.dota2.com.cn/images/info1301/tit_img01.gif","zljc":"28","zlsj":"2.8","mjtb":"http://www.dota2.com.cn/images/info1301/tit_img02.gif","mjjc":"10","mjsj":"1.2","lltb":"http://www.dota2.com.cn/images/info1301/tit_img03.gif","lljc":"25","llsj":"2.3","gjltb":"http://www.dota2.com.cn/images/info1301/tit_img06.gif","csgjl":"18-26","ydsdtb":"http://www.dota2.com.cn/images/info1301/tit_img05.gif","csydsd":"290","hjtb":"http://www.dota2.com.cn/images/info1301/tit_img04.gif","cshj":"2.4","yxbj":"即使是在那些奇怪的魔法生物中，双头龙也算是一头怪物。同时拥有着冰火之力，狡黠且狂猛，被称为杰奇洛的双头龙在战场上空肆意的灼烧大地，冰封敌人，将胆敢和它对抗的任何事物变成废墟。灼霜龙族的窝中从来都是有两只幼龙。与生俱来的凶残使它们闻名于世，这一种族中，新孵化的幼龙在出生伊始就会努力的杀死自己的兄弟姐妹。强者生存。这就是灼霜龙族维系其强大力量的办法。在一次意外中，怪胎杰奇洛从一个龙蛋里孵化出来了，在这一头幼龙的身体里有着灼霜龙族所有的力量。在它那厚重的龙鳞内，蕴含着冰火之力，在这样的力量面前，随时可能丧命。","dj":"1|15|25","smz":"606|1218|2035","mfz":"364|874|1438","gjl":"46-54|85-93|133-141","hj":"2|5|9","syfw":"1800/800","gjfw":"400","ddsd":"1100","jdtj1":"http://www.dota2.com.cn/images/property/add/jakiro.jpg","jdms1":"这种复古的打法在双头龙的冰封路径重做之后成为了当下最为凶猛的加点，大范围AOE加控制型的双头龙又回来了。鉴于强大的新版冰封路径，我们完全可以把那个被动液态火放到最后去加。","jdtj2":null,"jdms2":null,"cmzb":"动物信使*1|树之祭祀*1|治疗药膏*1|净化药水*1|铁树枝干*3","qqzb":"速度之靴*1|魔棒*1|王者之戒*1","hxzb":"魔杖*1|梅肯斯姆*1|奥术鞋*1|侦查守卫*1","hqsz":"纷争面纱*1|希瓦的守护*1|邪恶镰刀*1|洞察烟斗*1|Eul的神圣法杖*1|阿哈利姆神杖*1","ljt":"http://www.dota2.com.cn/images/property/jakiro.gif","path":"jakiro","zymc":"天辉","zytb":"http://www.dota2.com.cn/images/heropedia/radiant.jpg","yxtp":"http://www.dota2.com.cn/images/others/jakiro_big1.jpg","gjlxxj":"1","yxdwxj":"2|2|2|1","llsjsmz":"19","llsjsmhf":"0.03","mjsjhj":"1","mjsjgjsd":"1","zlsjmfz":"13","zlsjmfhf":"0.04","sjgjl":"1","pjsh":"50","gjsd":"110|115|139","gjms":"1.55","gjsh":"46-54","gjjl":"400|400|400","wlhj":"2","wlshkx":"12%","mfshkx":"25%","minitb":"http://www.dota2.com.cn/images/heroes/jakiro_icon.png"},{"id":52,"zwm":"娜迦海妖","ywm":"Naga Siren","jc":"小娜迦","xttx":"http://www.dota2.com.cn/images/heroes/naga_siren_full.png","dttx":"http://www.dota2.com.cn/images/heroes/naga_siren_vert.jpg","gjlx":"近战","yxlx":"敏捷","yxdw":"核心|控制|推进|逃生","zltb":"http://www.dota2.com.cn/images/info1301/tit_img01.gif","zljc":"18","zlsj":"1.95","mjtb":"http://www.dota2.com.cn/images/info1301/tit_img02.gif","mjjc":"21","mjsj":"2.75","lltb":"http://www.dota2.com.cn/images/info1301/tit_img03.gif","lljc":"21","llsj":"2.3","gjltb":"http://www.dota2.com.cn/images/info1301/tit_img06.gif","csgjl":"23-25","ydsdtb":"http://www.dota2.com.cn/images/info1301/tit_img05.gif","csydsd":"320","hjtb":"http://www.dota2.com.cn/images/info1301/tit_img04.gif","cshj":"5.94","yxbj":"在鱼人卫士团的誓言中，有一句誓词最广为流传：鱼人不能失败。事实上，这句话既是誓词，又是命令，所有失败的人都已经被放逐。鱼人族内不容败者。司里希丝曾经是她族群内最受尊敬的战士，多年来她一直指挥着一支军队，她最强力的武器就是她那让人畏惧的声音。强大，婉转，难以捉摸，她一直用她这一致命武器守卫着深海住民以及沉没之城中的财富。然而在克雷之役的最后一战中，在面对一帮想给他们的深渊之神献上财宝的狂热深海巨怪时，她的军队节节败退。在他们将敌人猛烈的攻击抵御下以后，开始清理战场，却发现宝藏中的镶嵌着珠宝的圣杯不见了。她的百人队中只有寥寥数人活了下来，然而同胞们的勇敢和牺牲却无关紧要了。重要的是他们的珍宝被拿走了。他们的荣誉被毁掉了。娜迦海妖被驱逐了，她被放逐去寻回失窃的圣杯。不管她能够做出多少倍的补偿，她也注定不会被原谅，除非她带回了失窃的宝藏。她所失去的荣誉，千金难抵。","dj":"1|15|25","smz":"549|1161|1978","mfz":"234|589|1102","gjl":"44-46|83-85|130-132","hj":"6|11|18","syfw":"1800/800","gjfw":"128","ddsd":"N/A","jdtj1":"http://www.dota2.com.cn/images/property/add/naga_siren.jpg","jdms1":"激流自从变成幻象也可以释放之后就成为了娜迦海妖的主加技能，当然特定情况下也有主加网或者分身的。前期幻象承受伤害过多，所以在装备没有累积之前，分身带来的增益效果不大。主激流也利于娜迦前期混线补刀拿人头。娜迦的网是无视BKB的，被网住的单位没法闪烁走，这点至关重要。","jdtj2":"","jdms2":"","cmzb":"树之祭祀*2|治疗药膏*1|敏捷便鞋*1|铁树枝干*3","qqzb":"魔棒*1|速度之靴*1|穷鬼盾*1","hxzb":"奥术鞋*1|魔杖*1|梅肯斯姆*1|","hqsz":"恐鳌之心*1|天堂之戟*1|幻影斧*1|净魂之刃*1|蝴蝶*1|","ljt":"http://www.dota2.com.cn/images/property/naga_siren.gif","path":"naga_siren","zymc":"夜魇","zytb":"http://www.dota2.com.cn/images/heropedia/dire.jpg","yxtp":"http://www.dota2.com.cn/images/others/naga_siren_big1.jpg","gjlxxj":"1","yxdwxj":"2|2|1|1","llsjsmz":"19","llsjsmhf":"0.03","mjsjhj":"1","mjsjgjsd":"1","zlsjmfz":"13","zlsjmfhf":"0.04","sjgjl":"1","pjsh":"45","gjsd":"121|132|187","gjms":"1.4","gjsh":"44-46","gjjl":"128|128|128","wlhj":"5","wlshkx":"26%","mfshkx":"25%","minitb":"http://www.dota2.com.cn/images/heroes/naga_siren_icon.png"}],"hqszList":[{"goods":{"id":59,"bigtype":"升级物品","type":"普通","wpmc":"远行鞋","wppz":"2","wptp":"http://www.dota2.com.cn/images/items/travel_boots_lg.png","jgtb":"http://www.dota2.com.cn/images/info1301/tit_img07.gif","jg":"2450","wpjs":"足生双翼，上天入地。","wpzyms":"多双鞋子的移动速度提升效果不会叠加","wpsyff":"主动：传送 - 将你传送到一个友方建筑或非英雄单位身边。","wpxg":"+ <span class=\"color_yellow\">100</span> 移动速度","lqsjtb":"http://www.dota2.com.cn/images/info1301/ico2.gif","lqsj":"50","mfxhtb":"http://www.dota2.com.cn/images/info1301/ico1.gif","mfxh":"75","qzwptb":null,"wpzyms2":"与回城卷轴共享冷却时间。","item_en":"travel_boots"},"count":1},{"goods":{"id":73,"bigtype":"升级物品","type":"法器","wpmc":"死灵书","wppz":"3","wptp":"http://www.dota2.com.cn/images/items/necronomicon_lg.png","jgtb":"http://www.dota2.com.cn/images/info1301/tit_img07.gif","jg":"2700","wpjs":"借助圣杯上关于亡灵和恶魔的记载，将强大的邪恶力量封印在书内。","wpzyms":"","wpsyff":"主动：召唤死灵 - 召唤一个死灵战士和死灵射手为你作战。它们的力量和技能随死灵书等级提升而提升。持续40秒。","wpxg":"+ <span class=\"color_yellow\">15</span>/21/24智力<br/>+ <span class=\"color_yellow\">8</span>/12/16力量","lqsjtb":"http://www.dota2.com.cn/images/info1301/ico2.gif","lqsj":"95","mfxhtb":"http://www.dota2.com.cn/images/info1301/ico1.gif","mfxh":"50","qzwptb":null,"wpzyms2":"死亡战士和射手的生命值为700/800/900点。","item_en":"necronomicon"},"count":1},{"goods":{"id":101,"bigtype":"升级物品","type":"防具","wpmc":"血精石","wppz":"4","wptp":"http://www.dota2.com.cn/images/items/bloodstone_lg.png","jgtb":"http://www.dota2.com.cn/images/info1301/tit_img07.gif","jg":"4900","wpjs":"血精石鲜红的色彩在战场上绝对不会被看错，拥有者似乎有无限的生命力和精力。","wpzyms":"被动：血之契约 - 具有8点初始能量。1675范围内有敌方英雄死亡时获得1点能量。每点能量给予1点/秒的魔法回复，死亡时减少3秒重生时间。当持有者死亡时，回复周围1675范围内的友军单位500+30×能量点数的生命值，并失去1/3的能量。","wpsyff":"主动：绝地自尽 - 立刻原地自杀。","wpxg":"+ <span class=\"color_yellow\">500</span> 生命值<br/>+ <span class=\"color_yellow\">400</span> 魔法值<br/>+ <span class=\"color_yellow\">9</span> 生命恢复速率<br/>+ <span class=\"color_yellow\">200%</span> 魔法恢复","lqsjtb":"http://www.dota2.com.cn/images/info1301/ico2.gif","lqsj":"300","mfxhtb":"","mfxh":"","qzwptb":null,"wpzyms2":"如果英雄身上有多个血精石，只有第一个会获得点数。","item_en":"bloodstone"},"count":1},{"goods":{"id":81,"bigtype":"升级物品","type":"法器","wpmc":"邪恶镰刀","wppz":"3","wptp":"http://www.dota2.com.cn/images/items/sheepstick_lg.png","jgtb":"http://www.dota2.com.cn/images/info1301/tit_img07.gif","jg":"5675","wpjs":"Vyse教徒最为宝贵的圣物，法师们最为垂涎的武器。","wpzyms":"","wpsyff":"主动：妖术-将一个单位变成无害的小动物，持续3.5秒。消灭幻象。","wpxg":"+ <span class=\"color_yellow\">10</span> 力量<br/>+ <span class=\"color_yellow\">10</span> 敏捷<br/>+ <span class=\"color_yellow\">35</span> 智力<br/>+ <span class=\"color_yellow\">150%</span> 魔法恢复","lqsjtb":"http://www.dota2.com.cn/images/info1301/ico2.gif","lqsj":"30","mfxhtb":"http://www.dota2.com.cn/images/info1301/ico1.gif","mfxh":"100","qzwptb":null,"wpzyms2":"立刻杀死幻象。<br>目标的基础移动速度为100，但是如果目标有满速状态则移速不受影响。<br>妖术将使伤害格挡和闪避无效。","item_en":"sheepstick"},"count":1},{"goods":{"id":99,"bigtype":"升级物品","type":"防具","wpmc":"希瓦的守护","wppz":"4","wptp":"http://www.dota2.com.cn/images/items/shivas_guard_lg.png","jgtb":"http://www.dota2.com.cn/images/info1301/tit_img07.gif","jg":"4700","wpjs":"据说曾经属于某位女神，至今仍保持大部分神力。","wpzyms":"多个霜冷光坏的效果无法叠加。","wpsyff":"主动：极寒冲击 - 发出一道寒冷的波动，对敌人造成200伤害并减速-40%持续4.0秒。<br>被动：霜冷光环 - 降低敌人攻击速度。","wpxg":"+ <span class=\"color_yellow\">30</span> 智力<br/>+ <span class=\"color_yellow\">15</span> 护甲<br/>光环攻速降低：<span class=\"color_yellow\">40</span>","lqsjtb":"http://www.dota2.com.cn/images/info1301/ico2.gif","lqsj":"30","mfxhtb":"http://www.dota2.com.cn/images/info1301/ico1.gif","mfxh":"100","qzwptb":"","wpzyms2":"极寒冲击的扩张速度为350，最大半径为900。 <br>极寒冲击将以施放者为中心。","item_en":"shivas_guard"},"count":1},{"goods":{"id":98,"bigtype":"升级物品","type":"防具","wpmc":"黑皇杖","wppz":"4","wptp":"http://www.dota2.com.cn/images/items/black_king_bar_lg.png","jgtb":"http://www.dota2.com.cn/images/info1301/tit_img07.gif","jg":"3975","wpjs":"渗透了巨人之力的强大法杖。","wpzyms":"","wpsyff":"主动：天神下凡-魔法免疫。持续时间和冷却时间每用一次都会降低。黑皇杖会使某些大招失效。","wpxg":"+ <span class=\"color_yellow\">10</span> 力量<br/>+ <span class=\"color_yellow\">24</span> 攻击力<br/>持续时间：<span class=\"color_yellow\">10/9/8/7/6/5/4</span>","lqsjtb":"http://www.dota2.com.cn/images/info1301/ico2.gif","lqsj":"80","mfxhtb":"","mfxh":"","qzwptb":null,"wpzyms2":"不能出售。<br>使用黑皇杖可以会使部分有益状态消失。","item_en":"black_king_bar"},"count":1}],"hxzbList":[{"goods":{"id":50,"bigtype":"升级物品","type":"普通","wpmc":"魔杖","wppz":"2","wptp":"http://www.dota2.com.cn/images/items/magic_wand_lg.png","jgtb":"http://www.dota2.com.cn/images/info1301/tit_img07.gif","jg":"509","wpjs":"一个简易但实用的魔杖，能够补充使用者的能量--巫师学徒和高级术士都喜欢。","wpzyms":"","wpsyff":"主动：充能 - 每当周围有敌人施放技能都会自动充能（最多15点能量）。当使用时，每点能量为你回复生命值和魔法值。","wpxg":"+ <span class=\"color_yellow\">3</span> 所有属性<br/>每点能量回复：<span class=\"color_yellow\">15</span>","lqsjtb":"http://www.dota2.com.cn/images/info1301/ico2.gif","lqsj":"12","mfxhtb":"","mfxh":"","qzwptb":"","wpzyms2":"1200码视野范围内敌人使用技能就会获得点数。 <br>部分英雄技能和物品技能的施放将不会增加点数。","item_en":"magic_wand"},"count":1},{"goods":{"id":67,"bigtype":"升级物品","type":"辅助","wpmc":"奥术鞋","wppz":"3","wptp":"http://www.dota2.com.cn/images/items/arcane_boots_lg.png","jgtb":"http://www.dota2.com.cn/images/info1301/tit_img07.gif","jg":"1450","wpjs":"装备这种鞋子的法师在战斗中极具价值。","wpzyms":"移动速度提升效果不与其他鞋子叠加。","wpsyff":"主动：补充魔法-回复周围友方单位的魔法。","wpxg":"+ <span class=\"color_yellow\">55</span> 移动速度<br/>+ <span class=\"color_yellow\">250</span> 魔法值<br/>魔法回复量：<span class=\"color_yellow\">135</span>","lqsjtb":"http://www.dota2.com.cn/images/info1301/ico2.gif","lqsj":"55","mfxhtb":"http://www.dota2.com.cn/images/info1301/ico1.gif","mfxh":"35","qzwptb":"","wpzyms2":"米波的克隆体不能使用。","item_en":"arcane_boots"},"count":1},{"goods":{"id":70,"bigtype":"升级物品","type":"辅助","wpmc":"梅肯斯姆","wppz":"3","wptp":"http://www.dota2.com.cn/images/items/mekansm_lg.png","jgtb":"http://www.dota2.com.cn/images/info1301/tit_img07.gif","jg":"2306","wpjs":"各种散件不知是怎样完美地组合起来，形成的散发着光芒的珠宝。","wpzyms":"多个梅肯斯姆光环无法叠加。","wpsyff":"主动：回复-为周围友方单位回复250点生命值，并提升2点护甲。<br/>被动：梅肯斯姆光环-提升周围友方单位生命恢复速率。","wpxg":"+ <span class=\"color_yellow\">5</span> 所有属性<br/>+ <span class=\"color_yellow\">5</span> 护甲<br/>额外生命恢复速率：<span class=\"color_yellow\">4</span>","lqsjtb":"http://www.dota2.com.cn/images/info1301/ico2.gif","lqsj":"45","mfxhtb":"http://www.dota2.com.cn/images/info1301/ico1.gif","mfxh":"225","qzwptb":null,"wpzyms2":"回复不能作用于25秒内已经被回复作用过的单位。","item_en":"mekansm"},"count":1},{"goods":{"id":72,"bigtype":"升级物品","type":"法器","wpmc":"原力法杖","wppz":"3","wptp":"http://www.dota2.com.cn/images/items/force_staff_lg.png","jgtb":"http://www.dota2.com.cn/images/info1301/tit_img07.gif","jg":"2250","wpjs":"让你可以操纵他人，不论出于善或恶。","wpzyms":"","wpsyff":"主动：原力-将任何目标单位向其面对方向推进600距离。双击对自身使用。","wpxg":"+ <span class=\"color_yellow\">10</span> 智力<br/>+ <span class=\"color_yellow\">3</span> 生命恢复速率","lqsjtb":"http://www.dota2.com.cn/images/info1301/ico2.gif","lqsj":"20","mfxhtb":"http://www.dota2.com.cn/images/info1301/ico1.gif","mfxh":"25","qzwptb":"","wpzyms2":"快速点击两次可以对自身施放原力。<br>原力法杖不会打断目标的动作。<br>对时间结界或黑洞内的单位无效。","item_en":"force_staff"},"count":1}],"adapt_kz_list":[{"id":57,"zwm":"全能骑士","ywm":"Omniknight","jc":"全能","xttx":"http://www.dota2.com.cn/images/heroes/omniknight_full.png","dttx":"http://www.dota2.com.cn/images/heroes/omniknight_vert.jpg","gjlx":"近战","yxlx":"力量","yxdw":"耐久|对线辅助|辅助","zltb":"http://www.dota2.com.cn/images/info1301/tit_img01.gif","zljc":"17","zlsj":"1.80","mjtb":"http://www.dota2.com.cn/images/info1301/tit_img02.gif","mjjc":"15","mjsj":"1.75","lltb":"http://www.dota2.com.cn/images/info1301/tit_img03.gif","lljc":"20","llsj":"2.65","gjltb":"http://www.dota2.com.cn/images/info1301/tit_img06.gif","csgjl":"31-41","ydsdtb":"http://www.dota2.com.cn/images/info1301/tit_img05.gif","csydsd":"305","hjtb":"http://www.dota2.com.cn/images/info1301/tit_img04.gif","cshj":"5.1","yxbj":"普利斯特·雷霆之怒是一名见多识广、勇于拼搏、无比虔诚的骑士，他被声望极高的骑士团长老抚养长大，作为他们的贴身侍卫，立誓遵守他们的命令。他将一生都献给了全知全能的神。骑士团毕生都在进行艰苦的圣战，而普利斯特也至死不渝的履行着他的职责，奉献他的力量以及那年轻人特有的热忱，从未有过怀疑。然而，多年的远征让他的长辈和上级都已经归于尘土，带着悔恨和愧疚，被埋葬在远征路上的墓穴里，他亲如兄弟的战友，在同那些拒绝臣服于全能之神的野蛮人的战斗中陨落，而他自己的亲卫，也被伏击、瘟疫吞噬，于是他开始质疑自己誓言的意义——远征的意义。经过了深刻的冥想，他离开了他的军队，长途跋涉回到了晴雪城——传说中的圣城，在那里，他对全能之神的祭司们发出了质问。从来没有哪个骑士胆敢如此，祭司们试图将他投入献祭之渊，然而普利斯特却如山一般无法撼动。因为当他俯视着祭司时，全身闪耀着圣洁之光，祭司们看到全能之神选择了他作为其显圣之身。年长的大祭司见状，便亲自花费了数周的时间，指引他前往圣城深处的密室，世间最为圣洁之地，在那里等着他的，并不是一些充满智慧的晦涩抽象的书籍，也不是什么供人信奉的洞窟遗迹，而是全能之神本尊。神在这个密室里已经居住了千万年，并且创造了世间万物，在星球周围创造了巨大的保护外壳，抵御来自其他世界的邪恶。全能之神告诉普利斯特，他创造了世界，并且给予了教徒世间的真理。骑士没有办法驳斥这个故事。也许全能之神只是一个被关在石牢里面的骗子，根本不是什么创世者，但是全能骑士也不再质疑他的信仰。他的战斗终于有了意义，毫无疑问，他身体里面涌动着神圣的光明之力，而他在战斗中带给战友的力量，更是不容置疑。","dj":"1|15|25","smz":"530|1235|2118","mfz":"221|549|1043","gjl":"51-61|88-98|135-145","hj":"4|8|13","syfw":"1800/800","gjfw":"128","ddsd":"N/A","jdtj1":"http://www.dota2.com.cn/images/property/add/omniknight.jpg","jdms1":"不管是中单还是边路的全能骑士都是这么加点，因为这个英雄本身就是一个奶妈级别的英雄，所以这么加点不仅能保证自己的生存还能让队友有更长的生存时间。其次说一下光环和加血的取舍，基本上dota有一个共通点就是很多技能都是1级收益最大，所以一级的魔免能让你躲过对方的集火就可以了，次要升级光环是因为这个光环黏人的效果很明显，都是百分比的减少对方的攻击速度和移动速度，虽然只有300码，但是只要黏住就能给队友创造击杀的机会。","jdtj2":null,"jdms2":null,"cmzb":"治疗药膏*1|净化药水*2|铁树枝干*2|守护指环*1|树之祭祀*1","qqzb":"速度之靴*1|魔棒*1|王者之戒*1","hxzb":"灵魂之戒*1|奥术鞋*1|魔杖*1|侦查守卫*1|回城卷轴*1","hqsz":"阿哈利姆神杖*1|梅肯斯姆*1|邪恶镰刀*1|希瓦的守护*1|远行鞋*1|弗拉迪米尔的祭品*1","ljt":"http://www.dota2.com.cn/images/property/omniknight.gif","path":"omniknight","zymc":"天辉","zytb":"http://www.dota2.com.cn/images/heropedia/radiant.jpg","yxtp":"http://www.dota2.com.cn/images/others/omniknight_big1.jpg","gjlxxj":"1","yxdwxj":"2|1|1","llsjsmz":"19","llsjsmhf":"0.03","mjsjhj":"1","mjsjgjsd":"1","zlsjmfz":"13","zlsjmfhf":"0.04","sjgjl":"1","pjsh":"56","gjsd":"115|122|157","gjms":"1.48","gjsh":"51-61","gjjl":"128|128|128","wlhj":"5.1","wlshkx":"19%","mfshkx":"25%","minitb":"http://www.dota2.com.cn/images/heroes/omniknight_icon.png"},{"id":65,"zwm":"谜团","ywm":"Enigma","jc":"Enig","xttx":"http://www.dota2.com.cn/images/heroes/enigma_full.png","dttx":"http://www.dota2.com.cn/images/heroes/enigma_vert.jpg","gjlx":"远程","yxlx":"智力","yxdw":"控制|先手|打野|推进","zltb":"http://www.dota2.com.cn/images/info1301/tit_img01.gif","zljc":"20","zlsj":"3.4","mjtb":"http://www.dota2.com.cn/images/info1301/tit_img02.gif","mjjc":"14","mjsj":"1","lltb":"http://www.dota2.com.cn/images/info1301/tit_img03.gif","lljc":"17","llsj":"2.1","gjltb":"http://www.dota2.com.cn/images/info1301/tit_img06.gif","csgjl":"22-28","ydsdtb":"http://www.dota2.com.cn/images/info1301/tit_img05.gif","csydsd":"300","hjtb":"http://www.dota2.com.cn/images/info1301/tit_img04.gif","cshj":"3.96","yxbj":"谜团的背景正如同其名字一样，无人知晓。只有一些流传下来的故事和传说，但大多数都不可信。事实上，关于谜团的各种故事，都只是寥寥的描述，神秘无比：他是宇宙之力，世界的吞噬者。他是虚空中的存在，有时会以物质形态出现，其它时候则以非物质形态存在。他是同时存在于多个位面的生物。在有的传说中，他曾经是一个试图解开宇宙之谜的伟大炼金术士，但最后却因为自己的傲慢而受到诅咒。在其它传说中，他来自远古，是一种不可思议的重力生命体，是来自原始黑暗的扭曲声音，在宇宙中的第一丝光线诞生前就存在的深渊化身。还有更古老的传说，说他是第一颗崩塌的恒星，产生的黑洞变成了有知觉的复杂存在，他的动机无从得知，他的力量无法阻挡，他的存在就是毁灭之力本身。","dj":"1|15|25","smz":"473|1032|1811","mfz":"260|879|1581","gjl":"42-48|90-96|144-150","hj":"4|5|10","syfw":"1800/800","gjfw":"500","ddsd":"900","jdtj1":"http://www.dota2.com.cn/images/property/add/enigma.jpg","jdms1":"由于谜团的转化出的3个精神体每攻击了6次后就分裂自己一次。所以只要操作得当，很快便会分裂出1群小谜团来，2级的精神体打野效率就非常惊人了。所以便有了这种前期主加转化放弃抓人而速出跳刀的打法，而且这样的谜团线上能力也非常强大，无论推进还是拆塔都是非常快。","jdtj2":"","jdms2":"","cmzb":"守护指环*1|净化药水*3|树之祭祀*1|动物信使*1","qqzb":"魔棒*1|速度之靴*1|王者之戒*1|灵魂之戒*1","hxzb":"魔杖*1|动力鞋*1|闪烁匕首*1|护腕*1","hqsz":"梅肯斯姆*1|邪恶镰刀*1|希瓦的守护*1|辉耀*1|黑皇杖*1","ljt":"http://www.dota2.com.cn/images/property/enigma.gif","path":"enigma","zymc":"夜魇","zytb":"http://www.dota2.com.cn/images/heropedia/dire.jpg","yxtp":"http://www.dota2.com.cn/images/others/enigma_big1.jpg","gjlxxj":"1","yxdwxj":"2|2|2|2","llsjsmz":"19","llsjsmhf":"0.03","mjsjhj":"1","mjsjgjsd":"1","zlsjmfz":"13","zlsjmfhf":"0.04","sjgjl":"1","pjsh":"45","gjsd":"114|118|138","gjms":"1.49","gjsh":"42-48","gjjl":"500|500|500","wlhj":"3","wlshkx":"19%","mfshkx":"25%","minitb":"http://www.dota2.com.cn/images/heroes/enigma_icon.png"},{"id":7,"zwm":"撼地者","ywm":"Earthshaker","jc":"小牛，牛，神牛，撼地神牛","xttx":"http://www.dota2.com.cn/images/heroes/earthshaker_full.png","dttx":"http://www.dota2.com.cn/images/heroes/earthshaker_vert.jpg","gjlx":"近战","yxlx":"力量","yxdw":"先手|控制|辅助|对线辅助","zltb":"http://www.dota2.com.cn/images/info1301/tit_img01.gif","zljc":"16","zlsj":"1.80","mjtb":"http://www.dota2.com.cn/images/info1301/tit_img02.gif","mjjc":"12","mjsj":"1.40","lltb":"http://www.dota2.com.cn/images/info1301/tit_img03.gif","lljc":"22","llsj":"2.50","gjltb":"http://www.dota2.com.cn/images/info1301/tit_img06.gif","csgjl":"24-34","ydsdtb":"http://www.dota2.com.cn/images/info1301/tit_img05.gif","csydsd":"310","hjtb":"http://www.dota2.com.cn/images/info1301/tit_img04.gif","cshj":"2.68","yxbj":"和傀儡以及石像鬼类似，撼地者也曾经是大地的一部分，但现在他自由地行走在地面上。不同于那些存在，撼地者自身的意志创造了他，他不需要服从于任何主人。在岩石深处不安宁的沉睡中，他感到了上方世界自由自在的生命的存在。他对此产生了好奇心。在一个地震多发的时期，尼西埃雪山摇动的山顶发生了雪崩，河流的流径改变了，浅浅的山谷变成了深不可测的深渊。大地停止震动后，撼地者从沉淀的灰土中走了出来，像脱下毯子一样抖落无数岩石。他幻化成他想象中的野兽的外形，并自称雷格石蹄。他现在流动着血液、呼吸着空气、也会死亡。但他的精神仍然与大地同在，他的力量在那根永不离身的魔力图腾中。当他回归尘土的那天，大地仍会欢迎这个浪子回家。","dj":"1|15|25","smz":"568|1233|2088","mfz":"208|536|1030","gjl":"46-56|81-91|126-136","hj":"3|5|10","syfw":"1800/800","gjfw":"128","ddsd":"N/A","jdtj1":"http://www.dota2.com.cn/images/property/add/earthshaker.jpg","jdms1":"这种加点方式比较常见，而且是可以随机变化的。先从路人战来说，每个用神牛的人都多想用一技能，按照这样的加点能够很好让你多释放一到两个一技能，同时如果你被对方英雄贴身追击，你还能用一技能配合三级能的被动让对方眩晕很久。当然有人会说我住加一技能的，当然可以，因为三级能需要你贴身才有效果，如果打一些比较正规的对黑局或者CW，主加一技能就需要每一个F一定要打到人，这样才能让自己的伤害最大化。因为在比赛中，神牛会保护后期，所以挂机牛很多，自己的等级不会很高，这就要求每一个技能都要释放的有伤害性，所以主一技能也是可以的。","jdtj2":null,"jdms2":null,"cmzb":"净化药水*3|树之祭祀*1|治疗药膏*1|力量手套*1|铁树枝干*1","qqzb":"魔棒*1|速度之靴*1|护腕*1|能量之球*1","hxzb":"魔杖*1|奥术鞋*1|闪烁匕首*1|回城卷轴*1","hqsz":"阿哈利姆神杖*1|纷争面纱*1|希瓦的守护*1|邪恶镰刀*1|恐鳌之心*1|玲珑心*1","ljt":"http://www.dota2.com.cn/images/property/earthshaker.gif","path":"earthshaker","zymc":"天辉","zytb":"http://www.dota2.com.cn/images/heropedia/radiant.jpg","yxtp":"http://www.dota2.com.cn/images/others/earthshaker_big1.jpg","gjlxxj":"1","yxdwxj":"3|2|1|1","llsjsmz":"19","llsjsmhf":"0.03","mjsjhj":"1","mjsjgjsd":"1","zlsjmfz":"13","zlsjmfhf":"0.04","sjgjl":"1","pjsh":"51","gjsd":"112|118|146","gjms":"1.52","gjsh":"46-56","gjjl":"128|128|128","wlhj":"2.68","wlshkx":"13%","mfshkx":"25%","minitb":"http://www.dota2.com.cn/images/heroes/earthshaker_icon.png"},{"id":34,"zwm":"杰奇洛","ywm":"Jakiro","jc":"双头龙","xttx":"http://www.dota2.com.cn/images/heroes/jakiro_full.png","dttx":"http://www.dota2.com.cn/images/heroes/jakiro_vert.jpg","gjlx":"远程","yxlx":"智力","yxdw":"爆发|推进|对线辅助|控制","zltb":"http://www.dota2.com.cn/images/info1301/tit_img01.gif","zljc":"28","zlsj":"2.8","mjtb":"http://www.dota2.com.cn/images/info1301/tit_img02.gif","mjjc":"10","mjsj":"1.2","lltb":"http://www.dota2.com.cn/images/info1301/tit_img03.gif","lljc":"25","llsj":"2.3","gjltb":"http://www.dota2.com.cn/images/info1301/tit_img06.gif","csgjl":"18-26","ydsdtb":"http://www.dota2.com.cn/images/info1301/tit_img05.gif","csydsd":"290","hjtb":"http://www.dota2.com.cn/images/info1301/tit_img04.gif","cshj":"2.4","yxbj":"即使是在那些奇怪的魔法生物中，双头龙也算是一头怪物。同时拥有着冰火之力，狡黠且狂猛，被称为杰奇洛的双头龙在战场上空肆意的灼烧大地，冰封敌人，将胆敢和它对抗的任何事物变成废墟。灼霜龙族的窝中从来都是有两只幼龙。与生俱来的凶残使它们闻名于世，这一种族中，新孵化的幼龙在出生伊始就会努力的杀死自己的兄弟姐妹。强者生存。这就是灼霜龙族维系其强大力量的办法。在一次意外中，怪胎杰奇洛从一个龙蛋里孵化出来了，在这一头幼龙的身体里有着灼霜龙族所有的力量。在它那厚重的龙鳞内，蕴含着冰火之力，在这样的力量面前，随时可能丧命。","dj":"1|15|25","smz":"606|1218|2035","mfz":"364|874|1438","gjl":"46-54|85-93|133-141","hj":"2|5|9","syfw":"1800/800","gjfw":"400","ddsd":"1100","jdtj1":"http://www.dota2.com.cn/images/property/add/jakiro.jpg","jdms1":"这种复古的打法在双头龙的冰封路径重做之后成为了当下最为凶猛的加点，大范围AOE加控制型的双头龙又回来了。鉴于强大的新版冰封路径，我们完全可以把那个被动液态火放到最后去加。","jdtj2":null,"jdms2":null,"cmzb":"动物信使*1|树之祭祀*1|治疗药膏*1|净化药水*1|铁树枝干*3","qqzb":"速度之靴*1|魔棒*1|王者之戒*1","hxzb":"魔杖*1|梅肯斯姆*1|奥术鞋*1|侦查守卫*1","hqsz":"纷争面纱*1|希瓦的守护*1|邪恶镰刀*1|洞察烟斗*1|Eul的神圣法杖*1|阿哈利姆神杖*1","ljt":"http://www.dota2.com.cn/images/property/jakiro.gif","path":"jakiro","zymc":"天辉","zytb":"http://www.dota2.com.cn/images/heropedia/radiant.jpg","yxtp":"http://www.dota2.com.cn/images/others/jakiro_big1.jpg","gjlxxj":"1","yxdwxj":"2|2|2|1","llsjsmz":"19","llsjsmhf":"0.03","mjsjhj":"1","mjsjgjsd":"1","zlsjmfz":"13","zlsjmfhf":"0.04","sjgjl":"1","pjsh":"50","gjsd":"110|115|139","gjms":"1.55","gjsh":"46-54","gjjl":"400|400|400","wlhj":"2","wlshkx":"12%","mfshkx":"25%","minitb":"http://www.dota2.com.cn/images/heroes/jakiro_icon.png"},{"id":42,"zwm":"昆卡","ywm":"Kunkka","jc":"船长","xttx":"http://www.dota2.com.cn/images/heroes/kunkka_full.png","dttx":"http://www.dota2.com.cn/images/heroes/kunkka_vert.jpg","gjlx":"近战","yxlx":"力量","yxdw":"控制|先手|核心|耐久","zltb":"http://www.dota2.com.cn/images/info1301/tit_img01.gif","zljc":"18","zlsj":"1.50","mjtb":"http://www.dota2.com.cn/images/info1301/tit_img02.gif","mjjc":"14","mjsj":"1.30","lltb":"http://www.dota2.com.cn/images/info1301/tit_img03.gif","lljc":"24","llsj":"3.00","gjltb":"http://www.dota2.com.cn/images/info1301/tit_img06.gif","csgjl":"26-36","ydsdtb":"http://www.dota2.com.cn/images/info1301/tit_img05.gif","csydsd":"300","hjtb":"http://www.dota2.com.cn/images/info1301/tit_img04.gif","cshj":"1.96","yxbj":"洪流恶魔一直都在计划抢夺人类的土地，而作为强大的铁帆海军的舰队指挥官，昆卡则担负着守卫他祖国小岛的使命。在恶魔多年的小规模突击和越来越大胆的毁灭性攻击后，恶魔的舰队终于包围了战栗之岛。绝望之下，铁帆舰队的魔法师使用了自杀性的终极杀招，召唤了一群不分敌我的先祖灵魂来保护舰队。这刚好能够扭转与恶魔对峙的局势。昆卡看着他的战舰一艘接一艘被击沉的同时，先祖也在慢慢消耗掉恶魔的舰队，这让他感到很满意。但在战斗最激烈的时候，人类、恶魔、先祖灵魂的冲突惹恼了沉睡在深海的第四股势力。残留不多的舰队旁喷出了高耸的海浪，深渊触手——麦尔朗恩在战场中出现了。他的触须在船只间移动，把人类和恶魔的舰船拖卷在一起，水和风被搅动成狂怒的混沌。没有人能说清那场严酷的风暴中到底发生了什么。洪流恶魔放弃了进攻，怒吼着逃入了虚空。昆卡则晋升为海军上将，但他只有一艘船，一艘不断重演它最终毁灭场面的幽灵船。然而谁都说不准他是否还活着。即使是麦尔朗恩的召唤者潮汐猎人，也不能确定。","dj":"1|15|25","smz":"606|1404|2354","mfz":"234|507|962","gjl":"50-60|92-102|142-152","hj":"2|5|9","syfw":"1800/800","gjfw":"128","ddsd":"N/A","jdtj1":"http://www.dota2.com.cn/images/property/add/kunkka.jpg","jdms1":"这种加点是船长高伤害的加点方式，因为4级的洪流能减速4秒，如果释放的准确的话能够配合队友很好的击杀对面英雄。当然也有人喜欢主加潮汐使者也就是大家所说的水刀。这个加点可以很好的消耗对方的血量，这两种加点都可以的。主要是后面的标记需要在8级的时候加两点，这个时候大家等级都不是很低了，保命技能和保命装备也多了，配合标记能让你的洪流成为必中的技能，所以这个时候主加洪流就体现了它的优势了。","jdtj2":null,"jdms2":null,"cmzb":"净化药水*1|树之祭祀*1|治疗药膏*1|力量手套*2|铁树枝干*1","qqzb":"速度之靴*1|魔棒*1|护腕*1|治疗指环*1","hxzb":"相位鞋*1|魔杖*1|先锋盾*1|影刃*1","hqsz":"黑皇杖*1|代达罗斯之殇*1|强袭胸甲*1|恐鳌之心*1|狂战斧*1","ljt":"http://www.dota2.com.cn/images/property/kunkka.gif","path":"kunkka","zymc":"天辉","zytb":"http://www.dota2.com.cn/images/heropedia/radiant.jpg","yxtp":"http://www.dota2.com.cn/images/others/kunkka_big1.jpg","gjlxxj":"1","yxdwxj":"1|1|1|1","llsjsmz":"19","llsjsmhf":"0.03","mjsjhj":"1","mjsjgjsd":"1","zlsjmfz":"13","zlsjmfhf":"0.04","sjgjl":"1","pjsh":"55","gjsd":"114|119|145","gjms":"1.49","gjsh":"50-60","gjjl":"128|128|128","wlhj":"1.96","wlshkx":"10%","mfshkx":"25%","minitb":"http://www.dota2.com.cn/images/heroes/kunkka_icon.png"},{"id":29,"zwm":"变体精灵","ywm":"Morphling","jc":"水人","xttx":"http://www.dota2.com.cn/images/heroes/morphling_full.png","dttx":"http://www.dota2.com.cn/images/heroes/morphling_vert.jpg","gjlx":"远程","yxlx":"敏捷","yxdw":"核心|逃生|先手|爆发","zltb":"http://www.dota2.com.cn/images/info1301/tit_img01.gif","zljc":"17","zlsj":"1.5","mjtb":"http://www.dota2.com.cn/images/info1301/tit_img02.gif","mjjc":"24","mjsj":"3.4","lltb":"http://www.dota2.com.cn/images/info1301/tit_img03.gif","lljc":"19","llsj":"2","gjltb":"http://www.dota2.com.cn/images/info1301/tit_img06.gif","csgjl":"13-22","ydsdtb":"http://www.dota2.com.cn/images/info1301/tit_img05.gif","csydsd":"285","hjtb":"http://www.dota2.com.cn/images/info1301/tit_img04.gif","cshj":"1.36","yxbj":"在那黑暗的年代里，有一颗彗星一直绕着天体运动着。被太阳束缚，又被地心引力拉扯，这颗巨大的冰球在世界之间的黑暗缝隙中穿行着，其自身也被这段黑暗的旅途改变着。在乌洛伊战争的前夜，它刺破天穹，轰然坠地，并散发出了一丝奇异的光芒，点亮了黑夜——战争的双方都认为这是一个征兆。这个冰球在沸腾的燥热中融化了，在战争中双方踏入分界河的时候，它融合了双方的力量。旋即冰封解除，变体精灵在战争中横空出世，拥有海洋潮汐之力的元素，反复无常，变化多端。他加入了战斗，在一瞬间就复制了一方的将军的形态，然后杀死了他——这个冒失鬼居然想试图穿过分界河。随着那些士兵们一个个死去，变体精灵也将自己的形态一次又一次的转换，吸收着这些奇怪生物的形态——一会是步兵，一会是弓箭手，一会又是骑兵，直到最后一个士兵也死去，变体精灵终于将所有的形态复制完毕。战争算是结束了，而变体精灵的时代，则刚刚开始。","dj":"1|15|25","smz":"511|1043|1803","mfz":"221|494|949","gjl":"37-46|85-94|139-148","hj":"1|8|16","syfw":"1800/800","gjfw":"350","ddsd":"1300","jdtj1":"http://www.dota2.com.cn/images/property/add/morphling.jpg","jdms1":"变体精灵的加点变化比较大，大多数玩家都会根据实际需要取舍技能点。目前以主波浪副转属性的打法最流行，区别在于有人只升一级转属性，有人副升专属性，有人前期点完一级转属性后会补黄点，有人会点一级专属性后把变体攻击点起来。不过个人推荐是变体攻击晚点加，最多加一级打断TP。","jdtj2":null,"jdms2":null,"cmzb":"敏捷便鞋*2|树之祭祀*1|治疗药膏*1|净化药水*1|铁树枝干*1","qqzb":"速度之靴*1|魔棒*1|怨灵系带*1","hxzb":"动力鞋*1|坚韧球*1|魔杖*1|天鹰之戒*1","hqsz":"幻影斧*1|林肯法球*1|虚灵之刃*1|蝴蝶*1|斯嘉蒂之眼*1|撒旦之邪力*1","ljt":"http://www.dota2.com.cn/images/property/morphling.gif","path":"morphling","zymc":"天辉","zytb":"http://www.dota2.com.cn/images/heropedia/radiant.jpg","yxtp":"http://www.dota2.com.cn/images/others/morphling_big1.jpg","gjlxxj":"1","yxdwxj":"3|3|1|1","llsjsmz":"19","llsjsmhf":"0.03","mjsjhj":"1","mjsjgjsd":"1","zlsjmfz":"13","zlsjmfhf":"0.04","sjgjl":"1","pjsh":"41","gjsd":"130|142|202","gjms":"1.29","gjsh":"37-46","gjjl":"350|350|350","wlhj":"1","wlshkx":"7%","mfshkx":"25%","minitb":"http://www.dota2.com.cn/images/heroes/morphling_icon.png"},{"id":63,"zwm":"马格纳斯","ywm":"Magnus","jc":"猛犸","xttx":"http://www.dota2.com.cn/images/heroes/magnataur_full.png","dttx":"http://www.dota2.com.cn/images/heroes/magnataur_vert.jpg","gjlx":"近战","yxlx":"力量","yxdw":"先手|控制|爆发|核心","zltb":"http://www.dota2.com.cn/images/info1301/tit_img01.gif","zljc":"17","zlsj":"1.65","mjtb":"http://www.dota2.com.cn/images/info1301/tit_img02.gif","mjjc":"15","mjsj":"2.50","lltb":"http://www.dota2.com.cn/images/info1301/tit_img03.gif","lljc":"21","llsj":"2.75","gjltb":"http://www.dota2.com.cn/images/info1301/tit_img06.gif","csgjl":"28-40","ydsdtb":"http://www.dota2.com.cn/images/info1301/tit_img05.gif","csydsd":"315","hjtb":"http://www.dota2.com.cn/images/info1301/tit_img04.gif","cshj":"4.1","yxbj":"杰尔拉克山的铸造大师们只对一件事达成了共识：半人犀牛的角比任何合金都要珍贵。而这些角中，形状最大、最为锋利的角属于被称作马格纳斯的野兽。在半个世代以来，马格纳斯的运动就是用角冲撞那些前来猎取他同胞的猎人。每次他回到洞穴，蹄上和角上都是血迹斑斑，直到族里的女族长要求他和他的族人在山脉阴影之外的北边寻找避难的居所，但是马格纳斯对此嗤之以鼻，他从未在守卫族人时倒下。他决定，半人犀牛将留在这个地方，因为他们从不相信侥幸...抑或是改变自己的主意。但是在杰尔拉克山毫无预兆地喷发时，他一半的族人都消失在烈火和烟尘中，马格纳斯终究还是改变了想法。幸存的族人开始向北边进发，结果遇到了由上百名装备着铁甲和弓箭的猎人组成的封锁线。马格纳斯不希望族人有伤亡，他率领着最为勇猛的兄弟姐妹向敌人发起冲锋，战斗中透着的那股狠劲儿只有他身后冒着熊熊烈火的火山才能相提并论。与此同时族里的老弱妇孺纷纷消失在战场的沙尘中。对于之后发生的故事铸造大师们众说纷纭。有人说他统一了他的族人，而其他人则声称他受了致命伤，倒在了女族长的身旁憾然离世。这些说法都不正确。他的确发誓要使族人重聚...但是要在找到使杰尔拉克山喷发的罪魁祸首，看着他们在自己的角上死去之后，因为半人犀牛从不相信侥幸或偶然。","dj":"1|15|25","smz":"549|1281|2183","mfz":"221|521|996","gjl":"49-61|88-100|135-147","hj":"4|9|15","syfw":"1800/800","gjfw":"128","ddsd":"N/A","jdtj1":"http://www.dota2.com.cn/images/property/add/magnus.jpg","jdms1":"这是目前猛犸最主流的加点路线，前期高等级的巨角冲撞可以代替跳刀，强大的切入和逃生能力不容小视。这种加点的猛犸主动性很强，一套技能的AOE伤害也非常可观。","jdtj2":null,"jdms2":null,"cmzb":"力量手套*2|治疗药膏*2|净化药水*1|铁树枝干*1","qqzb":"魔棒*1|速度之靴*1|魔瓶*1","hxzb":"魔杖*1|奥术鞋*1|闪烁匕首*1","hqsz":"恐鳌之心*1|狂战斧*1|希瓦的守护*1|强袭胸甲*1|刷新球*1|疯狂面具*1","ljt":"http://www.dota2.com.cn/images/property/magnataur.gif","path":"magnus","zymc":"夜魇","zytb":"http://www.dota2.com.cn/images/heropedia/dire.jpg","yxtp":"http://www.dota2.com.cn/images/others/magnataur_big1.jpg","gjlxxj":"1","yxdwxj":"3|1|1|1","llsjsmz":"19","llsjsmhf":"0.03","mjsjhj":"1","mjsjgjsd":"1","zlsjmfz":"13","zlsjmfhf":"0.04","sjgjl":"1","pjsh":"55","gjsd":"115|125|175","gjms":"1.48","gjsh":"49-61","gjjl":"128|128|128","wlhj":"4","wlshkx":"19%","mfshkx":"25%","minitb":"http://www.dota2.com.cn/images/heroes/magnataur_icon.png"},{"id":45,"zwm":"莱恩","ywm":"Lion","jc":"Lion","xttx":"http://www.dota2.com.cn/images/heroes/lion_full.png","dttx":"http://www.dota2.com.cn/images/heroes/lion_vert.jpg","gjlx":"远程","yxlx":"智力","yxdw":"控制|爆发|对线辅助|辅助","zltb":"http://www.dota2.com.cn/images/info1301/tit_img01.gif","zljc":"22","zlsj":"3","mjtb":"http://www.dota2.com.cn/images/info1301/tit_img02.gif","mjjc":"15","mjsj":"1.5","lltb":"http://www.dota2.com.cn/images/info1301/tit_img03.gif","lljc":"16","llsj":"1.7","gjltb":"http://www.dota2.com.cn/images/info1301/tit_img06.gif","csgjl":"27-33","ydsdtb":"http://www.dota2.com.cn/images/info1301/tit_img05.gif","csydsd":"290","hjtb":"http://www.dota2.com.cn/images/info1301/tit_img04.gif","cshj":"1.1","yxbj":"莱恩曾经是个为光明和正义战斗的恶魔巫师，在同胞之间享有声望的传统巫术大师。但奉承和谄媚使他堕落了。莱恩产生了超过他力量所及的野心，他受到恶魔的引诱，变得邪恶，用自己的灵魂换取了声望。在做出了许多恐怖的罪恶行为后，莱恩的灵魂受到了损伤，恶魔因此抛弃了他。背叛了他的恶魔与他的敌人联手，用更强的手段对付他。莱恩对此变得狂怒，他追着恶魔一路跟到地狱，在地狱杀死了这个恶魔，把它一截一截地撕裂，最后莱恩取下恶魔那有魔力的手腕，装在自己的身体上。然而，与恶魔融合是要付出代价的。莱恩的身体变成了某种无法辨识的东西。他从地狱中出来时成为了狂怒的化身，不仅杀光了所有称他为怪物的人，还践踏了那片自己曾经受人崇拜的土地。他是唯一幸存的传统恶魔巫师，那些想来当他助手或学徒的人都被他抽光了魔法，然后轻松的夺走生命。","dj":"1|15|25","smz":"454|906|1609","mfz":"286|832|1482","gjl":"49-55|91-97|141-147","hj":"1|4|9","syfw":"1800/800","gjfw":"600","ddsd":"900","jdtj1":"http://www.dota2.com.cn/images/property/add/lion.jpg","jdms1":"恶魔巫师莱恩是具有强大爆发和控制能力的法师。本套加点是比较稳妥的打法，前期除了保证裂地尖刺和巫术的等级，推荐至少加1级的法力吸取来保证续航。注意在对线近战英雄的情况下，可以考虑较早地提升吸魔来限制对手的魔法量。高伤害的大招是莱恩的代表性技能，准备好击杀对手的时候应该尽早释放，以免浪费伤害输出，甚至留给对方可乘之机。","jdtj2":null,"jdms2":null,"cmzb":"树之祭祀*1|净化药水*2|治疗药膏*1|力量手套*1|动物信使*1","qqzb":"魔棒*1|速度之靴*1|护腕*1|侦查守卫*1","hxzb":"魔杖*1|相位鞋*1|侦查守卫*1","hqsz":"邪恶镰刀*1|黑皇杖*1|希瓦的守护*1|血精石*1|达贡之神力*1|阿哈利姆神杖*1","ljt":"http://www.dota2.com.cn/images/property/lion.gif","path":"lion","zymc":"夜魇","zytb":"http://www.dota2.com.cn/images/heropedia/dire.jpg","yxtp":"http://www.dota2.com.cn/images/others/lion_big1.jpg","gjlxxj":"1","yxdwxj":"3|3|2|2","llsjsmz":"19","llsjsmhf":"0.03","mjsjhj":"1","mjsjgjsd":"1","zlsjmfz":"13","zlsjmfhf":"0.04","sjgjl":"1","pjsh":"45","gjsd":"115|121|151","gjms":"1.48","gjsh":"42-48","gjjl":"600|600|600","wlhj":"1","wlshkx":"6%","mfshkx":"25%","minitb":"http://www.dota2.com.cn/images/heroes/lion_icon.png"}]}