﻿[{"name":"earthshaker","atk":"melee","roles":["Initiator","Disabler","Support","LaneSupport"],"prop":"strength","py":"H","kw":"Es,Earthshaker,神牛,撼地神牛,小牛","zy":"th","name_l":"撼地者","img":"earthshaker"},{"name":"sven","atk":"melee","roles":["Disabler","Initiator","Carry","Support"],"prop":"strength","py":"S","kw":"Sven,流浪剑客","zy":"th","name_l":"斯温","img":"sven"},{"name":"tiny","atk":"melee","roles":["Disabler","Nuker","Initiator","Durable"],"prop":"strength","py":"X","kw":"Tiny,山岭巨人","zy":"th","name_l":"小小","img":"tiny"},{"name":"kunkka","atk":"melee","roles":["Disabler","Initiator","Carry","Durable"],"prop":"strength","py":"K","kw":"kunkka,船长,coco","zy":"th","name_l":"昆卡","img":"kunkka"},{"name":"beastmaster","atk":"melee","roles":["Initiator","Disabler","Durable"],"prop":"strength","py":"S","kw":"Bm,Beastmaster,兽王","zy":"th","name_l":"兽王","img":"beastmaster"},{"name":"dragon_knight","atk":"melee","roles":["Carry","Durable","Disabler","Pusher"],"prop":"strength","py":"L","kw":"Dk,Dragon Knight,龙骑","zy":"th","name_l":"龙骑士","img":"dragon_knight"},{"name":"clockwerk","atk":"melee","roles":["Initiator","Durable"],"prop":"strength","py":"F","kw":"CG,Clockwerk,发条地精,发条","zy":"th","name_l":"发条技师","img":"rattletrap"},{"name":"omniknight","atk":"melee","roles":["Durable","LaneSupport","Support"],"prop":"strength","py":"Q","kw":"OK,Omniknight,全能","zy":"th","name_l":"全能骑士","img":"omniknight"},{"name":"huskar","atk":"ranged","roles":["Carry","Initiator","Durable"],"prop":"strength","py":"H","kw":"Sw,Huskar,神灵,神灵武士","zy":"th","name_l":"哈斯卡","img":"huskar"},{"name":"alchemist","atk":"melee","roles":["Durable","Carry","Disabler"],"prop":"strength","py":"L","kw":"Alch,Alchemist,炼金","zy":"th","name_l":"炼金术士","img":"alchemist"},{"name":"brewmaster","atk":"melee","roles":["Carry","Durable","Initiator","Pusher"],"prop":"strength","py":"J","kw":"Panda,Brewmaster,熊猫","zy":"th","name_l":"酒仙","img":"brewmaster"},{"name":"treant_protector","atk":"melee","roles":["Durable","Initiator","LaneSupport","Disabler"],"prop":"strength","py":"S","kw":"TP,Treant Protector,大树,老树","zy":"th","name_l":"树精卫士","img":"treant"},{"name":"io","atk":"ranged","roles":["Support","LaneSupport","Nuker"],"prop":"strength","py":"A","kw":"Wisp,小精灵,精灵","zy":"th","name_l":"艾欧","img":"wisp"},{"name":"centaur_warrunner","atk":"melee","roles":["Durable","Disabler","Initiator"],"prop":"strength","py":"B","kw":"半人马,人马","zy":"th","name_l":"半人马战行者","img":"centaur"},{"name":"timbersaw","atk":"melee","roles":["Durable","Nuker","Escape"],"prop":"strength","py":"F","kw":"GS,地精撕裂者,伐木机","zy":"th","name_l":"伐木机","img":"shredder"},{"name":"bristleback","atk":"melee","roles":["Durable","Initiator","Disabler"],"prop":"strength","py":"G","kw":"Bb,背背猪,钢背","zy":"th","name_l":"钢背兽","img":"bristleback"},{"name":"tusk","atk":"melee","roles":["Initiator","Durable"],"prop":"strength","py":"J","kw":"Ymir,Tuskarr,海民","zy":"th","name_l":"巨牙海民","img":"tusk"},{"name":"elder_titan","atk":"melee","roles":["Initiator","Durable"],"prop":"strength","py":"S","kw":"Tc,大牛,牛头人酋长","zy":"th","name_l":"上古巨神","img":"elder_titan"},{"name":"legion_commander","atk":"melee","roles":["Carry","Durable"],"prop":"strength","py":"J","kw":"legion,军团","zy":"th","name_l":"军团指挥官","img":"legion_commander"},{"name":"earth_spirit","atk":"melee","roles":["Carry","Nuker"],"prop":"strength","py":"D","kw":"earth,大地,土猫","zy":"th","name_l":"大地之灵","img":"earth_spirit"},{"name":"phoenix","atk":"ranged","roles":["Initiator","Disabler","Nuker"],"prop":"strength","py":"F","kw":"phoenix","zy":"th","name_l":"凤凰","img":"phoenix"},{"name":"anti_mage","atk":"melee","roles":["Carry","Escape"],"prop":"agility","py":"D","kw":"AM,Anti-Mage,敌法","zy":"th","name_l":"敌法师","img":"antimage"},{"name":"drow_ranger","atk":"ranged","roles":["Carry"],"prop":"agility","py":"Z","kw":"DR,Drow Ranger,黑弓,黑暗游侠,小黑","zy":"th","name_l":"卓尔游侠","img":"drow_ranger"},{"name":"juggernaut","atk":"melee","roles":["Carry","Pusher"],"prop":"agility","py":"Z","kw":"Jugg,Juggernaut,剑圣","zy":"th","name_l":"主宰","img":"juggernaut"},{"name":"mirana","atk":"ranged","roles":["Carry","Nuker","Disabler","Escape"],"prop":"agility","py":"M","kw":"Pom,Mirana,月之女祭祀,白虎,虎妞","zy":"th","name_l":"米拉娜","img":"mirana"},{"name":"morphling","atk":"ranged","roles":["Carry","Escape","Initiator","Nuker"],"prop":"agility","py":"B","kw":"Morph,Morphling,水人,变体,mor","zy":"th","name_l":"变体精灵","img":"morphling"},{"name":"phantom_lancer","atk":"melee","roles":["Carry","Escape","Pusher"],"prop":"agility","py":"H","kw":"lancer,Phantom Lancer,猴子","zy":"th","name_l":"幻影长矛手","img":"phantom_lancer"},{"name":"vengeful_spirit","atk":"ranged","roles":["Support","Disabler","LaneSupport","Initiator"],"prop":"agility","py":"F","kw":"VS,Vengeful Spirit,复仇","zy":"th","name_l":"复仇之魂","img":"vengefulspirit"},{"name":"riki","atk":"melee","roles":["Carry","Escape"],"prop":"agility","py":"L","kw":"Sa,Rikimaru,隐刺,隐形刺客","zy":"th","name_l":"力丸","img":"riki"},{"name":"sniper","atk":"ranged","roles":["Carry"],"prop":"agility","py":"J","kw":"sniper,火枪","zy":"th","name_l":"狙击手","img":"sniper"},{"name":"templar_assassin","atk":"ranged","roles":["Carry","Escape"],"prop":"agility","py":"S","kw":"Ta,Templar Assassin,圣堂","zy":"th","name_l":"圣堂刺客","img":"templar_assassin"},{"name":"luna","atk":"ranged","roles":["Carry","Nuker"],"prop":"agility","py":"L","kw":"Luna,月骑,月之骑士","zy":"th","name_l":"露娜","img":"luna"},{"name":"bounty_hunter","atk":"melee","roles":["Carry","Escape","Nuker"],"prop":"agility","py":"S","kw":"Bh,Bounty Hunter,赏金","zy":"th","name_l":"赏金猎人","img":"bounty_hunter"},{"name":"ursa","atk":"melee","roles":["Carry","Jungler","Durable"],"prop":"agility","py":"X","kw":"Ursa,拍拍,拍拍熊","zy":"th","name_l":"熊战士","img":"ursa"},{"name":"gyrocopter","atk":"ranged","roles":["Disabler","Initiator","Nuker"],"prop":"agility","py":"A","kw":"AV,Gyrocopter,飞机,直升机","zy":"th","name_l":"矮人直升机","img":"gyrocopter"},{"name":"lone_druid","atk":"ranged","roles":["Carry","Durable","Pusher","Jungler"],"prop":"agility","py":"D","kw":"Ld,Lone Druid,熊德","zy":"th","name_l":"德鲁伊","img":"lone_druid"},{"name":"naga_siren","atk":"melee","roles":["Carry","Disabler","Pusher","Escape"],"prop":"agility","py":"N","kw":"Naga,Naga Siren,小娜加,小娜迦","zy":"th","name_l":"娜迦海妖","img":"naga_siren"},{"name":"troll_warlord","atk":"ranged","roles":["Carry"],"prop":"agility","py":"J","kw":"Troll,巨魔","zy":"th","name_l":"巨魔战将","img":"troll_warlord"},{"name":"ember_spirit","atk":"melee","roles":["Carry","Nuker"],"prop":"agility","py":"H","kw":"Ember,火猫","zy":"th","name_l":"灰烬之灵","img":"ember_spirit"},{"name":"crystal_maiden","atk":"ranged","roles":["Support","Disabler","Nuker","LaneSupport"],"prop":"intelligence","py":"S","kw":"Cm,Crystal Maiden,冰女","zy":"th","name_l":"水晶室女","img":"crystal_maiden"},{"name":"puck","atk":"ranged","roles":["Initiator","Nuker","Disabler","Escape"],"prop":"intelligence","py":"P","kw":"Puck,精灵龙,仙女龙","zy":"th","name_l":"帕克","img":"puck"},{"name":"storm_spirit","atk":"ranged","roles":["Carry","Initiator","Escape","Disabler"],"prop":"intelligence","py":"F","kw":"Storm,Storm Spirit,蓝猫","zy":"th","name_l":"风暴之灵","img":"storm_spirit"},{"name":"windranger","atk":"ranged","roles":["Disabler","Nuker","Support","Escape"],"prop":"intelligence","py":"F","kw":"WR,Windrunner,风行","zy":"th","name_l":"风行者","img":"windrunner"},{"name":"zeus","atk":"ranged","roles":["Nuker","Support"],"prop":"intelligence","py":"Z","kw":"Zeus,mk,奥林匹斯之王,山丘","zy":"th","name_l":"宙斯","img":"zuus"},{"name":"lina","atk":"ranged","roles":["Nuker","Disabler","Support"],"prop":"intelligence","py":"L","kw":"Lina,火女,秀逗魔导师","zy":"th","name_l":"莉娜","img":"lina"},{"name":"shadow_shaman","atk":"ranged","roles":["Pusher","Disabler","Nuker","Support"],"prop":"intelligence","py":"A","kw":"Ss,Shadow Shaman,暗影萨满,小Y","zy":"th","name_l":"暗影萨满","img":"shadow_shaman"},{"name":"tinker","atk":"ranged","roles":["Nuker","Pusher"],"prop":"intelligence","py":"X","kw":"Tk,Tinker,修补匠","zy":"th","name_l":"修补匠","img":"tinker"},{"name":"natures_prophet","atk":"ranged","roles":["Jungler","Pusher","Carry","Escape"],"prop":"intelligence","py":"X","kw":"Furion,Natures Prophet,先知","zy":"th","name_l":"先知","img":"furion"},{"name":"enchantress","atk":"ranged","roles":["Support","Pusher","Durable","Jungler"],"prop":"intelligence","py":"M","kw":"AS,Enchantress,Aiushtha,小鹿","zy":"th","name_l":"魅惑魔女","img":"enchantress"},{"name":"jakiro","atk":"ranged","roles":["Nuker","Pusher","LaneSupport","Disabler"],"prop":"intelligence","py":"J","kw":"Thd,Jakiro,双头龙","zy":"th","name_l":"杰奇洛","img":"jakiro"},{"name":"chen","atk":"ranged","roles":["Support","Jungler","Pusher"],"prop":"intelligence","py":"C","kw":"Chen,圣骑士,陈","zy":"th","name_l":"陈","img":"chen"},{"name":"silencer","atk":"ranged","roles":["Support","Carry","Initiator"],"prop":"intelligence","py":"C","kw":"Sil,Silencer,沉默","zy":"th","name_l":"沉默术士","img":"silencer"},{"name":"ogre_magi","atk":"melee","roles":["Nuker","Disabler","Durable"],"prop":"intelligence","py":"S","kw":"Org,orge,蓝胖,食人魔法师","zy":"th","name_l":"食人魔魔法师","img":"ogre_magi"},{"name":"rubick","atk":"ranged","roles":["Disabler","Nuker"],"prop":"intelligence","py":"L","kw":"GM,Rubick,大魔导师","zy":"th","name_l":"拉比克","img":"rubick"},{"name":"disruptor","atk":"ranged","roles":["Nuker","Support","Initiator","Disabler"],"prop":"intelligence","py":"G","kw":"Thrall,Disruptor,萨尔","zy":"th","name_l":"干扰者","img":"disruptor"},{"name":"keeper_of_the_light","atk":"ranged","roles":["Nuker","Support","LaneSupport"],"prop":"intelligence","py":"G","kw":"Kotl,光法,光老头","zy":"th","name_l":"光之守卫","img":"keeper_of_the_light"},{"name":"skywrath_mage","atk":"ranged","roles":["Nuker","Support"],"prop":"intelligence","py":"T","kw":"天怒,Skywrath Mage,龙鹰","zy":"th","name_l":"天怒法师","img":"skywrath_mage"},{"name":"oracle","atk":"ranged","roles":["Nuker","Support","LaneSupport"],"prop":"intelligence","py":"S","kw":"神谕者","zy":"th","name_l":"神谕者","img":"oracle"},{"name":"techies","atk":"ranged","roles":["Nuker","Support","Disabler"],"prop":"intelligence","py":"G","kw":"工程师,炸弹人,拉登,techies","zy":"th","name_l":"工程师","img":"techies"},{"name":"axe","atk":"melee","roles":["Durable","Initiator","Disabler","Jungler"],"prop":"strength","py":"F","kw":"axe,斧头","zy":"yy","name_l":"斧王","img":"axe"},{"name":"pudge","atk":"melee","roles":["Durable","Disabler"],"prop":"strength","py":"P","kw":"Pudge,TF,屠夫","zy":"yy","name_l":"帕吉","img":"pudge"},{"name":"sand_king","atk":"melee","roles":["Initiator","Disabler","Nuker"],"prop":"strength","py":"S","kw":"SK,Sand King","zy":"yy","name_l":"沙王","img":"sand_king"},{"name":"slardar","atk":"melee","roles":["Carry","Durable","Disabler","Initiator"],"prop":"strength","py":"S","kw":"Slarder,SG,渔人,鱼人,大鱼人","zy":"yy","name_l":"斯拉达","img":"slardar"},{"name":"tidehunter","atk":"melee","roles":["Initiator","Durable","Disabler","Support"],"prop":"strength","py":"C","kw":"Th,Tidehunter,潮汐","zy":"yy","name_l":"潮汐猎人","img":"tidehunter"},{"name":"wraith_king","atk":"melee","roles":["Durable","Carry","Disabler"],"prop":"strength","py":"M","kw":"SNK,Skeleton King,骷髅王","zy":"yy","name_l":"冥魂大帝","img":"skeleton_king"},{"name":"lifestealer","atk":"melee","roles":["Carry","Durable","Jungler","Escape"],"prop":"strength","py":"S","kw":"Naix,Lifestealer,小狗,食尸鬼","zy":"yy","name_l":"噬魂鬼","img":"life_stealer"},{"name":"night_stalker","atk":"melee","roles":["Durable","Initiator"],"prop":"strength","py":"A","kw":"NS,Night Stalker,夜魔","zy":"yy","name_l":"暗夜魔王","img":"night_stalker"},{"name":"doom","atk":"melee","roles":["Durable","Carry","Nuker"],"prop":"strength","py":"M","kw":"Doom,Doom Bringer,Lucifer,末日","zy":"yy","name_l":"末日使者","img":"doom_bringer"},{"name":"spirit_breaker","atk":"melee","roles":["Durable","Carry","Initiator","Disabler"],"prop":"strength","py":"L","kw":"SB,Spirit Breaker,白牛","zy":"yy","name_l":"裂魂人","img":"spirit_breaker"},{"name":"lycan","atk":"melee","roles":["Carry","Jungler","Pusher","Durable"],"prop":"strength","py":"L","kw":"Wolf,Lyc,Lycanthrope","zy":"yy","name_l":"狼人","img":"lycan"},{"name":"chaos_knight","atk":"melee","roles":["Carry","Disabler","Durable","Pusher"],"prop":"strength","py":"H","kw":"ck,Chaos Knight,混沌","zy":"yy","name_l":"混沌骑士","img":"chaos_knight"},{"name":"undying","atk":"melee","roles":["Durable","Pusher","Disabler","Initiator"],"prop":"strength","py":"B","kw":"UD,Undying,尸王","zy":"yy","name_l":"不朽尸王","img":"undying"},{"name":"magnus","atk":"melee","roles":["Initiator","Disabler","Nuker","Carry"],"prop":"strength","py":"M","kw":"Mag,Magnus,猛犸,半人猛犸","zy":"yy","name_l":"马格纳斯","img":"magnataur"},{"name":"abaddon","atk":"melee","roles":[],"prop":"strength","py":"Y","kw":"LOA,地狱领主,死骑","zy":"yy","name_l":"亚巴顿","img":"abaddon"},{"name":"bloodseeker","atk":"melee","roles":["Carry","Jungler"],"prop":"agility","py":"S","kw":"BS,Bloodseeker,血魔","zy":"yy","name_l":"嗜血狂魔","img":"bloodseeker"},{"name":"shadow_fiend","atk":"ranged","roles":["Carry","Nuker"],"prop":"agility","py":"Y","kw":"sf,影魔,Shadow Fiend","zy":"yy","name_l":"影魔","img":"nevermore"},{"name":"razor","atk":"ranged","roles":["Carry","Durable","Nuker"],"prop":"agility","py":"T","kw":"Razor,电棍,电魂,闪电幽魂","zy":"yy","name_l":"剃刀","img":"razor"},{"name":"venomancer","atk":"ranged","roles":["Support","Nuker","Initiator","Pusher"],"prop":"agility","py":"J","kw":"Veon,Venomancer,剧毒,巨毒","zy":"yy","name_l":"剧毒术士","img":"venomancer"},{"name":"faceless_void","atk":"melee","roles":["Carry","Initiator","Disabler","Escape"],"prop":"agility","py":"X","kw":"Fv,Faceless Void,虚空","zy":"yy","name_l":"虚空假面","img":"faceless_void"},{"name":"phantom_assassin","atk":"melee","roles":["Carry","Escape"],"prop":"agility","py":"H","kw":"PA,Phantom Assassin,幻刺","zy":"yy","name_l":"幻影刺客","img":"phantom_assassin"},{"name":"viper","atk":"ranged","roles":["Carry","Durable"],"prop":"agility","py":"M","kw":"Viper,VIP,vp,亚龙,毒龙","zy":"yy","name_l":"冥界亚龙","img":"viper"},{"name":"clinkz","atk":"ranged","roles":["Carry","Escape"],"prop":"agility","py":"K","kw":"Bone,Clinkz,骨弓,骷髅射手","zy":"yy","name_l":"克林克兹","img":"clinkz"},{"name":"broodmother","atk":"melee","roles":["Pusher","Carry","Escape"],"prop":"agility","py":"Y","kw":"brood,Broodmother,蜘蛛,br","zy":"yy","name_l":"育母蜘蛛","img":"broodmother"},{"name":"weaver","atk":"ranged","roles":["Carry","Escape"],"prop":"agility","py":"B","kw":"NW,Weaver,蚂蚁","zy":"yy","name_l":"编织者","img":"weaver"},{"name":"spectre","atk":"melee","roles":["Carry","Durable"],"prop":"agility","py":"Y","kw":"SPE,SPEC,UG,Spectre","zy":"yy","name_l":"幽鬼","img":"spectre"},{"name":"meepo","atk":"melee","roles":["Carry","Disabler","Initiator"],"prop":"agility","py":"M","kw":"Meepo,狗头,地卜师,地卜","zy":"yy","name_l":"米波","img":"meepo"},{"name":"nyx_assassin","atk":"melee","roles":["Disabler","Nuker"],"prop":"agility","py":"S","kw":"NA,Nyx Assassin,小强,地穴刺客","zy":"yy","name_l":"司夜刺客","img":"nyx_assassin"},{"name":"slark","atk":"melee","roles":["Escape"],"prop":"agility","py":"S","kw":"NC,小鱼人","zy":"yy","name_l":"斯拉克","img":"slark"},{"name":"medusa","atk":"ranged","roles":["Carry"],"prop":"agility","py":"M","kw":"Med,大娜迦,蛇发女妖","zy":"yy","name_l":"美杜莎","img":"medusa"},{"name":"terrorblade","atk":"melee","roles":["Carry"],"prop":"agility","py":"K","kw":"tb,魂守,灵魂守卫","zy":"yy","name_l":"恐怖利刃","img":"terrorblade"},{"name":"bane","atk":"ranged","roles":["Disabler","Nuker","Support"],"prop":"intelligence","py":"H","kw":"Bane,be,茄子","zy":"yy","name_l":"祸乱之源","img":"bane"},{"name":"lich","atk":"ranged","roles":["Support","LaneSupport","Nuker"],"prop":"intelligence","py":"W","kw":"Lich,51","zy":"yy","name_l":"巫妖","img":"lich"},{"name":"lion","atk":"ranged","roles":["Disabler","Nuker","LaneSupport","Support"],"prop":"intelligence","py":"L","kw":"Lion,恶魔巫师","zy":"yy","name_l":"莱恩","img":"lion"},{"name":"witch_doctor","atk":"ranged","roles":["Support","Disabler"],"prop":"intelligence","py":"W","kw":"WD,Witch Doctor,51","zy":"yy","name_l":"巫医","img":"witch_doctor"},{"name":"enigma","atk":"ranged","roles":["Disabler","Initiator","Jungler","Pusher"],"prop":"intelligence","py":"M","kw":"Enigma,谜团","zy":"yy","name_l":"谜团","img":"enigma"},{"name":"necrophos","atk":"ranged","roles":["Support","Durable","Carry"],"prop":"intelligence","py":"W","kw":"Nec,Necrolyte,死灵法师","zy":"yy","name_l":"瘟疫法师","img":"necrolyte"},{"name":"warlock","atk":"ranged","roles":["Initiator","Support","LaneSupport","Disabler"],"prop":"intelligence","py":"S","kw":"WL,Warlock","zy":"yy","name_l":"术士","img":"warlock"},{"name":"queen_of_pain","atk":"ranged","roles":["Nuker","Escape","Carry"],"prop":"intelligence","py":"T","kw":"Qop,Queen of Pain,女王","zy":"yy","name_l":"痛苦女王","img":"queenofpain"},{"name":"death_prophet","atk":"ranged","roles":["Pusher","Nuker","Durable"],"prop":"intelligence","py":"S","kw":"DP,Death Prophet","zy":"yy","name_l":"死亡先知","img":"death_prophet"},{"name":"pugna","atk":"ranged","roles":["Nuker","Pusher","Support"],"prop":"intelligence","py":"P","kw":"Pugna,遗忘法师,骨法","zy":"yy","name_l":"帕格纳","img":"pugna"},{"name":"dazzle","atk":"ranged","roles":["Support","LaneSupport"],"prop":"intelligence","py":"D","kw":"SP,Dazzle,暗影牧师,暗牧","zy":"yy","name_l":"戴泽","img":"dazzle"},{"name":"leshrac","atk":"ranged","roles":["Nuker","Pusher","Disabler","Support"],"prop":"intelligence","py":"L","kw":"Ts,Leshrac,受折磨的灵魂,老鹿","zy":"yy","name_l":"拉席克","img":"leshrac"},{"name":"dark_seer","atk":"melee","roles":["Initiator","Nuker","Escape"],"prop":"intelligence","py":"H","kw":"DS,Dark Seer,兔子,黑贤","zy":"yy","name_l":"黑暗贤者","img":"dark_seer"},{"name":"batrider","atk":"ranged","roles":["Initiator","Disabler","Nuker","Escape"],"prop":"intelligence","py":"B","kw":"Bat,Batrider,蝙蝠","zy":"yy","name_l":"蝙蝠骑士","img":"batrider"},{"name":"ancient_apparition","atk":"ranged","roles":["Support","Disabler"],"prop":"intelligence","py":"Y","kw":"AP,Ancient Apparition,冰魂","zy":"yy","name_l":"远古冰魄","img":"ancient_apparition"},{"name":"invoker","atk":"ranged","roles":["Carry","Nuker","Initiator","Escape"],"prop":"intelligence","py":"Q","kw":"Kael,Invoker,卡尔","zy":"yy","name_l":"祈求者","img":"invoker"},{"name":"outworld_devourer","atk":"ranged","roles":["Carry"],"prop":"intelligence","py":"Y","kw":"DES,Outworld Destroyer,黑鸟,OD","zy":"yy","name_l":"殁境神蚀者","img":"obsidian_destroyer"},{"name":"shadow_demon","atk":"ranged","roles":["Support","Disabler","Nuker"],"prop":"intelligence","py":"A","kw":"Eredar,Shadow Demon,毒狗,艾瑞达","zy":"yy","name_l":"暗影恶魔","img":"shadow_demon"},{"name":"visage","atk":"ranged","roles":["Nuker","Durable","Disabler"],"prop":"intelligence","py":"W","kw":"Visage,vis,死灵龙","zy":"yy","name_l":"维萨吉","img":"visage"},{"name":"winter_wyvern","atk":"ranged","roles":["Disabler","Nuker"],"prop":"intelligence","py":"H","kw":"winter_wyvern,冰龙,寒冬飞龙,","zy":"yy","name_l":"寒冬飞龙","img":"winter_wyvern"}]